#pragma once

#include <array>
#include <cstdint>

namespace maishuji::advanced_text_asset {

inline constexpr std::uint16_t atlas_width = 256;
inline constexpr std::uint16_t atlas_height = 128;
inline constexpr std::uint16_t cell_size = 32;

struct Glyph {
    std::uint32_t codepoint;
    std::uint16_t cell_x;
    std::uint16_t cell_y;
    std::uint16_t advance;
};

inline constexpr std::array<Glyph, 23> glyphs{{
    {12465, 0, 0, 32},
    {12540, 32, 0, 32},
    {12461, 64, 0, 32},
    {12399, 96, 0, 32},
    {22040, 128, 0, 32},
    {12384, 160, 0, 32},
    {12290, 192, 0, 32},
    {34507, 224, 0, 32},
    {31957, 0, 32, 32},
    {26159, 32, 32, 32},
    {20491, 64, 32, 32},
    {35594, 96, 32, 32},
    {35328, 128, 32, 32},
    {84, 160, 32, 12},
    {104, 192, 32, 12},
    {101, 224, 32, 12},
    {99, 0, 64, 12},
    {97, 32, 64, 12},
    {107, 64, 64, 12},
    {105, 96, 64, 12},
    {115, 128, 64, 12},
    {108, 160, 64, 12},
    {46, 192, 64, 12}
}};

// Generated from the open-source Noto CJK and Noto Sans fonts.
alignas(32) inline constexpr std::array<std::uint16_t,
                                      atlas_width * atlas_height>
    pixels{{
    0x0fff, 0x0fff, 0x0fff, 0x0fff, 0x0fff, 0x0fff, 0x0fff, 0x0fff, 0x0fff, 0x0fff, 0x0fff, 0x0fff,
    0x0fff, 0x0fff, 0x0fff, 0x0fff, 0x0fff, 0x0fff, 0x0fff, 0x0fff, 0x0fff, 0x0fff, 0x0fff, 0x0fff,
    0x0fff, 0x0fff, 0x0fff, 0x0fff, 0x0fff, 0x0fff, 0x0fff, 0x0fff, 0x0fff, 0x0fff, 0x0fff, 0x0fff,
    0x0fff, 0x0fff, 0x0fff, 0x0fff, 0x0fff, 0x0fff, 0x0fff, 0x0fff, 0x0fff, 0x0fff, 0x0fff, 0x0fff,
    0x0fff, 0x0fff, 0x0fff, 0x0fff, 0x0fff, 0x0fff, 0x0fff, 0x0fff, 0x0fff, 0x0fff, 0x0fff, 0x0fff,
    0x0fff, 0x0fff, 0x0fff, 0x0fff, 0x0fff, 0x0fff, 0x0fff, 0x0fff, 0x0fff, 0x0fff, 0x0fff, 0x0fff,
    0x0fff, 0x0fff, 0x0fff, 0x0fff, 0x0fff, 0x0fff, 0x0fff, 0x0fff, 0x0fff, 0x0fff, 0x0fff, 0x0fff,
    0x0fff, 0x0fff, 0x0fff, 0x0fff, 0x0fff, 0x0fff, 0x0fff, 0x0fff, 0x0fff, 0x0fff, 0x0fff, 0x0fff,
    0x0fff, 0x0fff, 0x0fff, 0x0fff, 0x0fff, 0x0fff, 0x0fff, 0x0fff, 0x0fff, 0x0fff, 0x0fff, 0x0fff,
    0x0fff, 0x0fff, 0x0fff, 0x0fff, 0x0fff, 0x0fff, 0x0fff, 0x0fff, 0x0fff, 0x0fff, 0x0fff, 0x0fff,
    0x0fff, 0x0fff, 0x0fff, 0x0fff, 0x0fff, 0x0fff, 0x0fff, 0x0fff, 0x0fff, 0x0fff, 0x0fff, 0x0fff,
    0x0fff, 0x0fff, 0x0fff, 0x0fff, 0x0fff, 0x0fff, 0x0fff, 0x0fff, 0x0fff, 0x0fff, 0x0fff, 0x0fff,
    0x0fff, 0x0fff, 0x0fff, 0x0fff, 0x0fff, 0x0fff, 0x0fff, 0x0fff, 0x0fff, 0x0fff, 0x0fff, 0x0fff,
    0x0fff, 0x0fff, 0x0fff, 0x0fff, 0x0fff, 0x0fff, 0x0fff, 0x0fff, 0x0fff, 0x0fff, 0x0fff, 0x0fff,
    0x0fff, 0x0fff, 0x0fff, 0x0fff, 0x0fff, 0x0fff, 0x0fff, 0x0fff, 0x0fff, 0x0fff, 0x0fff, 0x0fff,
    0x0fff, 0x0fff, 0x0fff, 0x0fff, 0x0fff, 0x0fff, 0x0fff, 0x0fff, 0x0fff, 0x0fff, 0x0fff, 0x0fff,
    0x0fff, 0x0fff, 0x0fff, 0x0fff, 0x0fff, 0x0fff, 0x0fff, 0x0fff, 0x0fff, 0x0fff, 0x0fff, 0x0fff,
    0x0fff, 0x0fff, 0x0fff, 0x0fff, 0x0fff, 0x0fff, 0x0fff, 0x0fff, 0x0fff, 0x0fff, 0x0fff, 0x0fff,
    0x0fff, 0x0fff, 0x0fff, 0x0fff, 0x0fff, 0x0fff, 0x0fff, 0x0fff, 0x0fff, 0x0fff, 0x0fff, 0x0fff,
    0x0fff, 0x0fff, 0x0fff, 0x0fff, 0x0fff, 0x0fff, 0x0fff, 0x0fff, 0x0fff, 0x0fff, 0x0fff, 0x0fff,
    0x0fff, 0x0fff, 0x0fff, 0x0fff, 0x0fff, 0x0fff, 0x0fff, 0x0fff, 0x0fff, 0x0fff, 0x0fff, 0x0fff,
    0x0fff, 0x0fff, 0x0fff, 0x0fff, 0x0fff, 0x0fff, 0x0fff, 0x0fff, 0x0fff, 0x0fff, 0x0fff, 0x0fff,
    0x0fff, 0x0fff, 0x0fff, 0x0fff, 0x0fff, 0x0fff, 0x0fff, 0x0fff, 0x0fff, 0x0fff, 0x0fff, 0x0fff,
    0x0fff, 0x0fff, 0x0fff, 0x0fff, 0x0fff, 0x0fff, 0x0fff, 0x0fff, 0x0fff, 0x0fff, 0x0fff, 0x0fff,
    0x0fff, 0x0fff, 0x0fff, 0x0fff, 0x0fff, 0x0fff, 0x0fff, 0x0fff, 0x0fff, 0x0fff, 0x0fff, 0x0fff,
    0x0fff, 0x0fff, 0x0fff, 0x0fff, 0x0fff, 0x0fff, 0x0fff, 0x0fff, 0x0fff, 0x0fff, 0x0fff, 0x0fff,
    0x0fff, 0x0fff, 0x0fff, 0x0fff, 0x0fff, 0x0fff, 0x0fff, 0x0fff, 0x0fff, 0x0fff, 0x0fff, 0x0fff,
    0x0fff, 0x0fff, 0x0fff, 0x0fff, 0x0fff, 0x0fff, 0x0fff, 0x0fff, 0x0fff, 0x0fff, 0x0fff, 0x0fff,
    0x0fff, 0x0fff, 0x0fff, 0x0fff, 0x0fff, 0x0fff, 0x0fff, 0x0fff, 0x0fff, 0x0fff, 0x0fff, 0x0fff,
    0x0fff, 0x0fff, 0x0fff, 0x0fff, 0x0fff, 0x0fff, 0x0fff, 0x0fff, 0x0fff, 0x0fff, 0x0fff, 0x0fff,
    0x0fff, 0x0fff, 0x0fff, 0x0fff, 0x0fff, 0x0fff, 0x0fff, 0x0fff, 0x0fff, 0x0fff, 0x0fff, 0x0fff,
    0x0fff, 0x0fff, 0x0fff, 0x0fff, 0x0fff, 0x0fff, 0x0fff, 0x0fff, 0x0fff, 0x0fff, 0x0fff, 0x0fff,
    0x0fff, 0x0fff, 0x0fff, 0x0fff, 0x0fff, 0x0fff, 0x0fff, 0x0fff, 0x0fff, 0x0fff, 0x0fff, 0x0fff,
    0x0fff, 0x0fff, 0x0fff, 0x0fff, 0x0fff, 0x0fff, 0x0fff, 0x0fff, 0x0fff, 0x0fff, 0x0fff, 0x0fff,
    0x0fff, 0x0fff, 0x0fff, 0x0fff, 0x0fff, 0x0fff, 0x0fff, 0x0fff, 0x0fff, 0x0fff, 0x0fff, 0x0fff,
    0x0fff, 0x0fff, 0x0fff, 0x0fff, 0x0fff, 0x0fff, 0x0fff, 0x0fff, 0x0fff, 0x0fff, 0x0fff, 0x0fff,
    0x0fff, 0x0fff, 0x0fff, 0x0fff, 0x0fff, 0x0fff, 0x0fff, 0x0fff, 0x0fff, 0x0fff, 0x0fff, 0x0fff,
    0x0fff, 0x0fff, 0x0fff, 0x0fff, 0x0fff, 0x0fff, 0x0fff, 0x0fff, 0x0fff, 0x0fff, 0x0fff, 0x0fff,
    0x0fff, 0x0fff, 0x0fff, 0x0fff, 0x0fff, 0x0fff, 0x0fff, 0x0fff, 0x0fff, 0x0fff, 0x0fff, 0x0fff,
    0x0fff, 0x0fff, 0x0fff, 0x0fff, 0x0fff, 0x0fff, 0x0fff, 0x0fff, 0x0fff, 0x0fff, 0x0fff, 0x0fff,
    0x0fff, 0x0fff, 0x0fff, 0x0fff, 0x0fff, 0x0fff, 0x0fff, 0x0fff, 0x0fff, 0x0fff, 0x0fff, 0x0fff,
    0x0fff, 0x0fff, 0x0fff, 0x0fff, 0x0fff, 0x0fff, 0x0fff, 0x0fff, 0x0fff, 0x0fff, 0x0fff, 0x0fff,
    0x0fff, 0x0fff, 0x0fff, 0x0fff, 0x0fff, 0x0fff, 0x0fff, 0x0fff, 0x0fff, 0x0fff, 0x0fff, 0x0fff,
    0x0fff, 0x0fff, 0x0fff, 0x0fff, 0x0fff, 0x0fff, 0x0fff, 0x0fff, 0x0fff, 0x0fff, 0x0fff, 0x0fff,
    0x0fff, 0x0fff, 0x0fff, 0x0fff, 0x0fff, 0x0fff, 0x0fff, 0x0fff, 0x0fff, 0x0fff, 0x0fff, 0x0fff,
    0x0fff, 0x0fff, 0x0fff, 0x0fff, 0x0fff, 0x0fff, 0x0fff, 0x0fff, 0x0fff, 0x0fff, 0x0fff, 0x0fff,
    0x0fff, 0x0fff, 0x0fff, 0x0fff, 0x0fff, 0x0fff, 0x0fff, 0x0fff, 0x0fff, 0x0fff, 0x0fff, 0x0fff,
    0x0fff, 0x0fff, 0x0fff, 0x0fff, 0x0fff, 0x0fff, 0x0fff, 0x0fff, 0x0fff, 0x0fff, 0x0fff, 0x0fff,
    0x0fff, 0x0fff, 0x0fff, 0x0fff, 0x0fff, 0x0fff, 0x0fff, 0x0fff, 0x0fff, 0x0fff, 0x0fff, 0x0fff,
    0x0fff, 0x0fff, 0x0fff, 0x0fff, 0x0fff, 0x0fff, 0x0fff, 0x0fff, 0x0fff, 0x0fff, 0x0fff, 0x0fff,
    0x0fff, 0x0fff, 0x0fff, 0x0fff, 0x0fff, 0x0fff, 0x0fff, 0x0fff, 0x0fff, 0x0fff, 0x0fff, 0x0fff,
    0x0fff, 0x0fff, 0x0fff, 0x0fff, 0x0fff, 0x0fff, 0x0fff, 0x0fff, 0x0fff, 0x0fff, 0x0fff, 0x0fff,
    0x0fff, 0x0fff, 0x0fff, 0x0fff, 0x0fff, 0x0fff, 0x0fff, 0x0fff, 0x0fff, 0x0fff, 0x0fff, 0x0fff,
    0x0fff, 0x0fff, 0x0fff, 0x0fff, 0x0fff, 0x0fff, 0x0fff, 0x0fff, 0x0fff, 0x0fff, 0x0fff, 0x0fff,
    0x0fff, 0x0fff, 0x0fff, 0x0fff, 0x0fff, 0x0fff, 0x0fff, 0x0fff, 0x0fff, 0x0fff, 0x0fff, 0x0fff,
    0x0fff, 0x0fff, 0x0fff, 0x0fff, 0x0fff, 0x0fff, 0x0fff, 0x0fff, 0x0fff, 0x0fff, 0x0fff, 0x0fff,
    0x0fff, 0x0fff, 0x0fff, 0x0fff, 0x0fff, 0x0fff, 0x0fff, 0x0fff, 0x0fff, 0x0fff, 0x0fff, 0x0fff,
    0x0fff, 0x0fff, 0x0fff, 0x0fff, 0x0fff, 0x0fff, 0x0fff, 0x0fff, 0x0fff, 0x0fff, 0x0fff, 0x0fff,
    0x0fff, 0x0fff, 0x0fff, 0x0fff, 0x0fff, 0x0fff, 0x0fff, 0x0fff, 0x0fff, 0x0fff, 0x0fff, 0x0fff,
    0x0fff, 0x0fff, 0x0fff, 0x0fff, 0x0fff, 0x0fff, 0x0fff, 0x0fff, 0x0fff, 0x0fff, 0x0fff, 0x0fff,
    0x0fff, 0x0fff, 0x0fff, 0x0fff, 0x0fff, 0x0fff, 0x0fff, 0x0fff, 0x0fff, 0x0fff, 0x0fff, 0x0fff,
    0x0fff, 0x0fff, 0x0fff, 0x0fff, 0x0fff, 0x0fff, 0x0fff, 0x0fff, 0x0fff, 0x0fff, 0x0fff, 0x0fff,
    0x0fff, 0x0fff, 0x0fff, 0x0fff, 0x0fff, 0x0fff, 0x0fff, 0x0fff, 0x0fff, 0x0fff, 0x0fff, 0x0fff,
    0x0fff, 0x0fff, 0x0fff, 0x0fff, 0x0fff, 0x0fff, 0x0fff, 0x0fff, 0x0fff, 0x0fff, 0x0fff, 0x0fff,
    0x0fff, 0x0fff, 0x0fff, 0x0fff, 0x0fff, 0x0fff, 0x0fff, 0x0fff, 0x0fff, 0x0fff, 0x0fff, 0x0fff,
    0x0fff, 0x0fff, 0x0fff, 0x0fff, 0x0fff, 0x0fff, 0x0fff, 0x0fff, 0x0fff, 0x0fff, 0x0fff, 0x0fff,
    0x0fff, 0x0fff, 0x0fff, 0x0fff, 0x0fff, 0x0fff, 0x0fff, 0x0fff, 0x0fff, 0x0fff, 0x0fff, 0x0fff,
    0x0fff, 0x0fff, 0x0fff, 0x0fff, 0x0fff, 0x0fff, 0x0fff, 0x0fff, 0x0fff, 0x0fff, 0x0fff, 0x0fff,
    0x0fff, 0x0fff, 0x0fff, 0x0fff, 0x0fff, 0x0fff, 0x0fff, 0x0fff, 0x0fff, 0x0fff, 0x0fff, 0x0fff,
    0x0fff, 0x0fff, 0x0fff, 0x0fff, 0x0fff, 0x0fff, 0x0fff, 0x0fff, 0x0fff, 0x0fff, 0x0fff, 0x0fff,
    0x0fff, 0x0fff, 0x0fff, 0x0fff, 0x0fff, 0x0fff, 0x0fff, 0x0fff, 0x0fff, 0x0fff, 0x0fff, 0x0fff,
    0x0fff, 0x0fff, 0x0fff, 0x0fff, 0x0fff, 0x0fff, 0x0fff, 0x0fff, 0x0fff, 0x0fff, 0x0fff, 0x0fff,
    0x0fff, 0x0fff, 0x0fff, 0x0fff, 0x0fff, 0x0fff, 0x0fff, 0x0fff, 0x0fff, 0x0fff, 0x0fff, 0x0fff,
    0x0fff, 0x0fff, 0x0fff, 0x0fff, 0x0fff, 0x0fff, 0x0fff, 0x0fff, 0x0fff, 0x0fff, 0x0fff, 0x0fff,
    0x0fff, 0x0fff, 0x0fff, 0x0fff, 0x0fff, 0x0fff, 0x0fff, 0x0fff, 0x0fff, 0x0fff, 0x0fff, 0x0fff,
    0x0fff, 0x0fff, 0x0fff, 0x0fff, 0x0fff, 0x0fff, 0x0fff, 0x0fff, 0x0fff, 0x0fff, 0x0fff, 0x0fff,
    0x0fff, 0x0fff, 0x0fff, 0x0fff, 0x0fff, 0x0fff, 0x0fff, 0x0fff, 0x0fff, 0x0fff, 0x0fff, 0x0fff,
    0x0fff, 0x0fff, 0x0fff, 0x0fff, 0x0fff, 0x0fff, 0x0fff, 0x0fff, 0x0fff, 0x0fff, 0x0fff, 0x0fff,
    0x0fff, 0x0fff, 0x0fff, 0x0fff, 0x0fff, 0x0fff, 0x0fff, 0x0fff, 0x0fff, 0x0fff, 0x0fff, 0x0fff,
    0x0fff, 0x0fff, 0x0fff, 0x0fff, 0x0fff, 0x0fff, 0x0fff, 0x0fff, 0x0fff, 0x0fff, 0x0fff, 0x0fff,
    0x0fff, 0x0fff, 0x0fff, 0x0fff, 0x0fff, 0x0fff, 0x0fff, 0x0fff, 0x0fff, 0x0fff, 0x0fff, 0x0fff,
    0x0fff, 0x0fff, 0x0fff, 0x0fff, 0x0fff, 0x0fff, 0x0fff, 0x0fff, 0x0fff, 0x0fff, 0x0fff, 0x0fff,
    0x0fff, 0x0fff, 0x0fff, 0x0fff, 0x0fff, 0x0fff, 0x0fff, 0x0fff, 0x0fff, 0x0fff, 0x0fff, 0x0fff,
    0x0fff, 0x0fff, 0x0fff, 0x0fff, 0x0fff, 0x0fff, 0x0fff, 0x0fff, 0x0fff, 0x0fff, 0x0fff, 0x0fff,
    0x0fff, 0x0fff, 0x0fff, 0x0fff, 0x0fff, 0x0fff, 0x0fff, 0x0fff, 0x0fff, 0x0fff, 0x0fff, 0x0fff,
    0x0fff, 0x0fff, 0x0fff, 0x0fff, 0x0fff, 0x0fff, 0x0fff, 0x0fff, 0x0fff, 0x0fff, 0x0fff, 0x0fff,
    0x0fff, 0x0fff, 0x0fff, 0x0fff, 0x0fff, 0x0fff, 0x0fff, 0x0fff, 0x0fff, 0x0fff, 0x0fff, 0x0fff,
    0x0fff, 0x0fff, 0x0fff, 0x0fff, 0x0fff, 0x0fff, 0x0fff, 0x0fff, 0x0fff, 0x0fff, 0x0fff, 0x0fff,
    0x0fff, 0x0fff, 0x0fff, 0x0fff, 0x0fff, 0x0fff, 0x0fff, 0x0fff, 0x0fff, 0x0fff, 0x0fff, 0x0fff,
    0x0fff, 0x0fff, 0x0fff, 0x0fff, 0x0fff, 0x0fff, 0x0fff, 0x0fff, 0x0fff, 0x0fff, 0x0fff, 0x0fff,
    0x0fff, 0x0fff, 0x0fff, 0x0fff, 0x0fff, 0x0fff, 0x0fff, 0x0fff, 0x0fff, 0x0fff, 0x0fff, 0x0fff,
    0x0fff, 0x0fff, 0x0fff, 0x0fff, 0x0fff, 0x0fff, 0x0fff, 0x0fff, 0x0fff, 0x0fff, 0x0fff, 0x0fff,
    0x0fff, 0x0fff, 0x0fff, 0x0fff, 0x0fff, 0x0fff, 0x0fff, 0x0fff, 0x0fff, 0x0fff, 0x0fff, 0x0fff,
    0x0fff, 0x0fff, 0x0fff, 0x0fff, 0x0fff, 0x0fff, 0x0fff, 0x0fff, 0x0fff, 0x0fff, 0x0fff, 0x0fff,
    0x0fff, 0x0fff, 0x0fff, 0x0fff, 0x0fff, 0x0fff, 0x0fff, 0x0fff, 0x0fff, 0x0fff, 0x0fff, 0x0fff,
    0x0fff, 0x0fff, 0x0fff, 0x0fff, 0x0fff, 0x0fff, 0x0fff, 0x0fff, 0x0fff, 0x0fff, 0x0fff, 0x0fff,
    0x0fff, 0x0fff, 0x0fff, 0x0fff, 0x0fff, 0x0fff, 0x0fff, 0x0fff, 0x0fff, 0x0fff, 0x0fff, 0x0fff,
    0x0fff, 0x0fff, 0x0fff, 0x0fff, 0x0fff, 0x0fff, 0x2fff, 0x6fff, 0x3fff, 0x0fff, 0x0fff, 0x0fff,
    0x0fff, 0x0fff, 0x0fff, 0x0fff, 0x0fff, 0x0fff, 0x0fff, 0x0fff, 0x0fff, 0x0fff, 0x0fff, 0x0fff,
    0x0fff, 0x0fff, 0x0fff, 0x0fff, 0x0fff, 0x0fff, 0x0fff, 0x0fff, 0x0fff, 0x0fff, 0x0fff, 0x0fff,
    0x0fff, 0x0fff, 0x0fff, 0x0fff, 0x0fff, 0x0fff, 0x0fff, 0x0fff, 0x0fff, 0x0fff, 0x0fff, 0x0fff,
    0x0fff, 0x0fff, 0x0fff, 0x0fff, 0x0fff, 0x0fff, 0x0fff, 0x0fff, 0x0fff, 0x0fff, 0x0fff, 0x0fff,
    0x0fff, 0x0fff, 0x0fff, 0x0fff, 0x0fff, 0x0fff, 0x0fff, 0x0fff, 0x0fff, 0x0fff, 0x0fff, 0x0fff,
    0x0fff, 0x0fff, 0x0fff, 0x0fff, 0x0fff, 0x0fff, 0x0fff, 0x0fff, 0x0fff, 0x0fff, 0x0fff, 0x0fff,
    0x0fff, 0x0fff, 0x0fff, 0x0fff, 0x0fff, 0x0fff, 0x0fff, 0x0fff, 0x0fff, 0x0fff, 0x0fff, 0x0fff,
    0x0fff, 0x0fff, 0x0fff, 0x0fff, 0x0fff, 0x0fff, 0x0fff, 0x0fff, 0x0fff, 0x0fff, 0x0fff, 0x0fff,
    0x0fff, 0x0fff, 0x0fff, 0x0fff, 0x0fff, 0x0fff, 0x0fff, 0x0fff, 0x0fff, 0x0fff, 0x0fff, 0x0fff,
    0x0fff, 0x0fff, 0x0fff, 0x0fff, 0x0fff, 0x0fff, 0x0fff, 0x1fff, 0x0fff, 0x0fff, 0x0fff, 0x0fff,
    0x0fff, 0x0fff, 0x0fff, 0x0fff, 0x0fff, 0x0fff, 0x0fff, 0x0fff, 0x0fff, 0x0fff, 0x0fff, 0x0fff,
    0x0fff, 0x0fff, 0x0fff, 0x0fff, 0x0fff, 0x0fff, 0x0fff, 0x0fff, 0x0fff, 0x0fff, 0x0fff, 0x0fff,
    0x0fff, 0x0fff, 0x0fff, 0x0fff, 0x0fff, 0x0fff, 0x0fff, 0x0fff, 0x0fff, 0x0fff, 0x0fff, 0x0fff,
    0x0fff, 0x0fff, 0x0fff, 0x0fff, 0x0fff, 0x0fff, 0x0fff, 0x0fff, 0x0fff, 0x0fff, 0x0fff, 0x0fff,
    0x0fff, 0x0fff, 0x0fff, 0x0fff, 0x0fff, 0x0fff, 0x0fff, 0x0fff, 0x0fff, 0x0fff, 0x0fff, 0x0fff,
    0x0fff, 0x0fff, 0x0fff, 0x0fff, 0x0fff, 0x0fff, 0x0fff, 0x0fff, 0x0fff, 0x0fff, 0x0fff, 0x0fff,
    0x0fff, 0x0fff, 0x0fff, 0x0fff, 0x0fff, 0x0fff, 0x0fff, 0x0fff, 0x0fff, 0x0fff, 0x0fff, 0x0fff,
    0x0fff, 0x0fff, 0x0fff, 0x0fff, 0x0fff, 0x0fff, 0x0fff, 0x0fff, 0x0fff, 0x0fff, 0x0fff, 0x0fff,
    0x0fff, 0x0fff, 0x0fff, 0x0fff, 0x0fff, 0x0fff, 0x0fff, 0x0fff, 0x0fff, 0x0fff, 0x0fff, 0x0fff,
    0x0fff, 0x0fff, 0x0fff, 0x0fff, 0x0fff, 0x0fff, 0x0fff, 0x0fff, 0x0fff, 0x0fff, 0x0fff, 0x0fff,
    0x0fff, 0x0fff, 0x0fff, 0x0fff, 0x0fff, 0x0fff, 0x0fff, 0x0fff, 0x0fff, 0x0fff, 0x5fff, 0xffff,
    0x7fff, 0x0fff, 0x0fff, 0x0fff, 0x0fff, 0x0fff, 0x0fff, 0x0fff, 0x0fff, 0x0fff, 0x0fff, 0x0fff,
    0x0fff, 0x0fff, 0x0fff, 0x0fff, 0x0fff, 0x0fff, 0x0fff, 0x0fff, 0x0fff, 0x0fff, 0x0fff, 0x0fff,
    0x0fff, 0x0fff, 0x0fff, 0x0fff, 0x0fff, 0x0fff, 0x0fff, 0x0fff, 0x0fff, 0x0fff, 0x0fff, 0x0fff,
    0x0fff, 0x0fff, 0x0fff, 0x0fff, 0x0fff, 0x0fff, 0x0fff, 0x0fff, 0x0fff, 0x0fff, 0x0fff, 0x0fff,
    0x0fff, 0x0fff, 0x0fff, 0x0fff, 0x0fff, 0x0fff, 0x0fff, 0x0fff, 0x0fff, 0x0fff, 0x0fff, 0x0fff,
    0x0fff, 0x0fff, 0x0fff, 0x0fff, 0x0fff, 0x0fff, 0x0fff, 0x0fff, 0x0fff, 0x0fff, 0x0fff, 0x0fff,
    0x0fff, 0x0fff, 0x0fff, 0x0fff, 0x0fff, 0x0fff, 0x0fff, 0x0fff, 0x0fff, 0x0fff, 0x0fff, 0x0fff,
    0x0fff, 0x0fff, 0x0fff, 0x0fff, 0x0fff, 0x0fff, 0x0fff, 0x0fff, 0x0fff, 0x0fff, 0x0fff, 0x0fff,
    0x0fff, 0x0fff, 0x0fff, 0x0fff, 0x0fff, 0x0fff, 0x0fff, 0x0fff, 0x0fff, 0x0fff, 0x0fff, 0x0fff,
    0x0fff, 0x0fff, 0x0fff, 0x0fff, 0x0fff, 0x0fff, 0x0fff, 0x0fff, 0x0fff, 0x0fff, 0x0fff, 0xefff,
    0xdfff, 0x6fff, 0x0fff, 0x0fff, 0x0fff, 0x0fff, 0x0fff, 0x0fff, 0x0fff, 0x0fff, 0x0fff, 0x0fff,
    0x0fff, 0x0fff, 0x0fff, 0x0fff, 0x0fff, 0x0fff, 0x0fff, 0x0fff, 0x0fff, 0x0fff, 0x0fff, 0x0fff,
    0x0fff, 0x0fff, 0x0fff, 0x0fff, 0x0fff, 0x0fff, 0x0fff, 0x0fff, 0x0fff, 0x0fff, 0x0fff, 0x0fff,
    0x0fff, 0x0fff, 0x0fff, 0x0fff, 0x0fff, 0x0fff, 0x0fff, 0x0fff, 0x0fff, 0x0fff, 0x0fff, 0x0fff,
    0x0fff, 0x0fff, 0x0fff, 0x0fff, 0x0fff, 0x0fff, 0x0fff, 0x0fff, 0x0fff, 0x0fff, 0x0fff, 0x0fff,
    0x0fff, 0x0fff, 0x0fff, 0x0fff, 0x1fff, 0x7fff, 0xafff, 0x1fff, 0x0fff, 0x0fff, 0x0fff, 0x0fff,
    0x0fff, 0x0fff, 0x0fff, 0x0fff, 0x0fff, 0x0fff, 0x0fff, 0x0fff, 0x0fff, 0x0fff, 0x0fff, 0x0fff,
    0x0fff, 0x0fff, 0x0fff, 0x0fff, 0x0fff, 0x0fff, 0x0fff, 0x4fff, 0x4fff, 0x2fff, 0x0fff, 0x0fff,
    0x0fff, 0x0fff, 0x0fff, 0x0fff, 0x0fff, 0x0fff, 0x0fff, 0x0fff, 0x4fff, 0x5fff, 0x2fff, 0x0fff,
    0x0fff, 0x0fff, 0x0fff, 0x0fff, 0x0fff, 0x0fff, 0x0fff, 0x0fff, 0x0fff, 0x0fff, 0x0fff, 0x0fff,
    0x0fff, 0x0fff, 0x0fff, 0x0fff, 0x0fff, 0x0fff, 0x0fff, 0x0fff, 0x0fff, 0x0fff, 0x0fff, 0x0fff,
    0x0fff, 0x0fff, 0x5fff, 0xffff, 0xbfff, 0x8fff, 0x8fff, 0x8fff, 0x8fff, 0x8fff, 0x7fff, 0x0fff,
    0x0fff, 0x0fff, 0x0fff, 0x0fff, 0x0fff, 0x0fff, 0x0fff, 0x0fff, 0x0fff, 0x0fff, 0x0fff, 0x0fff,
    0x0fff, 0x0fff, 0x0fff, 0x8fff, 0xafff, 0x6fff, 0x0fff, 0x0fff, 0x0fff, 0x0fff, 0x0fff, 0x0fff,
    0x0fff, 0x0fff, 0x0fff, 0x0fff, 0x5fff, 0x9fff, 0x0fff, 0x0fff, 0x0fff, 0x0fff, 0x0fff, 0x0fff,
    0x0fff, 0x0fff, 0x0fff, 0x0fff, 0x0fff, 0x0fff, 0x0fff, 0x0fff, 0x0fff, 0x0fff, 0x0fff, 0x0fff,
    0x0fff, 0x0fff, 0x0fff, 0x0fff, 0x0fff, 0x0fff, 0x0fff, 0x0fff, 0x0fff, 0x0fff, 0x0fff, 0x0fff,
    0x0fff, 0x0fff, 0x0fff, 0x0fff, 0x0fff, 0x0fff, 0x0fff, 0x0fff, 0x0fff, 0x0fff, 0x0fff, 0x0fff,
    0x0fff, 0x5fff, 0xffff, 0xffff, 0xffff, 0xffff, 0xffff, 0xffff, 0xffff, 0xffff, 0xffff, 0xffff,
    0xffff, 0xffff, 0xffff, 0xffff, 0xffff, 0xffff, 0xffff, 0xffff, 0xffff, 0xffff, 0xbfff, 0x0fff,
    0x0fff, 0x0fff, 0x0fff, 0x0fff, 0x0fff, 0x0fff, 0x0fff, 0x0fff, 0x0fff, 0x0fff, 0x0fff, 0x0fff,
    0x0fff, 0x0fff, 0x1fff, 0xffff, 0xffff, 0x5fff, 0x0fff, 0x0fff, 0x0fff, 0x0fff, 0x0fff, 0x0fff,
    0x0fff, 0x0fff, 0x0fff, 0x0fff, 0x0fff, 0x0fff, 0x0fff, 0x0fff, 0x0fff, 0x0fff, 0x0fff, 0x0fff,
    0x0fff, 0x0fff, 0x0fff, 0x0fff, 0x0fff, 0x0fff, 0x0fff, 0x0fff, 0x0fff, 0x0fff, 0x0fff, 0x0fff,
    0x0fff, 0x0fff, 0x0fff, 0x0fff, 0x0fff, 0x0fff, 0x0fff, 0x0fff, 0x0fff, 0x0fff, 0x0fff, 0x0fff,
    0x0fff, 0x0fff, 0x0fff, 0x0fff, 0x0fff, 0x0fff, 0x0fff, 0x0fff, 0x0fff, 0x0fff, 0x0fff, 0x0fff,
    0x0fff, 0x0fff, 0x0fff, 0x0fff, 0x0fff, 0x0fff, 0x0fff, 0x0fff, 0x1fff, 0xffff, 0xffff, 0x3fff,
    0x0fff, 0x0fff, 0x0fff, 0x0fff, 0x0fff, 0x0fff, 0x0fff, 0x0fff, 0x0fff, 0x0fff, 0x0fff, 0x0fff,
    0x0fff, 0x0fff, 0x0fff, 0x0fff, 0x0fff, 0x0fff, 0x0fff, 0x0fff, 0x0fff, 0x0fff, 0x0fff, 0xbfff,
    0xffff, 0x7fff, 0x0fff, 0x0fff, 0x0fff, 0x0fff, 0x0fff, 0x0fff, 0x0fff, 0x0fff, 0x0fff, 0x0fff,
    0xcfff, 0xffff, 0x5fff, 0x0fff, 0x0fff, 0x0fff, 0x0fff, 0x0fff, 0x0fff, 0x0fff, 0x0fff, 0x0fff,
    0x0fff, 0x0fff, 0x0fff, 0x0fff, 0x1fff, 0xbfff, 0xbfff, 0xbfff, 0xbfff, 0xbfff, 0xbfff, 0x0fff,
    0x0fff, 0x0fff, 0x0fff, 0x0fff, 0x0fff, 0x0fff, 0x5fff, 0xffff, 0xffff, 0xffff, 0xffff, 0xffff,
    0xffff, 0xffff, 0xcfff, 0x0fff, 0x0fff, 0x0fff, 0x0fff, 0x0fff, 0x0fff, 0x0fff, 0x0fff, 0x0fff,
    0x0fff, 0x0fff, 0x0fff, 0x0fff, 0x0fff, 0x0fff, 0x0fff, 0xcfff, 0xffff, 0x7fff, 0x0fff, 0x0fff,
    0x0fff, 0x0fff, 0x0fff, 0x0fff, 0x0fff, 0x3fff, 0x8fff, 0x0fff, 0x7fff, 0xffff, 0x5fff, 0x0fff,
    0x0fff, 0x0fff, 0x0fff, 0x0fff, 0x0fff, 0x0fff, 0x0fff, 0x0fff, 0x0fff, 0x0fff, 0x0fff, 0x0fff,
    0x0fff, 0x0fff, 0x0fff, 0x0fff, 0x0fff, 0x0fff, 0x0fff, 0x0fff, 0x0fff, 0x0fff, 0x0fff, 0x0fff,
    0x0fff, 0x0fff, 0x0fff, 0x0fff, 0x0fff, 0x0fff, 0x0fff, 0x0fff, 0x0fff, 0x0fff, 0x0fff, 0x0fff,
    0x0fff, 0x0fff, 0x0fff, 0x0fff, 0x0fff, 0x3fff, 0xafff, 0xafff, 0xafff, 0xafff, 0xafff, 0xafff,
    0xafff, 0xafff, 0xafff, 0xffff, 0xffff, 0xafff, 0xafff, 0xafff, 0xafff, 0xafff, 0xafff, 0xafff,
    0xdfff, 0xffff, 0x8fff, 0x0fff, 0x0fff, 0x0fff, 0x0fff, 0x0fff, 0x0fff, 0x0fff, 0x0fff, 0x0fff,
    0x0fff, 0x0fff, 0x0fff, 0x0fff, 0x0fff, 0x0fff, 0x5fff, 0xffff, 0xefff, 0x0fff, 0x0fff, 0x0fff,
    0x0fff, 0x0fff, 0x0fff, 0x0fff, 0x0fff, 0x0fff, 0x0fff, 0x0fff, 0x0fff, 0x0fff, 0x0fff, 0x0fff,
    0x0fff, 0x0fff, 0x0fff, 0x0fff, 0x0fff, 0x0fff, 0x0fff, 0x0fff, 0x0fff, 0x0fff, 0x0fff, 0x0fff,
    0x0fff, 0x0fff, 0x0fff, 0x0fff, 0x0fff, 0x0fff, 0x0fff, 0x0fff, 0x0fff, 0x0fff, 0x0fff, 0x0fff,
    0x0fff, 0x0fff, 0x0fff, 0x0fff, 0x0fff, 0x0fff, 0x0fff, 0x0fff, 0x0fff, 0x0fff, 0x0fff, 0x0fff,
    0x0fff, 0x0fff, 0x0fff, 0x0fff, 0x0fff, 0x0fff, 0x0fff, 0x0fff, 0x0fff, 0x0fff, 0x0fff, 0x0fff,
    0x0fff, 0xcfff, 0xffff, 0x5fff, 0x0fff, 0x0fff, 0x0fff, 0x0fff, 0x0fff, 0x0fff, 0x0fff, 0x0fff,
    0x0fff, 0x0fff, 0x0fff, 0x0fff, 0x0fff, 0x0fff, 0x0fff, 0x0fff, 0x0fff, 0x0fff, 0x0fff, 0x0fff,
    0x0fff, 0x0fff, 0x0fff, 0xcfff, 0xffff, 0x4fff, 0x0fff, 0x0fff, 0x0fff, 0x0fff, 0x0fff, 0x0fff,
    0x0fff, 0x0fff, 0x0fff, 0x0fff, 0xcfff, 0xffff, 0x4fff, 0x0fff, 0x0fff, 0x0fff, 0x0fff, 0x0fff,
    0x0fff, 0x0fff, 0x0fff, 0x0fff, 0x0fff, 0x0fff, 0x0fff, 0x0fff, 0x2fff, 0xffff, 0xffff, 0xffff,
    0xffff, 0xffff, 0xefff, 0x0fff, 0x0fff, 0x0fff, 0x0fff, 0x0fff, 0x0fff, 0x0fff, 0x5fff, 0xffff,
    0x7fff, 0x0fff, 0x0fff, 0x0fff, 0x0fff, 0x0fff, 0x0fff, 0x0fff, 0x0fff, 0x0fff, 0x0fff, 0x0fff,
    0x0fff, 0x0fff, 0x0fff, 0x0fff, 0x0fff, 0x0fff, 0x0fff, 0x0fff, 0x0fff, 0x0fff, 0x0fff, 0xdfff,
    0xffff, 0x4fff, 0x0fff, 0x0fff, 0x0fff, 0x0fff, 0x0fff, 0x0fff, 0x0fff, 0x6fff, 0xffff, 0x5fff,
    0x0fff, 0xcfff, 0xdfff, 0x0fff, 0x0fff, 0x0fff, 0x0fff, 0x0fff, 0x0fff, 0x0fff, 0x0fff, 0x0fff,
    0x0fff, 0x0fff, 0x0fff, 0x0fff, 0x0fff, 0x0fff, 0x0fff, 0x0fff, 0x0fff, 0x0fff, 0x0fff, 0x0fff,
    0x0fff, 0x0fff, 0x0fff, 0x0fff, 0x0fff, 0x0fff, 0x0fff, 0x0fff, 0x0fff, 0x0fff, 0x0fff, 0x0fff,
    0x0fff, 0x0fff, 0x0fff, 0x0fff, 0x0fff, 0x0fff, 0x0fff, 0x0fff, 0x0fff, 0x0fff, 0x0fff, 0x0fff,
    0x0fff, 0x6fff, 0x8fff, 0x2fff, 0x0fff, 0x0fff, 0x0fff, 0xffff, 0xefff, 0x0fff, 0x0fff, 0x0fff,
    0x0fff, 0x0fff, 0x0fff, 0x1fff, 0xefff, 0xefff, 0x1fff, 0x0fff, 0x0fff, 0x0fff, 0x0fff, 0x0fff,
    0x0fff, 0x0fff, 0x0fff, 0x0fff, 0x0fff, 0x0fff, 0x0fff, 0x0fff, 0x0fff, 0x0fff, 0xafff, 0xffff,
    0x9fff, 0x0fff, 0x0fff, 0x0fff, 0x0fff, 0x0fff, 0x0fff, 0x0fff, 0x0fff, 0x0fff, 0x0fff, 0x0fff,
    0x0fff, 0x0fff, 0x0fff, 0x0fff, 0x0fff, 0x0fff, 0x0fff, 0x0fff, 0x0fff, 0x0fff, 0x0fff, 0x0fff,
    0x0fff, 0x0fff, 0x0fff, 0x0fff, 0x0fff, 0x0fff, 0x0fff, 0x0fff, 0x0fff, 0x0fff, 0x0fff, 0x0fff,
    0x0fff, 0x0fff, 0x0fff, 0x0fff, 0x0fff, 0x0fff, 0x0fff, 0x0fff, 0x0fff, 0x0fff, 0x0fff, 0x0fff,
    0x0fff, 0x0fff, 0x0fff, 0x0fff, 0x0fff, 0x0fff, 0x0fff, 0x0fff, 0x0fff, 0x0fff, 0x0fff, 0x0fff,
    0x0fff, 0x0fff, 0x0fff, 0x0fff, 0x0fff, 0x9fff, 0xffff, 0x8fff, 0x0fff, 0x0fff, 0x0fff, 0x0fff,
    0x0fff, 0x1fff, 0x4fff, 0x5fff, 0x0fff, 0x0fff, 0x0fff, 0x0fff, 0x0fff, 0x0fff, 0x0fff, 0x0fff,
    0x0fff, 0x0fff, 0x0fff, 0x0fff, 0x0fff, 0x0fff, 0x0fff, 0xefff, 0xffff, 0x1fff, 0x0fff, 0x0fff,
    0x0fff, 0x0fff, 0x0fff, 0x0fff, 0x0fff, 0x0fff, 0x0fff, 0x0fff, 0xbfff, 0xffff, 0x4fff, 0x0fff,
    0x0fff, 0x0fff, 0x0fff, 0x0fff, 0x0fff, 0x0fff, 0x0fff, 0x0fff, 0x0fff, 0x0fff, 0x0fff, 0x0fff,
    0x2fff, 0xffff, 0x7fff, 0x0fff, 0x0fff, 0xafff, 0xefff, 0x0fff, 0x0fff, 0x0fff, 0x0fff, 0x0fff,
    0x0fff, 0x0fff, 0x5fff, 0xffff, 0x7fff, 0x0fff, 0x0fff, 0x0fff, 0x0fff, 0x0fff, 0x1fff, 0x0fff,
    0x0fff, 0x0fff, 0x0fff, 0x0fff, 0x0fff, 0x0fff, 0x0fff, 0x0fff, 0x0fff, 0x0fff, 0x0fff, 0x0fff,
    0x0fff, 0x0fff, 0x0fff, 0xffff, 0xffff, 0x1fff, 0x0fff, 0x0fff, 0x1fff, 0x3fff, 0x0fff, 0x0fff,
    0x0fff, 0x0fff, 0xcfff, 0xefff, 0x1fff, 0x4fff, 0xffff, 0x7fff, 0x0fff, 0x0fff, 0x0fff, 0x0fff,
    0x0fff, 0x0fff, 0x0fff, 0x0fff, 0x0fff, 0x0fff, 0x0fff, 0x0fff, 0x0fff, 0x0fff, 0x0fff, 0x0fff,
    0x0fff, 0x0fff, 0x0fff, 0x0fff, 0x0fff, 0x0fff, 0x0fff, 0x0fff, 0x0fff, 0x0fff, 0x0fff, 0x0fff,
    0x0fff, 0x0fff, 0x0fff, 0x0fff, 0x0fff, 0x0fff, 0x0fff, 0x0fff, 0x0fff, 0x0fff, 0x0fff, 0x0fff,
    0x0fff, 0x0fff, 0x0fff, 0x0fff, 0x0fff, 0xdfff, 0xffff, 0x1fff, 0x0fff, 0x0fff, 0x0fff, 0xffff,
    0xffff, 0x6fff, 0x6fff, 0x6fff, 0x6fff, 0x6fff, 0x6fff, 0x8fff, 0xffff, 0x8fff, 0x0fff, 0x0fff,
    0x0fff, 0x0fff, 0x0fff, 0x0fff, 0x0fff, 0x0fff, 0x0fff, 0x0fff, 0x0fff, 0x0fff, 0x0fff, 0x0fff,
    0x0fff, 0x1fff, 0xffff, 0xffff, 0x4fff, 0x0fff, 0x0fff, 0x0fff, 0x0fff, 0x0fff, 0x0fff, 0x0fff,
    0x0fff, 0x0fff, 0x0fff, 0x0fff, 0x0fff, 0x0fff, 0x1fff, 0x0fff, 0x0fff, 0x0fff, 0x0fff, 0x0fff,
    0x0fff, 0x0fff, 0x0fff, 0x0fff, 0x0fff, 0x0fff, 0x0fff, 0x0fff, 0x0fff, 0x0fff, 0x0fff, 0x0fff,
    0x0fff, 0x0fff, 0x0fff, 0x0fff, 0x0fff, 0x0fff, 0x0fff, 0x0fff, 0x0fff, 0x0fff, 0x0fff, 0x0fff,
    0x0fff, 0x0fff, 0x0fff, 0x0fff, 0x0fff, 0x0fff, 0x0fff, 0x0fff, 0x0fff, 0x0fff, 0x0fff, 0x0fff,
    0x0fff, 0x0fff, 0x0fff, 0x0fff, 0x0fff, 0x0fff, 0x0fff, 0x0fff, 0x0fff, 0x6fff, 0xffff, 0xbfff,
    0x4fff, 0x6fff, 0x9fff, 0xbfff, 0xefff, 0xffff, 0xffff, 0xdfff, 0x0fff, 0x0fff, 0x0fff, 0x0fff,
    0x0fff, 0x0fff, 0x0fff, 0x0fff, 0x0fff, 0x0fff, 0x0fff, 0x0fff, 0x0fff, 0x0fff, 0x1fff, 0xffff,
    0xdfff, 0x0fff, 0x0fff, 0x0fff, 0x0fff, 0x0fff, 0x0fff, 0x0fff, 0x0fff, 0x0fff, 0x0fff, 0x0fff,
    0xbfff, 0xffff, 0x4fff, 0x1fff, 0x3fff, 0x5fff, 0x5fff, 0x0fff, 0x0fff, 0x0fff, 0x0fff, 0x0fff,
    0x0fff, 0x0fff, 0x0fff, 0x0fff, 0x2fff, 0xffff, 0x7fff, 0x0fff, 0x0fff, 0xafff, 0xefff, 0x0fff,
    0x8fff, 0xffff, 0xffff, 0xffff, 0xffff, 0xffff, 0xffff, 0xffff, 0xffff, 0xffff, 0xffff, 0xffff,
    0xffff, 0xffff, 0xffff, 0xcfff, 0x0fff, 0x0fff, 0x0fff, 0x0fff, 0x0fff, 0x0fff, 0x0fff, 0x0fff,
    0x0fff, 0x2fff, 0x1fff, 0x0fff, 0x0fff, 0x1fff, 0x4fff, 0xffff, 0xefff, 0x7fff, 0xafff, 0xdfff,
    0xffff, 0xdfff, 0x0fff, 0x0fff, 0x0fff, 0x0fff, 0x4fff, 0xffff, 0x7fff, 0x0fff, 0x6fff, 0x1fff,
    0x0fff, 0x0fff, 0x0fff, 0x0fff, 0x0fff, 0x0fff, 0x0fff, 0x0fff, 0x0fff, 0x0fff, 0x0fff, 0x0fff,
    0x0fff, 0x0fff, 0x0fff, 0x0fff, 0x0fff, 0x0fff, 0x0fff, 0x0fff, 0x0fff, 0x0fff, 0x0fff, 0x0fff,
    0x0fff, 0x0fff, 0x0fff, 0x0fff, 0x0fff, 0x0fff, 0x0fff, 0x0fff, 0x0fff, 0x0fff, 0x0fff, 0x0fff,
    0x0fff, 0x0fff, 0x0fff, 0x0fff, 0x0fff, 0x0fff, 0x0fff, 0x0fff, 0x5fff, 0xffff, 0xdfff, 0x0fff,
    0x0fff, 0x0fff, 0x0fff, 0xffff, 0xffff, 0xffff, 0xffff, 0xffff, 0xffff, 0xffff, 0xffff, 0x3fff,
    0x6fff, 0x1fff, 0x0fff, 0x0fff, 0x0fff, 0x0fff, 0x0fff, 0x0fff, 0x0fff, 0x0fff, 0x0fff, 0x0fff,
    0x0fff, 0x0fff, 0x0fff, 0x0fff, 0x0fff, 0x8fff, 0xffff, 0xffff, 0xffff, 0xffff, 0xffff, 0xffff,
    0xffff, 0xffff, 0xffff, 0xffff, 0xffff, 0xffff, 0xffff, 0xffff, 0xffff, 0xffff, 0xcfff, 0x0fff,
    0x0fff, 0x0fff, 0x0fff, 0x0fff, 0x0fff, 0x0fff, 0x0fff, 0x0fff, 0x0fff, 0x0fff, 0x0fff, 0x0fff,
    0x0fff, 0x0fff, 0x0fff, 0x0fff, 0x0fff, 0x0fff, 0x0fff, 0x0fff, 0x0fff, 0x0fff, 0x0fff, 0x0fff,
    0x0fff, 0x0fff, 0x0fff, 0x0fff, 0x0fff, 0x0fff, 0x0fff, 0x0fff, 0x0fff, 0x0fff, 0x0fff, 0x0fff,
    0x0fff, 0x0fff, 0x0fff, 0x0fff, 0x0fff, 0x0fff, 0x0fff, 0x0fff, 0x1fff, 0x3fff, 0x5fff, 0x7fff,
    0x9fff, 0xcfff, 0xffff, 0xffff, 0xffff, 0xffff, 0xffff, 0xffff, 0xffff, 0xffff, 0xcfff, 0xafff,
    0x0fff, 0x0fff, 0x0fff, 0x0fff, 0x0fff, 0x0fff, 0x0fff, 0x0fff, 0x0fff, 0x0fff, 0x0fff, 0x0fff,
    0x0fff, 0x0fff, 0x4fff, 0xffff, 0xbfff, 0x0fff, 0x0fff, 0x0fff, 0x0fff, 0x2fff, 0x2fff, 0x2fff,
    0x1fff, 0x0fff, 0x0fff, 0x0fff, 0xcfff, 0xffff, 0xefff, 0xffff, 0xffff, 0xffff, 0xbfff, 0x0fff,
    0x0fff, 0x0fff, 0x0fff, 0x0fff, 0x0fff, 0x0fff, 0x0fff, 0x0fff, 0x2fff, 0xffff, 0x7fff, 0x0fff,
    0x0fff, 0xafff, 0xefff, 0x0fff, 0x8fff, 0xffff, 0xbfff, 0x9fff, 0x9fff, 0xafff, 0xffff, 0xffff,
    0x9fff, 0x9fff, 0x9fff, 0x9fff, 0x9fff, 0xbfff, 0xffff, 0x9fff, 0x0fff, 0x0fff, 0x0fff, 0x0fff,
    0x0fff, 0x0fff, 0x0fff, 0x0fff, 0x2fff, 0xffff, 0xffff, 0xffff, 0xffff, 0xffff, 0xffff, 0xffff,
    0xffff, 0xffff, 0xffff, 0xffff, 0xffff, 0xbfff, 0x0fff, 0x0fff, 0x0fff, 0x0fff, 0x0fff, 0x7fff,
    0x3fff, 0x0fff, 0x0fff, 0x0fff, 0x0fff, 0x0fff, 0x0fff, 0x0fff, 0x0fff, 0x0fff, 0x0fff, 0x0fff,
    0x0fff, 0x0fff, 0x0fff, 0x0fff, 0x0fff, 0x0fff, 0x0fff, 0x0fff, 0x0fff, 0x0fff, 0x0fff, 0x0fff,
    0x0fff, 0x0fff, 0x0fff, 0x0fff, 0x0fff, 0x0fff, 0x0fff, 0x0fff, 0x0fff, 0x0fff, 0x0fff, 0x0fff,
    0x0fff, 0x0fff, 0x0fff, 0x0fff, 0x0fff, 0x0fff, 0x0fff, 0x0fff, 0x0fff, 0x0fff, 0x0fff, 0x1fff,
    0xdfff, 0xffff, 0xffff, 0x7fff, 0x0fff, 0x0fff, 0x0fff, 0xffff, 0xefff, 0x0fff, 0x0fff, 0x0fff,
    0x0fff, 0x0fff, 0x0fff, 0x0fff, 0x0fff, 0x0fff, 0x0fff, 0x0fff, 0x0fff, 0x0fff, 0x0fff, 0x0fff,
    0x0fff, 0x0fff, 0x0fff, 0x0fff, 0x0fff, 0x0fff, 0x0fff, 0x0fff, 0x2fff, 0xefff, 0xffff, 0xffff,
    0xffff, 0xffff, 0xffff, 0xffff, 0xffff, 0xffff, 0xffff, 0xffff, 0xffff, 0xffff, 0xffff, 0xffff,
    0xffff, 0xffff, 0xcfff, 0x0fff, 0x0fff, 0x0fff, 0x0fff, 0x0fff, 0x0fff, 0x0fff, 0x0fff, 0x0fff,
    0x0fff, 0x0fff, 0x0fff, 0x0fff, 0x0fff, 0x0fff, 0x0fff, 0x0fff, 0x0fff, 0x0fff, 0x0fff, 0x0fff,
    0x0fff, 0x0fff, 0x0fff, 0x0fff, 0x0fff, 0x0fff, 0x0fff, 0x0fff, 0x0fff, 0x0fff, 0x0fff, 0x0fff,
    0x0fff, 0x0fff, 0x0fff, 0x0fff, 0x0fff, 0x0fff, 0x0fff, 0x0fff, 0x0fff, 0x1fff, 0xdfff, 0xefff,
    0xffff, 0xffff, 0xffff, 0xffff, 0xffff, 0xffff, 0xffff, 0xffff, 0xcfff, 0x9fff, 0x7fff, 0x4fff,
    0x2fff, 0x0fff, 0x0fff, 0x0fff, 0x0fff, 0x0fff, 0x0fff, 0x0fff, 0x0fff, 0x0fff, 0x0fff, 0x0fff,
    0x0fff, 0x0fff, 0x0fff, 0x0fff, 0x0fff, 0x0fff, 0x6fff, 0xffff, 0x8fff, 0x0fff, 0x0fff, 0x0fff,
    0x0fff, 0xafff, 0xffff, 0xffff, 0xffff, 0xffff, 0xffff, 0xffff, 0xffff, 0xffff, 0xffff, 0xdfff,
    0xbfff, 0xafff, 0x6fff, 0x0fff, 0x0fff, 0x0fff, 0x0fff, 0x0fff, 0x0fff, 0x0fff, 0x0fff, 0x0fff,
    0x2fff, 0xffff, 0x7fff, 0x0fff, 0x0fff, 0xafff, 0xefff, 0x0fff, 0x8fff, 0xffff, 0x3fff, 0x0fff,
    0x0fff, 0x0fff, 0xffff, 0xafff, 0x0fff, 0x0fff, 0x0fff, 0x0fff, 0x0fff, 0x7fff, 0xffff, 0x5fff,
    0x0fff, 0x0fff, 0x0fff, 0x0fff, 0x0fff, 0x0fff, 0x0fff, 0x0fff, 0x1fff, 0xdfff, 0xefff, 0xefff,
    0xefff, 0xefff, 0xefff, 0xffff, 0xcfff, 0x7fff, 0x5fff, 0x3fff, 0x0fff, 0x0fff, 0x0fff, 0x0fff,
    0x0fff, 0x0fff, 0x0fff, 0x0fff, 0x0fff, 0x0fff, 0x0fff, 0x0fff, 0x0fff, 0x0fff, 0x0fff, 0x0fff,
    0x0fff, 0x0fff, 0x0fff, 0x0fff, 0x0fff, 0x0fff, 0x0fff, 0x0fff, 0x0fff, 0x0fff, 0x0fff, 0x0fff,
    0x0fff, 0x0fff, 0x0fff, 0x0fff, 0x0fff, 0x0fff, 0x0fff, 0x0fff, 0x0fff, 0x0fff, 0x0fff, 0x0fff,
    0x0fff, 0x0fff, 0x0fff, 0x0fff, 0x0fff, 0x0fff, 0x0fff, 0x0fff, 0x0fff, 0x0fff, 0x0fff, 0x0fff,
    0x0fff, 0x0fff, 0x0fff, 0x8fff, 0xffff, 0xbfff, 0xafff, 0xffff, 0x8fff, 0x1fff, 0x0fff, 0xffff,
    0xefff, 0x0fff, 0x0fff, 0x0fff, 0x0fff, 0x0fff, 0x0fff, 0x0fff, 0x0fff, 0x0fff, 0x0fff, 0x0fff,
    0x0fff, 0x0fff, 0x0fff, 0x0fff, 0x0fff, 0x0fff, 0x0fff, 0x0fff, 0x0fff, 0x0fff, 0x0fff, 0x0fff,
    0xbfff, 0xffff, 0xcfff, 0x1fff, 0x0fff, 0x0fff, 0x0fff, 0x0fff, 0x0fff, 0x5fff, 0xffff, 0xdfff,
    0x0fff, 0x0fff, 0x0fff, 0x0fff, 0x1fff, 0x1fff, 0x1fff, 0x0fff, 0x0fff, 0x0fff, 0x0fff, 0x0fff,
    0x0fff, 0x0fff, 0x0fff, 0x0fff, 0x0fff, 0x0fff, 0x0fff, 0x0fff, 0x0fff, 0x0fff, 0x0fff, 0x0fff,
    0x0fff, 0x0fff, 0x0fff, 0x0fff, 0x0fff, 0x0fff, 0x0fff, 0x0fff, 0x0fff, 0x0fff, 0x0fff, 0x0fff,
    0x0fff, 0x0fff, 0x0fff, 0x0fff, 0x0fff, 0x0fff, 0x0fff, 0x0fff, 0x0fff, 0x0fff, 0x0fff, 0x0fff,
    0x0fff, 0x0fff, 0xefff, 0xffff, 0xffff, 0xefff, 0xbfff, 0x9fff, 0x6fff, 0x4fff, 0xcfff, 0xffff,
    0x5fff, 0x0fff, 0x0fff, 0x0fff, 0x0fff, 0x0fff, 0x0fff, 0x0fff, 0x0fff, 0x0fff, 0x0fff, 0x0fff,
    0x0fff, 0x0fff, 0x0fff, 0x0fff, 0x0fff, 0x0fff, 0x0fff, 0x0fff, 0x0fff, 0x0fff, 0x8fff, 0xffff,
    0x6fff, 0x0fff, 0x0fff, 0x0fff, 0x0fff, 0x7fff, 0xcfff, 0xdfff, 0xdfff, 0xefff, 0xefff, 0xdfff,
    0xffff, 0xffff, 0x4fff, 0x0fff, 0x0fff, 0x0fff, 0x0fff, 0x0fff, 0x0fff, 0x0fff, 0x0fff, 0x0fff,
    0x0fff, 0x0fff, 0x0fff, 0x0fff, 0x2fff, 0xffff, 0x7fff, 0x0fff, 0x0fff, 0xafff, 0xefff, 0x0fff,
    0x8fff, 0xffff, 0x3fff, 0x0fff, 0x0fff, 0x2fff, 0xffff, 0xcfff, 0x6fff, 0x8fff, 0xafff, 0xbfff,
    0x3fff, 0xcfff, 0xefff, 0x1fff, 0x0fff, 0x0fff, 0x0fff, 0x0fff, 0x0fff, 0x0fff, 0x0fff, 0x0fff,
    0x0fff, 0x0fff, 0x0fff, 0x0fff, 0x0fff, 0x0fff, 0xdfff, 0xffff, 0x4fff, 0x0fff, 0x0fff, 0x0fff,
    0x0fff, 0x0fff, 0x0fff, 0x0fff, 0x0fff, 0x0fff, 0x0fff, 0x0fff, 0x0fff, 0x0fff, 0x0fff, 0x0fff,
    0x0fff, 0x0fff, 0x0fff, 0x0fff, 0x0fff, 0x0fff, 0x0fff, 0x0fff, 0x0fff, 0x0fff, 0x0fff, 0x0fff,
    0x0fff, 0x0fff, 0x0fff, 0x0fff, 0x0fff, 0x0fff, 0x0fff, 0x0fff, 0x0fff, 0x0fff, 0x0fff, 0x0fff,
    0x0fff, 0x0fff, 0x0fff, 0x0fff, 0x0fff, 0x0fff, 0x0fff, 0x0fff, 0x0fff, 0x0fff, 0x0fff, 0x0fff,
    0x0fff, 0x0fff, 0x0fff, 0x0fff, 0x0fff, 0x0fff, 0x6fff, 0xffff, 0xffff, 0x2fff, 0x0fff, 0xbfff,
    0xffff, 0xffff, 0x9fff, 0xffff, 0xefff, 0x1fff, 0x1fff, 0x0fff, 0x0fff, 0x0fff, 0x0fff, 0x0fff,
    0x0fff, 0x0fff, 0x0fff, 0x0fff, 0x0fff, 0x0fff, 0x0fff, 0x0fff, 0x0fff, 0x0fff, 0x0fff, 0x0fff,
    0x0fff, 0x0fff, 0x0fff, 0x7fff, 0xffff, 0xffff, 0x3fff, 0x0fff, 0x0fff, 0x0fff, 0x0fff, 0x0fff,
    0x0fff, 0x6fff, 0xffff, 0xcfff, 0x0fff, 0x0fff, 0x0fff, 0x0fff, 0x0fff, 0x0fff, 0x0fff, 0x0fff,
    0x0fff, 0x0fff, 0x0fff, 0x0fff, 0x0fff, 0x0fff, 0x0fff, 0x0fff, 0x0fff, 0x0fff, 0x0fff, 0x0fff,
    0x0fff, 0x0fff, 0x0fff, 0x0fff, 0x0fff, 0x0fff, 0x0fff, 0x0fff, 0x0fff, 0x0fff, 0x0fff, 0x0fff,
    0x0fff, 0x0fff, 0x0fff, 0x0fff, 0x0fff, 0x0fff, 0x0fff, 0x0fff, 0x0fff, 0x0fff, 0x0fff, 0x0fff,
    0x0fff, 0x0fff, 0x0fff, 0x0fff, 0x0fff, 0x0fff, 0x5fff, 0x4fff, 0x1fff, 0x0fff, 0x0fff, 0x0fff,
    0x0fff, 0x0fff, 0x9fff, 0xffff, 0x8fff, 0x0fff, 0x0fff, 0x0fff, 0x0fff, 0x0fff, 0x0fff, 0x0fff,
    0x0fff, 0x0fff, 0x0fff, 0x0fff, 0x0fff, 0x0fff, 0x0fff, 0x0fff, 0x0fff, 0x0fff, 0x0fff, 0x0fff,
    0x0fff, 0x0fff, 0xafff, 0xffff, 0x4fff, 0x0fff, 0x0fff, 0x0fff, 0x0fff, 0x0fff, 0x0fff, 0x0fff,
    0x0fff, 0x0fff, 0x0fff, 0x0fff, 0xbfff, 0xffff, 0x4fff, 0x0fff, 0x0fff, 0x0fff, 0x0fff, 0x0fff,
    0x0fff, 0x0fff, 0x0fff, 0x0fff, 0x0fff, 0x0fff, 0x0fff, 0x0fff, 0x2fff, 0xffff, 0x7fff, 0x0fff,
    0x0fff, 0xafff, 0xefff, 0x0fff, 0x8fff, 0xffff, 0x5fff, 0xefff, 0xffff, 0xffff, 0xffff, 0xffff,
    0xefff, 0xdfff, 0xbfff, 0x9fff, 0x3fff, 0x7fff, 0x7fff, 0x0fff, 0x0fff, 0x0fff, 0x0fff, 0x0fff,
    0x0fff, 0x0fff, 0x0fff, 0x0fff, 0x0fff, 0x0fff, 0x0fff, 0x0fff, 0x0fff, 0x2fff, 0xffff, 0xefff,
    0x0fff, 0x0fff, 0x0fff, 0x0fff, 0x9fff, 0xbfff, 0xcfff, 0xdfff, 0xdfff, 0xdfff, 0xcfff, 0xbfff,
    0xbfff, 0x4fff, 0x0fff, 0x0fff, 0x0fff, 0x0fff, 0x0fff, 0x0fff, 0x0fff, 0x0fff, 0x0fff, 0x0fff,
    0x0fff, 0x0fff, 0x0fff, 0x0fff, 0x0fff, 0x0fff, 0x0fff, 0x0fff, 0x0fff, 0x0fff, 0x0fff, 0x0fff,
    0x0fff, 0x0fff, 0x0fff, 0x0fff, 0x0fff, 0x0fff, 0x0fff, 0x0fff, 0x0fff, 0x0fff, 0x0fff, 0x0fff,
    0x0fff, 0x0fff, 0x0fff, 0x0fff, 0x0fff, 0x0fff, 0x0fff, 0x0fff, 0x0fff, 0x5fff, 0xffff, 0xffff,
    0x6fff, 0x0fff, 0x0fff, 0x0fff, 0x6fff, 0xdfff, 0xffff, 0xffff, 0xffff, 0xffff, 0xffff, 0xffff,
    0xffff, 0xffff, 0xffff, 0xffff, 0xffff, 0xffff, 0xffff, 0xafff, 0x0fff, 0x0fff, 0x0fff, 0x0fff,
    0x0fff, 0x0fff, 0x0fff, 0x0fff, 0x0fff, 0x0fff, 0x4fff, 0xffff, 0xffff, 0x8fff, 0x0fff, 0x0fff,
    0x0fff, 0x0fff, 0x0fff, 0x0fff, 0x0fff, 0x8fff, 0xffff, 0xafff, 0x0fff, 0x0fff, 0x0fff, 0x0fff,
    0x0fff, 0x0fff, 0x0fff, 0x0fff, 0x0fff, 0x0fff, 0x0fff, 0x0fff, 0x0fff, 0x0fff, 0x0fff, 0x0fff,
    0x0fff, 0x2fff, 0x6fff, 0x5fff, 0x4fff, 0x4fff, 0x4fff, 0x4fff, 0x4fff, 0x4fff, 0x4fff, 0x4fff,
    0x4fff, 0x4fff, 0x4fff, 0x4fff, 0x4fff, 0x4fff, 0x4fff, 0x4fff, 0x5fff, 0x5fff, 0x2fff, 0x0fff,
    0x0fff, 0x0fff, 0x0fff, 0x0fff, 0x0fff, 0x0fff, 0x0fff, 0x0fff, 0x0fff, 0x0fff, 0x0fff, 0x0fff,
    0x0fff, 0x0fff, 0x0fff, 0x0fff, 0x0fff, 0x0fff, 0x6fff, 0xffff, 0xbfff, 0x0fff, 0x0fff, 0x0fff,
    0x0fff, 0x0fff, 0x0fff, 0x0fff, 0x0fff, 0x0fff, 0x0fff, 0x0fff, 0x0fff, 0x0fff, 0x0fff, 0x0fff,
    0x0fff, 0x0fff, 0x0fff, 0x0fff, 0x0fff, 0x0fff, 0xbfff, 0xffff, 0x2fff, 0x0fff, 0x0fff, 0x0fff,
    0x0fff, 0x0fff, 0x0fff, 0x0fff, 0x0fff, 0x0fff, 0x0fff, 0x0fff, 0xbfff, 0xffff, 0x5fff, 0x0fff,
    0x0fff, 0x0fff, 0x0fff, 0x0fff, 0x0fff, 0x0fff, 0x0fff, 0x0fff, 0x0fff, 0x0fff, 0x0fff, 0x0fff,
    0x2fff, 0xffff, 0x7fff, 0x0fff, 0x0fff, 0xafff, 0xefff, 0x0fff, 0x9fff, 0xffff, 0x4fff, 0x7fff,
    0x5fff, 0x4fff, 0xffff, 0xafff, 0x0fff, 0x0fff, 0x0fff, 0x0fff, 0x0fff, 0x4fff, 0x3fff, 0x0fff,
    0x0fff, 0x0fff, 0x0fff, 0x0fff, 0x0fff, 0x0fff, 0x0fff, 0x0fff, 0x0fff, 0x0fff, 0x0fff, 0x0fff,
    0x0fff, 0x6fff, 0xffff, 0xbfff, 0x0fff, 0x0fff, 0x0fff, 0x0fff, 0xcfff, 0xffff, 0xffff, 0xffff,
    0xffff, 0xffff, 0xffff, 0xffff, 0xffff, 0x6fff, 0x0fff, 0x0fff, 0x0fff, 0x0fff, 0x0fff, 0x0fff,
    0x0fff, 0x0fff, 0x0fff, 0x0fff, 0x0fff, 0x0fff, 0x0fff, 0x0fff, 0x0fff, 0x0fff, 0x0fff, 0x0fff,
    0x0fff, 0x0fff, 0x0fff, 0x0fff, 0x0fff, 0x0fff, 0x0fff, 0x0fff, 0x0fff, 0x0fff, 0x0fff, 0x0fff,
    0x0fff, 0x0fff, 0x0fff, 0x0fff, 0x0fff, 0x0fff, 0x0fff, 0x0fff, 0x0fff, 0x0fff, 0x0fff, 0x0fff,
    0x9fff, 0xffff, 0xffff, 0x8fff, 0x0fff, 0x0fff, 0x0fff, 0x0fff, 0x0fff, 0x0fff, 0x3fff, 0x6fff,
    0x9fff, 0xafff, 0xafff, 0xbfff, 0xbfff, 0xbfff, 0xbfff, 0xbfff, 0xbfff, 0xbfff, 0xbfff, 0x4fff,
    0x0fff, 0x0fff, 0x0fff, 0x0fff, 0x0fff, 0x0fff, 0x0fff, 0x0fff, 0x0fff, 0x3fff, 0xefff, 0xffff,
    0xcfff, 0x1fff, 0x0fff, 0x0fff, 0x0fff, 0x0fff, 0x0fff, 0x0fff, 0x0fff, 0xbfff, 0xffff, 0x8fff,
    0x0fff, 0x0fff, 0x0fff, 0x0fff, 0x0fff, 0x0fff, 0x0fff, 0x0fff, 0x0fff, 0x0fff, 0x0fff, 0x0fff,
    0x0fff, 0x0fff, 0x0fff, 0x0fff, 0x0fff, 0x5fff, 0xffff, 0xffff, 0xffff, 0xffff, 0xffff, 0xffff,
    0xffff, 0xffff, 0xffff, 0xffff, 0xffff, 0xffff, 0xffff, 0xffff, 0xffff, 0xffff, 0xffff, 0xffff,
    0xffff, 0xffff, 0x5fff, 0x0fff, 0x0fff, 0x0fff, 0x0fff, 0x0fff, 0x0fff, 0x0fff, 0x0fff, 0x0fff,
    0x0fff, 0x0fff, 0x0fff, 0x0fff, 0x0fff, 0x0fff, 0x0fff, 0x0fff, 0x0fff, 0x0fff, 0x3fff, 0xffff,
    0xefff, 0x0fff, 0x0fff, 0x0fff, 0x0fff, 0x0fff, 0x0fff, 0x1fff, 0x3fff, 0x7fff, 0x0fff, 0x0fff,
    0x0fff, 0x0fff, 0x0fff, 0x0fff, 0x0fff, 0x0fff, 0x0fff, 0x0fff, 0x0fff, 0x0fff, 0xdfff, 0xffff,
    0x1fff, 0x0fff, 0x0fff, 0x0fff, 0x0fff, 0x0fff, 0x0fff, 0x0fff, 0x0fff, 0x0fff, 0x0fff, 0x0fff,
    0xafff, 0xffff, 0x5fff, 0x0fff, 0x0fff, 0x0fff, 0x0fff, 0x0fff, 0x0fff, 0x0fff, 0x0fff, 0x0fff,
    0x0fff, 0x0fff, 0x0fff, 0x0fff, 0x2fff, 0xffff, 0x7fff, 0x0fff, 0x0fff, 0xafff, 0xefff, 0x0fff,
    0x9fff, 0xffff, 0x2fff, 0x0fff, 0x0fff, 0x0fff, 0xffff, 0xcfff, 0x0fff, 0x0fff, 0x0fff, 0x0fff,
    0x1fff, 0xbfff, 0xcfff, 0x0fff, 0x0fff, 0x0fff, 0x0fff, 0x0fff, 0x0fff, 0x0fff, 0x0fff, 0x0fff,
    0x0fff, 0x0fff, 0x0fff, 0x0fff, 0x0fff, 0xafff, 0xffff, 0x7fff, 0x0fff, 0x0fff, 0x0fff, 0x0fff,
    0x4fff, 0x3fff, 0x2fff, 0x1fff, 0x0fff, 0x1fff, 0x2fff, 0x3fff, 0x4fff, 0x2fff, 0x0fff, 0x0fff,
    0x0fff, 0x0fff, 0x0fff, 0x0fff, 0x0fff, 0x0fff, 0x0fff, 0x0fff, 0x0fff, 0x0fff, 0x0fff, 0x0fff,
    0x0fff, 0x0fff, 0x0fff, 0x0fff, 0x0fff, 0x0fff, 0x0fff, 0x0fff, 0x0fff, 0x0fff, 0x0fff, 0x0fff,
    0x0fff, 0x0fff, 0x0fff, 0x0fff, 0x0fff, 0x0fff, 0x0fff, 0x0fff, 0x0fff, 0x0fff, 0x0fff, 0x0fff,
    0x0fff, 0x0fff, 0x0fff, 0x0fff, 0xbfff, 0xffff, 0x6fff, 0x0fff, 0x0fff, 0x0fff, 0x0fff, 0x0fff,
    0x0fff, 0x0fff, 0x0fff, 0xafff, 0xafff, 0x0fff, 0x0fff, 0x0fff, 0x0fff, 0x0fff, 0x0fff, 0x0fff,
    0x0fff, 0x0fff, 0x0fff, 0x0fff, 0x0fff, 0x0fff, 0x0fff, 0x0fff, 0x0fff, 0x0fff, 0x0fff, 0x0fff,
    0x1fff, 0xefff, 0xffff, 0xefff, 0x2fff, 0x0fff, 0x0fff, 0x0fff, 0x0fff, 0x0fff, 0x0fff, 0x0fff,
    0x0fff, 0xefff, 0xffff, 0x5fff, 0x0fff, 0x0fff, 0x0fff, 0x0fff, 0x0fff, 0x0fff, 0x0fff, 0x0fff,
    0x0fff, 0x0fff, 0x0fff, 0x0fff, 0x0fff, 0x0fff, 0x0fff, 0x0fff, 0x0fff, 0x5fff, 0xffff, 0xffff,
    0xffff, 0xffff, 0xffff, 0xffff, 0xffff, 0xffff, 0xffff, 0xffff, 0xffff, 0xffff, 0xffff, 0xffff,
    0xffff, 0xffff, 0xffff, 0xffff, 0xffff, 0xffff, 0x5fff, 0x0fff, 0x0fff, 0x0fff, 0x0fff, 0x0fff,
    0x0fff, 0x0fff, 0x0fff, 0x0fff, 0x0fff, 0x0fff, 0x0fff, 0x0fff, 0x0fff, 0x0fff, 0x0fff, 0x0fff,
    0x0fff, 0x0fff, 0x1fff, 0xffff, 0xffff, 0x2fff, 0x3fff, 0x5fff, 0x8fff, 0xafff, 0xdfff, 0xffff,
    0xffff, 0xffff, 0x2fff, 0x0fff, 0x0fff, 0x0fff, 0x0fff, 0x0fff, 0x0fff, 0x0fff, 0x0fff, 0x0fff,
    0x0fff, 0x0fff, 0xefff, 0xffff, 0x0fff, 0x0fff, 0x0fff, 0x0fff, 0x0fff, 0x0fff, 0x0fff, 0x0fff,
    0x0fff, 0x0fff, 0x0fff, 0x0fff, 0xafff, 0xffff, 0x6fff, 0x0fff, 0x0fff, 0x0fff, 0x0fff, 0x0fff,
    0x0fff, 0x0fff, 0x0fff, 0x0fff, 0x0fff, 0x0fff, 0x0fff, 0x0fff, 0x2fff, 0xffff, 0x7fff, 0x0fff,
    0x0fff, 0xafff, 0xefff, 0x0fff, 0xafff, 0xffff, 0x2fff, 0x0fff, 0x0fff, 0x0fff, 0xbfff, 0xffff,
    0xffff, 0xffff, 0xffff, 0xffff, 0xffff, 0xffff, 0x8fff, 0x0fff, 0x0fff, 0x0fff, 0x0fff, 0x0fff,
    0x0fff, 0x0fff, 0x0fff, 0x0fff, 0x0fff, 0x0fff, 0x0fff, 0x0fff, 0x0fff, 0xefff, 0xffff, 0x3fff,
    0x0fff, 0x0fff, 0x0fff, 0x0fff, 0x0fff, 0x0fff, 0x0fff, 0x0fff, 0x0fff, 0x0fff, 0x0fff, 0x0fff,
    0x0fff, 0x0fff, 0x0fff, 0x0fff, 0x0fff, 0x0fff, 0x0fff, 0x0fff, 0x0fff, 0x0fff, 0x0fff, 0x0fff,
    0x0fff, 0x0fff, 0x0fff, 0x0fff, 0x0fff, 0x0fff, 0x0fff, 0x0fff, 0x0fff, 0x0fff, 0x0fff, 0x0fff,
    0x0fff, 0x0fff, 0x0fff, 0x0fff, 0x0fff, 0x0fff, 0x0fff, 0x0fff, 0x0fff, 0x0fff, 0x0fff, 0x0fff,
    0x0fff, 0x0fff, 0x0fff, 0x0fff, 0x0fff, 0x0fff, 0x0fff, 0x0fff, 0x3fff, 0x3fff, 0x0fff, 0x0fff,
    0x0fff, 0x0fff, 0x0fff, 0x0fff, 0x0fff, 0x0fff, 0x0fff, 0xefff, 0xffff, 0x0fff, 0x0fff, 0x0fff,
    0x0fff, 0x0fff, 0x0fff, 0x0fff, 0x0fff, 0x0fff, 0x0fff, 0x0fff, 0x0fff, 0x0fff, 0x0fff, 0x0fff,
    0x0fff, 0x0fff, 0x0fff, 0x0fff, 0x0fff, 0x2fff, 0xafff, 0x3fff, 0x0fff, 0x0fff, 0x0fff, 0x0fff,
    0x0fff, 0x0fff, 0x0fff, 0x0fff, 0x3fff, 0xffff, 0xffff, 0x1fff, 0x0fff, 0x0fff, 0x0fff, 0x0fff,
    0x0fff, 0x0fff, 0x0fff, 0x0fff, 0x0fff, 0x0fff, 0x0fff, 0x0fff, 0x0fff, 0x0fff, 0x0fff, 0x0fff,
    0x0fff, 0x1fff, 0x1fff, 0x1fff, 0x0fff, 0x0fff, 0x0fff, 0x0fff, 0x0fff, 0x0fff, 0x0fff, 0x0fff,
    0x0fff, 0x0fff, 0x0fff, 0x0fff, 0x0fff, 0x0fff, 0x0fff, 0x0fff, 0x1fff, 0x1fff, 0x1fff, 0x0fff,
    0x0fff, 0x0fff, 0x0fff, 0x0fff, 0x0fff, 0x0fff, 0x0fff, 0x0fff, 0x0fff, 0x0fff, 0x0fff, 0x0fff,
    0x0fff, 0x0fff, 0x0fff, 0x1fff, 0x3fff, 0x5fff, 0x8fff, 0xefff, 0xffff, 0xffff, 0xffff, 0xffff,
    0xffff, 0xffff, 0xffff, 0xffff, 0xdfff, 0xbfff, 0x3fff, 0x0fff, 0x0fff, 0x0fff, 0x0fff, 0x0fff,
    0x0fff, 0x0fff, 0x0fff, 0x0fff, 0x0fff, 0x0fff, 0xefff, 0xefff, 0x0fff, 0x0fff, 0x0fff, 0x0fff,
    0x0fff, 0x0fff, 0x0fff, 0x0fff, 0x0fff, 0x0fff, 0x0fff, 0x0fff, 0x9fff, 0xffff, 0x6fff, 0x0fff,
    0x0fff, 0x0fff, 0x0fff, 0x0fff, 0x0fff, 0x0fff, 0x0fff, 0x0fff, 0x0fff, 0x0fff, 0x0fff, 0x0fff,
    0x2fff, 0xffff, 0x7fff, 0x0fff, 0x0fff, 0xafff, 0xefff, 0x0fff, 0xbfff, 0xffff, 0x1fff, 0x0fff,
    0x0fff, 0x0fff, 0x0fff, 0x4fff, 0x6fff, 0x6fff, 0x6fff, 0x6fff, 0x6fff, 0x4fff, 0x0fff, 0x0fff,
    0x0fff, 0x0fff, 0x0fff, 0x0fff, 0x0fff, 0x0fff, 0x0fff, 0x0fff, 0x0fff, 0x0fff, 0x0fff, 0x0fff,
    0x3fff, 0xffff, 0xefff, 0x0fff, 0x0fff, 0x0fff, 0x0fff, 0x0fff, 0x0fff, 0x0fff, 0x0fff, 0x0fff,
    0x0fff, 0x0fff, 0x0fff, 0x0fff, 0x0fff, 0x0fff, 0x0fff, 0x0fff, 0x0fff, 0x0fff, 0x0fff, 0x0fff,
    0x0fff, 0x0fff, 0x0fff, 0x0fff, 0x0fff, 0x0fff, 0x0fff, 0x0fff, 0x0fff, 0x0fff, 0x0fff, 0x0fff,
    0x0fff, 0x0fff, 0x0fff, 0x0fff, 0x0fff, 0x0fff, 0x0fff, 0x0fff, 0x0fff, 0x0fff, 0x0fff, 0x0fff,
    0x0fff, 0x0fff, 0x0fff, 0x0fff, 0x0fff, 0x0fff, 0x0fff, 0x0fff, 0x0fff, 0x0fff, 0x0fff, 0x0fff,
    0x0fff, 0x0fff, 0x0fff, 0xffff, 0xffff, 0xffff, 0xffff, 0xffff, 0xffff, 0xffff, 0xffff, 0xffff,
    0xffff, 0xffff, 0xffff, 0xffff, 0xffff, 0xffff, 0xffff, 0xffff, 0xffff, 0x1fff, 0x0fff, 0x0fff,
    0x0fff, 0x0fff, 0x0fff, 0x0fff, 0x0fff, 0x0fff, 0x0fff, 0x0fff, 0x0fff, 0x0fff, 0x0fff, 0x0fff,
    0x0fff, 0x0fff, 0x0fff, 0x0fff, 0x0fff, 0x0fff, 0x0fff, 0x0fff, 0x9fff, 0xffff, 0xbfff, 0x0fff,
    0x0fff, 0x0fff, 0x0fff, 0x0fff, 0x0fff, 0x0fff, 0x0fff, 0x0fff, 0x0fff, 0x0fff, 0x0fff, 0x0fff,
    0x0fff, 0x0fff, 0x0fff, 0x0fff, 0x0fff, 0x0fff, 0x0fff, 0x0fff, 0x0fff, 0x0fff, 0x0fff, 0x0fff,
    0x0fff, 0x0fff, 0x0fff, 0x0fff, 0x0fff, 0x0fff, 0x0fff, 0x0fff, 0x0fff, 0x0fff, 0x0fff, 0x0fff,
    0x0fff, 0x0fff, 0x0fff, 0x0fff, 0x0fff, 0x0fff, 0x0fff, 0x0fff, 0x0fff, 0x0fff, 0x0fff, 0x0fff,
    0x0fff, 0x1fff, 0x5fff, 0x7fff, 0x9fff, 0xbfff, 0xdfff, 0xffff, 0xffff, 0xffff, 0xffff, 0xffff,
    0xffff, 0xffff, 0xcfff, 0xafff, 0x8fff, 0x5fff, 0x3fff, 0x1fff, 0x0fff, 0x0fff, 0x0fff, 0x0fff,
    0x0fff, 0x0fff, 0x0fff, 0x0fff, 0x0fff, 0x0fff, 0x0fff, 0x0fff, 0x0fff, 0x0fff, 0xffff, 0xdfff,
    0x0fff, 0x7fff, 0x4fff, 0x0fff, 0x0fff, 0x0fff, 0x0fff, 0x0fff, 0x0fff, 0x0fff, 0x0fff, 0x0fff,
    0x8fff, 0xffff, 0x7fff, 0x0fff, 0x0fff, 0x0fff, 0x0fff, 0x0fff, 0x0fff, 0x0fff, 0x0fff, 0x0fff,
    0x0fff, 0x0fff, 0x0fff, 0x0fff, 0x2fff, 0xffff, 0x7fff, 0x0fff, 0x0fff, 0xafff, 0xefff, 0x0fff,
    0xdfff, 0xefff, 0x0fff, 0x0fff, 0x0fff, 0x0fff, 0xbfff, 0x6fff, 0x0fff, 0x5fff, 0xcfff, 0x2fff,
    0x0fff, 0x0fff, 0x0fff, 0x0fff, 0x0fff, 0x0fff, 0x0fff, 0x0fff, 0x0fff, 0x0fff, 0x0fff, 0x0fff,
    0x0fff, 0x0fff, 0x0fff, 0x0fff, 0x8fff, 0xffff, 0xafff, 0x0fff, 0x0fff, 0x0fff, 0x0fff, 0x0fff,
    0x0fff, 0x0fff, 0x0fff, 0x0fff, 0x0fff, 0x0fff, 0x0fff, 0x0fff, 0x0fff, 0x0fff, 0x0fff, 0x0fff,
    0x0fff, 0x0fff, 0x0fff, 0x0fff, 0x0fff, 0x0fff, 0x0fff, 0x0fff, 0x0fff, 0x0fff, 0x0fff, 0x0fff,
    0x0fff, 0x0fff, 0x0fff, 0x0fff, 0x0fff, 0x0fff, 0x0fff, 0x0fff, 0x0fff, 0x0fff, 0x0fff, 0x0fff,
    0x0fff, 0x0fff, 0x0fff, 0x0fff, 0x0fff, 0x0fff, 0x0fff, 0x0fff, 0x0fff, 0x0fff, 0x0fff, 0x0fff,
    0x0fff, 0x0fff, 0x0fff, 0x0fff, 0x0fff, 0x0fff, 0x0fff, 0xffff, 0xefff, 0x8fff, 0x8fff, 0x8fff,
    0x8fff, 0x8fff, 0x8fff, 0xffff, 0xffff, 0x8fff, 0x8fff, 0x8fff, 0x8fff, 0x8fff, 0x8fff, 0xefff,
    0xffff, 0x1fff, 0x0fff, 0x0fff, 0x0fff, 0x0fff, 0x0fff, 0x0fff, 0x0fff, 0x0fff, 0x0fff, 0x0fff,
    0x0fff, 0x0fff, 0x0fff, 0x0fff, 0x0fff, 0x0fff, 0x0fff, 0x0fff, 0x0fff, 0x0fff, 0x0fff, 0x1fff,
    0xefff, 0xffff, 0x5fff, 0x0fff, 0x0fff, 0x0fff, 0x0fff, 0x0fff, 0x0fff, 0x0fff, 0x0fff, 0x0fff,
    0x0fff, 0x0fff, 0x0fff, 0x0fff, 0x0fff, 0x0fff, 0x0fff, 0x0fff, 0x0fff, 0x0fff, 0x0fff, 0x0fff,
    0x0fff, 0x0fff, 0x0fff, 0x0fff, 0x0fff, 0x0fff, 0x0fff, 0x0fff, 0x0fff, 0x0fff, 0x0fff, 0x0fff,
    0x0fff, 0x0fff, 0x0fff, 0x0fff, 0x0fff, 0x0fff, 0x0fff, 0x0fff, 0x0fff, 0x0fff, 0x0fff, 0x0fff,
    0x0fff, 0x0fff, 0x0fff, 0x0fff, 0x0fff, 0x1fff, 0xffff, 0xffff, 0xffff, 0xffff, 0xffff, 0xffff,
    0xcfff, 0xafff, 0x7fff, 0x9fff, 0xffff, 0xbfff, 0x0fff, 0x0fff, 0x0fff, 0x0fff, 0x0fff, 0x0fff,
    0x0fff, 0x0fff, 0x0fff, 0x0fff, 0x0fff, 0x0fff, 0x0fff, 0x0fff, 0x0fff, 0x0fff, 0x0fff, 0x0fff,
    0x0fff, 0x0fff, 0xffff, 0xefff, 0x0fff, 0xefff, 0x7fff, 0x0fff, 0x0fff, 0x0fff, 0x1fff, 0x8fff,
    0xcfff, 0xefff, 0xefff, 0xdfff, 0xefff, 0xffff, 0x8fff, 0x0fff, 0x0fff, 0x0fff, 0x0fff, 0x0fff,
    0x0fff, 0x0fff, 0x0fff, 0x0fff, 0x0fff, 0x0fff, 0x0fff, 0x0fff, 0x2fff, 0xffff, 0xffff, 0xffff,
    0xffff, 0xffff, 0xefff, 0x0fff, 0xefff, 0xcfff, 0x8fff, 0xbfff, 0x0fff, 0x0fff, 0xffff, 0x9fff,
    0x0fff, 0x5fff, 0xffff, 0x3fff, 0x0fff, 0x7fff, 0xcfff, 0x2fff, 0x0fff, 0x0fff, 0x0fff, 0x0fff,
    0x0fff, 0x0fff, 0x0fff, 0x0fff, 0x0fff, 0x0fff, 0x0fff, 0x0fff, 0xdfff, 0xffff, 0x6fff, 0x0fff,
    0x0fff, 0x0fff, 0x1fff, 0x2fff, 0x1fff, 0x0fff, 0x0fff, 0x0fff, 0x0fff, 0x0fff, 0x0fff, 0x0fff,
    0x0fff, 0x0fff, 0x0fff, 0x0fff, 0x0fff, 0x0fff, 0x0fff, 0x0fff, 0x0fff, 0x0fff, 0x0fff, 0x0fff,
    0x0fff, 0x0fff, 0x0fff, 0x3fff, 0x3fff, 0x0fff, 0x0fff, 0x0fff, 0x0fff, 0x0fff, 0x0fff, 0x0fff,
    0x0fff, 0x0fff, 0x0fff, 0x0fff, 0x0fff, 0x0fff, 0x0fff, 0x0fff, 0x0fff, 0x0fff, 0x0fff, 0x0fff,
    0x0fff, 0x0fff, 0x0fff, 0x0fff, 0x0fff, 0x0fff, 0x0fff, 0x0fff, 0x0fff, 0x0fff, 0x0fff, 0xffff,
    0xdfff, 0x0fff, 0x0fff, 0x0fff, 0x0fff, 0x0fff, 0x0fff, 0xefff, 0xffff, 0x0fff, 0x0fff, 0x0fff,
    0x0fff, 0x0fff, 0x0fff, 0xdfff, 0xffff, 0x1fff, 0x0fff, 0x0fff, 0x0fff, 0x0fff, 0x0fff, 0x0fff,
    0x0fff, 0x0fff, 0x0fff, 0x0fff, 0x0fff, 0x0fff, 0x0fff, 0x0fff, 0x0fff, 0x0fff, 0x0fff, 0x0fff,
    0x0fff, 0x0fff, 0x0fff, 0x8fff, 0xffff, 0xefff, 0x0fff, 0x0fff, 0x0fff, 0x0fff, 0x0fff, 0x0fff,
    0x0fff, 0x0fff, 0x0fff, 0x0fff, 0x0fff, 0x0fff, 0x0fff, 0x0fff, 0x0fff, 0x0fff, 0x0fff, 0x0fff,
    0x0fff, 0x0fff, 0x0fff, 0x0fff, 0x0fff, 0x0fff, 0x0fff, 0x0fff, 0x0fff, 0x0fff, 0x0fff, 0x0fff,
    0x0fff, 0x0fff, 0x0fff, 0x0fff, 0x0fff, 0x0fff, 0x0fff, 0x0fff, 0x0fff, 0x0fff, 0x0fff, 0x0fff,
    0x0fff, 0x0fff, 0x0fff, 0x0fff, 0x0fff, 0x0fff, 0x0fff, 0x0fff, 0x0fff, 0x0fff, 0xbfff, 0xafff,
    0x8fff, 0x5fff, 0x2fff, 0x0fff, 0x0fff, 0x0fff, 0x0fff, 0x4fff, 0xffff, 0xefff, 0x0fff, 0x0fff,
    0x0fff, 0x0fff, 0x0fff, 0x0fff, 0x0fff, 0x0fff, 0x0fff, 0x0fff, 0x0fff, 0x0fff, 0x0fff, 0x0fff,
    0x0fff, 0x0fff, 0x0fff, 0x0fff, 0x0fff, 0x0fff, 0xefff, 0xffff, 0x6fff, 0xffff, 0x2fff, 0x0fff,
    0x0fff, 0x3fff, 0xefff, 0xffff, 0xdfff, 0xafff, 0xbfff, 0xdfff, 0xffff, 0xffff, 0xffff, 0x9fff,
    0x2fff, 0x0fff, 0x0fff, 0x0fff, 0x0fff, 0x0fff, 0x0fff, 0x0fff, 0x0fff, 0x0fff, 0x0fff, 0x0fff,
    0x2fff, 0xffff, 0xdfff, 0xcfff, 0xcfff, 0xcfff, 0xbfff, 0x1fff, 0xffff, 0xbfff, 0x6fff, 0xffff,
    0x2fff, 0x0fff, 0xffff, 0x9fff, 0x0fff, 0x5fff, 0xffff, 0x3fff, 0x0fff, 0xcfff, 0xefff, 0x0fff,
    0x0fff, 0x0fff, 0x0fff, 0x0fff, 0x0fff, 0x0fff, 0x0fff, 0x0fff, 0x0fff, 0x0fff, 0x0fff, 0x2fff,
    0xffff, 0xffff, 0x1fff, 0x0fff, 0x0fff, 0x0fff, 0x5fff, 0xffff, 0xafff, 0x0fff, 0x0fff, 0x0fff,
    0x0fff, 0x0fff, 0x0fff, 0x0fff, 0x0fff, 0x0fff, 0x0fff, 0x0fff, 0x0fff, 0x0fff, 0x0fff, 0x0fff,
    0x0fff, 0x0fff, 0x0fff, 0x0fff, 0x0fff, 0x4fff, 0xefff, 0xffff, 0xffff, 0xefff, 0x5fff, 0x0fff,
    0x0fff, 0x0fff, 0x0fff, 0x0fff, 0x0fff, 0x0fff, 0x0fff, 0x0fff, 0x0fff, 0x0fff, 0x0fff, 0x0fff,
    0x0fff, 0x0fff, 0x0fff, 0x0fff, 0x0fff, 0x0fff, 0x0fff, 0x0fff, 0x0fff, 0x0fff, 0x0fff, 0x0fff,
    0x0fff, 0x0fff, 0x0fff, 0xffff, 0xdfff, 0x0fff, 0x0fff, 0x0fff, 0x0fff, 0x0fff, 0x0fff, 0xefff,
    0xffff, 0x0fff, 0x0fff, 0x0fff, 0x0fff, 0x0fff, 0x0fff, 0xdfff, 0xffff, 0x1fff, 0x0fff, 0x0fff,
    0x0fff, 0x0fff, 0x0fff, 0x0fff, 0x0fff, 0x0fff, 0x0fff, 0x0fff, 0x0fff, 0x0fff, 0x0fff, 0x0fff,
    0x0fff, 0x0fff, 0x0fff, 0x0fff, 0x0fff, 0x0fff, 0x4fff, 0xffff, 0xffff, 0x7fff, 0x0fff, 0x0fff,
    0x0fff, 0x0fff, 0x0fff, 0x0fff, 0x0fff, 0x0fff, 0x0fff, 0x0fff, 0x0fff, 0x0fff, 0x0fff, 0x0fff,
    0x0fff, 0x0fff, 0x0fff, 0x0fff, 0x0fff, 0x0fff, 0x0fff, 0x0fff, 0x0fff, 0x0fff, 0x0fff, 0x0fff,
    0x0fff, 0x0fff, 0x0fff, 0x0fff, 0x0fff, 0x0fff, 0x0fff, 0x0fff, 0x0fff, 0x0fff, 0x0fff, 0x0fff,
    0x0fff, 0x0fff, 0x0fff, 0x0fff, 0x0fff, 0x0fff, 0x0fff, 0x0fff, 0x0fff, 0x0fff, 0x0fff, 0x0fff,
    0x0fff, 0x0fff, 0x0fff, 0x0fff, 0x0fff, 0x0fff, 0x0fff, 0x0fff, 0x0fff, 0x0fff, 0x0fff, 0x1fff,
    0xffff, 0xffff, 0x2fff, 0x0fff, 0x0fff, 0x0fff, 0x0fff, 0x0fff, 0x0fff, 0x0fff, 0x0fff, 0x0fff,
    0x0fff, 0x0fff, 0x0fff, 0x0fff, 0x0fff, 0x0fff, 0x0fff, 0x0fff, 0x0fff, 0x0fff, 0xefff, 0xffff,
    0xcfff, 0xcfff, 0x0fff, 0x0fff, 0x0fff, 0xdfff, 0xffff, 0x5fff, 0x0fff, 0x0fff, 0x0fff, 0x0fff,
    0x7fff, 0xffff, 0xffff, 0xffff, 0xefff, 0x7fff, 0x0fff, 0x0fff, 0x0fff, 0x0fff, 0x0fff, 0x0fff,
    0x0fff, 0x0fff, 0x0fff, 0x0fff, 0x2fff, 0xffff, 0x7fff, 0x0fff, 0x0fff, 0x0fff, 0x0fff, 0x5fff,
    0xffff, 0x8fff, 0x1fff, 0xffff, 0x8fff, 0x0fff, 0xffff, 0x9fff, 0x0fff, 0x5fff, 0xffff, 0x3fff,
    0x2fff, 0xffff, 0x8fff, 0x0fff, 0x0fff, 0x0fff, 0x0fff, 0x0fff, 0x0fff, 0x0fff, 0x0fff, 0x0fff,
    0x0fff, 0x0fff, 0x0fff, 0x8fff, 0xffff, 0xcfff, 0x0fff, 0x0fff, 0x0fff, 0x0fff, 0x7fff, 0xffff,
    0x7fff, 0x0fff, 0x0fff, 0x0fff, 0x0fff, 0x0fff, 0x0fff, 0x0fff, 0x0fff, 0x0fff, 0x0fff, 0x0fff,
    0x0fff, 0x0fff, 0x0fff, 0x0fff, 0x0fff, 0x0fff, 0x0fff, 0x0fff, 0x3fff, 0xffff, 0x9fff, 0x2fff,
    0x2fff, 0x8fff, 0xffff, 0x4fff, 0x0fff, 0x0fff, 0x0fff, 0x0fff, 0x0fff, 0x0fff, 0x0fff, 0x0fff,
    0x0fff, 0x0fff, 0x0fff, 0x0fff, 0x0fff, 0x0fff, 0x0fff, 0x0fff, 0x0fff, 0x0fff, 0x0fff, 0x0fff,
    0x0fff, 0x0fff, 0x0fff, 0x0fff, 0x0fff, 0x0fff, 0x0fff, 0xffff, 0xffff, 0xffff, 0xffff, 0xffff,
    0xffff, 0xffff, 0xffff, 0xffff, 0xffff, 0xffff, 0xffff, 0xffff, 0xffff, 0xffff, 0xffff, 0xffff,
    0xffff, 0x1fff, 0x0fff, 0x0fff, 0x0fff, 0x0fff, 0x0fff, 0x0fff, 0x0fff, 0x0fff, 0x0fff, 0x0fff,
    0x0fff, 0x0fff, 0x0fff, 0x0fff, 0x0fff, 0x0fff, 0x0fff, 0x0fff, 0x0fff, 0x1fff, 0xdfff, 0xffff,
    0xcfff, 0x0fff, 0x0fff, 0x0fff, 0x0fff, 0x0fff, 0x0fff, 0x0fff, 0x0fff, 0x0fff, 0x0fff, 0x0fff,
    0x0fff, 0x0fff, 0x0fff, 0x0fff, 0x0fff, 0x0fff, 0x0fff, 0x0fff, 0x0fff, 0x0fff, 0x0fff, 0x0fff,
    0x0fff, 0x0fff, 0x0fff, 0x0fff, 0x0fff, 0x0fff, 0x0fff, 0x0fff, 0x0fff, 0x0fff, 0x0fff, 0x0fff,
    0x0fff, 0x0fff, 0x0fff, 0x0fff, 0x0fff, 0x0fff, 0x0fff, 0x0fff, 0x0fff, 0x0fff, 0x0fff, 0x0fff,
    0x0fff, 0x0fff, 0x0fff, 0x0fff, 0x0fff, 0x0fff, 0x0fff, 0x0fff, 0x0fff, 0x0fff, 0x0fff, 0x0fff,
    0x0fff, 0x0fff, 0x0fff, 0x0fff, 0xdfff, 0xffff, 0x5fff, 0x0fff, 0x0fff, 0x0fff, 0x0fff, 0x0fff,
    0x0fff, 0x0fff, 0x0fff, 0x0fff, 0x0fff, 0x0fff, 0x0fff, 0x0fff, 0x0fff, 0x0fff, 0x0fff, 0x0fff,
    0x0fff, 0x0fff, 0xcfff, 0xffff, 0xffff, 0x7fff, 0x0fff, 0x0fff, 0x2fff, 0xffff, 0xafff, 0x0fff,
    0x0fff, 0x0fff, 0x0fff, 0x0fff, 0x7fff, 0xffff, 0xafff, 0xafff, 0xffff, 0xffff, 0x9fff, 0x0fff,
    0x0fff, 0x0fff, 0x0fff, 0x0fff, 0x0fff, 0x0fff, 0x0fff, 0x0fff, 0x2fff, 0xffff, 0x7fff, 0x0fff,
    0x0fff, 0x0fff, 0x0fff, 0x8fff, 0xffff, 0x4fff, 0x0fff, 0xbfff, 0xdfff, 0x0fff, 0xffff, 0x9fff,
    0x0fff, 0x5fff, 0xffff, 0x3fff, 0x9fff, 0xffff, 0x1fff, 0x0fff, 0x0fff, 0x0fff, 0x0fff, 0x0fff,
    0x0fff, 0x0fff, 0x0fff, 0x0fff, 0x0fff, 0x0fff, 0x0fff, 0xdfff, 0xffff, 0x6fff, 0x0fff, 0x0fff,
    0x0fff, 0x0fff, 0x8fff, 0xffff, 0x6fff, 0x0fff, 0x0fff, 0x0fff, 0x0fff, 0x0fff, 0x0fff, 0x0fff,
    0x0fff, 0x0fff, 0x0fff, 0x0fff, 0x0fff, 0x0fff, 0x0fff, 0x0fff, 0x0fff, 0x0fff, 0x0fff, 0x0fff,
    0xafff, 0xcfff, 0x0fff, 0x0fff, 0x0fff, 0x0fff, 0xafff, 0xbfff, 0x0fff, 0x0fff, 0x0fff, 0x0fff,
    0x0fff, 0x0fff, 0x0fff, 0x0fff, 0x0fff, 0x0fff, 0x0fff, 0x0fff, 0x0fff, 0x0fff, 0x0fff, 0x0fff,
    0x0fff, 0x0fff, 0x0fff, 0x0fff, 0x0fff, 0x0fff, 0x0fff, 0x0fff, 0x0fff, 0x0fff, 0x0fff, 0x8fff,
    0x8fff, 0x8fff, 0x8fff, 0x8fff, 0x8fff, 0x8fff, 0x8fff, 0xffff, 0xffff, 0x8fff, 0x8fff, 0x8fff,
    0x8fff, 0xdfff, 0x8fff, 0x8fff, 0x8fff, 0x1fff, 0x0fff, 0x0fff, 0x0fff, 0x0fff, 0x0fff, 0x0fff,
    0x0fff, 0x0fff, 0x0fff, 0x0fff, 0x0fff, 0x0fff, 0x0fff, 0x0fff, 0x0fff, 0x0fff, 0x0fff, 0x0fff,
    0x1fff, 0xcfff, 0xffff, 0xefff, 0x2fff, 0x0fff, 0x0fff, 0x0fff, 0x0fff, 0x0fff, 0x0fff, 0x0fff,
    0x0fff, 0x0fff, 0x0fff, 0x0fff, 0x0fff, 0x0fff, 0x0fff, 0x0fff, 0x0fff, 0x0fff, 0x0fff, 0x0fff,
    0x0fff, 0x0fff, 0x0fff, 0x0fff, 0x0fff, 0x0fff, 0x0fff, 0x0fff, 0x0fff, 0x0fff, 0x0fff, 0x0fff,
    0x0fff, 0x0fff, 0x0fff, 0x0fff, 0x0fff, 0x0fff, 0x0fff, 0x0fff, 0x0fff, 0x0fff, 0x0fff, 0x0fff,
    0x0fff, 0x0fff, 0x0fff, 0x0fff, 0x0fff, 0x0fff, 0x0fff, 0x0fff, 0x0fff, 0x0fff, 0x0fff, 0x0fff,
    0x0fff, 0x0fff, 0x0fff, 0x0fff, 0x0fff, 0x0fff, 0x0fff, 0x0fff, 0xafff, 0xffff, 0x8fff, 0x0fff,
    0x0fff, 0x0fff, 0x0fff, 0x0fff, 0x0fff, 0x0fff, 0x0fff, 0x0fff, 0x0fff, 0x0fff, 0x0fff, 0x0fff,
    0x0fff, 0x0fff, 0x0fff, 0x0fff, 0x0fff, 0x0fff, 0xbfff, 0xffff, 0xffff, 0x3fff, 0x0fff, 0x0fff,
    0x3fff, 0xffff, 0xbfff, 0x0fff, 0x0fff, 0x0fff, 0x0fff, 0x0fff, 0xafff, 0xffff, 0x8fff, 0x0fff,
    0x6fff, 0xffff, 0xffff, 0x7fff, 0x0fff, 0x0fff, 0x0fff, 0x0fff, 0x0fff, 0x0fff, 0x0fff, 0x0fff,
    0x0fff, 0x0fff, 0x0fff, 0x0fff, 0x0fff, 0x0fff, 0x0fff, 0xcfff, 0xffff, 0x1fff, 0x0fff, 0x8fff,
    0xffff, 0x1fff, 0xffff, 0x9fff, 0x0fff, 0x5fff, 0xffff, 0x4fff, 0xefff, 0x9fff, 0x0fff, 0x0fff,
    0x0fff, 0x0fff, 0x0fff, 0x0fff, 0x0fff, 0x0fff, 0x0fff, 0x0fff, 0x0fff, 0x0fff, 0x4fff, 0xffff,
    0xffff, 0x1fff, 0x0fff, 0x0fff, 0x0fff, 0x0fff, 0x8fff, 0xffff, 0xafff, 0x0fff, 0x0fff, 0x0fff,
    0x0fff, 0x0fff, 0x0fff, 0x0fff, 0x0fff, 0x0fff, 0x0fff, 0x0fff, 0x0fff, 0x0fff, 0x0fff, 0x0fff,
    0x0fff, 0x0fff, 0x0fff, 0x0fff, 0xdfff, 0x7fff, 0x0fff, 0x0fff, 0x0fff, 0x0fff, 0x6fff, 0xefff,
    0x0fff, 0x0fff, 0x0fff, 0x0fff, 0x0fff, 0x0fff, 0x0fff, 0x0fff, 0x0fff, 0x0fff, 0x0fff, 0x0fff,
    0x0fff, 0x0fff, 0x0fff, 0x0fff, 0x0fff, 0x0fff, 0x0fff, 0x0fff, 0x0fff, 0x0fff, 0x0fff, 0x0fff,
    0x0fff, 0x0fff, 0x0fff, 0x0fff, 0x0fff, 0x0fff, 0x0fff, 0x0fff, 0x0fff, 0x0fff, 0x0fff, 0xefff,
    0xffff, 0x0fff, 0x0fff, 0x0fff, 0x6fff, 0xffff, 0xbfff, 0x1fff, 0x0fff, 0x0fff, 0x0fff, 0x0fff,
    0x0fff, 0x0fff, 0x0fff, 0x0fff, 0x0fff, 0x0fff, 0x0fff, 0x0fff, 0x0fff, 0x0fff, 0x0fff, 0x0fff,
    0x0fff, 0x0fff, 0x0fff, 0x3fff, 0xdfff, 0xffff, 0xffff, 0x5fff, 0x0fff, 0x0fff, 0x0fff, 0x0fff,
    0x0fff, 0x0fff, 0x0fff, 0x0fff, 0x0fff, 0x0fff, 0x0fff, 0x0fff, 0x0fff, 0x0fff, 0x0fff, 0x0fff,
    0x0fff, 0x0fff, 0x0fff, 0x0fff, 0x0fff, 0x0fff, 0x0fff, 0x0fff, 0x0fff, 0x0fff, 0x0fff, 0x0fff,
    0x0fff, 0x0fff, 0x0fff, 0x0fff, 0x0fff, 0x0fff, 0x0fff, 0x0fff, 0x0fff, 0x0fff, 0x0fff, 0x0fff,
    0x0fff, 0x0fff, 0x0fff, 0x0fff, 0x0fff, 0x0fff, 0x0fff, 0x0fff, 0x0fff, 0x0fff, 0x0fff, 0x0fff,
    0x0fff, 0x0fff, 0x0fff, 0x0fff, 0x0fff, 0x0fff, 0x0fff, 0x0fff, 0x0fff, 0x0fff, 0x0fff, 0x0fff,
    0x7fff, 0xffff, 0xbfff, 0x0fff, 0x0fff, 0x0fff, 0x0fff, 0x0fff, 0x0fff, 0x0fff, 0x0fff, 0x0fff,
    0x0fff, 0x0fff, 0x0fff, 0x0fff, 0x0fff, 0x0fff, 0x0fff, 0x0fff, 0x0fff, 0x0fff, 0x9fff, 0xffff,
    0xefff, 0x0fff, 0x0fff, 0x0fff, 0x0fff, 0xefff, 0xffff, 0x7fff, 0x1fff, 0x0fff, 0x0fff, 0x5fff,
    0xffff, 0xffff, 0x4fff, 0x0fff, 0x0fff, 0x5fff, 0xefff, 0x1fff, 0x0fff, 0x0fff, 0x0fff, 0x0fff,
    0x0fff, 0x0fff, 0x0fff, 0x0fff, 0x0fff, 0x0fff, 0x0fff, 0x0fff, 0x0fff, 0x0fff, 0x2fff, 0xffff,
    0xcfff, 0x0fff, 0x0fff, 0x4fff, 0xbfff, 0x2fff, 0xffff, 0x9fff, 0x0fff, 0x5fff, 0xffff, 0x6fff,
    0xcfff, 0x2fff, 0x0fff, 0x0fff, 0x0fff, 0x0fff, 0x0fff, 0x0fff, 0x0fff, 0x0fff, 0x0fff, 0x0fff,
    0x0fff, 0x0fff, 0xbfff, 0xffff, 0xbfff, 0x0fff, 0x0fff, 0x0fff, 0x0fff, 0x0fff, 0x4fff, 0xffff,
    0xffff, 0x9fff, 0x3fff, 0x1fff, 0x0fff, 0x0fff, 0x1fff, 0x2fff, 0x4fff, 0x5fff, 0x0fff, 0x0fff,
    0x0fff, 0x0fff, 0x0fff, 0x0fff, 0x0fff, 0x0fff, 0x0fff, 0x0fff, 0xcfff, 0x8fff, 0x0fff, 0x0fff,
    0x0fff, 0x0fff, 0x7fff, 0xdfff, 0x0fff, 0x0fff, 0x0fff, 0x0fff, 0x0fff, 0x0fff, 0x0fff, 0x0fff,
    0x0fff, 0x0fff, 0x0fff, 0x0fff, 0x0fff, 0x0fff, 0x0fff, 0x0fff, 0x0fff, 0x0fff, 0x0fff, 0x0fff,
    0x0fff, 0x0fff, 0x0fff, 0x0fff, 0x0fff, 0x0fff, 0x0fff, 0x0fff, 0x0fff, 0x0fff, 0x0fff, 0x0fff,
    0x0fff, 0x0fff, 0x0fff, 0xefff, 0xffff, 0x0fff, 0x0fff, 0x0fff, 0x1fff, 0xbfff, 0xffff, 0xdfff,
    0x3fff, 0x0fff, 0x0fff, 0x0fff, 0x0fff, 0x0fff, 0x0fff, 0x0fff, 0x0fff, 0x0fff, 0x0fff, 0x0fff,
    0x0fff, 0x0fff, 0x0fff, 0x0fff, 0x0fff, 0x0fff, 0x8fff, 0xffff, 0xffff, 0xefff, 0x5fff, 0x0fff,
    0x0fff, 0x0fff, 0x0fff, 0x0fff, 0x0fff, 0x0fff, 0x0fff, 0x0fff, 0x0fff, 0x0fff, 0x0fff, 0x0fff,
    0x0fff, 0x0fff, 0x0fff, 0x0fff, 0x0fff, 0x0fff, 0x0fff, 0x0fff, 0x0fff, 0x0fff, 0x0fff, 0x0fff,
    0x0fff, 0x0fff, 0x0fff, 0x0fff, 0x0fff, 0x0fff, 0x0fff, 0x0fff, 0x0fff, 0x0fff, 0x0fff, 0x0fff,
    0x0fff, 0x0fff, 0x0fff, 0x0fff, 0x0fff, 0x0fff, 0x0fff, 0x0fff, 0x0fff, 0x0fff, 0x0fff, 0x0fff,
    0x0fff, 0x0fff, 0x0fff, 0x0fff, 0x0fff, 0x0fff, 0x0fff, 0x0fff, 0x0fff, 0x0fff, 0x0fff, 0x0fff,
    0x0fff, 0x0fff, 0x0fff, 0x0fff, 0x5fff, 0xffff, 0xffff, 0x1fff, 0x0fff, 0x0fff, 0x0fff, 0x0fff,
    0x0fff, 0x0fff, 0x0fff, 0x0fff, 0x0fff, 0x0fff, 0x0fff, 0x0fff, 0x0fff, 0x0fff, 0x0fff, 0x0fff,
    0x0fff, 0x0fff, 0x6fff, 0xffff, 0xcfff, 0x0fff, 0x0fff, 0x0fff, 0x0fff, 0x5fff, 0xffff, 0xffff,
    0xffff, 0xdfff, 0xffff, 0xffff, 0xffff, 0xbfff, 0x0fff, 0x0fff, 0x0fff, 0x0fff, 0x1fff, 0x0fff,
    0x0fff, 0x0fff, 0x0fff, 0x0fff, 0x0fff, 0x0fff, 0x0fff, 0x0fff, 0x0fff, 0x0fff, 0x0fff, 0x0fff,
    0x0fff, 0x0fff, 0x9fff, 0xffff, 0x6fff, 0x0fff, 0x0fff, 0x0fff, 0x0fff, 0x0fff, 0xffff, 0x9fff,
    0x0fff, 0x5fff, 0xffff, 0x3fff, 0x0fff, 0x0fff, 0x0fff, 0x0fff, 0x0fff, 0x0fff, 0x0fff, 0x0fff,
    0x0fff, 0x0fff, 0x0fff, 0x0fff, 0x0fff, 0x3fff, 0xffff, 0xffff, 0x5fff, 0x0fff, 0x0fff, 0x0fff,
    0x0fff, 0x0fff, 0x0fff, 0x8fff, 0xffff, 0xffff, 0xffff, 0xffff, 0xffff, 0xffff, 0xffff, 0xffff,
    0xffff, 0xcfff, 0x0fff, 0x0fff, 0x0fff, 0x0fff, 0x0fff, 0x0fff, 0x0fff, 0x0fff, 0x0fff, 0x0fff,
    0x8fff, 0xefff, 0x1fff, 0x0fff, 0x0fff, 0x0fff, 0xdfff, 0xafff, 0x0fff, 0x0fff, 0x0fff, 0x0fff,
    0x0fff, 0x0fff, 0x0fff, 0x0fff, 0x0fff, 0x0fff, 0x0fff, 0x0fff, 0x0fff, 0x0fff, 0x0fff, 0x0fff,
    0x0fff, 0x0fff, 0x0fff, 0x0fff, 0x0fff, 0x0fff, 0x0fff, 0x0fff, 0x0fff, 0x1fff, 0x2fff, 0x2fff,
    0x2fff, 0x2fff, 0x3fff, 0x3fff, 0x3fff, 0x4fff, 0x4fff, 0xefff, 0xffff, 0x6fff, 0x6fff, 0x7fff,
    0x7fff, 0x8fff, 0xefff, 0xffff, 0xefff, 0x5fff, 0x0fff, 0x0fff, 0x0fff, 0x0fff, 0x0fff, 0x0fff,
    0x0fff, 0x0fff, 0x0fff, 0x0fff, 0x0fff, 0x0fff, 0x0fff, 0x0fff, 0x0fff, 0x0fff, 0x3fff, 0xcfff,
    0xefff, 0x3fff, 0x0fff, 0x0fff, 0x0fff, 0x0fff, 0x0fff, 0x0fff, 0x0fff, 0x0fff, 0x0fff, 0x0fff,
    0x0fff, 0x0fff, 0x0fff, 0x0fff, 0x0fff, 0x0fff, 0x0fff, 0x0fff, 0x0fff, 0x0fff, 0x0fff, 0x0fff,
    0x0fff, 0x0fff, 0x0fff, 0x0fff, 0x0fff, 0x0fff, 0x0fff, 0x0fff, 0x0fff, 0x0fff, 0x0fff, 0x0fff,
    0x0fff, 0x0fff, 0x0fff, 0x0fff, 0x0fff, 0x0fff, 0x0fff, 0x0fff, 0x0fff, 0x0fff, 0x0fff, 0x0fff,
    0x0fff, 0x0fff, 0x0fff, 0x0fff, 0x0fff, 0x0fff, 0x0fff, 0x0fff, 0x0fff, 0x0fff, 0x0fff, 0x0fff,
    0x0fff, 0x0fff, 0x0fff, 0x0fff, 0x0fff, 0x0fff, 0x0fff, 0x0fff, 0x2fff, 0xdfff, 0xbfff, 0x2fff,
    0x0fff, 0x0fff, 0x0fff, 0x0fff, 0x0fff, 0x0fff, 0x0fff, 0x0fff, 0x0fff, 0x0fff, 0x0fff, 0x0fff,
    0x0fff, 0x0fff, 0x0fff, 0x0fff, 0x0fff, 0x0fff, 0x3fff, 0xffff, 0xbfff, 0x0fff, 0x0fff, 0x0fff,
    0x0fff, 0x0fff, 0x3fff, 0x9fff, 0xcfff, 0xefff, 0xefff, 0xcfff, 0x7fff, 0x0fff, 0x0fff, 0x0fff,
    0x0fff, 0x0fff, 0x0fff, 0x0fff, 0x0fff, 0x0fff, 0x0fff, 0x0fff, 0x0fff, 0x0fff, 0x0fff, 0x0fff,
    0x0fff, 0x0fff, 0x0fff, 0x0fff, 0x0fff, 0x1fff, 0xefff, 0xefff, 0x3fff, 0xffff, 0xffff, 0xffff,
    0xffff, 0xffff, 0xffff, 0xffff, 0xffff, 0xffff, 0xffff, 0xffff, 0xffff, 0xffff, 0xffff, 0xffff,
    0x0fff, 0x0fff, 0x0fff, 0x0fff, 0x0fff, 0x0fff, 0x0fff, 0x0fff, 0x0fff, 0x7fff, 0xffff, 0xefff,
    0x0fff, 0x0fff, 0x0fff, 0x0fff, 0x0fff, 0x0fff, 0x0fff, 0x0fff, 0x3fff, 0x9fff, 0xcfff, 0xdfff,
    0xffff, 0xffff, 0xefff, 0xdfff, 0xcfff, 0x8fff, 0x0fff, 0x0fff, 0x0fff, 0x0fff, 0x0fff, 0x0fff,
    0x0fff, 0x0fff, 0x0fff, 0x0fff, 0x1fff, 0xdfff, 0xdfff, 0x6fff, 0x6fff, 0xcfff, 0xefff, 0x2fff,
    0x0fff, 0x0fff, 0x0fff, 0x0fff, 0x0fff, 0x0fff, 0x0fff, 0x0fff, 0x0fff, 0x0fff, 0x0fff, 0x0fff,
    0x0fff, 0x0fff, 0x0fff, 0x0fff, 0x0fff, 0x0fff, 0x0fff, 0x0fff, 0x0fff, 0x0fff, 0x0fff, 0x0fff,
    0x3fff, 0xffff, 0xffff, 0xffff, 0xffff, 0xffff, 0xffff, 0xffff, 0xffff, 0xffff, 0xffff, 0xffff,
    0xffff, 0xffff, 0xffff, 0xffff, 0xffff, 0xffff, 0xffff, 0xffff, 0xffff, 0xffff, 0x7fff, 0x0fff,
    0x0fff, 0x0fff, 0x0fff, 0x0fff, 0x0fff, 0x0fff, 0x0fff, 0x0fff, 0x0fff, 0x0fff, 0x0fff, 0x0fff,
    0x0fff, 0x0fff, 0x0fff, 0x0fff, 0x1fff, 0x0fff, 0x0fff, 0x0fff, 0x0fff, 0x0fff, 0x0fff, 0x0fff,
    0x0fff, 0x0fff, 0x0fff, 0x0fff, 0x0fff, 0x0fff, 0x0fff, 0x0fff, 0x0fff, 0x0fff, 0x0fff, 0x0fff,
    0x0fff, 0x0fff, 0x0fff, 0x0fff, 0x0fff, 0x0fff, 0x0fff, 0x0fff, 0x0fff, 0x0fff, 0x0fff, 0x0fff,
    0x0fff, 0x0fff, 0x0fff, 0x0fff, 0x0fff, 0x0fff, 0x0fff, 0x0fff, 0x0fff, 0x0fff, 0x0fff, 0x0fff,
    0x0fff, 0x0fff, 0x0fff, 0x0fff, 0x0fff, 0x0fff, 0x0fff, 0x0fff, 0x0fff, 0x0fff, 0x0fff, 0x0fff,
    0x0fff, 0x0fff, 0x0fff, 0x0fff, 0x0fff, 0x0fff, 0x0fff, 0x0fff, 0x0fff, 0x0fff, 0x0fff, 0x0fff,
    0x0fff, 0x0fff, 0x0fff, 0x0fff, 0x0fff, 0x0fff, 0x0fff, 0x0fff, 0x0fff, 0x0fff, 0x0fff, 0x0fff,
    0x0fff, 0x0fff, 0x0fff, 0x0fff, 0x0fff, 0x0fff, 0x0fff, 0x0fff, 0x0fff, 0x0fff, 0x0fff, 0x2fff,
    0x1fff, 0x0fff, 0x0fff, 0x0fff, 0x0fff, 0x0fff, 0x0fff, 0x0fff, 0x0fff, 0x0fff, 0x0fff, 0x0fff,
    0x0fff, 0x0fff, 0x0fff, 0x0fff, 0x0fff, 0x0fff, 0x0fff, 0x0fff, 0x0fff, 0x0fff, 0x0fff, 0x0fff,
    0x0fff, 0x0fff, 0x0fff, 0x0fff, 0x0fff, 0x0fff, 0x0fff, 0x0fff, 0x0fff, 0x1fff, 0xbfff, 0x8fff,
    0x2fff, 0x9fff, 0x9fff, 0x9fff, 0x9fff, 0x9fff, 0x9fff, 0x9fff, 0x9fff, 0x9fff, 0x9fff, 0x9fff,
    0x9fff, 0x9fff, 0x9fff, 0x9fff, 0x0fff, 0x0fff, 0x0fff, 0x0fff, 0x0fff, 0x0fff, 0x0fff, 0x0fff,
    0x0fff, 0x0fff, 0x1fff, 0x4fff, 0x0fff, 0x0fff, 0x0fff, 0x0fff, 0x0fff, 0x0fff, 0x0fff, 0x0fff,
    0x0fff, 0x0fff, 0x0fff, 0x0fff, 0x0fff, 0x0fff, 0x0fff, 0x0fff, 0x0fff, 0x0fff, 0x0fff, 0x0fff,
    0x0fff, 0x0fff, 0x0fff, 0x0fff, 0x0fff, 0x0fff, 0x0fff, 0x0fff, 0x0fff, 0x1fff, 0x9fff, 0xdfff,
    0xefff, 0xafff, 0x2fff, 0x0fff, 0x0fff, 0x0fff, 0x0fff, 0x0fff, 0x0fff, 0x0fff, 0x0fff, 0x0fff,
    0x0fff, 0x0fff, 0x0fff, 0x0fff, 0x0fff, 0x0fff, 0x0fff, 0x0fff, 0x0fff, 0x0fff, 0x0fff, 0x0fff,
    0x0fff, 0x0fff, 0x0fff, 0x0fff, 0x2fff, 0xbfff, 0xbfff, 0xafff, 0xafff, 0x9fff, 0x9fff, 0x8fff,
    0x7fff, 0x7fff, 0x6fff, 0x6fff, 0x5fff, 0x4fff, 0x4fff, 0x3fff, 0x2fff, 0x2fff, 0x1fff, 0x0fff,
    0x3fff, 0xdfff, 0xffff, 0x8fff, 0x0fff, 0x0fff, 0x0fff, 0x0fff, 0x0fff, 0x0fff, 0x0fff, 0x0fff,
    0x0fff, 0x0fff, 0x0fff, 0x0fff, 0x0fff, 0x0fff, 0x0fff, 0x0fff, 0x0fff, 0x0fff, 0x0fff, 0x0fff,
    0x0fff, 0x0fff, 0x0fff, 0x0fff, 0x0fff, 0x0fff, 0x0fff, 0x0fff, 0x0fff, 0x0fff, 0x0fff, 0x0fff,
    0x0fff, 0x0fff, 0x0fff, 0x0fff, 0x0fff, 0x0fff, 0x0fff, 0x0fff, 0x0fff, 0x0fff, 0x0fff, 0x0fff,
    0x0fff, 0x0fff, 0x0fff, 0x0fff, 0x0fff, 0x0fff, 0x0fff, 0x0fff, 0x0fff, 0x0fff, 0x0fff, 0x0fff,
    0x0fff, 0x0fff, 0x0fff, 0x0fff, 0x0fff, 0x0fff, 0x0fff, 0x0fff, 0x0fff, 0x0fff, 0x0fff, 0x0fff,
    0x0fff, 0x0fff, 0x0fff, 0x0fff, 0x0fff, 0x0fff, 0x0fff, 0x0fff, 0x0fff, 0x0fff, 0x0fff, 0x0fff,
    0x0fff, 0x0fff, 0x0fff, 0x0fff, 0x0fff, 0x0fff, 0x0fff, 0x0fff, 0x0fff, 0x0fff, 0x0fff, 0x0fff,
    0x0fff, 0x0fff, 0x0fff, 0x0fff, 0x0fff, 0x0fff, 0x0fff, 0x0fff, 0x0fff, 0x0fff, 0x0fff, 0x0fff,
    0x0fff, 0x0fff, 0x0fff, 0x0fff, 0x0fff, 0x0fff, 0x0fff, 0x0fff, 0x0fff, 0x0fff, 0x0fff, 0x0fff,
    0x0fff, 0x0fff, 0x0fff, 0x0fff, 0x0fff, 0x0fff, 0x0fff, 0x0fff, 0x0fff, 0x0fff, 0x0fff, 0x0fff,
    0x0fff, 0x0fff, 0x0fff, 0x0fff, 0x0fff, 0x0fff, 0x0fff, 0x0fff, 0x0fff, 0x0fff, 0x0fff, 0x0fff,
    0x0fff, 0x0fff, 0x0fff, 0x1fff, 0x0fff, 0x0fff, 0x0fff, 0x0fff, 0x0fff, 0x0fff, 0x0fff, 0x0fff,
    0x0fff, 0x0fff, 0x0fff, 0x0fff, 0x0fff, 0x0fff, 0x0fff, 0x0fff, 0x0fff, 0x0fff, 0x0fff, 0x0fff,
    0x0fff, 0x0fff, 0x0fff, 0x0fff, 0x0fff, 0x0fff, 0x0fff, 0x0fff, 0x0fff, 0x0fff, 0x0fff, 0x0fff,
    0x0fff, 0x0fff, 0x0fff, 0x0fff, 0x0fff, 0x0fff, 0x0fff, 0x0fff, 0x0fff, 0x0fff, 0x0fff, 0x0fff,
    0x0fff, 0x0fff, 0x0fff, 0x0fff, 0x0fff, 0x0fff, 0x0fff, 0x0fff, 0x0fff, 0x0fff, 0x0fff, 0x0fff,
    0x0fff, 0x0fff, 0x0fff, 0x0fff, 0x0fff, 0x0fff, 0x0fff, 0x0fff, 0x0fff, 0x0fff, 0x0fff, 0x0fff,
    0x0fff, 0x0fff, 0x0fff, 0x0fff, 0x0fff, 0x0fff, 0x0fff, 0x0fff, 0x0fff, 0x0fff, 0x0fff, 0x0fff,
    0x0fff, 0x0fff, 0x0fff, 0x0fff, 0x0fff, 0x0fff, 0x0fff, 0x0fff, 0x0fff, 0x0fff, 0x0fff, 0x0fff,
    0x0fff, 0x0fff, 0x0fff, 0x0fff, 0x0fff, 0x0fff, 0x0fff, 0x0fff, 0x0fff, 0x0fff, 0x0fff, 0x0fff,
    0x0fff, 0x0fff, 0x0fff, 0x0fff, 0x0fff, 0x1fff, 0x9fff, 0x1fff, 0x0fff, 0x0fff, 0x0fff, 0x0fff,
    0x0fff, 0x0fff, 0x0fff, 0x0fff, 0x0fff, 0x0fff, 0x0fff, 0x0fff, 0x0fff, 0x0fff, 0x0fff, 0x0fff,
    0x0fff, 0x0fff, 0x0fff, 0x0fff, 0x0fff, 0x0fff, 0x0fff, 0x0fff, 0x0fff, 0x0fff, 0x0fff, 0x0fff,
    0x0fff, 0x0fff, 0x0fff, 0x0fff, 0x0fff, 0x0fff, 0x0fff, 0x0fff, 0x0fff, 0x0fff, 0x0fff, 0x0fff,
    0x0fff, 0x0fff, 0x0fff, 0x0fff, 0x0fff, 0x0fff, 0x0fff, 0x0fff, 0x0fff, 0x0fff, 0x0fff, 0x0fff,
    0x0fff, 0x0fff, 0x0fff, 0x0fff, 0x0fff, 0x0fff, 0x0fff, 0x0fff, 0x0fff, 0x0fff, 0x0fff, 0x0fff,
    0x0fff, 0x0fff, 0x0fff, 0x0fff, 0x0fff, 0x0fff, 0x0fff, 0x0fff, 0x0fff, 0x0fff, 0x0fff, 0x0fff,
    0x0fff, 0x0fff, 0x0fff, 0x0fff, 0x0fff, 0x0fff, 0x0fff, 0x0fff, 0x0fff, 0x0fff, 0x0fff, 0x0fff,
    0x0fff, 0x0fff, 0x0fff, 0x0fff, 0x0fff, 0x0fff, 0x0fff, 0x0fff, 0x0fff, 0x0fff, 0x0fff, 0x0fff,
    0x0fff, 0x0fff, 0x0fff, 0x0fff, 0x0fff, 0x0fff, 0x0fff, 0x0fff, 0x0fff, 0x0fff, 0x0fff, 0x0fff,
    0x0fff, 0x0fff, 0x0fff, 0x0fff, 0x0fff, 0x0fff, 0x0fff, 0x0fff, 0x0fff, 0x0fff, 0x0fff, 0x0fff,
    0x0fff, 0x0fff, 0x0fff, 0x0fff, 0x0fff, 0x0fff, 0x0fff, 0x0fff, 0x0fff, 0x0fff, 0x0fff, 0x0fff,
    0x0fff, 0x0fff, 0x0fff, 0x0fff, 0x0fff, 0x0fff, 0x0fff, 0x0fff, 0x0fff, 0x0fff, 0x0fff, 0x0fff,
    0x0fff, 0x0fff, 0x0fff, 0x0fff, 0x0fff, 0x0fff, 0x0fff, 0x0fff, 0x0fff, 0x0fff, 0x0fff, 0x0fff,
    0x0fff, 0x0fff, 0x0fff, 0x0fff, 0x0fff, 0x0fff, 0x0fff, 0x0fff, 0x0fff, 0x0fff, 0x0fff, 0x0fff,
    0x0fff, 0x0fff, 0x0fff, 0x0fff, 0x0fff, 0x0fff, 0x0fff, 0x0fff, 0x0fff, 0x0fff, 0x0fff, 0x0fff,
    0x0fff, 0x0fff, 0x0fff, 0x0fff, 0x0fff, 0x0fff, 0x0fff, 0x0fff, 0x0fff, 0x0fff, 0x0fff, 0x0fff,
    0x0fff, 0x0fff, 0x0fff, 0x0fff, 0x0fff, 0x0fff, 0x0fff, 0x0fff, 0x0fff, 0x0fff, 0x0fff, 0x0fff,
    0x0fff, 0x0fff, 0x0fff, 0x0fff, 0x0fff, 0x0fff, 0x0fff, 0x0fff, 0x0fff, 0x0fff, 0x0fff, 0x0fff,
    0x0fff, 0x0fff, 0x0fff, 0x0fff, 0x0fff, 0x0fff, 0x0fff, 0x0fff, 0x0fff, 0x0fff, 0x0fff, 0x0fff,
    0x0fff, 0x0fff, 0x0fff, 0x0fff, 0x0fff, 0x0fff, 0x0fff, 0x0fff, 0x0fff, 0x0fff, 0x0fff, 0x0fff,
    0x0fff, 0x0fff, 0x0fff, 0x0fff, 0x0fff, 0x0fff, 0x0fff, 0x0fff, 0x0fff, 0x0fff, 0x0fff, 0x0fff,
    0x0fff, 0x0fff, 0x0fff, 0x0fff, 0x0fff, 0x0fff, 0x0fff, 0x0fff, 0x0fff, 0x0fff, 0x0fff, 0x0fff,
    0x0fff, 0x0fff, 0x0fff, 0x0fff, 0x0fff, 0x0fff, 0x0fff, 0x0fff, 0x0fff, 0x0fff, 0x0fff, 0x0fff,
    0x0fff, 0x0fff, 0x0fff, 0x0fff, 0x0fff, 0x0fff, 0x0fff, 0x0fff, 0x0fff, 0x0fff, 0x0fff, 0x0fff,
    0x0fff, 0x0fff, 0x0fff, 0x0fff, 0x0fff, 0x0fff, 0x0fff, 0x0fff, 0x0fff, 0x0fff, 0x0fff, 0x0fff,
    0x0fff, 0x0fff, 0x0fff, 0x0fff, 0x0fff, 0x0fff, 0x0fff, 0x0fff, 0x0fff, 0x0fff, 0x0fff, 0x0fff,
    0x0fff, 0x0fff, 0x0fff, 0x0fff, 0x0fff, 0x0fff, 0x0fff, 0x0fff, 0x0fff, 0x0fff, 0x0fff, 0x0fff,
    0x0fff, 0x0fff, 0x0fff, 0x0fff, 0x0fff, 0x0fff, 0x0fff, 0x0fff, 0x0fff, 0x0fff, 0x0fff, 0x0fff,
    0x0fff, 0x0fff, 0x0fff, 0x0fff, 0x0fff, 0x0fff, 0x0fff, 0x0fff, 0x0fff, 0x0fff, 0x0fff, 0x0fff,
    0x0fff, 0x0fff, 0x0fff, 0x0fff, 0x0fff, 0x0fff, 0x0fff, 0x0fff, 0x0fff, 0x0fff, 0x0fff, 0x0fff,
    0x0fff, 0x0fff, 0x0fff, 0x0fff, 0x0fff, 0x0fff, 0x0fff, 0x0fff, 0x0fff, 0x0fff, 0x0fff, 0x0fff,
    0x0fff, 0x0fff, 0x0fff, 0x0fff, 0x0fff, 0x0fff, 0x0fff, 0x0fff, 0x0fff, 0x0fff, 0x0fff, 0x0fff,
    0x0fff, 0x0fff, 0x0fff, 0x0fff, 0x0fff, 0x0fff, 0x0fff, 0x0fff, 0x0fff, 0x0fff, 0x0fff, 0x0fff,
    0x0fff, 0x0fff, 0x0fff, 0x0fff, 0x0fff, 0x0fff, 0x0fff, 0x0fff, 0x0fff, 0x0fff, 0x0fff, 0x0fff,
    0x0fff, 0x0fff, 0x0fff, 0x0fff, 0x0fff, 0x0fff, 0x0fff, 0x0fff, 0x0fff, 0x0fff, 0x0fff, 0x0fff,
    0x0fff, 0x0fff, 0x0fff, 0x0fff, 0x0fff, 0x0fff, 0x0fff, 0x0fff, 0x0fff, 0x0fff, 0x0fff, 0x0fff,
    0x0fff, 0x0fff, 0x0fff, 0x0fff, 0x0fff, 0x0fff, 0x0fff, 0x0fff, 0x0fff, 0x0fff, 0x0fff, 0x0fff,
    0x0fff, 0x0fff, 0x0fff, 0x0fff, 0x0fff, 0x0fff, 0x0fff, 0x0fff, 0x0fff, 0x0fff, 0x0fff, 0x0fff,
    0x0fff, 0x0fff, 0x0fff, 0x0fff, 0x0fff, 0x0fff, 0x0fff, 0x0fff, 0x0fff, 0x0fff, 0x0fff, 0x0fff,
    0x0fff, 0x0fff, 0x0fff, 0x0fff, 0x0fff, 0x0fff, 0x0fff, 0x0fff, 0x0fff, 0x0fff, 0x0fff, 0x0fff,
    0x0fff, 0x0fff, 0x0fff, 0x0fff, 0x0fff, 0x0fff, 0x0fff, 0x0fff, 0x0fff, 0x0fff, 0x0fff, 0x0fff,
    0x0fff, 0x0fff, 0x0fff, 0x0fff, 0x0fff, 0x0fff, 0x0fff, 0x0fff, 0x0fff, 0x0fff, 0x0fff, 0x0fff,
    0x0fff, 0x0fff, 0x0fff, 0x0fff, 0x0fff, 0x0fff, 0x0fff, 0x0fff, 0x0fff, 0x0fff, 0x0fff, 0x0fff,
    0x0fff, 0x0fff, 0x0fff, 0x0fff, 0x0fff, 0x0fff, 0x0fff, 0x0fff, 0x0fff, 0x0fff, 0x0fff, 0x0fff,
    0x0fff, 0x0fff, 0x0fff, 0x0fff, 0x0fff, 0x0fff, 0x0fff, 0x0fff, 0x0fff, 0x0fff, 0x0fff, 0x0fff,
    0x0fff, 0x0fff, 0x0fff, 0x0fff, 0x0fff, 0x0fff, 0x0fff, 0x0fff, 0x0fff, 0x0fff, 0x0fff, 0x0fff,
    0x0fff, 0x0fff, 0x0fff, 0x0fff, 0x0fff, 0x0fff, 0x0fff, 0x0fff, 0x0fff, 0x0fff, 0x0fff, 0x0fff,
    0x0fff, 0x0fff, 0x0fff, 0x0fff, 0x0fff, 0x0fff, 0x0fff, 0x0fff, 0x0fff, 0x0fff, 0x0fff, 0x0fff,
    0x0fff, 0x0fff, 0x0fff, 0x0fff, 0x0fff, 0x0fff, 0x0fff, 0x0fff, 0x0fff, 0x0fff, 0x0fff, 0x0fff,
    0x0fff, 0x0fff, 0x0fff, 0x0fff, 0x0fff, 0x0fff, 0x0fff, 0x0fff, 0x0fff, 0x0fff, 0x0fff, 0x0fff,
    0x0fff, 0x0fff, 0x0fff, 0x0fff, 0x0fff, 0x0fff, 0x0fff, 0x0fff, 0x0fff, 0x0fff, 0x0fff, 0x0fff,
    0x0fff, 0x0fff, 0x0fff, 0x0fff, 0x0fff, 0x0fff, 0x0fff, 0x0fff, 0x0fff, 0x0fff, 0x0fff, 0x0fff,
    0x0fff, 0x0fff, 0x0fff, 0x0fff, 0x0fff, 0x0fff, 0x0fff, 0x0fff, 0x0fff, 0x0fff, 0x0fff, 0x0fff,
    0x0fff, 0x0fff, 0x0fff, 0x0fff, 0x0fff, 0x0fff, 0x0fff, 0x0fff, 0x0fff, 0x0fff, 0x0fff, 0x0fff,
    0x0fff, 0x0fff, 0x0fff, 0x0fff, 0x0fff, 0x0fff, 0x0fff, 0x0fff, 0x0fff, 0x0fff, 0x0fff, 0x0fff,
    0x0fff, 0x0fff, 0x0fff, 0x0fff, 0x0fff, 0x0fff, 0x0fff, 0x0fff, 0x0fff, 0x0fff, 0x0fff, 0x0fff,
    0x0fff, 0x0fff, 0x0fff, 0x0fff, 0x0fff, 0x0fff, 0x0fff, 0x0fff, 0x0fff, 0x0fff, 0x0fff, 0x0fff,
    0x0fff, 0x0fff, 0x0fff, 0x0fff, 0x0fff, 0x0fff, 0x0fff, 0x0fff, 0x0fff, 0x0fff, 0x0fff, 0x0fff,
    0x0fff, 0x0fff, 0x0fff, 0x0fff, 0x0fff, 0x0fff, 0x0fff, 0x0fff, 0x0fff, 0x0fff, 0x0fff, 0x0fff,
    0x0fff, 0x0fff, 0x0fff, 0x0fff, 0x0fff, 0x0fff, 0x0fff, 0x0fff, 0x0fff, 0x0fff, 0x0fff, 0x0fff,
    0x0fff, 0x0fff, 0x0fff, 0x0fff, 0x0fff, 0x0fff, 0x0fff, 0x0fff, 0x0fff, 0x0fff, 0x0fff, 0x0fff,
    0x0fff, 0x0fff, 0x0fff, 0x0fff, 0x0fff, 0x0fff, 0x0fff, 0x0fff, 0x0fff, 0x0fff, 0x0fff, 0x0fff,
    0x0fff, 0x0fff, 0x0fff, 0x0fff, 0x0fff, 0x0fff, 0x0fff, 0x0fff, 0x0fff, 0x0fff, 0x0fff, 0x0fff,
    0x0fff, 0x0fff, 0x0fff, 0x0fff, 0x0fff, 0x0fff, 0x0fff, 0x0fff, 0x0fff, 0x0fff, 0x0fff, 0x0fff,
    0x0fff, 0x0fff, 0x0fff, 0x0fff, 0x0fff, 0x0fff, 0x0fff, 0x0fff, 0x0fff, 0x0fff, 0x0fff, 0x0fff,
    0x0fff, 0x0fff, 0x0fff, 0x0fff, 0x0fff, 0x0fff, 0x0fff, 0x0fff, 0x0fff, 0x0fff, 0x0fff, 0x0fff,
    0x0fff, 0x0fff, 0x0fff, 0x0fff, 0x0fff, 0x0fff, 0x0fff, 0x0fff, 0x0fff, 0x0fff, 0x0fff, 0x0fff,
    0x0fff, 0x0fff, 0x0fff, 0x0fff, 0x0fff, 0x0fff, 0x0fff, 0x0fff, 0x0fff, 0x0fff, 0x0fff, 0x0fff,
    0x0fff, 0x0fff, 0x0fff, 0x0fff, 0x0fff, 0x0fff, 0x0fff, 0x0fff, 0x0fff, 0x0fff, 0x0fff, 0x0fff,
    0x0fff, 0x0fff, 0x0fff, 0x0fff, 0x0fff, 0x0fff, 0x0fff, 0x0fff, 0x0fff, 0x0fff, 0x0fff, 0x0fff,
    0x0fff, 0x0fff, 0x0fff, 0x0fff, 0x0fff, 0x0fff, 0x0fff, 0x0fff, 0x0fff, 0x0fff, 0x0fff, 0x0fff,
    0x0fff, 0x0fff, 0x0fff, 0x0fff, 0x0fff, 0x0fff, 0x0fff, 0x0fff, 0x0fff, 0x0fff, 0x0fff, 0x0fff,
    0x0fff, 0x0fff, 0x0fff, 0x0fff, 0x0fff, 0x0fff, 0x0fff, 0x0fff, 0x0fff, 0x0fff, 0x0fff, 0x0fff,
    0x0fff, 0x0fff, 0x0fff, 0x0fff, 0x0fff, 0x0fff, 0x0fff, 0x0fff, 0x0fff, 0x0fff, 0x0fff, 0x0fff,
    0x0fff, 0x0fff, 0x0fff, 0x0fff, 0x0fff, 0x0fff, 0x0fff, 0x0fff, 0x0fff, 0x0fff, 0x0fff, 0x0fff,
    0x0fff, 0x0fff, 0x0fff, 0x0fff, 0x0fff, 0x0fff, 0x0fff, 0x0fff, 0x0fff, 0x0fff, 0x0fff, 0x0fff,
    0x0fff, 0x0fff, 0x0fff, 0x0fff, 0x0fff, 0x0fff, 0x0fff, 0x0fff, 0x0fff, 0x0fff, 0x0fff, 0x0fff,
    0x0fff, 0x0fff, 0x0fff, 0x0fff, 0x0fff, 0x0fff, 0x0fff, 0x0fff, 0x0fff, 0x0fff, 0x0fff, 0x0fff,
    0x0fff, 0x0fff, 0x0fff, 0x0fff, 0x0fff, 0x0fff, 0x0fff, 0x0fff, 0x0fff, 0x0fff, 0x0fff, 0x0fff,
    0x0fff, 0x0fff, 0x0fff, 0x0fff, 0x0fff, 0x0fff, 0x0fff, 0x0fff, 0x0fff, 0x0fff, 0x0fff, 0x0fff,
    0x0fff, 0x0fff, 0x0fff, 0x0fff, 0x0fff, 0x0fff, 0x0fff, 0x0fff, 0x0fff, 0x0fff, 0x0fff, 0x0fff,
    0x0fff, 0x0fff, 0x0fff, 0x0fff, 0x0fff, 0x0fff, 0x0fff, 0x0fff, 0x0fff, 0x0fff, 0x0fff, 0x0fff,
    0x0fff, 0x0fff, 0x0fff, 0x0fff, 0x0fff, 0x0fff, 0x0fff, 0x0fff, 0x0fff, 0x0fff, 0x0fff, 0x0fff,
    0x0fff, 0x0fff, 0x0fff, 0x0fff, 0x0fff, 0x0fff, 0x0fff, 0x0fff, 0x0fff, 0x0fff, 0x0fff, 0x0fff,
    0x0fff, 0x0fff, 0x0fff, 0x0fff, 0x0fff, 0x0fff, 0x0fff, 0x0fff, 0x0fff, 0x0fff, 0x0fff, 0x0fff,
    0x0fff, 0x0fff, 0x0fff, 0x0fff, 0x0fff, 0x0fff, 0x0fff, 0x0fff, 0x0fff, 0x0fff, 0x0fff, 0x0fff,
    0x0fff, 0x0fff, 0x0fff, 0x0fff, 0x0fff, 0x0fff, 0x0fff, 0x0fff, 0x0fff, 0x0fff, 0x0fff, 0x0fff,
    0x0fff, 0x0fff, 0x0fff, 0x0fff, 0x0fff, 0x0fff, 0x0fff, 0x0fff, 0x0fff, 0x0fff, 0x0fff, 0x0fff,
    0x0fff, 0x0fff, 0x0fff, 0x0fff, 0x0fff, 0x0fff, 0x0fff, 0x0fff, 0x0fff, 0x0fff, 0x0fff, 0x0fff,
    0x0fff, 0x0fff, 0x0fff, 0x0fff, 0x0fff, 0x0fff, 0x0fff, 0x0fff, 0x0fff, 0x0fff, 0x0fff, 0x0fff,
    0x0fff, 0x0fff, 0x0fff, 0x0fff, 0x0fff, 0x0fff, 0x0fff, 0x0fff, 0x0fff, 0x0fff, 0x0fff, 0x0fff,
    0x0fff, 0x0fff, 0x0fff, 0x0fff, 0x0fff, 0x0fff, 0x0fff, 0x0fff, 0x0fff, 0x0fff, 0x0fff, 0x0fff,
    0x0fff, 0x0fff, 0x0fff, 0x0fff, 0x0fff, 0x0fff, 0x0fff, 0x0fff, 0x0fff, 0x0fff, 0x0fff, 0x0fff,
    0x0fff, 0x0fff, 0x0fff, 0x0fff, 0x0fff, 0x0fff, 0x0fff, 0x0fff, 0x0fff, 0x0fff, 0x0fff, 0x0fff,
    0x0fff, 0x0fff, 0x0fff, 0x0fff, 0x0fff, 0x0fff, 0x0fff, 0x0fff, 0x0fff, 0x0fff, 0x0fff, 0x0fff,
    0x0fff, 0x0fff, 0x0fff, 0x0fff, 0x0fff, 0x0fff, 0x0fff, 0x0fff, 0x0fff, 0x0fff, 0x0fff, 0x0fff,
    0x0fff, 0x0fff, 0x0fff, 0x0fff, 0x0fff, 0x0fff, 0x0fff, 0x0fff, 0x0fff, 0x0fff, 0x0fff, 0x0fff,
    0x0fff, 0x0fff, 0x0fff, 0x0fff, 0x0fff, 0x0fff, 0x0fff, 0x0fff, 0x0fff, 0x0fff, 0x0fff, 0x0fff,
    0x0fff, 0x0fff, 0x0fff, 0x0fff, 0x0fff, 0x0fff, 0x0fff, 0x0fff, 0x0fff, 0x0fff, 0x0fff, 0x0fff,
    0x0fff, 0x0fff, 0x0fff, 0x0fff, 0x0fff, 0x0fff, 0x0fff, 0x0fff, 0x0fff, 0x0fff, 0x0fff, 0x0fff,
    0x0fff, 0x0fff, 0x0fff, 0x0fff, 0x0fff, 0x0fff, 0x0fff, 0x0fff, 0x0fff, 0x0fff, 0x0fff, 0x0fff,
    0x0fff, 0x0fff, 0x0fff, 0x0fff, 0x0fff, 0x0fff, 0x0fff, 0x0fff, 0x0fff, 0x0fff, 0x0fff, 0x0fff,
    0x0fff, 0x0fff, 0x0fff, 0x0fff, 0x0fff, 0x0fff, 0x0fff, 0x0fff, 0x0fff, 0x0fff, 0x0fff, 0x0fff,
    0x0fff, 0x0fff, 0x0fff, 0x0fff, 0x0fff, 0x0fff, 0x0fff, 0x0fff, 0x0fff, 0x0fff, 0x0fff, 0x0fff,
    0x0fff, 0x0fff, 0x0fff, 0x0fff, 0x0fff, 0x0fff, 0x0fff, 0x0fff, 0x0fff, 0x0fff, 0x0fff, 0x0fff,
    0x0fff, 0x0fff, 0x0fff, 0x0fff, 0x0fff, 0x0fff, 0x0fff, 0x0fff, 0x0fff, 0x0fff, 0x0fff, 0x0fff,
    0x0fff, 0x0fff, 0x0fff, 0x0fff, 0x0fff, 0x0fff, 0x0fff, 0x0fff, 0x0fff, 0x0fff, 0x0fff, 0x0fff,
    0x0fff, 0x0fff, 0x0fff, 0x0fff, 0x0fff, 0x0fff, 0x0fff, 0x0fff, 0x0fff, 0x0fff, 0x0fff, 0x0fff,
    0x0fff, 0x0fff, 0x0fff, 0x0fff, 0x0fff, 0x0fff, 0x0fff, 0x0fff, 0x0fff, 0x0fff, 0x0fff, 0x0fff,
    0x0fff, 0x0fff, 0x0fff, 0x0fff, 0x0fff, 0x0fff, 0x0fff, 0x0fff, 0x0fff, 0x0fff, 0x0fff, 0x0fff,
    0x0fff, 0x0fff, 0x0fff, 0x0fff, 0x0fff, 0x0fff, 0x0fff, 0x0fff, 0x0fff, 0x0fff, 0x0fff, 0x0fff,
    0x0fff, 0x0fff, 0x0fff, 0x0fff, 0x0fff, 0x0fff, 0x0fff, 0x0fff, 0x0fff, 0x0fff, 0x0fff, 0x0fff,
    0x0fff, 0x0fff, 0x0fff, 0x0fff, 0x0fff, 0x0fff, 0x0fff, 0x0fff, 0x0fff, 0x0fff, 0x0fff, 0x0fff,
    0x0fff, 0x0fff, 0x0fff, 0x0fff, 0x0fff, 0x0fff, 0x0fff, 0x0fff, 0x0fff, 0x0fff, 0x0fff, 0x0fff,
    0x0fff, 0x0fff, 0x0fff, 0x0fff, 0x0fff, 0x0fff, 0x0fff, 0x0fff, 0x0fff, 0x0fff, 0x0fff, 0x0fff,
    0x0fff, 0x0fff, 0x0fff, 0x0fff, 0x0fff, 0x0fff, 0x0fff, 0x0fff, 0x0fff, 0x0fff, 0x0fff, 0x0fff,
    0x0fff, 0x0fff, 0x0fff, 0x0fff, 0x0fff, 0x0fff, 0x0fff, 0x0fff, 0x0fff, 0x0fff, 0x0fff, 0x0fff,
    0x0fff, 0x0fff, 0x0fff, 0x0fff, 0x0fff, 0x0fff, 0x0fff, 0x0fff, 0x0fff, 0x0fff, 0x0fff, 0x0fff,
    0x0fff, 0x0fff, 0x0fff, 0x0fff, 0x0fff, 0x0fff, 0x0fff, 0x0fff, 0x0fff, 0x0fff, 0x0fff, 0x0fff,
    0x0fff, 0x0fff, 0x0fff, 0x0fff, 0x0fff, 0x0fff, 0x0fff, 0x0fff, 0x0fff, 0x0fff, 0x0fff, 0x0fff,
    0x0fff, 0x0fff, 0x0fff, 0x0fff, 0x0fff, 0x0fff, 0x0fff, 0x0fff, 0x0fff, 0x0fff, 0x0fff, 0x0fff,
    0x0fff, 0x0fff, 0x0fff, 0x0fff, 0x0fff, 0x0fff, 0x0fff, 0x0fff, 0x0fff, 0x0fff, 0x0fff, 0x0fff,
    0x0fff, 0x0fff, 0x0fff, 0x0fff, 0x0fff, 0x0fff, 0x0fff, 0x0fff, 0x0fff, 0x0fff, 0x0fff, 0x0fff,
    0x0fff, 0x0fff, 0x0fff, 0x0fff, 0x0fff, 0x0fff, 0x0fff, 0x0fff, 0x0fff, 0x0fff, 0x0fff, 0x0fff,
    0x0fff, 0x0fff, 0x0fff, 0x0fff, 0x0fff, 0x0fff, 0x0fff, 0x0fff, 0x0fff, 0x0fff, 0x0fff, 0x0fff,
    0x0fff, 0x0fff, 0x0fff, 0x0fff, 0x0fff, 0x0fff, 0x0fff, 0x0fff, 0x0fff, 0x0fff, 0x0fff, 0x0fff,
    0x0fff, 0x0fff, 0x0fff, 0x0fff, 0x0fff, 0x0fff, 0x0fff, 0x0fff, 0x0fff, 0x0fff, 0x0fff, 0x0fff,
    0x0fff, 0x0fff, 0x0fff, 0x0fff, 0x0fff, 0x0fff, 0x0fff, 0x0fff, 0x0fff, 0x0fff, 0x0fff, 0x0fff,
    0x0fff, 0x0fff, 0x0fff, 0x0fff, 0x0fff, 0x0fff, 0x0fff, 0x0fff, 0x5fff, 0x4fff, 0x0fff, 0x0fff,
    0x0fff, 0x0fff, 0x0fff, 0x0fff, 0x1fff, 0x2fff, 0x0fff, 0x0fff, 0x0fff, 0x0fff, 0x0fff, 0x2fff,
    0x2fff, 0x0fff, 0x0fff, 0x0fff, 0x0fff, 0x0fff, 0x0fff, 0x0fff, 0x0fff, 0x0fff, 0x0fff, 0x0fff,
    0x0fff, 0x0fff, 0x0fff, 0x0fff, 0x0fff, 0x0fff, 0x0fff, 0x0fff, 0x0fff, 0x0fff, 0x0fff, 0x0fff,
    0x0fff, 0x0fff, 0x0fff, 0x0fff, 0x0fff, 0x0fff, 0x0fff, 0x0fff, 0x0fff, 0x0fff, 0x0fff, 0x0fff,
    0x0fff, 0x0fff, 0x0fff, 0x0fff, 0x0fff, 0x0fff, 0x0fff, 0x0fff, 0x0fff, 0x0fff, 0x0fff, 0x0fff,
    0x0fff, 0x2fff, 0x0fff, 0x0fff, 0x0fff, 0x0fff, 0x0fff, 0x0fff, 0x0fff, 0x0fff, 0x0fff, 0x0fff,
    0x0fff, 0x0fff, 0x0fff, 0x0fff, 0x0fff, 0x0fff, 0x0fff, 0x0fff, 0x0fff, 0x0fff, 0x0fff, 0x0fff,
    0x0fff, 0x0fff, 0x0fff, 0x0fff, 0x0fff, 0x0fff, 0x0fff, 0x0fff, 0x0fff, 0x0fff, 0x0fff, 0x0fff,
    0x0fff, 0x0fff, 0x0fff, 0x0fff, 0x3fff, 0x6fff, 0x2fff, 0x0fff, 0x0fff, 0x0fff, 0x2fff, 0x6fff,
    0x3fff, 0x0fff, 0x0fff, 0x0fff, 0x0fff, 0x0fff, 0x0fff, 0x0fff, 0x0fff, 0x0fff, 0x0fff, 0x0fff,
    0x0fff, 0x0fff, 0x0fff, 0x0fff, 0x0fff, 0x0fff, 0x0fff, 0x0fff, 0x0fff, 0x0fff, 0x0fff, 0x0fff,
    0x0fff, 0x0fff, 0x0fff, 0x0fff, 0x0fff, 0x0fff, 0x0fff, 0x0fff, 0x0fff, 0x0fff, 0x0fff, 0x0fff,
    0x0fff, 0x0fff, 0x0fff, 0x0fff, 0x0fff, 0x0fff, 0x0fff, 0x0fff, 0x0fff, 0x0fff, 0x0fff, 0x0fff,
    0x0fff, 0x0fff, 0x0fff, 0x0fff, 0x0fff, 0x0fff, 0x0fff, 0x0fff, 0x0fff, 0x0fff, 0x0fff, 0x0fff,
    0x0fff, 0x0fff, 0x0fff, 0x0fff, 0x0fff, 0x0fff, 0x0fff, 0x0fff, 0x0fff, 0x0fff, 0x0fff, 0x0fff,
    0x0fff, 0x0fff, 0x0fff, 0x0fff, 0x0fff, 0x0fff, 0x0fff, 0x0fff, 0x0fff, 0x0fff, 0x0fff, 0x0fff,
    0x0fff, 0x0fff, 0x0fff, 0x0fff, 0x0fff, 0x0fff, 0x0fff, 0x0fff, 0x0fff, 0x0fff, 0x0fff, 0x0fff,
    0x0fff, 0x0fff, 0x0fff, 0x0fff, 0x0fff, 0x0fff, 0x0fff, 0x0fff, 0x0fff, 0x0fff, 0x0fff, 0x0fff,
    0x0fff, 0x0fff, 0x0fff, 0x0fff, 0x0fff, 0x0fff, 0x0fff, 0x0fff, 0x0fff, 0x0fff, 0x0fff, 0x0fff,
    0x0fff, 0x0fff, 0x0fff, 0x0fff, 0x0fff, 0x0fff, 0x0fff, 0x0fff, 0x0fff, 0x0fff, 0x0fff, 0x0fff,
    0x0fff, 0x0fff, 0x0fff, 0x0fff, 0x0fff, 0x0fff, 0x0fff, 0x0fff, 0x0fff, 0x0fff, 0x0fff, 0x1fff,
    0xffff, 0xbfff, 0x0fff, 0x0fff, 0x0fff, 0x0fff, 0x0fff, 0x3fff, 0xffff, 0xcfff, 0x0fff, 0x0fff,
    0x0fff, 0x0fff, 0x0fff, 0xafff, 0xffff, 0x7fff, 0x0fff, 0x0fff, 0x0fff, 0x0fff, 0x0fff, 0x0fff,
    0x0fff, 0x0fff, 0x0fff, 0x0fff, 0x0fff, 0x0fff, 0x0fff, 0x5fff, 0x7fff, 0x7fff, 0x7fff, 0x7fff,
    0x7fff, 0x7fff, 0x7fff, 0x7fff, 0x7fff, 0x7fff, 0x7fff, 0x7fff, 0x7fff, 0x7fff, 0x7fff, 0x7fff,
    0x5fff, 0x0fff, 0x0fff, 0x0fff, 0x0fff, 0x0fff, 0x0fff, 0x0fff, 0x0fff, 0x0fff, 0x0fff, 0x0fff,
    0x0fff, 0x0fff, 0x0fff, 0x0fff, 0x2fff, 0xffff, 0xbfff, 0x0fff, 0x0fff, 0x0fff, 0x0fff, 0x0fff,
    0x0fff, 0x0fff, 0x0fff, 0x0fff, 0x0fff, 0x0fff, 0x0fff, 0x0fff, 0x0fff, 0x0fff, 0x0fff, 0x0fff,
    0x0fff, 0x0fff, 0x0fff, 0x0fff, 0x0fff, 0x0fff, 0x0fff, 0x0fff, 0x0fff, 0x6fff, 0x8fff, 0x8fff,
    0x8fff, 0x8fff, 0x8fff, 0x8fff, 0x0fff, 0x0fff, 0x0fff, 0x0fff, 0x8fff, 0xffff, 0x4fff, 0x0fff,
    0x0fff, 0x0fff, 0x4fff, 0xffff, 0x8fff, 0x0fff, 0x0fff, 0x0fff, 0x0fff, 0x0fff, 0x0fff, 0x0fff,
    0x0fff, 0x0fff, 0x0fff, 0x0fff, 0x0fff, 0x0fff, 0x0fff, 0x0fff, 0x0fff, 0x0fff, 0x0fff, 0x0fff,
    0x0fff, 0x0fff, 0x0fff, 0x0fff, 0x0fff, 0x0fff, 0x0fff, 0x0fff, 0x0fff, 0x0fff, 0x0fff, 0x0fff,
    0x0fff, 0x0fff, 0x0fff, 0x0fff, 0x0fff, 0x0fff, 0x0fff, 0x0fff, 0x0fff, 0x0fff, 0x0fff, 0x0fff,
    0x0fff, 0x0fff, 0x0fff, 0x0fff, 0x0fff, 0x0fff, 0x0fff, 0x0fff, 0x0fff, 0x0fff, 0x0fff, 0x0fff,
    0x0fff, 0x0fff, 0x0fff, 0x0fff, 0x0fff, 0x0fff, 0x0fff, 0x0fff, 0x0fff, 0x0fff, 0x0fff, 0x0fff,
    0x0fff, 0x0fff, 0x0fff, 0x0fff, 0x0fff, 0x0fff, 0x0fff, 0x0fff, 0x0fff, 0x0fff, 0x0fff, 0x0fff,
    0x0fff, 0x0fff, 0x0fff, 0x0fff, 0x0fff, 0x0fff, 0x0fff, 0x0fff, 0x0fff, 0x0fff, 0x0fff, 0x0fff,
    0x0fff, 0x0fff, 0x0fff, 0x0fff, 0x0fff, 0x0fff, 0x0fff, 0x0fff, 0x0fff, 0x0fff, 0x0fff, 0x0fff,
    0x0fff, 0x0fff, 0x0fff, 0x0fff, 0x0fff, 0x0fff, 0x0fff, 0x0fff, 0x0fff, 0x0fff, 0x0fff, 0x0fff,
    0x0fff, 0x0fff, 0x0fff, 0x0fff, 0x0fff, 0x0fff, 0x0fff, 0x0fff, 0x0fff, 0x0fff, 0x0fff, 0x0fff,
    0x0fff, 0x0fff, 0x0fff, 0x0fff, 0x0fff, 0x0fff, 0x0fff, 0x0fff, 0x0fff, 0x0fff, 0x0fff, 0x0fff,
    0x4fff, 0x8fff, 0x0fff, 0x1fff, 0xffff, 0xbfff, 0x0fff, 0x4fff, 0xbfff, 0x3fff, 0x0fff, 0x0fff,
    0xcfff, 0xffff, 0x4fff, 0x0fff, 0x0fff, 0x0fff, 0x0fff, 0xefff, 0xffff, 0x2fff, 0x0fff, 0x0fff,
    0x0fff, 0x0fff, 0x0fff, 0x0fff, 0x0fff, 0x0fff, 0x0fff, 0x0fff, 0x0fff, 0x0fff, 0x0fff, 0xbfff,
    0xffff, 0xffff, 0xffff, 0xffff, 0xffff, 0xffff, 0xffff, 0xffff, 0xffff, 0xffff, 0xffff, 0xffff,
    0xffff, 0xffff, 0xffff, 0xffff, 0xafff, 0x0fff, 0x0fff, 0x0fff, 0x0fff, 0x0fff, 0x0fff, 0x0fff,
    0x0fff, 0x0fff, 0x0fff, 0x0fff, 0x0fff, 0x0fff, 0x0fff, 0x0fff, 0x7fff, 0xffff, 0x7fff, 0x1fff,
    0xbfff, 0xbfff, 0xbfff, 0xbfff, 0xbfff, 0xbfff, 0xbfff, 0xbfff, 0xbfff, 0xbfff, 0xbfff, 0xbfff,
    0xbfff, 0xbfff, 0xbfff, 0x1fff, 0x0fff, 0x0fff, 0x0fff, 0x0fff, 0x0fff, 0x0fff, 0x0fff, 0x0fff,
    0x0fff, 0xbfff, 0xffff, 0xffff, 0xffff, 0xffff, 0xffff, 0xffff, 0x1fff, 0x0fff, 0x0fff, 0x0fff,
    0x8fff, 0xffff, 0x4fff, 0x0fff, 0x0fff, 0x0fff, 0x4fff, 0xffff, 0x8fff, 0x0fff, 0x0fff, 0x0fff,
    0x0fff, 0x0fff, 0x0fff, 0x0fff, 0x0fff, 0x0fff, 0x0fff, 0x0fff, 0x0fff, 0x0fff, 0x0fff, 0x0fff,
    0x3fff, 0xffff, 0xffff, 0xffff, 0xffff, 0xffff, 0xffff, 0xffff, 0xffff, 0xffff, 0xffff, 0xffff,
    0xffff, 0xffff, 0xffff, 0x3fff, 0x0fff, 0x0fff, 0x0fff, 0x0fff, 0x0fff, 0x0fff, 0x0fff, 0x0fff,
    0x0fff, 0x0fff, 0x0fff, 0x0fff, 0x0fff, 0x0fff, 0x0fff, 0x0fff, 0x0fff, 0x0fff, 0x0fff, 0x0fff,
    0x0fff, 0x0fff, 0x0fff, 0x0fff, 0x0fff, 0x0fff, 0x0fff, 0x0fff, 0x0fff, 0x0fff, 0x0fff, 0x0fff,
    0x0fff, 0x0fff, 0x0fff, 0x0fff, 0x0fff, 0x0fff, 0x0fff, 0x0fff, 0x0fff, 0x0fff, 0x0fff, 0x0fff,
    0x0fff, 0x0fff, 0x0fff, 0x0fff, 0x0fff, 0x0fff, 0x0fff, 0x0fff, 0x0fff, 0x0fff, 0x0fff, 0x0fff,
    0x0fff, 0x0fff, 0x0fff, 0x0fff, 0x0fff, 0x0fff, 0x0fff, 0x0fff, 0x0fff, 0x0fff, 0x0fff, 0x0fff,
    0x0fff, 0x0fff, 0x0fff, 0x0fff, 0x0fff, 0x0fff, 0x0fff, 0x0fff, 0x0fff, 0x0fff, 0x0fff, 0x0fff,
    0x0fff, 0x0fff, 0x0fff, 0x0fff, 0x0fff, 0x0fff, 0x0fff, 0x0fff, 0x0fff, 0x0fff, 0x0fff, 0x0fff,
    0x0fff, 0x0fff, 0x0fff, 0x0fff, 0x0fff, 0x0fff, 0x0fff, 0x0fff, 0x0fff, 0x0fff, 0x0fff, 0x0fff,
    0x0fff, 0x0fff, 0x0fff, 0x0fff, 0x6fff, 0xffff, 0x1fff, 0x1fff, 0xffff, 0xbfff, 0x0fff, 0x8fff,
    0xffff, 0x2fff, 0x0fff, 0x0fff, 0x6fff, 0xffff, 0xafff, 0x0fff, 0x0fff, 0x0fff, 0x5fff, 0xffff,
    0xafff, 0x0fff, 0x0fff, 0x0fff, 0x0fff, 0x0fff, 0x0fff, 0x0fff, 0x0fff, 0x0fff, 0x0fff, 0x0fff,
    0x0fff, 0x0fff, 0x0fff, 0xbfff, 0xffff, 0x2fff, 0x0fff, 0x0fff, 0x0fff, 0x0fff, 0x0fff, 0x0fff,
    0x0fff, 0x0fff, 0x0fff, 0x0fff, 0x0fff, 0x0fff, 0x5fff, 0xffff, 0xafff, 0x0fff, 0x0fff, 0x0fff,
    0x0fff, 0x0fff, 0x0fff, 0x0fff, 0x0fff, 0x0fff, 0x0fff, 0x0fff, 0x0fff, 0x0fff, 0x0fff, 0x0fff,
    0xdfff, 0xffff, 0x2fff, 0x2fff, 0xffff, 0xffff, 0xffff, 0xffff, 0xffff, 0xffff, 0xffff, 0xffff,
    0xffff, 0xffff, 0xffff, 0xffff, 0xffff, 0xffff, 0xffff, 0x1fff, 0x0fff, 0x0fff, 0x0fff, 0x0fff,
    0x0fff, 0x0fff, 0x0fff, 0x0fff, 0x0fff, 0x0fff, 0x0fff, 0x0fff, 0x0fff, 0x0fff, 0x0fff, 0x0fff,
    0x0fff, 0xffff, 0xffff, 0xffff, 0xffff, 0xffff, 0xffff, 0xffff, 0xffff, 0xffff, 0xffff, 0xffff,
    0xffff, 0xffff, 0xffff, 0xbfff, 0x0fff, 0x0fff, 0x0fff, 0x0fff, 0x0fff, 0x0fff, 0x0fff, 0x0fff,
    0x0fff, 0x0fff, 0x0fff, 0x0fff, 0x2fff, 0x9fff, 0x9fff, 0x9fff, 0x9fff, 0x9fff, 0x9fff, 0x9fff,
    0x9fff, 0x9fff, 0x9fff, 0x9fff, 0x9fff, 0x9fff, 0x9fff, 0x2fff, 0x0fff, 0x0fff, 0x0fff, 0x0fff,
    0x0fff, 0x0fff, 0x0fff, 0x0fff, 0x0fff, 0x0fff, 0x0fff, 0x0fff, 0x0fff, 0x0fff, 0x0fff, 0x0fff,
    0x0fff, 0x0fff, 0x0fff, 0x0fff, 0x0fff, 0x0fff, 0x0fff, 0x0fff, 0x0fff, 0x0fff, 0x0fff, 0x0fff,
    0x0fff, 0x0fff, 0x0fff, 0x0fff, 0x0fff, 0x0fff, 0x0fff, 0x0fff, 0x0fff, 0x0fff, 0x0fff, 0x0fff,
    0x0fff, 0x0fff, 0x0fff, 0x0fff, 0x0fff, 0x0fff, 0x0fff, 0x0fff, 0x0fff, 0x0fff, 0xcfff, 0xffff,
    0x5fff, 0x0fff, 0x0fff, 0x0fff, 0x0fff, 0x0fff, 0x0fff, 0x0fff, 0x0fff, 0x0fff, 0x0fff, 0x0fff,
    0x0fff, 0x0fff, 0x0fff, 0x0fff, 0x0fff, 0x0fff, 0x0fff, 0x0fff, 0x0fff, 0x0fff, 0x0fff, 0x0fff,
    0x0fff, 0x0fff, 0x0fff, 0x0fff, 0x0fff, 0x0fff, 0x0fff, 0x0fff, 0x0fff, 0x0fff, 0x0fff, 0x0fff,
    0x0fff, 0x0fff, 0x0fff, 0x0fff, 0x0fff, 0x0fff, 0x0fff, 0x0fff, 0x0fff, 0x0fff, 0x0fff, 0x0fff,
    0x0fff, 0x0fff, 0x0fff, 0x0fff, 0x0fff, 0x0fff, 0x0fff, 0x0fff, 0x1fff, 0xffff, 0x6fff, 0x1fff,
    0xffff, 0xbfff, 0x0fff, 0xbfff, 0xdfff, 0x0fff, 0x0fff, 0x0fff, 0x1fff, 0xefff, 0xbfff, 0x0fff,
    0x0fff, 0x0fff, 0xbfff, 0xffff, 0x3fff, 0x0fff, 0x0fff, 0x0fff, 0x0fff, 0x0fff, 0x0fff, 0x0fff,
    0x0fff, 0x0fff, 0x0fff, 0x0fff, 0x0fff, 0x0fff, 0x0fff, 0xbfff, 0xffff, 0x2fff, 0x0fff, 0x0fff,
    0x0fff, 0x0fff, 0x0fff, 0x0fff, 0x0fff, 0x0fff, 0x0fff, 0x0fff, 0x0fff, 0x0fff, 0x5fff, 0xffff,
    0xafff, 0x0fff, 0x0fff, 0x0fff, 0x0fff, 0x0fff, 0x0fff, 0x0fff, 0x0fff, 0x0fff, 0x0fff, 0x0fff,
    0x0fff, 0x0fff, 0x0fff, 0x4fff, 0xffff, 0xafff, 0x0fff, 0x2fff, 0xffff, 0xafff, 0x0fff, 0x0fff,
    0x0fff, 0x0fff, 0x0fff, 0x0fff, 0x0fff, 0x0fff, 0x0fff, 0x0fff, 0x0fff, 0xcfff, 0xffff, 0x1fff,
    0x0fff, 0x0fff, 0x0fff, 0x0fff, 0x0fff, 0x0fff, 0x0fff, 0x0fff, 0x0fff, 0x0fff, 0x0fff, 0x0fff,
    0x0fff, 0x0fff, 0x0fff, 0x0fff, 0x0fff, 0xafff, 0xafff, 0xafff, 0xdfff, 0xffff, 0xbfff, 0xafff,
    0xafff, 0xafff, 0xbfff, 0xffff, 0xdfff, 0xafff, 0xafff, 0x8fff, 0x0fff, 0x0fff, 0x0fff, 0x0fff,
    0x0fff, 0x0fff, 0x0fff, 0x0fff, 0x0fff, 0x0fff, 0x0fff, 0x0fff, 0x0fff, 0x0fff, 0x0fff, 0x0fff,
    0x0fff, 0x0fff, 0x0fff, 0x0fff, 0x0fff, 0x0fff, 0x0fff, 0x0fff, 0x0fff, 0x0fff, 0x0fff, 0x0fff,
    0x0fff, 0x0fff, 0x0fff, 0x0fff, 0x0fff, 0x0fff, 0x0fff, 0x0fff, 0x0fff, 0x0fff, 0x0fff, 0x0fff,
    0x0fff, 0x0fff, 0x0fff, 0x0fff, 0x0fff, 0xcfff, 0xffff, 0xffff, 0xffff, 0xffff, 0xffff, 0xffff,
    0xffff, 0xffff, 0xffff, 0xffff, 0xffff, 0xffff, 0xffff, 0x2fff, 0x0fff, 0x0fff, 0x0fff, 0x0fff,
    0x0fff, 0x0fff, 0x0fff, 0x0fff, 0x0fff, 0x0fff, 0x0fff, 0x0fff, 0x0fff, 0x0fff, 0x0fff, 0x0fff,
    0x0fff, 0x0fff, 0xcfff, 0xffff, 0x5fff, 0x0fff, 0x0fff, 0x0fff, 0x0fff, 0x0fff, 0x0fff, 0x0fff,
    0x0fff, 0x0fff, 0x0fff, 0x0fff, 0x0fff, 0x0fff, 0x0fff, 0x0fff, 0x0fff, 0x0fff, 0x0fff, 0x0fff,
    0x0fff, 0x0fff, 0x0fff, 0x0fff, 0x0fff, 0x0fff, 0x0fff, 0x0fff, 0x0fff, 0x0fff, 0x0fff, 0x0fff,
    0x0fff, 0x0fff, 0x0fff, 0x0fff, 0x0fff, 0x0fff, 0x0fff, 0x0fff, 0x0fff, 0x0fff, 0x0fff, 0x0fff,
    0x0fff, 0x0fff, 0x0fff, 0x0fff, 0x0fff, 0x0fff, 0x0fff, 0x0fff, 0x0fff, 0x0fff, 0x0fff, 0x0fff,
    0x0fff, 0xcfff, 0xafff, 0x1fff, 0xffff, 0xbfff, 0x1fff, 0xffff, 0x8fff, 0x3fff, 0xffff, 0xffff,
    0xffff, 0xffff, 0xffff, 0xffff, 0xffff, 0xffff, 0xffff, 0xffff, 0xffff, 0xffff, 0xffff, 0x7fff,
    0x0fff, 0x0fff, 0x0fff, 0x0fff, 0x0fff, 0x0fff, 0x0fff, 0x0fff, 0x0fff, 0x0fff, 0x0fff, 0xbfff,
    0xffff, 0x7fff, 0x6fff, 0x6fff, 0x6fff, 0x6fff, 0x6fff, 0x6fff, 0x6fff, 0x6fff, 0x6fff, 0x6fff,
    0x6fff, 0x6fff, 0x9fff, 0xffff, 0xafff, 0x0fff, 0x0fff, 0x0fff, 0x0fff, 0x0fff, 0x0fff, 0x0fff,
    0x0fff, 0x0fff, 0x0fff, 0x0fff, 0x0fff, 0x0fff, 0x0fff, 0xbfff, 0xffff, 0x4fff, 0x0fff, 0x2fff,
    0xffff, 0xafff, 0x0fff, 0x0fff, 0x0fff, 0x0fff, 0x4fff, 0xffff, 0x4fff, 0x0fff, 0x0fff, 0x0fff,
    0x0fff, 0xcfff, 0xffff, 0x1fff, 0x0fff, 0x0fff, 0x0fff, 0x0fff, 0x0fff, 0x0fff, 0x0fff, 0x0fff,
    0xffff, 0xffff, 0xffff, 0xffff, 0xffff, 0xffff, 0xffff, 0xffff, 0xefff, 0x0fff, 0x0fff, 0x0fff,
    0x8fff, 0xffff, 0x4fff, 0x0fff, 0x0fff, 0x0fff, 0x4fff, 0xffff, 0x8fff, 0x0fff, 0x0fff, 0x0fff,
    0x0fff, 0x0fff, 0x0fff, 0x0fff, 0x0fff, 0x0fff, 0x0fff, 0x0fff, 0x0fff, 0x0fff, 0x0fff, 0x0fff,
    0x0fff, 0x0fff, 0x0fff, 0x0fff, 0x0fff, 0x0fff, 0x0fff, 0x0fff, 0x0fff, 0x0fff, 0x0fff, 0x0fff,
    0x0fff, 0x0fff, 0x0fff, 0x0fff, 0x0fff, 0x0fff, 0x0fff, 0x0fff, 0x0fff, 0x0fff, 0x0fff, 0x0fff,
    0x0fff, 0x0fff, 0x0fff, 0x0fff, 0x0fff, 0x0fff, 0x0fff, 0x0fff, 0x0fff, 0xafff, 0xdfff, 0xdfff,
    0xdfff, 0xdfff, 0xdfff, 0xffff, 0xffff, 0xefff, 0xdfff, 0xdfff, 0xdfff, 0xdfff, 0xdfff, 0x2fff,
    0x0fff, 0x0fff, 0x0fff, 0x0fff, 0x0fff, 0x0fff, 0x0fff, 0x0fff, 0x0fff, 0x0fff, 0x0fff, 0x0fff,
    0x0fff, 0x0fff, 0x0fff, 0x0fff, 0x0fff, 0x0fff, 0xcfff, 0xffff, 0x5fff, 0x0fff, 0x0fff, 0x0fff,
    0x0fff, 0x0fff, 0x0fff, 0x0fff, 0x0fff, 0x0fff, 0x0fff, 0x0fff, 0x0fff, 0x0fff, 0x0fff, 0x0fff,
    0x0fff, 0x0fff, 0x0fff, 0x0fff, 0x0fff, 0x0fff, 0x0fff, 0x0fff, 0x0fff, 0x0fff, 0x0fff, 0x0fff,
    0x0fff, 0x0fff, 0x0fff, 0x0fff, 0x0fff, 0x0fff, 0x0fff, 0x0fff, 0x0fff, 0x0fff, 0x0fff, 0x0fff,
    0x0fff, 0x0fff, 0x0fff, 0x0fff, 0x0fff, 0x0fff, 0x0fff, 0x0fff, 0x0fff, 0x0fff, 0x0fff, 0x0fff,
    0x0fff, 0x0fff, 0x0fff, 0x0fff, 0x0fff, 0x9fff, 0xdfff, 0x1fff, 0xffff, 0xbfff, 0x5fff, 0xffff,
    0x2fff, 0x2fff, 0xcfff, 0xcfff, 0xcfff, 0xcfff, 0xcfff, 0xefff, 0xffff, 0xefff, 0xcfff, 0xcfff,
    0xcfff, 0xcfff, 0xcfff, 0x6fff, 0x0fff, 0x0fff, 0x0fff, 0x0fff, 0x0fff, 0x0fff, 0x0fff, 0x0fff,
    0x0fff, 0x0fff, 0x0fff, 0xbfff, 0xffff, 0xffff, 0xffff, 0xffff, 0xffff, 0xffff, 0xffff, 0xffff,
    0xffff, 0xffff, 0xffff, 0xffff, 0xffff, 0xffff, 0xffff, 0xffff, 0xafff, 0x0fff, 0x0fff, 0x0fff,
    0x0fff, 0x0fff, 0x0fff, 0x0fff, 0x0fff, 0x0fff, 0x0fff, 0x0fff, 0x0fff, 0x0fff, 0x3fff, 0xffff,
    0xefff, 0x0fff, 0x0fff, 0x2fff, 0xffff, 0xafff, 0x0fff, 0x0fff, 0x0fff, 0x0fff, 0x4fff, 0xffff,
    0x4fff, 0x0fff, 0x0fff, 0x0fff, 0x0fff, 0xcfff, 0xffff, 0x1fff, 0x0fff, 0x0fff, 0x0fff, 0x0fff,
    0x0fff, 0x0fff, 0x0fff, 0x0fff, 0xafff, 0xafff, 0xafff, 0xafff, 0xafff, 0xafff, 0xafff, 0xafff,
    0x9fff, 0x0fff, 0x0fff, 0x0fff, 0x8fff, 0xffff, 0x4fff, 0x7fff, 0xffff, 0x6fff, 0x4fff, 0xffff,
    0x8fff, 0x0fff, 0x0fff, 0x0fff, 0x0fff, 0x0fff, 0x0fff, 0x0fff, 0x0fff, 0x0fff, 0x0fff, 0x0fff,
    0x9fff, 0xffff, 0xffff, 0xffff, 0xffff, 0xffff, 0xffff, 0xffff, 0xffff, 0xffff, 0xffff, 0xffff,
    0xffff, 0xffff, 0xffff, 0xffff, 0xffff, 0xffff, 0xffff, 0xffff, 0xffff, 0xffff, 0xffff, 0xbfff,
    0x0fff, 0x0fff, 0x0fff, 0x0fff, 0x0fff, 0x0fff, 0x0fff, 0x0fff, 0x0fff, 0x0fff, 0x0fff, 0x0fff,
    0x0fff, 0x0fff, 0x0fff, 0x0fff, 0x0fff, 0x0fff, 0x0fff, 0xdfff, 0xffff, 0x4fff, 0x0fff, 0x0fff,
    0x0fff, 0x0fff, 0x0fff, 0x0fff, 0x0fff, 0x0fff, 0x0fff, 0x0fff, 0x0fff, 0x0fff, 0x0fff, 0x0fff,
    0x0fff, 0x0fff, 0x0fff, 0x0fff, 0x0fff, 0x0fff, 0x0fff, 0x0fff, 0x0fff, 0x0fff, 0xcfff, 0xffff,
    0x5fff, 0x0fff, 0x0fff, 0x0fff, 0x0fff, 0x0fff, 0x0fff, 0x0fff, 0x0fff, 0x0fff, 0x0fff, 0x0fff,
    0x0fff, 0x0fff, 0x0fff, 0x0fff, 0x0fff, 0x0fff, 0x0fff, 0x0fff, 0x0fff, 0x0fff, 0x0fff, 0x0fff,
    0x0fff, 0x0fff, 0x0fff, 0x0fff, 0x0fff, 0x0fff, 0x0fff, 0x0fff, 0x0fff, 0x0fff, 0x0fff, 0x0fff,
    0x0fff, 0x0fff, 0x0fff, 0x0fff, 0x0fff, 0x0fff, 0x0fff, 0x0fff, 0x0fff, 0x0fff, 0x0fff, 0x0fff,
    0x0fff, 0x0fff, 0x0fff, 0x0fff, 0x0fff, 0x0fff, 0x0fff, 0x0fff, 0x0fff, 0x6fff, 0xffff, 0x3fff,
    0xffff, 0xbfff, 0xafff, 0xcfff, 0x0fff, 0x0fff, 0x0fff, 0x0fff, 0x0fff, 0x0fff, 0x0fff, 0x9fff,
    0xffff, 0x6fff, 0x0fff, 0x0fff, 0x0fff, 0x0fff, 0x0fff, 0x0fff, 0x0fff, 0x0fff, 0x0fff, 0x0fff,
    0x0fff, 0x0fff, 0x0fff, 0x0fff, 0x0fff, 0x0fff, 0x0fff, 0xbfff, 0xffff, 0x2fff, 0x0fff, 0x0fff,
    0x0fff, 0x0fff, 0x0fff, 0x0fff, 0x0fff, 0x0fff, 0x0fff, 0x0fff, 0x0fff, 0x0fff, 0x5fff, 0xffff,
    0xafff, 0x0fff, 0x0fff, 0x0fff, 0x0fff, 0x0fff, 0x0fff, 0x0fff, 0x0fff, 0x0fff, 0x0fff, 0x0fff,
    0x0fff, 0x0fff, 0xcfff, 0xffff, 0xdfff, 0x0fff, 0x0fff, 0x2fff, 0xffff, 0xafff, 0x0fff, 0x0fff,
    0x0fff, 0x0fff, 0x4fff, 0xffff, 0x4fff, 0x0fff, 0x0fff, 0x0fff, 0x0fff, 0xcfff, 0xffff, 0x1fff,
    0x0fff, 0x0fff, 0x0fff, 0x0fff, 0x0fff, 0x0fff, 0x0fff, 0x0fff, 0x0fff, 0x0fff, 0x0fff, 0x0fff,
    0x0fff, 0x0fff, 0x0fff, 0x0fff, 0x0fff, 0x0fff, 0x0fff, 0x0fff, 0x0fff, 0x0fff, 0x0fff, 0x7fff,
    0xffff, 0x6fff, 0x0fff, 0x0fff, 0x0fff, 0x0fff, 0x0fff, 0x0fff, 0x0fff, 0x0fff, 0x0fff, 0x0fff,
    0x0fff, 0x0fff, 0x0fff, 0x0fff, 0x6fff, 0xbfff, 0xbfff, 0xbfff, 0xbfff, 0xbfff, 0xbfff, 0xbfff,
    0xbfff, 0xbfff, 0xbfff, 0xbfff, 0xbfff, 0xbfff, 0xbfff, 0xbfff, 0xbfff, 0xbfff, 0xbfff, 0xbfff,
    0xbfff, 0xbfff, 0xbfff, 0x8fff, 0x0fff, 0x0fff, 0x0fff, 0x0fff, 0x0fff, 0x0fff, 0x0fff, 0x0fff,
    0x0fff, 0x0fff, 0x0fff, 0x0fff, 0x0fff, 0x0fff, 0x0fff, 0x0fff, 0x0fff, 0x0fff, 0x0fff, 0xdfff,
    0xffff, 0x4fff, 0x0fff, 0x0fff, 0x0fff, 0x0fff, 0x0fff, 0x0fff, 0x0fff, 0x0fff, 0x0fff, 0x0fff,
    0x0fff, 0x0fff, 0x0fff, 0x0fff, 0x0fff, 0x0fff, 0x0fff, 0x0fff, 0x0fff, 0x0fff, 0x0fff, 0x0fff,
    0x0fff, 0x0fff, 0xcfff, 0xffff, 0x5fff, 0x0fff, 0x0fff, 0x0fff, 0x0fff, 0x0fff, 0x0fff, 0x0fff,
    0x0fff, 0x0fff, 0x0fff, 0x0fff, 0x0fff, 0x0fff, 0x0fff, 0x0fff, 0x0fff, 0x0fff, 0x0fff, 0x0fff,
    0x0fff, 0x0fff, 0x0fff, 0x0fff, 0x0fff, 0x0fff, 0x0fff, 0x0fff, 0x0fff, 0x0fff, 0x0fff, 0x0fff,
    0x0fff, 0x0fff, 0x0fff, 0x0fff, 0x0fff, 0x0fff, 0x0fff, 0x0fff, 0x0fff, 0x0fff, 0x0fff, 0x0fff,
    0x0fff, 0x0fff, 0x0fff, 0x0fff, 0x0fff, 0x0fff, 0x0fff, 0x0fff, 0x0fff, 0x0fff, 0x0fff, 0x0fff,
    0x0fff, 0x2fff, 0x4fff, 0x2fff, 0xffff, 0xbfff, 0x4fff, 0x3fff, 0x0fff, 0x0fff, 0x0fff, 0x0fff,
    0x0fff, 0x0fff, 0x0fff, 0x9fff, 0xffff, 0x6fff, 0x0fff, 0x0fff, 0x0fff, 0x0fff, 0x0fff, 0x0fff,
    0x0fff, 0x0fff, 0x0fff, 0x0fff, 0x0fff, 0x0fff, 0x0fff, 0x0fff, 0x0fff, 0x0fff, 0x0fff, 0xbfff,
    0xffff, 0x2fff, 0x0fff, 0x0fff, 0x0fff, 0x0fff, 0x0fff, 0x0fff, 0x0fff, 0x0fff, 0x0fff, 0x0fff,
    0x0fff, 0x0fff, 0x5fff, 0xffff, 0xafff, 0x0fff, 0x0fff, 0x0fff, 0x0fff, 0x0fff, 0x0fff, 0x0fff,
    0x0fff, 0x0fff, 0x0fff, 0x0fff, 0x0fff, 0x6fff, 0xffff, 0xffff, 0xdfff, 0x0fff, 0x0fff, 0x2fff,
    0xffff, 0xafff, 0x3fff, 0xffff, 0xffff, 0xffff, 0xffff, 0xffff, 0xffff, 0xffff, 0xffff, 0xffff,
    0x5fff, 0xcfff, 0xffff, 0x1fff, 0x0fff, 0x0fff, 0x0fff, 0x0fff, 0x0fff, 0x0fff, 0x0fff, 0x0fff,
    0x0fff, 0x0fff, 0x0fff, 0x0fff, 0x0fff, 0x0fff, 0x0fff, 0x0fff, 0x0fff, 0x1fff, 0xffff, 0xffff,
    0xffff, 0xffff, 0xffff, 0xffff, 0xffff, 0xffff, 0xffff, 0xffff, 0xffff, 0xffff, 0xffff, 0x8fff,
    0x0fff, 0x0fff, 0x0fff, 0x0fff, 0x0fff, 0x0fff, 0x0fff, 0x0fff, 0x0fff, 0x0fff, 0x0fff, 0x0fff,
    0x0fff, 0x0fff, 0x0fff, 0x0fff, 0x0fff, 0x0fff, 0x0fff, 0x0fff, 0x0fff, 0x0fff, 0x0fff, 0x0fff,
    0x0fff, 0x0fff, 0x0fff, 0x0fff, 0x0fff, 0x0fff, 0x0fff, 0x0fff, 0x0fff, 0x0fff, 0x0fff, 0x0fff,
    0x0fff, 0x0fff, 0x0fff, 0x0fff, 0x0fff, 0x0fff, 0x0fff, 0x0fff, 0x0fff, 0x0fff, 0x0fff, 0x0fff,
    0x0fff, 0x0fff, 0x0fff, 0xdfff, 0xffff, 0x4fff, 0x0fff, 0x0fff, 0x0fff, 0x0fff, 0x0fff, 0x0fff,
    0x0fff, 0x0fff, 0x0fff, 0x0fff, 0x0fff, 0x0fff, 0x0fff, 0x0fff, 0x0fff, 0x0fff, 0x0fff, 0x0fff,
    0x0fff, 0x0fff, 0x0fff, 0x0fff, 0x0fff, 0x0fff, 0xcfff, 0xffff, 0x5fff, 0x1fff, 0x8fff, 0xdfff,
    0xffff, 0xefff, 0xcfff, 0x7fff, 0x0fff, 0x0fff, 0x0fff, 0x0fff, 0x0fff, 0x0fff, 0x0fff, 0x0fff,
    0x0fff, 0x0fff, 0x0fff, 0x0fff, 0x0fff, 0x0fff, 0x0fff, 0x0fff, 0x0fff, 0x0fff, 0x0fff, 0x0fff,
    0x0fff, 0x0fff, 0x0fff, 0x0fff, 0x3fff, 0xafff, 0xdfff, 0xffff, 0xefff, 0xbfff, 0x4fff, 0x0fff,
    0x0fff, 0x0fff, 0x0fff, 0x0fff, 0x0fff, 0x0fff, 0x0fff, 0x0fff, 0x0fff, 0x0fff, 0x0fff, 0x0fff,
    0x0fff, 0x0fff, 0x0fff, 0x0fff, 0x0fff, 0x0fff, 0x0fff, 0x1fff, 0xffff, 0xbfff, 0x0fff, 0x0fff,
    0x0fff, 0x0fff, 0x0fff, 0x0fff, 0x0fff, 0x0fff, 0x0fff, 0x9fff, 0xffff, 0x6fff, 0x0fff, 0x0fff,
    0x0fff, 0x0fff, 0x0fff, 0x0fff, 0x0fff, 0x0fff, 0x0fff, 0x0fff, 0x0fff, 0x0fff, 0x0fff, 0x0fff,
    0x0fff, 0x0fff, 0x0fff, 0xbfff, 0xffff, 0xffff, 0xffff, 0xffff, 0xffff, 0xffff, 0xffff, 0xffff,
    0xffff, 0xffff, 0xffff, 0xffff, 0xffff, 0xffff, 0xffff, 0xffff, 0xafff, 0x0fff, 0x0fff, 0x0fff,
    0x0fff, 0x0fff, 0x0fff, 0x0fff, 0x0fff, 0x0fff, 0x0fff, 0x0fff, 0x1fff, 0xefff, 0xffff, 0xffff,
    0xdfff, 0x0fff, 0x0fff, 0x2fff, 0xffff, 0xafff, 0x2fff, 0x8fff, 0x8fff, 0x8fff, 0xafff, 0xffff,
    0xafff, 0x8fff, 0x8fff, 0x8fff, 0x3fff, 0xcfff, 0xffff, 0x1fff, 0x0fff, 0x0fff, 0x0fff, 0x0fff,
    0x0fff, 0x0fff, 0x0fff, 0x0fff, 0x0fff, 0xefff, 0xffff, 0xffff, 0xffff, 0xffff, 0xffff, 0xffff,
    0x2fff, 0x1fff, 0xffff, 0xefff, 0x9fff, 0x9fff, 0x9fff, 0x9fff, 0x9fff, 0x9fff, 0x9fff, 0x9fff,
    0x9fff, 0x9fff, 0x9fff, 0x5fff, 0x0fff, 0x0fff, 0x0fff, 0x0fff, 0x0fff, 0x0fff, 0x0fff, 0x0fff,
    0x0fff, 0x0fff, 0x0fff, 0x0fff, 0x5fff, 0x9fff, 0x9fff, 0x9fff, 0x9fff, 0x9fff, 0x9fff, 0x9fff,
    0x9fff, 0x9fff, 0x9fff, 0x9fff, 0x9fff, 0x9fff, 0x9fff, 0x5fff, 0x0fff, 0x0fff, 0x0fff, 0x0fff,
    0x0fff, 0x0fff, 0x0fff, 0x0fff, 0x0fff, 0x0fff, 0x0fff, 0x0fff, 0x0fff, 0x0fff, 0x0fff, 0x0fff,
    0x0fff, 0x0fff, 0x0fff, 0x0fff, 0x0fff, 0x0fff, 0x0fff, 0xdfff, 0xffff, 0x4fff, 0x0fff, 0x0fff,
    0x0fff, 0x0fff, 0x0fff, 0x0fff, 0x0fff, 0x0fff, 0x0fff, 0x0fff, 0x0fff, 0x0fff, 0x0fff, 0x0fff,
    0x0fff, 0x0fff, 0x0fff, 0x0fff, 0x0fff, 0x0fff, 0x0fff, 0x0fff, 0x0fff, 0x0fff, 0xcfff, 0xffff,
    0x7fff, 0xefff, 0xffff, 0xdfff, 0xbfff, 0xdfff, 0xffff, 0xffff, 0xcfff, 0x0fff, 0x0fff, 0x0fff,
    0x0fff, 0x0fff, 0x0fff, 0x0fff, 0x0fff, 0x0fff, 0x0fff, 0x0fff, 0x0fff, 0x0fff, 0x0fff, 0x0fff,
    0x0fff, 0x0fff, 0x0fff, 0x0fff, 0x0fff, 0x0fff, 0x0fff, 0x6fff, 0xffff, 0xffff, 0xefff, 0xcfff,
    0xefff, 0xffff, 0xffff, 0x8fff, 0x0fff, 0x0fff, 0x0fff, 0x0fff, 0x0fff, 0x0fff, 0x0fff, 0x0fff,
    0x0fff, 0x0fff, 0x0fff, 0x0fff, 0x0fff, 0x0fff, 0x0fff, 0x0fff, 0xcfff, 0xffff, 0xffff, 0xffff,
    0xffff, 0xffff, 0xffff, 0xffff, 0xffff, 0x0fff, 0x8fff, 0xbfff, 0xbfff, 0xbfff, 0xbfff, 0xefff,
    0xffff, 0xdfff, 0xbfff, 0xbfff, 0xbfff, 0xbfff, 0x8fff, 0x0fff, 0x0fff, 0x0fff, 0x0fff, 0x0fff,
    0x0fff, 0x0fff, 0x0fff, 0x0fff, 0x0fff, 0x0fff, 0x0fff, 0x5fff, 0x7fff, 0x7fff, 0x7fff, 0x7fff,
    0x7fff, 0x7fff, 0x7fff, 0x7fff, 0x7fff, 0x7fff, 0x7fff, 0x7fff, 0x7fff, 0x7fff, 0x7fff, 0x7fff,
    0x5fff, 0x0fff, 0x0fff, 0x0fff, 0x0fff, 0x0fff, 0x0fff, 0x0fff, 0x0fff, 0x0fff, 0x0fff, 0x0fff,
    0xbfff, 0xffff, 0xafff, 0xffff, 0xdfff, 0x0fff, 0x0fff, 0x2fff, 0xffff, 0xafff, 0x0fff, 0x0fff,
    0x0fff, 0x0fff, 0x4fff, 0xffff, 0x4fff, 0x0fff, 0x0fff, 0x0fff, 0x0fff, 0xcfff, 0xffff, 0x1fff,
    0x0fff, 0x0fff, 0x0fff, 0x0fff, 0x0fff, 0x0fff, 0x0fff, 0x0fff, 0x0fff, 0x7fff, 0x8fff, 0x8fff,
    0x8fff, 0x8fff, 0x8fff, 0x8fff, 0x1fff, 0x1fff, 0xffff, 0xcfff, 0x0fff, 0x0fff, 0x0fff, 0x0fff,
    0x0fff, 0x0fff, 0x0fff, 0x0fff, 0x0fff, 0x0fff, 0x0fff, 0x0fff, 0x0fff, 0x0fff, 0x0fff, 0x0fff,
    0x0fff, 0x0fff, 0x0fff, 0x0fff, 0x0fff, 0x0fff, 0x0fff, 0x0fff, 0x9fff, 0xffff, 0xffff, 0xffff,
    0xffff, 0xffff, 0xffff, 0xffff, 0xffff, 0xffff, 0xffff, 0xffff, 0xffff, 0xffff, 0xffff, 0x9fff,
    0x0fff, 0x0fff, 0x0fff, 0x0fff, 0x0fff, 0x0fff, 0x0fff, 0x0fff, 0x0fff, 0x0fff, 0x0fff, 0x0fff,
    0x0fff, 0x0fff, 0x0fff, 0x0fff, 0x0fff, 0x0fff, 0x0fff, 0x0fff, 0x0fff, 0x0fff, 0x0fff, 0xdfff,
    0xffff, 0x4fff, 0x0fff, 0x0fff, 0x0fff, 0x0fff, 0x0fff, 0x0fff, 0x0fff, 0x0fff, 0x0fff, 0x0fff,
    0x0fff, 0x0fff, 0x0fff, 0x0fff, 0x0fff, 0x0fff, 0x0fff, 0x0fff, 0x0fff, 0x0fff, 0x0fff, 0x0fff,
    0x0fff, 0x0fff, 0xcfff, 0xffff, 0xffff, 0xbfff, 0x2fff, 0x0fff, 0x0fff, 0x0fff, 0x4fff, 0xefff,
    0xffff, 0x6fff, 0x0fff, 0x0fff, 0x0fff, 0x0fff, 0x0fff, 0x0fff, 0x0fff, 0x0fff, 0x0fff, 0x0fff,
    0x0fff, 0x0fff, 0x0fff, 0x0fff, 0x0fff, 0x0fff, 0x0fff, 0x0fff, 0x0fff, 0x0fff, 0x4fff, 0xffff,
    0xefff, 0x5fff, 0x0fff, 0x0fff, 0x0fff, 0x5fff, 0xefff, 0xffff, 0x5fff, 0x0fff, 0x0fff, 0x0fff,
    0x0fff, 0x0fff, 0x0fff, 0x0fff, 0x0fff, 0x0fff, 0x0fff, 0x0fff, 0x0fff, 0x0fff, 0x0fff, 0x0fff,
    0xafff, 0xdfff, 0xdfff, 0xefff, 0xffff, 0xefff, 0xdfff, 0xdfff, 0xdfff, 0x0fff, 0xbfff, 0xffff,
    0xffff, 0xffff, 0xffff, 0xffff, 0xffff, 0xffff, 0xffff, 0xffff, 0xffff, 0xffff, 0xbfff, 0x0fff,
    0x0fff, 0x0fff, 0x0fff, 0x0fff, 0x0fff, 0x0fff, 0x0fff, 0x0fff, 0x0fff, 0x0fff, 0x0fff, 0x0fff,
    0x0fff, 0x0fff, 0x0fff, 0x0fff, 0x0fff, 0x0fff, 0x0fff, 0x0fff, 0x0fff, 0x0fff, 0x0fff, 0x0fff,
    0x0fff, 0x0fff, 0x0fff, 0x0fff, 0x0fff, 0x0fff, 0x0fff, 0x0fff, 0x0fff, 0x0fff, 0x0fff, 0x0fff,
    0x0fff, 0x0fff, 0x0fff, 0x6fff, 0xffff, 0xefff, 0x2fff, 0xffff, 0xdfff, 0x0fff, 0x0fff, 0x2fff,
    0xffff, 0xafff, 0x0fff, 0x0fff, 0x0fff, 0x0fff, 0x4fff, 0xffff, 0x4fff, 0x0fff, 0x0fff, 0x0fff,
    0x0fff, 0xcfff, 0xffff, 0x1fff, 0x0fff, 0x0fff, 0x0fff, 0x0fff, 0x0fff, 0x0fff, 0x0fff, 0x0fff,
    0x0fff, 0x0fff, 0x0fff, 0x0fff, 0x0fff, 0x0fff, 0x0fff, 0x0fff, 0x0fff, 0x1fff, 0xffff, 0xcfff,
    0x0fff, 0x0fff, 0x0fff, 0x0fff, 0x0fff, 0x0fff, 0x0fff, 0x0fff, 0x0fff, 0x0fff, 0x0fff, 0x0fff,
    0x0fff, 0x0fff, 0x0fff, 0x0fff, 0x0fff, 0x0fff, 0x0fff, 0x0fff, 0x0fff, 0x0fff, 0x0fff, 0x0fff,
    0x0fff, 0x0fff, 0x0fff, 0x0fff, 0x0fff, 0x0fff, 0x0fff, 0x0fff, 0x0fff, 0x0fff, 0x0fff, 0x0fff,
    0x0fff, 0x0fff, 0x0fff, 0x0fff, 0x0fff, 0x0fff, 0x0fff, 0x0fff, 0x0fff, 0x0fff, 0x0fff, 0x0fff,
    0x0fff, 0x0fff, 0x0fff, 0x0fff, 0x0fff, 0x0fff, 0x0fff, 0x0fff, 0x0fff, 0x0fff, 0x0fff, 0x0fff,
    0x0fff, 0x0fff, 0x0fff, 0xdfff, 0xffff, 0x4fff, 0x0fff, 0x0fff, 0x0fff, 0x0fff, 0x0fff, 0x0fff,
    0x0fff, 0x0fff, 0x0fff, 0x0fff, 0x0fff, 0x0fff, 0x0fff, 0x0fff, 0x0fff, 0x0fff, 0x0fff, 0x0fff,
    0x0fff, 0x0fff, 0x0fff, 0x0fff, 0x0fff, 0x0fff, 0xcfff, 0xffff, 0xefff, 0x1fff, 0x0fff, 0x0fff,
    0x0fff, 0x0fff, 0x0fff, 0x8fff, 0xffff, 0xbfff, 0x0fff, 0x0fff, 0x0fff, 0x0fff, 0x0fff, 0x0fff,
    0x0fff, 0x0fff, 0x0fff, 0x0fff, 0x0fff, 0x0fff, 0x0fff, 0x0fff, 0x0fff, 0x0fff, 0x0fff, 0x0fff,
    0x0fff, 0x0fff, 0xdfff, 0xffff, 0x5fff, 0x0fff, 0x0fff, 0x0fff, 0x0fff, 0x0fff, 0x7fff, 0xffff,
    0xdfff, 0x0fff, 0x0fff, 0x0fff, 0x0fff, 0x0fff, 0x0fff, 0x0fff, 0x0fff, 0x0fff, 0x0fff, 0x0fff,
    0x0fff, 0x0fff, 0x0fff, 0x0fff, 0x0fff, 0x0fff, 0x0fff, 0xbfff, 0xffff, 0xcfff, 0x1fff, 0x0fff,
    0x0fff, 0x0fff, 0x0fff, 0x0fff, 0x0fff, 0x0fff, 0x0fff, 0x9fff, 0xffff, 0x6fff, 0x0fff, 0x0fff,
    0x0fff, 0x0fff, 0x0fff, 0x0fff, 0x0fff, 0x0fff, 0x0fff, 0x0fff, 0x0fff, 0x0fff, 0x0fff, 0x0fff,
    0x5fff, 0xbfff, 0xbfff, 0xbfff, 0xbfff, 0xbfff, 0xbfff, 0xbfff, 0xbfff, 0xbfff, 0xbfff, 0xbfff,
    0xbfff, 0xbfff, 0xbfff, 0xbfff, 0xbfff, 0xbfff, 0xbfff, 0xbfff, 0xbfff, 0xbfff, 0xbfff, 0x6fff,
    0x0fff, 0x0fff, 0x0fff, 0x0fff, 0x0fff, 0x0fff, 0x0fff, 0x1fff, 0xefff, 0x5fff, 0x0fff, 0xffff,
    0xdfff, 0x0fff, 0x0fff, 0x2fff, 0xffff, 0xafff, 0x0fff, 0x1fff, 0x7fff, 0x7fff, 0x9fff, 0xffff,
    0x9fff, 0x7fff, 0x7fff, 0x2fff, 0x0fff, 0xcfff, 0xffff, 0x1fff, 0x0fff, 0x0fff, 0x0fff, 0x0fff,
    0x0fff, 0x0fff, 0x0fff, 0x0fff, 0x0fff, 0x7fff, 0x8fff, 0x8fff, 0x8fff, 0x8fff, 0x8fff, 0x8fff,
    0x1fff, 0x0fff, 0xffff, 0xefff, 0x1fff, 0x0fff, 0x0fff, 0x0fff, 0x0fff, 0x0fff, 0x0fff, 0x0fff,
    0x0fff, 0x1fff, 0x2fff, 0x0fff, 0x0fff, 0x0fff, 0x0fff, 0x0fff, 0x0fff, 0x0fff, 0x0fff, 0x0fff,
    0x0fff, 0x0fff, 0x0fff, 0x0fff, 0x0fff, 0x0fff, 0x0fff, 0x0fff, 0x0fff, 0x0fff, 0x0fff, 0x0fff,
    0x0fff, 0x0fff, 0x0fff, 0x0fff, 0x0fff, 0x0fff, 0x0fff, 0x0fff, 0x0fff, 0x0fff, 0x0fff, 0x0fff,
    0x0fff, 0x0fff, 0x0fff, 0x0fff, 0x0fff, 0x0fff, 0x0fff, 0x0fff, 0x0fff, 0x0fff, 0x0fff, 0x0fff,
    0x0fff, 0x0fff, 0x0fff, 0x0fff, 0x0fff, 0x0fff, 0x0fff, 0xdfff, 0xffff, 0x4fff, 0x0fff, 0x0fff,
    0x0fff, 0x0fff, 0x0fff, 0x0fff, 0x0fff, 0x0fff, 0x0fff, 0x0fff, 0x0fff, 0x0fff, 0x0fff, 0x0fff,
    0x0fff, 0x0fff, 0x0fff, 0x0fff, 0x0fff, 0x0fff, 0x0fff, 0x0fff, 0x0fff, 0x0fff, 0xcfff, 0xffff,
    0x9fff, 0x0fff, 0x0fff, 0x0fff, 0x0fff, 0x0fff, 0x0fff, 0x5fff, 0xffff, 0xcfff, 0x0fff, 0x0fff,
    0x0fff, 0x0fff, 0x0fff, 0x0fff, 0x0fff, 0x0fff, 0x0fff, 0x0fff, 0x0fff, 0x0fff, 0x0fff, 0x0fff,
    0x0fff, 0x0fff, 0x0fff, 0x0fff, 0x0fff, 0x3fff, 0xffff, 0xdfff, 0x0fff, 0x0fff, 0x0fff, 0x0fff,
    0x0fff, 0x0fff, 0x2fff, 0xffff, 0xffff, 0x2fff, 0x0fff, 0x0fff, 0x0fff, 0x0fff, 0x0fff, 0x0fff,
    0x0fff, 0x0fff, 0x0fff, 0x0fff, 0x0fff, 0x0fff, 0x0fff, 0x0fff, 0x0fff, 0x0fff, 0x2fff, 0xffff,
    0xffff, 0xffff, 0xbfff, 0x0fff, 0x0fff, 0x0fff, 0x0fff, 0x0fff, 0x0fff, 0x0fff, 0x0fff, 0x9fff,
    0xffff, 0x6fff, 0x0fff, 0x0fff, 0x0fff, 0x0fff, 0x0fff, 0x0fff, 0x0fff, 0x0fff, 0x0fff, 0x0fff,
    0x0fff, 0x0fff, 0x0fff, 0x0fff, 0x7fff, 0xffff, 0xffff, 0xffff, 0xffff, 0xffff, 0xffff, 0xffff,
    0xffff, 0xffff, 0xffff, 0xffff, 0xffff, 0xffff, 0xffff, 0xffff, 0xffff, 0xffff, 0xffff, 0xffff,
    0xffff, 0xffff, 0xffff, 0x8fff, 0x0fff, 0x0fff, 0x0fff, 0x0fff, 0x0fff, 0x0fff, 0x0fff, 0x0fff,
    0x4fff, 0x0fff, 0x0fff, 0xffff, 0xdfff, 0x0fff, 0x0fff, 0x2fff, 0xffff, 0xafff, 0x0fff, 0x2fff,
    0xffff, 0xffff, 0xffff, 0xffff, 0xffff, 0xffff, 0xffff, 0x4fff, 0x0fff, 0xcfff, 0xffff, 0x1fff,
    0x0fff, 0x0fff, 0x0fff, 0x0fff, 0x0fff, 0x0fff, 0x0fff, 0x0fff, 0x0fff, 0xefff, 0xffff, 0xffff,
    0xffff, 0xffff, 0xffff, 0xffff, 0x2fff, 0x0fff, 0xafff, 0xffff, 0xffff, 0xffff, 0xffff, 0xffff,
    0xffff, 0xffff, 0xffff, 0xffff, 0xffff, 0xffff, 0xffff, 0x2fff, 0x0fff, 0x0fff, 0x0fff, 0x0fff,
    0x0fff, 0x0fff, 0x0fff, 0x0fff, 0x0fff, 0x0fff, 0x0fff, 0x0fff, 0x5fff, 0x9fff, 0x9fff, 0x9fff,
    0x9fff, 0x9fff, 0x9fff, 0x9fff, 0x9fff, 0x9fff, 0x9fff, 0x9fff, 0x9fff, 0x9fff, 0x9fff, 0x5fff,
    0x0fff, 0x0fff, 0x0fff, 0x0fff, 0x0fff, 0x0fff, 0x0fff, 0x0fff, 0x0fff, 0x0fff, 0x0fff, 0x0fff,
    0x0fff, 0x0fff, 0x0fff, 0x0fff, 0x0fff, 0x0fff, 0x0fff, 0x0fff, 0x0fff, 0x0fff, 0x0fff, 0xdfff,
    0xffff, 0x4fff, 0x0fff, 0x0fff, 0x0fff, 0x0fff, 0x0fff, 0x0fff, 0x0fff, 0x0fff, 0x0fff, 0x0fff,
    0x0fff, 0x0fff, 0x0fff, 0x0fff, 0x0fff, 0x0fff, 0x0fff, 0x0fff, 0x0fff, 0x0fff, 0x0fff, 0x0fff,
    0x0fff, 0x0fff, 0xcfff, 0xffff, 0x6fff, 0x0fff, 0x0fff, 0x0fff, 0x0fff, 0x0fff, 0x0fff, 0x4fff,
    0xffff, 0xdfff, 0x0fff, 0x0fff, 0x0fff, 0x0fff, 0x0fff, 0x0fff, 0x0fff, 0x0fff, 0x0fff, 0x0fff,
    0x0fff, 0x0fff, 0x0fff, 0x0fff, 0x0fff, 0x0fff, 0x0fff, 0x0fff, 0x0fff, 0x6fff, 0xffff, 0xefff,
    0xafff, 0xafff, 0xafff, 0xafff, 0xafff, 0xafff, 0xbfff, 0xffff, 0xffff, 0x3fff, 0x0fff, 0x0fff,
    0x0fff, 0x0fff, 0x0fff, 0x0fff, 0x0fff, 0x0fff, 0x0fff, 0x0fff, 0x0fff, 0x0fff, 0x0fff, 0x0fff,
    0x0fff, 0x0fff, 0x7fff, 0xffff, 0xffff, 0xdfff, 0xffff, 0xafff, 0x0fff, 0x0fff, 0x0fff, 0x0fff,
    0x0fff, 0x0fff, 0x0fff, 0x9fff, 0xffff, 0x6fff, 0x0fff, 0x0fff, 0x0fff, 0x0fff, 0x0fff, 0x0fff,
    0x0fff, 0x0fff, 0x0fff, 0x0fff, 0x0fff, 0x0fff, 0x0fff, 0x0fff, 0x0fff, 0x0fff, 0x0fff, 0x0fff,
    0x0fff, 0x0fff, 0x0fff, 0x0fff, 0x0fff, 0x0fff, 0x0fff, 0xbfff, 0xffff, 0x3fff, 0x0fff, 0x0fff,
    0x0fff, 0x0fff, 0x0fff, 0x0fff, 0x0fff, 0x0fff, 0x0fff, 0x0fff, 0x0fff, 0x0fff, 0x0fff, 0x0fff,
    0x0fff, 0x0fff, 0x0fff, 0x0fff, 0x0fff, 0x0fff, 0x0fff, 0xffff, 0xdfff, 0x0fff, 0x0fff, 0x2fff,
    0xffff, 0xafff, 0x0fff, 0x2fff, 0xffff, 0x5fff, 0x0fff, 0x0fff, 0x0fff, 0x4fff, 0xffff, 0x4fff,
    0x0fff, 0xcfff, 0xffff, 0x1fff, 0x0fff, 0x0fff, 0x0fff, 0x0fff, 0x0fff, 0x0fff, 0x0fff, 0x0fff,
    0x0fff, 0x0fff, 0x0fff, 0x0fff, 0x0fff, 0x0fff, 0x0fff, 0x0fff, 0x0fff, 0x0fff, 0x1fff, 0x6fff,
    0x9fff, 0xafff, 0xafff, 0xafff, 0xafff, 0xafff, 0xafff, 0xafff, 0xafff, 0x9fff, 0x9fff, 0x2fff,
    0x0fff, 0x0fff, 0x0fff, 0x0fff, 0x0fff, 0x0fff, 0x0fff, 0x0fff, 0x0fff, 0x0fff, 0x0fff, 0x0fff,
    0x9fff, 0xffff, 0xffff, 0xffff, 0xffff, 0xffff, 0xffff, 0xffff, 0xffff, 0xffff, 0xffff, 0xffff,
    0xffff, 0xffff, 0xffff, 0x9fff, 0x0fff, 0x0fff, 0x0fff, 0x0fff, 0x0fff, 0x0fff, 0x0fff, 0x0fff,
    0x0fff, 0x0fff, 0x0fff, 0x0fff, 0x0fff, 0x0fff, 0x0fff, 0x0fff, 0x0fff, 0x0fff, 0x0fff, 0x0fff,
    0x0fff, 0x0fff, 0x0fff, 0xdfff, 0xffff, 0x4fff, 0x0fff, 0x0fff, 0x0fff, 0x0fff, 0x0fff, 0x0fff,
    0x0fff, 0x0fff, 0x0fff, 0x0fff, 0x0fff, 0x0fff, 0x0fff, 0x0fff, 0x0fff, 0x0fff, 0x0fff, 0x0fff,
    0x0fff, 0x0fff, 0x0fff, 0x0fff, 0x0fff, 0x0fff, 0xcfff, 0xffff, 0x5fff, 0x0fff, 0x0fff, 0x0fff,
    0x0fff, 0x0fff, 0x0fff, 0x4fff, 0xffff, 0xdfff, 0x0fff, 0x0fff, 0x0fff, 0x0fff, 0x0fff, 0x0fff,
    0x0fff, 0x0fff, 0x0fff, 0x0fff, 0x0fff, 0x0fff, 0x0fff, 0x0fff, 0x0fff, 0x0fff, 0x0fff, 0x0fff,
    0x0fff, 0x8fff, 0xffff, 0xffff, 0xffff, 0xffff, 0xffff, 0xffff, 0xffff, 0xffff, 0xffff, 0xffff,
    0xffff, 0x4fff, 0x0fff, 0x0fff, 0x0fff, 0x0fff, 0x0fff, 0x0fff, 0x0fff, 0x0fff, 0x0fff, 0x0fff,
    0x0fff, 0x0fff, 0x0fff, 0x0fff, 0x0fff, 0x0fff, 0xdfff, 0xbfff, 0xffff, 0xbfff, 0x7fff, 0xffff,
    0x9fff, 0xafff, 0xdfff, 0xdfff, 0xdfff, 0xdfff, 0xdfff, 0xefff, 0xffff, 0xefff, 0xdfff, 0xdfff,
    0xdfff, 0xdfff, 0xdfff, 0xafff, 0x0fff, 0x0fff, 0x0fff, 0x0fff, 0x0fff, 0x0fff, 0x0fff, 0x0fff,
    0x0fff, 0x0fff, 0x0fff, 0x0fff, 0x2fff, 0xefff, 0xbfff, 0x0fff, 0x0fff, 0x0fff, 0x0fff, 0xbfff,
    0xffff, 0x3fff, 0x0fff, 0x0fff, 0x0fff, 0x0fff, 0x0fff, 0x0fff, 0x0fff, 0x0fff, 0x0fff, 0x0fff,
    0x0fff, 0x0fff, 0x0fff, 0x0fff, 0x0fff, 0x0fff, 0x0fff, 0x0fff, 0x0fff, 0x0fff, 0x0fff, 0xffff,
    0xdfff, 0x0fff, 0x0fff, 0x2fff, 0xffff, 0xafff, 0x0fff, 0x2fff, 0xffff, 0x5fff, 0x0fff, 0x0fff,
    0x0fff, 0x4fff, 0xffff, 0x4fff, 0x0fff, 0xcfff, 0xffff, 0x1fff, 0x0fff, 0x0fff, 0x0fff, 0x0fff,
    0x0fff, 0x0fff, 0x0fff, 0x0fff, 0x0fff, 0x0fff, 0x0fff, 0x0fff, 0x0fff, 0x0fff, 0x0fff, 0x0fff,
    0x0fff, 0x0fff, 0x2fff, 0x5fff, 0x2fff, 0x0fff, 0x1fff, 0x3fff, 0x2fff, 0x0fff, 0x0fff, 0x4fff,
    0x5fff, 0x0fff, 0x0fff, 0x0fff, 0x0fff, 0x0fff, 0x0fff, 0x0fff, 0x0fff, 0x0fff, 0x0fff, 0x0fff,
    0x0fff, 0x0fff, 0x0fff, 0x0fff, 0x0fff, 0x0fff, 0x0fff, 0x0fff, 0x0fff, 0x0fff, 0x0fff, 0x0fff,
    0x0fff, 0x0fff, 0x0fff, 0x0fff, 0x0fff, 0x0fff, 0x0fff, 0x0fff, 0x0fff, 0x0fff, 0x0fff, 0x0fff,
    0x0fff, 0x0fff, 0x0fff, 0x0fff, 0x0fff, 0x0fff, 0x0fff, 0x0fff, 0x0fff, 0x0fff, 0x0fff, 0x0fff,
    0x0fff, 0x0fff, 0x0fff, 0x0fff, 0x0fff, 0x0fff, 0x0fff, 0xdfff, 0xffff, 0x4fff, 0x0fff, 0x0fff,
    0x0fff, 0x0fff, 0x0fff, 0x0fff, 0x0fff, 0x0fff, 0x0fff, 0x0fff, 0x0fff, 0x0fff, 0x0fff, 0x0fff,
    0x0fff, 0x0fff, 0x0fff, 0x0fff, 0x0fff, 0x0fff, 0x0fff, 0x0fff, 0x0fff, 0x0fff, 0xcfff, 0xffff,
    0x5fff, 0x0fff, 0x0fff, 0x0fff, 0x0fff, 0x0fff, 0x0fff, 0x4fff, 0xffff, 0xdfff, 0x0fff, 0x0fff,
    0x0fff, 0x0fff, 0x0fff, 0x0fff, 0x0fff, 0x0fff, 0x0fff, 0x0fff, 0x0fff, 0x0fff, 0x0fff, 0x0fff,
    0x0fff, 0x0fff, 0x0fff, 0x0fff, 0x0fff, 0x8fff, 0xffff, 0xafff, 0x0fff, 0x0fff, 0x0fff, 0x0fff,
    0x0fff, 0x0fff, 0x0fff, 0x0fff, 0x0fff, 0x0fff, 0x0fff, 0x0fff, 0x0fff, 0x0fff, 0x0fff, 0x0fff,
    0x0fff, 0x0fff, 0x0fff, 0x0fff, 0x0fff, 0x0fff, 0x0fff, 0x0fff, 0x0fff, 0x4fff, 0xffff, 0x5fff,
    0xffff, 0xbfff, 0x0fff, 0xcfff, 0x9fff, 0xcfff, 0xffff, 0xffff, 0xffff, 0xffff, 0xffff, 0xffff,
    0xffff, 0xffff, 0xffff, 0xffff, 0xffff, 0xffff, 0xffff, 0xcfff, 0x0fff, 0x0fff, 0x0fff, 0x0fff,
    0x0fff, 0x0fff, 0x0fff, 0x0fff, 0x0fff, 0x0fff, 0x0fff, 0x0fff, 0x6fff, 0xffff, 0xafff, 0x0fff,
    0x0fff, 0x0fff, 0x0fff, 0xbfff, 0xffff, 0x3fff, 0x0fff, 0x0fff, 0x0fff, 0x0fff, 0x0fff, 0x0fff,
    0x0fff, 0x0fff, 0x0fff, 0x0fff, 0x0fff, 0x0fff, 0x0fff, 0x0fff, 0x0fff, 0x0fff, 0x0fff, 0x0fff,
    0x0fff, 0x0fff, 0x0fff, 0xffff, 0xdfff, 0x0fff, 0x0fff, 0x2fff, 0xffff, 0xafff, 0x0fff, 0x2fff,
    0xffff, 0x5fff, 0x0fff, 0x0fff, 0x0fff, 0x4fff, 0xffff, 0x4fff, 0x0fff, 0xcfff, 0xffff, 0x1fff,
    0x0fff, 0x0fff, 0x0fff, 0x0fff, 0x0fff, 0x0fff, 0x0fff, 0x0fff, 0x0fff, 0xefff, 0xffff, 0xffff,
    0xffff, 0xffff, 0xffff, 0xffff, 0x2fff, 0x0fff, 0x5fff, 0xffff, 0x6fff, 0x0fff, 0x3fff, 0xffff,
    0x8fff, 0x0fff, 0x0fff, 0xcfff, 0xffff, 0x0fff, 0x0fff, 0x0fff, 0x0fff, 0x0fff, 0x0fff, 0x0fff,
    0x0fff, 0x0fff, 0x0fff, 0x0fff, 0x0fff, 0x0fff, 0x0fff, 0x0fff, 0x0fff, 0x0fff, 0x0fff, 0x0fff,
    0x0fff, 0x0fff, 0x0fff, 0x0fff, 0x0fff, 0x0fff, 0x0fff, 0x0fff, 0x0fff, 0x0fff, 0x0fff, 0x0fff,
    0x0fff, 0x0fff, 0x0fff, 0x0fff, 0x0fff, 0x0fff, 0x0fff, 0x0fff, 0x0fff, 0x0fff, 0x0fff, 0x0fff,
    0x0fff, 0x0fff, 0x0fff, 0x0fff, 0x0fff, 0x0fff, 0x0fff, 0x0fff, 0x0fff, 0x0fff, 0x0fff, 0xdfff,
    0xffff, 0x4fff, 0x0fff, 0x0fff, 0x0fff, 0x0fff, 0x0fff, 0x0fff, 0x0fff, 0x0fff, 0x0fff, 0x0fff,
    0x0fff, 0x0fff, 0x0fff, 0x0fff, 0x0fff, 0x0fff, 0x0fff, 0x0fff, 0x0fff, 0x0fff, 0x0fff, 0x0fff,
    0x0fff, 0x0fff, 0xcfff, 0xffff, 0x5fff, 0x0fff, 0x0fff, 0x0fff, 0x0fff, 0x0fff, 0x0fff, 0x4fff,
    0xffff, 0xdfff, 0x0fff, 0x0fff, 0x0fff, 0x0fff, 0x0fff, 0x0fff, 0x0fff, 0x0fff, 0x0fff, 0x0fff,
    0x0fff, 0x0fff, 0x0fff, 0x0fff, 0x0fff, 0x0fff, 0x0fff, 0x0fff, 0x0fff, 0x7fff, 0xffff, 0xcfff,
    0x0fff, 0x0fff, 0x0fff, 0x0fff, 0x0fff, 0x0fff, 0x0fff, 0x0fff, 0x0fff, 0x0fff, 0x0fff, 0x0fff,
    0x0fff, 0x0fff, 0x0fff, 0x0fff, 0x0fff, 0x0fff, 0x0fff, 0x0fff, 0x0fff, 0x0fff, 0x0fff, 0x0fff,
    0x0fff, 0xcfff, 0xdfff, 0x1fff, 0xffff, 0xbfff, 0x0fff, 0x2fff, 0x0fff, 0x0fff, 0x0fff, 0x0fff,
    0x0fff, 0x0fff, 0x0fff, 0x0fff, 0x0fff, 0x0fff, 0x0fff, 0x0fff, 0x0fff, 0x0fff, 0x0fff, 0x0fff,
    0x0fff, 0x0fff, 0x0fff, 0x0fff, 0x0fff, 0x0fff, 0x0fff, 0x0fff, 0x0fff, 0x0fff, 0x0fff, 0x0fff,
    0x9fff, 0xffff, 0x6fff, 0x0fff, 0x0fff, 0x0fff, 0x0fff, 0xbfff, 0xffff, 0xbfff, 0xbfff, 0xbfff,
    0xbfff, 0xbfff, 0xbfff, 0xbfff, 0xbfff, 0x9fff, 0x0fff, 0x0fff, 0x0fff, 0x0fff, 0x0fff, 0x0fff,
    0x0fff, 0x0fff, 0x0fff, 0x0fff, 0x0fff, 0x0fff, 0x0fff, 0xffff, 0xdfff, 0x0fff, 0x0fff, 0x2fff,
    0xffff, 0xafff, 0x0fff, 0x2fff, 0xffff, 0x5fff, 0x0fff, 0x0fff, 0x0fff, 0x4fff, 0xffff, 0x4fff,
    0x0fff, 0xcfff, 0xffff, 0x1fff, 0x0fff, 0x0fff, 0x0fff, 0x0fff, 0x0fff, 0x0fff, 0x0fff, 0x0fff,
    0x0fff, 0xefff, 0xefff, 0x9fff, 0x9fff, 0x9fff, 0xcfff, 0xffff, 0x2fff, 0x0fff, 0x5fff, 0xffff,
    0x6fff, 0x0fff, 0x3fff, 0xffff, 0x8fff, 0x0fff, 0x0fff, 0xcfff, 0xffff, 0x0fff, 0x0fff, 0x0fff,
    0x0fff, 0x0fff, 0x0fff, 0x0fff, 0x0fff, 0x0fff, 0x0fff, 0x0fff, 0x0fff, 0x0fff, 0x0fff, 0x0fff,
    0xdfff, 0xffff, 0xffff, 0xffff, 0xffff, 0xffff, 0xffff, 0xffff, 0xffff, 0xffff, 0xffff, 0xffff,
    0xffff, 0xffff, 0xffff, 0xefff, 0x0fff, 0x0fff, 0x0fff, 0x0fff, 0x0fff, 0x0fff, 0x0fff, 0x0fff,
    0x0fff, 0x0fff, 0x0fff, 0x0fff, 0x0fff, 0x0fff, 0x0fff, 0x0fff, 0x0fff, 0x0fff, 0x0fff, 0x0fff,
    0x0fff, 0x0fff, 0x0fff, 0xdfff, 0xffff, 0x4fff, 0x0fff, 0x0fff, 0x0fff, 0x0fff, 0x0fff, 0x0fff,
    0x0fff, 0x0fff, 0x0fff, 0x0fff, 0x0fff, 0x0fff, 0x0fff, 0x0fff, 0x0fff, 0x0fff, 0x0fff, 0x0fff,
    0x0fff, 0x0fff, 0x0fff, 0x0fff, 0x0fff, 0x0fff, 0xcfff, 0xffff, 0x5fff, 0x0fff, 0x0fff, 0x0fff,
    0x0fff, 0x0fff, 0x0fff, 0x4fff, 0xffff, 0xdfff, 0x0fff, 0x0fff, 0x0fff, 0x0fff, 0x0fff, 0x0fff,
    0x0fff, 0x0fff, 0x0fff, 0x0fff, 0x0fff, 0x0fff, 0x0fff, 0x0fff, 0x0fff, 0x0fff, 0x0fff, 0x0fff,
    0x0fff, 0x3fff, 0xffff, 0xffff, 0x2fff, 0x0fff, 0x0fff, 0x0fff, 0x0fff, 0x0fff, 0x0fff, 0x0fff,
    0x0fff, 0x0fff, 0x0fff, 0x0fff, 0x0fff, 0x0fff, 0x0fff, 0x0fff, 0x0fff, 0x0fff, 0x0fff, 0x0fff,
    0x0fff, 0x0fff, 0x0fff, 0x0fff, 0x5fff, 0xffff, 0x7fff, 0x1fff, 0xffff, 0xbfff, 0x0fff, 0x0fff,
    0x0fff, 0x0fff, 0x1fff, 0x0fff, 0x0fff, 0x0fff, 0x0fff, 0x0fff, 0x0fff, 0x0fff, 0x0fff, 0x0fff,
    0x1fff, 0x4fff, 0x0fff, 0x0fff, 0x0fff, 0x0fff, 0x0fff, 0x0fff, 0x0fff, 0x0fff, 0x0fff, 0x0fff,
    0x0fff, 0x0fff, 0x0fff, 0x1fff, 0xefff, 0xffff, 0x8fff, 0x0fff, 0x0fff, 0x0fff, 0x0fff, 0xbfff,
    0xffff, 0xffff, 0xffff, 0xffff, 0xffff, 0xffff, 0xffff, 0xffff, 0xffff, 0xcfff, 0x0fff, 0x0fff,
    0x0fff, 0x0fff, 0x0fff, 0x0fff, 0x0fff, 0x0fff, 0x0fff, 0x0fff, 0x0fff, 0x0fff, 0x0fff, 0xffff,
    0xdfff, 0x0fff, 0x0fff, 0x2fff, 0xffff, 0xafff, 0x0fff, 0x2fff, 0xffff, 0xffff, 0xffff, 0xffff,
    0xffff, 0xffff, 0xffff, 0x4fff, 0x0fff, 0xcfff, 0xffff, 0x1fff, 0x0fff, 0x0fff, 0x0fff, 0x0fff,
    0x0fff, 0x0fff, 0x0fff, 0x0fff, 0x0fff, 0xefff, 0xbfff, 0x0fff, 0x0fff, 0x0fff, 0x8fff, 0xffff,
    0x2fff, 0x0fff, 0x6fff, 0xffff, 0x5fff, 0x0fff, 0x3fff, 0xffff, 0x8fff, 0x0fff, 0x0fff, 0xcfff,
    0xffff, 0x0fff, 0x0fff, 0x0fff, 0x0fff, 0x0fff, 0x0fff, 0x0fff, 0x0fff, 0x0fff, 0x0fff, 0x0fff,
    0x0fff, 0x0fff, 0x0fff, 0x0fff, 0xdfff, 0xffff, 0xafff, 0xafff, 0xafff, 0xafff, 0xafff, 0xafff,
    0xafff, 0xafff, 0xafff, 0xafff, 0xafff, 0xafff, 0xffff, 0xefff, 0x0fff, 0x0fff, 0x0fff, 0x0fff,
    0x0fff, 0x0fff, 0x0fff, 0x0fff, 0x0fff, 0x0fff, 0x0fff, 0x0fff, 0x0fff, 0x0fff, 0x0fff, 0x0fff,
    0x0fff, 0x0fff, 0x0fff, 0x0fff, 0x0fff, 0x0fff, 0x0fff, 0xdfff, 0xffff, 0x4fff, 0x0fff, 0x0fff,
    0x0fff, 0x0fff, 0x0fff, 0x0fff, 0x0fff, 0x0fff, 0x0fff, 0x0fff, 0x0fff, 0x0fff, 0x0fff, 0x0fff,
    0x0fff, 0x0fff, 0x0fff, 0x0fff, 0x0fff, 0x0fff, 0x0fff, 0x0fff, 0x0fff, 0x0fff, 0xcfff, 0xffff,
    0x5fff, 0x0fff, 0x0fff, 0x0fff, 0x0fff, 0x0fff, 0x0fff, 0x4fff, 0xffff, 0xdfff, 0x0fff, 0x0fff,
    0x0fff, 0x0fff, 0x0fff, 0x0fff, 0x0fff, 0x0fff, 0x0fff, 0x0fff, 0x0fff, 0x0fff, 0x0fff, 0x0fff,
    0x0fff, 0x0fff, 0x0fff, 0x0fff, 0x0fff, 0x0fff, 0xdfff, 0xffff, 0x9fff, 0x0fff, 0x0fff, 0x0fff,
    0x0fff, 0x0fff, 0x0fff, 0x0fff, 0x0fff, 0x0fff, 0x0fff, 0x0fff, 0x0fff, 0x0fff, 0x0fff, 0x0fff,
    0x0fff, 0x0fff, 0x0fff, 0x0fff, 0x0fff, 0x0fff, 0x0fff, 0x1fff, 0xefff, 0xefff, 0x1fff, 0x1fff,
    0xffff, 0xbfff, 0x0fff, 0x0fff, 0x0fff, 0x1fff, 0xefff, 0xbfff, 0x0fff, 0x9fff, 0x9fff, 0x0fff,
    0x4fff, 0xefff, 0x5fff, 0x0fff, 0xafff, 0xffff, 0x3fff, 0x0fff, 0x0fff, 0x0fff, 0x0fff, 0x0fff,
    0x0fff, 0x0fff, 0x0fff, 0x0fff, 0x0fff, 0x0fff, 0x0fff, 0x6fff, 0xffff, 0xffff, 0xefff, 0x2fff,
    0x0fff, 0x0fff, 0x0fff, 0xbfff, 0xffff, 0x3fff, 0x0fff, 0x0fff, 0x0fff, 0x0fff, 0x0fff, 0x0fff,
    0x0fff, 0x0fff, 0x0fff, 0x0fff, 0x0fff, 0x0fff, 0x0fff, 0x0fff, 0x0fff, 0x0fff, 0x0fff, 0x0fff,
    0x0fff, 0x0fff, 0x0fff, 0xffff, 0xdfff, 0x0fff, 0x0fff, 0x2fff, 0xffff, 0xafff, 0x0fff, 0x1fff,
    0x7fff, 0x7fff, 0x7fff, 0x7fff, 0x7fff, 0x7fff, 0x7fff, 0x2fff, 0x0fff, 0xcfff, 0xffff, 0x1fff,
    0x0fff, 0x0fff, 0x0fff, 0x0fff, 0x0fff, 0x0fff, 0x0fff, 0x0fff, 0x0fff, 0xefff, 0xbfff, 0x0fff,
    0x0fff, 0x0fff, 0x8fff, 0xffff, 0x2fff, 0x0fff, 0x7fff, 0xffff, 0x4fff, 0x0fff, 0x3fff, 0xffff,
    0x8fff, 0x0fff, 0x0fff, 0xcfff, 0xffff, 0x0fff, 0x0fff, 0x0fff, 0x0fff, 0x0fff, 0x0fff, 0x0fff,
    0x0fff, 0x0fff, 0x0fff, 0x0fff, 0x0fff, 0x0fff, 0x0fff, 0x0fff, 0xdfff, 0xffff, 0x0fff, 0x0fff,
    0x0fff, 0x0fff, 0x0fff, 0x0fff, 0x0fff, 0x0fff, 0x0fff, 0x0fff, 0x0fff, 0x1fff, 0xffff, 0xefff,
    0x0fff, 0x0fff, 0x0fff, 0x0fff, 0x0fff, 0x0fff, 0x0fff, 0x0fff, 0x0fff, 0x0fff, 0x0fff, 0x0fff,
    0x0fff, 0x0fff, 0x0fff, 0x0fff, 0x0fff, 0x0fff, 0x0fff, 0x0fff, 0x0fff, 0x0fff, 0x0fff, 0xdfff,
    0xffff, 0x4fff, 0x0fff, 0x0fff, 0x0fff, 0x0fff, 0x0fff, 0x0fff, 0x0fff, 0x0fff, 0x0fff, 0x0fff,
    0x0fff, 0x0fff, 0x0fff, 0x0fff, 0x0fff, 0x0fff, 0x0fff, 0x0fff, 0x0fff, 0x0fff, 0x0fff, 0x0fff,
    0x0fff, 0x0fff, 0xcfff, 0xffff, 0x5fff, 0x0fff, 0x0fff, 0x0fff, 0x0fff, 0x0fff, 0x0fff, 0x4fff,
    0xffff, 0xdfff, 0x0fff, 0x0fff, 0x0fff, 0x0fff, 0x0fff, 0x0fff, 0x0fff, 0x0fff, 0x0fff, 0x0fff,
    0x0fff, 0x0fff, 0x0fff, 0x0fff, 0x0fff, 0x0fff, 0x0fff, 0x0fff, 0x0fff, 0x0fff, 0x4fff, 0xffff,
    0xffff, 0x9fff, 0x1fff, 0x0fff, 0x0fff, 0x0fff, 0x2fff, 0x6fff, 0x6fff, 0x0fff, 0x0fff, 0x0fff,
    0x0fff, 0x0fff, 0x0fff, 0x0fff, 0x0fff, 0x0fff, 0x0fff, 0x0fff, 0x0fff, 0x0fff, 0x0fff, 0x3fff,
    0xffff, 0x7fff, 0x0fff, 0x1fff, 0xffff, 0xbfff, 0x0fff, 0x0fff, 0x0fff, 0x5fff, 0xffff, 0x7fff,
    0x0fff, 0xbfff, 0xdfff, 0x0fff, 0x1fff, 0xffff, 0x9fff, 0x0fff, 0x4fff, 0xffff, 0xafff, 0x0fff,
    0x0fff, 0x0fff, 0x0fff, 0x0fff, 0x0fff, 0x0fff, 0x0fff, 0x0fff, 0x0fff, 0x0fff, 0x1fff, 0xdfff,
    0xffff, 0xafff, 0xffff, 0xcfff, 0x1fff, 0x0fff, 0x0fff, 0xbfff, 0xffff, 0x3fff, 0x0fff, 0x0fff,
    0x0fff, 0x0fff, 0x0fff, 0x0fff, 0x0fff, 0x0fff, 0x0fff, 0x0fff, 0x0fff, 0x0fff, 0x0fff, 0x0fff,
    0x0fff, 0x0fff, 0x0fff, 0x0fff, 0x0fff, 0x0fff, 0x0fff, 0xffff, 0xdfff, 0x0fff, 0x0fff, 0x2fff,
    0xffff, 0xafff, 0x0fff, 0x0fff, 0x0fff, 0x0fff, 0x0fff, 0x0fff, 0x0fff, 0x0fff, 0x0fff, 0x0fff,
    0x0fff, 0xcfff, 0xffff, 0x1fff, 0x0fff, 0x0fff, 0x0fff, 0x0fff, 0x0fff, 0x0fff, 0x0fff, 0x0fff,
    0x0fff, 0xefff, 0xbfff, 0x0fff, 0x0fff, 0x0fff, 0x8fff, 0xffff, 0x2fff, 0x0fff, 0xafff, 0xffff,
    0x2fff, 0x0fff, 0x3fff, 0xffff, 0x8fff, 0x0fff, 0x0fff, 0xcfff, 0xffff, 0x0fff, 0x1fff, 0x2fff,
    0x0fff, 0x0fff, 0x0fff, 0x0fff, 0x0fff, 0x0fff, 0x0fff, 0x0fff, 0x0fff, 0x0fff, 0x0fff, 0x0fff,
    0xdfff, 0xffff, 0x0fff, 0x0fff, 0x0fff, 0x0fff, 0x0fff, 0x0fff, 0x0fff, 0x0fff, 0x0fff, 0x0fff,
    0x0fff, 0x1fff, 0xffff, 0xefff, 0x0fff, 0x0fff, 0x0fff, 0x0fff, 0x0fff, 0x0fff, 0x0fff, 0x0fff,
    0x0fff, 0x0fff, 0x0fff, 0x0fff, 0x0fff, 0x0fff, 0x0fff, 0x0fff, 0x0fff, 0x0fff, 0x0fff, 0x0fff,
    0x0fff, 0x0fff, 0x0fff, 0xdfff, 0xffff, 0x4fff, 0x0fff, 0x0fff, 0x0fff, 0x0fff, 0x0fff, 0x0fff,
    0x0fff, 0x0fff, 0x0fff, 0x0fff, 0x0fff, 0x0fff, 0x0fff, 0x0fff, 0x0fff, 0x0fff, 0x0fff, 0x0fff,
    0x0fff, 0x0fff, 0x0fff, 0x0fff, 0x0fff, 0x0fff, 0xcfff, 0xffff, 0x5fff, 0x0fff, 0x0fff, 0x0fff,
    0x0fff, 0x0fff, 0x0fff, 0x4fff, 0xffff, 0xdfff, 0x0fff, 0x0fff, 0x0fff, 0x0fff, 0x0fff, 0x0fff,
    0x0fff, 0x0fff, 0x0fff, 0x0fff, 0x0fff, 0x0fff, 0x0fff, 0x0fff, 0x0fff, 0x0fff, 0x0fff, 0x0fff,
    0x0fff, 0x0fff, 0x0fff, 0x6fff, 0xffff, 0xffff, 0xffff, 0xdfff, 0xdfff, 0xefff, 0xffff, 0xffff,
    0x9fff, 0x0fff, 0x0fff, 0x0fff, 0x0fff, 0x0fff, 0x0fff, 0x0fff, 0x0fff, 0x0fff, 0x0fff, 0x0fff,
    0x0fff, 0x0fff, 0x0fff, 0x0fff, 0x8fff, 0x0fff, 0x0fff, 0x1fff, 0xffff, 0xbfff, 0x0fff, 0x0fff,
    0x0fff, 0x9fff, 0xffff, 0x3fff, 0x0fff, 0x9fff, 0xffff, 0x1fff, 0x0fff, 0xcfff, 0xefff, 0x0fff,
    0x0fff, 0xcfff, 0xffff, 0x2fff, 0x0fff, 0x0fff, 0x0fff, 0x0fff, 0x0fff, 0x0fff, 0x0fff, 0x0fff,
    0x0fff, 0x0fff, 0x9fff, 0xffff, 0xafff, 0x0fff, 0xbfff, 0xffff, 0xdfff, 0x3fff, 0x0fff, 0xbfff,
    0xffff, 0x3fff, 0x0fff, 0x0fff, 0x0fff, 0x0fff, 0x0fff, 0x0fff, 0x0fff, 0x0fff, 0x0fff, 0x0fff,
    0x0fff, 0x0fff, 0x0fff, 0x0fff, 0x0fff, 0x0fff, 0x0fff, 0x0fff, 0x0fff, 0x0fff, 0x0fff, 0xffff,
    0xdfff, 0x0fff, 0x0fff, 0x2fff, 0xffff, 0xafff, 0x0fff, 0x0fff, 0x0fff, 0x0fff, 0x0fff, 0x0fff,
    0x0fff, 0x0fff, 0x0fff, 0x0fff, 0x0fff, 0xcfff, 0xffff, 0x1fff, 0x0fff, 0x0fff, 0x0fff, 0x0fff,
    0x0fff, 0x0fff, 0x0fff, 0x0fff, 0x0fff, 0xefff, 0xbfff, 0x0fff, 0x0fff, 0x0fff, 0x8fff, 0xffff,
    0x2fff, 0x1fff, 0xefff, 0xefff, 0x0fff, 0x0fff, 0x3fff, 0xffff, 0x8fff, 0x0fff, 0x0fff, 0xcfff,
    0xffff, 0x0fff, 0x4fff, 0xffff, 0x1fff, 0x0fff, 0x0fff, 0x0fff, 0x0fff, 0x0fff, 0x0fff, 0x0fff,
    0x0fff, 0x0fff, 0x0fff, 0x0fff, 0xdfff, 0xffff, 0x0fff, 0x0fff, 0x0fff, 0x0fff, 0x0fff, 0x0fff,
    0x0fff, 0x0fff, 0x0fff, 0x0fff, 0x0fff, 0x1fff, 0xffff, 0xefff, 0x0fff, 0x0fff, 0x0fff, 0x0fff,
    0x0fff, 0x0fff, 0x0fff, 0x0fff, 0x0fff, 0x0fff, 0x0fff, 0x0fff, 0x0fff, 0x0fff, 0x0fff, 0x0fff,
    0x0fff, 0x0fff, 0x0fff, 0x0fff, 0x0fff, 0x0fff, 0x0fff, 0xdfff, 0xffff, 0x4fff, 0x0fff, 0x0fff,
    0x0fff, 0x0fff, 0x0fff, 0x0fff, 0x0fff, 0x0fff, 0x0fff, 0x0fff, 0x0fff, 0x0fff, 0x0fff, 0x0fff,
    0x0fff, 0x0fff, 0x0fff, 0x0fff, 0x0fff, 0x0fff, 0x0fff, 0x0fff, 0x0fff, 0x0fff, 0xcfff, 0xffff,
    0x5fff, 0x0fff, 0x0fff, 0x0fff, 0x0fff, 0x0fff, 0x0fff, 0x4fff, 0xffff, 0xdfff, 0x0fff, 0x0fff,
    0x0fff, 0x0fff, 0x0fff, 0x0fff, 0x0fff, 0x0fff, 0x0fff, 0x0fff, 0x0fff, 0x0fff, 0x0fff, 0x0fff,
    0x0fff, 0x0fff, 0x0fff, 0x0fff, 0x0fff, 0x0fff, 0x0fff, 0x0fff, 0x2fff, 0x9fff, 0xdfff, 0xefff,
    0xffff, 0xefff, 0xcfff, 0x8fff, 0x2fff, 0x0fff, 0x0fff, 0x0fff, 0x0fff, 0x0fff, 0x0fff, 0x0fff,
    0x0fff, 0x0fff, 0x0fff, 0x0fff, 0x0fff, 0x0fff, 0x0fff, 0x0fff, 0x0fff, 0x0fff, 0x0fff, 0x1fff,
    0xffff, 0xbfff, 0x0fff, 0x0fff, 0x1fff, 0xefff, 0xdfff, 0x0fff, 0x0fff, 0x7fff, 0xffff, 0x3fff,
    0x0fff, 0x8fff, 0xffff, 0x2fff, 0x0fff, 0x6fff, 0xffff, 0x7fff, 0x0fff, 0x0fff, 0x0fff, 0x0fff,
    0x0fff, 0x0fff, 0x0fff, 0x0fff, 0x0fff, 0x5fff, 0xffff, 0xffff, 0x2fff, 0x0fff, 0x1fff, 0xafff,
    0xffff, 0xffff, 0xcfff, 0xdfff, 0xffff, 0x4fff, 0x1fff, 0x0fff, 0x0fff, 0x0fff, 0x0fff, 0x0fff,
    0x0fff, 0x0fff, 0x0fff, 0x0fff, 0x0fff, 0x0fff, 0x0fff, 0x0fff, 0x0fff, 0x0fff, 0x0fff, 0x0fff,
    0x0fff, 0x0fff, 0x0fff, 0xffff, 0xdfff, 0x0fff, 0x0fff, 0x2fff, 0xffff, 0xffff, 0xffff, 0xffff,
    0xffff, 0xffff, 0xffff, 0xffff, 0xffff, 0xffff, 0xffff, 0xffff, 0xffff, 0xffff, 0xffff, 0x1fff,
    0x0fff, 0x0fff, 0x0fff, 0x0fff, 0x0fff, 0x0fff, 0x0fff, 0x0fff, 0x0fff, 0xefff, 0xdfff, 0x9fff,
    0x9fff, 0x9fff, 0xcfff, 0xffff, 0x2fff, 0x8fff, 0xffff, 0x8fff, 0x0fff, 0x0fff, 0x3fff, 0xffff,
    0x8fff, 0x0fff, 0x0fff, 0xcfff, 0xffff, 0x0fff, 0x5fff, 0xffff, 0x1fff, 0x0fff, 0x0fff, 0x0fff,
    0x0fff, 0x0fff, 0x0fff, 0x0fff, 0x0fff, 0x0fff, 0x0fff, 0x0fff, 0xdfff, 0xffff, 0xafff, 0xafff,
    0xafff, 0xafff, 0xafff, 0xafff, 0xafff, 0xafff, 0xafff, 0xafff, 0xafff, 0xafff, 0xffff, 0xefff,
    0x0fff, 0x0fff, 0x0fff, 0x0fff, 0x0fff, 0x0fff, 0x0fff, 0x0fff, 0x0fff, 0x0fff, 0x0fff, 0x0fff,
    0x0fff, 0x0fff, 0x0fff, 0x0fff, 0x0fff, 0x0fff, 0x0fff, 0x0fff, 0x0fff, 0x0fff, 0x0fff, 0x0fff,
    0x0fff, 0x0fff, 0x0fff, 0x0fff, 0x0fff, 0x0fff, 0x0fff, 0x0fff, 0x0fff, 0x0fff, 0x0fff, 0x0fff,
    0x0fff, 0x0fff, 0x0fff, 0x0fff, 0x0fff, 0x0fff, 0x0fff, 0x0fff, 0x0fff, 0x0fff, 0x0fff, 0x0fff,
    0x0fff, 0x0fff, 0x0fff, 0x0fff, 0x0fff, 0x0fff, 0x0fff, 0x0fff, 0x0fff, 0x0fff, 0x0fff, 0x0fff,
    0x0fff, 0x0fff, 0x0fff, 0x0fff, 0x0fff, 0x0fff, 0x0fff, 0x0fff, 0x0fff, 0x0fff, 0x0fff, 0x0fff,
    0x0fff, 0x0fff, 0x0fff, 0x0fff, 0x0fff, 0x0fff, 0x0fff, 0x0fff, 0x0fff, 0x0fff, 0x0fff, 0x0fff,
    0x0fff, 0x0fff, 0x0fff, 0x0fff, 0x0fff, 0x0fff, 0x0fff, 0x0fff, 0x0fff, 0x0fff, 0x0fff, 0x0fff,
    0x0fff, 0x0fff, 0x0fff, 0x0fff, 0x0fff, 0x0fff, 0x0fff, 0x0fff, 0x0fff, 0x0fff, 0x0fff, 0x0fff,
    0x0fff, 0x0fff, 0x0fff, 0x1fff, 0xffff, 0xbfff, 0x0fff, 0x0fff, 0x7fff, 0xffff, 0x7fff, 0x0fff,
    0x0fff, 0x6fff, 0xffff, 0x5fff, 0x0fff, 0x5fff, 0xffff, 0x5fff, 0x0fff, 0x1fff, 0xffff, 0xcfff,
    0x0fff, 0x0fff, 0x0fff, 0x0fff, 0x0fff, 0x0fff, 0x0fff, 0x0fff, 0x7fff, 0xffff, 0xffff, 0x6fff,
    0x0fff, 0x0fff, 0x0fff, 0x0fff, 0x5fff, 0xdfff, 0xffff, 0xffff, 0xffff, 0xffff, 0xffff, 0xffff,
    0xffff, 0xffff, 0xffff, 0xffff, 0xffff, 0xffff, 0xffff, 0xcfff, 0x0fff, 0x0fff, 0x0fff, 0x0fff,
    0x0fff, 0x0fff, 0x0fff, 0x0fff, 0x0fff, 0x0fff, 0x0fff, 0xffff, 0xdfff, 0x0fff, 0x0fff, 0x2fff,
    0xffff, 0xefff, 0xcfff, 0xcfff, 0xcfff, 0xcfff, 0xcfff, 0xcfff, 0xcfff, 0xcfff, 0xcfff, 0xcfff,
    0xcfff, 0xefff, 0xffff, 0x1fff, 0x0fff, 0x0fff, 0x0fff, 0x0fff, 0x0fff, 0x0fff, 0x0fff, 0x0fff,
    0x0fff, 0xefff, 0xffff, 0xffff, 0xffff, 0xffff, 0xffff, 0xffff, 0x7fff, 0xffff, 0xefff, 0x1fff,
    0x0fff, 0x0fff, 0x3fff, 0xffff, 0x8fff, 0x0fff, 0x0fff, 0xbfff, 0xffff, 0x9fff, 0xcfff, 0xefff,
    0x0fff, 0x0fff, 0x0fff, 0x0fff, 0x0fff, 0x0fff, 0x0fff, 0x0fff, 0x0fff, 0x0fff, 0x0fff, 0x0fff,
    0xdfff, 0xffff, 0xffff, 0xffff, 0xffff, 0xffff, 0xffff, 0xffff, 0xffff, 0xffff, 0xffff, 0xffff,
    0xffff, 0xffff, 0xffff, 0xefff, 0x0fff, 0x0fff, 0x0fff, 0x0fff, 0x0fff, 0x0fff, 0x0fff, 0x0fff,
    0x0fff, 0x0fff, 0x0fff, 0x0fff, 0x0fff, 0x0fff, 0x0fff, 0x0fff, 0x0fff, 0x0fff, 0x0fff, 0x0fff,
    0x0fff, 0x0fff, 0x0fff, 0x0fff, 0x0fff, 0x0fff, 0x0fff, 0x0fff, 0x0fff, 0x0fff, 0x0fff, 0x0fff,
    0x0fff, 0x0fff, 0x0fff, 0x0fff, 0x0fff, 0x0fff, 0x0fff, 0x0fff, 0x0fff, 0x0fff, 0x0fff, 0x0fff,
    0x0fff, 0x0fff, 0x0fff, 0x0fff, 0x0fff, 0x0fff, 0x0fff, 0x0fff, 0x0fff, 0x0fff, 0x0fff, 0x0fff,
    0x0fff, 0x0fff, 0x0fff, 0x0fff, 0x0fff, 0x0fff, 0x0fff, 0x0fff, 0x0fff, 0x0fff, 0x0fff, 0x0fff,
    0x0fff, 0x0fff, 0x0fff, 0x0fff, 0x0fff, 0x0fff, 0x0fff, 0x0fff, 0x0fff, 0x0fff, 0x0fff, 0x0fff,
    0x0fff, 0x0fff, 0x0fff, 0x0fff, 0x0fff, 0x0fff, 0x0fff, 0x0fff, 0x0fff, 0x0fff, 0x0fff, 0x0fff,
    0x0fff, 0x0fff, 0x0fff, 0x0fff, 0x0fff, 0x0fff, 0x0fff, 0x0fff, 0x0fff, 0x0fff, 0x0fff, 0x0fff,
    0x0fff, 0x0fff, 0x0fff, 0x0fff, 0x0fff, 0x0fff, 0x0fff, 0x1fff, 0xffff, 0xbfff, 0x0fff, 0x1fff,
    0xefff, 0xefff, 0x1fff, 0x0fff, 0x0fff, 0x5fff, 0xffff, 0x5fff, 0x0fff, 0x3fff, 0xdfff, 0x5fff,
    0x0fff, 0x0fff, 0xcfff, 0xdfff, 0x0fff, 0x0fff, 0x0fff, 0x0fff, 0x0fff, 0x0fff, 0x0fff, 0x0fff,
    0x8fff, 0xffff, 0x5fff, 0x0fff, 0x0fff, 0x0fff, 0x0fff, 0x0fff, 0x0fff, 0x0fff, 0x3fff, 0x6fff,
    0xafff, 0xbfff, 0xcfff, 0xcfff, 0xdfff, 0xdfff, 0xdfff, 0xdfff, 0xdfff, 0xdfff, 0xdfff, 0x6fff,
    0x0fff, 0x0fff, 0x0fff, 0x0fff, 0x0fff, 0x0fff, 0x0fff, 0x0fff, 0x0fff, 0x0fff, 0x0fff, 0xffff,
    0xdfff, 0x0fff, 0x0fff, 0x2fff, 0xffff, 0xafff, 0x0fff, 0x0fff, 0x0fff, 0x0fff, 0x0fff, 0x0fff,
    0x0fff, 0x0fff, 0x0fff, 0x0fff, 0x0fff, 0xcfff, 0xffff, 0x1fff, 0x0fff, 0x0fff, 0x0fff, 0x0fff,
    0x0fff, 0x0fff, 0x0fff, 0x0fff, 0x0fff, 0xefff, 0xbfff, 0x0fff, 0x0fff, 0x0fff, 0x0fff, 0x0fff,
    0x7fff, 0xffff, 0x4fff, 0x0fff, 0x0fff, 0x0fff, 0x1fff, 0x8fff, 0x5fff, 0x0fff, 0x0fff, 0x4fff,
    0xdfff, 0xffff, 0xefff, 0x6fff, 0x0fff, 0x0fff, 0x0fff, 0x0fff, 0x0fff, 0x0fff, 0x0fff, 0x0fff,
    0x0fff, 0x0fff, 0x0fff, 0x0fff, 0xdfff, 0xffff, 0x0fff, 0x0fff, 0x0fff, 0x0fff, 0x0fff, 0x0fff,
    0x0fff, 0x0fff, 0x0fff, 0x0fff, 0x0fff, 0x1fff, 0xffff, 0xefff, 0x0fff, 0x0fff, 0x0fff, 0x0fff,
    0x0fff, 0x0fff, 0x0fff, 0x0fff, 0x0fff, 0x0fff, 0x0fff, 0x0fff, 0x0fff, 0x0fff, 0x0fff, 0x0fff,
    0x0fff, 0x0fff, 0x0fff, 0x0fff, 0x0fff, 0x0fff, 0x0fff, 0x0fff, 0x0fff, 0x0fff, 0x0fff, 0x0fff,
    0x0fff, 0x0fff, 0x0fff, 0x0fff, 0x0fff, 0x0fff, 0x0fff, 0x0fff, 0x0fff, 0x0fff, 0x0fff, 0x0fff,
    0x0fff, 0x0fff, 0x0fff, 0x0fff, 0x0fff, 0x0fff, 0x0fff, 0x0fff, 0x0fff, 0x0fff, 0x0fff, 0x0fff,
    0x0fff, 0x0fff, 0x0fff, 0x0fff, 0x0fff, 0x0fff, 0x0fff, 0x0fff, 0x0fff, 0x0fff, 0x0fff, 0x0fff,
    0x0fff, 0x0fff, 0x0fff, 0x0fff, 0x0fff, 0x0fff, 0x0fff, 0x0fff, 0x0fff, 0x0fff, 0x0fff, 0x0fff,
    0x0fff, 0x0fff, 0x0fff, 0x0fff, 0x0fff, 0x0fff, 0x0fff, 0x0fff, 0x0fff, 0x0fff, 0x0fff, 0x0fff,
    0x0fff, 0x0fff, 0x0fff, 0x0fff, 0x0fff, 0x0fff, 0x0fff, 0x0fff, 0x0fff, 0x0fff, 0x0fff, 0x0fff,
    0x0fff, 0x0fff, 0x0fff, 0x0fff, 0x0fff, 0x0fff, 0x0fff, 0x0fff, 0x0fff, 0x0fff, 0x0fff, 0x1fff,
    0x6fff, 0x4fff, 0x0fff, 0x0fff, 0x1fff, 0x3fff, 0x0fff, 0x0fff, 0x0fff, 0x0fff, 0x0fff, 0x0fff,
    0x0fff, 0x0fff, 0x0fff, 0x0fff, 0x0fff, 0x0fff, 0x2fff, 0x0fff, 0x0fff, 0x0fff, 0x0fff, 0x0fff,
    0x0fff, 0x0fff, 0x0fff, 0x0fff, 0x0fff, 0x3fff, 0x0fff, 0x0fff, 0x0fff, 0x0fff, 0x0fff, 0x0fff,
    0x0fff, 0x0fff, 0x0fff, 0x0fff, 0x0fff, 0x0fff, 0x0fff, 0x0fff, 0x0fff, 0x0fff, 0x0fff, 0x0fff,
    0x0fff, 0x0fff, 0x0fff, 0x0fff, 0x0fff, 0x0fff, 0x0fff, 0x0fff, 0x0fff, 0x0fff, 0x0fff, 0x0fff,
    0x0fff, 0x0fff, 0x0fff, 0x7fff, 0x6fff, 0x0fff, 0x0fff, 0x1fff, 0x6fff, 0x4fff, 0x0fff, 0x0fff,
    0x0fff, 0x0fff, 0x0fff, 0x0fff, 0x0fff, 0x0fff, 0x0fff, 0x0fff, 0x0fff, 0x2fff, 0x3fff, 0x0fff,
    0x0fff, 0x0fff, 0x0fff, 0x0fff, 0x0fff, 0x0fff, 0x0fff, 0x0fff, 0x0fff, 0x3fff, 0x2fff, 0x0fff,
    0x0fff, 0x0fff, 0x0fff, 0x0fff, 0x0fff, 0x2fff, 0x0fff, 0x0fff, 0x0fff, 0x0fff, 0x0fff, 0x0fff,
    0x0fff, 0x0fff, 0x0fff, 0x0fff, 0x0fff, 0x0fff, 0x0fff, 0x0fff, 0x0fff, 0x0fff, 0x0fff, 0x0fff,
    0x0fff, 0x0fff, 0x0fff, 0x0fff, 0x0fff, 0x0fff, 0x0fff, 0x0fff, 0x4fff, 0x4fff, 0x0fff, 0x0fff,
    0x0fff, 0x0fff, 0x0fff, 0x0fff, 0x0fff, 0x0fff, 0x0fff, 0x0fff, 0x0fff, 0x0fff, 0x3fff, 0x3fff,
    0x0fff, 0x0fff, 0x0fff, 0x0fff, 0x0fff, 0x0fff, 0x0fff, 0x0fff, 0x0fff, 0x0fff, 0x0fff, 0x0fff,
    0x0fff, 0x0fff, 0x0fff, 0x0fff, 0x0fff, 0x0fff, 0x0fff, 0x0fff, 0x0fff, 0x0fff, 0x0fff, 0x0fff,
    0x0fff, 0x0fff, 0x0fff, 0x0fff, 0x0fff, 0x0fff, 0x0fff, 0x0fff, 0x0fff, 0x0fff, 0x0fff, 0x0fff,
    0x0fff, 0x0fff, 0x0fff, 0x0fff, 0x0fff, 0x0fff, 0x0fff, 0x0fff, 0x0fff, 0x0fff, 0x0fff, 0x0fff,
    0x0fff, 0x0fff, 0x0fff, 0x0fff, 0x0fff, 0x0fff, 0x0fff, 0x0fff, 0x0fff, 0x0fff, 0x0fff, 0x0fff,
    0x0fff, 0x0fff, 0x0fff, 0x0fff, 0x0fff, 0x0fff, 0x0fff, 0x0fff, 0x0fff, 0x0fff, 0x0fff, 0x0fff,
    0x0fff, 0x0fff, 0x0fff, 0x0fff, 0x0fff, 0x0fff, 0x0fff, 0x0fff, 0x0fff, 0x0fff, 0x0fff, 0x0fff,
    0x0fff, 0x0fff, 0x0fff, 0x0fff, 0x0fff, 0x0fff, 0x0fff, 0x0fff, 0x0fff, 0x0fff, 0x0fff, 0x0fff,
    0x0fff, 0x0fff, 0x0fff, 0x0fff, 0x0fff, 0x0fff, 0x0fff, 0x0fff, 0x0fff, 0x0fff, 0x0fff, 0x0fff,
    0x0fff, 0x0fff, 0x0fff, 0x0fff, 0x0fff, 0x0fff, 0x0fff, 0x0fff, 0x0fff, 0x0fff, 0x0fff, 0x0fff,
    0x0fff, 0x0fff, 0x0fff, 0x0fff, 0x0fff, 0x0fff, 0x0fff, 0x0fff, 0x0fff, 0x0fff, 0x0fff, 0x0fff,
    0x0fff, 0x0fff, 0x0fff, 0x0fff, 0x0fff, 0x0fff, 0x0fff, 0x0fff, 0x0fff, 0x0fff, 0x0fff, 0x0fff,
    0x0fff, 0x0fff, 0x0fff, 0x0fff, 0x0fff, 0x0fff, 0x0fff, 0x0fff, 0x0fff, 0x0fff, 0x0fff, 0x0fff,
    0x0fff, 0x0fff, 0x0fff, 0x0fff, 0x0fff, 0x0fff, 0x0fff, 0x0fff, 0x0fff, 0x0fff, 0x0fff, 0x0fff,
    0x0fff, 0x0fff, 0x0fff, 0x0fff, 0x0fff, 0x0fff, 0x0fff, 0x0fff, 0x0fff, 0x0fff, 0x0fff, 0x0fff,
    0x0fff, 0x0fff, 0x0fff, 0x0fff, 0x0fff, 0x0fff, 0x0fff, 0x0fff, 0x0fff, 0x0fff, 0x0fff, 0x0fff,
    0x0fff, 0x0fff, 0x0fff, 0x0fff, 0x0fff, 0x0fff, 0x0fff, 0x0fff, 0x0fff, 0x0fff, 0x0fff, 0x0fff,
    0x0fff, 0x0fff, 0x0fff, 0x0fff, 0x0fff, 0x0fff, 0x0fff, 0x0fff, 0x0fff, 0x0fff, 0x0fff, 0x0fff,
    0x0fff, 0x0fff, 0x0fff, 0x0fff, 0x0fff, 0x0fff, 0x0fff, 0x0fff, 0x0fff, 0x0fff, 0x0fff, 0x0fff,
    0x0fff, 0x0fff, 0x0fff, 0x0fff, 0x0fff, 0x0fff, 0x0fff, 0x0fff, 0x0fff, 0x0fff, 0x0fff, 0x0fff,
    0x0fff, 0x0fff, 0x0fff, 0x0fff, 0x0fff, 0x0fff, 0x0fff, 0x0fff, 0x0fff, 0x0fff, 0x0fff, 0x0fff,
    0x0fff, 0x0fff, 0x0fff, 0x0fff, 0x0fff, 0x0fff, 0x0fff, 0x0fff, 0x0fff, 0x0fff, 0x0fff, 0x0fff,
    0x0fff, 0x0fff, 0x0fff, 0x0fff, 0x0fff, 0x0fff, 0x0fff, 0x0fff, 0x0fff, 0x0fff, 0x0fff, 0x0fff,
    0x0fff, 0x0fff, 0x0fff, 0x0fff, 0x0fff, 0x0fff, 0x0fff, 0x0fff, 0x0fff, 0x0fff, 0x0fff, 0x0fff,
    0x0fff, 0x0fff, 0x0fff, 0x0fff, 0x0fff, 0x0fff, 0x0fff, 0x0fff, 0x0fff, 0x0fff, 0x0fff, 0x0fff,
    0x0fff, 0x0fff, 0x0fff, 0x0fff, 0x0fff, 0x0fff, 0x0fff, 0x0fff, 0x0fff, 0x0fff, 0x0fff, 0x0fff,
    0x0fff, 0x0fff, 0x0fff, 0x0fff, 0x0fff, 0x0fff, 0x0fff, 0x0fff, 0x0fff, 0x0fff, 0x0fff, 0x0fff,
    0x0fff, 0x0fff, 0x0fff, 0x0fff, 0x0fff, 0x0fff, 0x0fff, 0x0fff, 0x0fff, 0x0fff, 0x0fff, 0x0fff,
    0x0fff, 0x0fff, 0x0fff, 0x0fff, 0x0fff, 0x0fff, 0x0fff, 0x0fff, 0x0fff, 0x0fff, 0x0fff, 0x0fff,
    0x0fff, 0x0fff, 0x0fff, 0x0fff, 0x0fff, 0x0fff, 0x0fff, 0x0fff, 0x0fff, 0x0fff, 0x0fff, 0x0fff,
    0x0fff, 0x0fff, 0x0fff, 0x0fff, 0x0fff, 0x0fff, 0x0fff, 0x0fff, 0x0fff, 0x0fff, 0x0fff, 0x0fff,
    0x0fff, 0x0fff, 0x0fff, 0x0fff, 0x0fff, 0x0fff, 0x0fff, 0x0fff, 0x0fff, 0x0fff, 0x0fff, 0x0fff,
    0x0fff, 0x0fff, 0x0fff, 0x0fff, 0x0fff, 0x0fff, 0x0fff, 0x0fff, 0x0fff, 0x0fff, 0x0fff, 0x0fff,
    0x0fff, 0x0fff, 0x0fff, 0x0fff, 0x0fff, 0x0fff, 0x0fff, 0x0fff, 0x0fff, 0x0fff, 0x0fff, 0x0fff,
    0x0fff, 0x0fff, 0x0fff, 0x0fff, 0x0fff, 0x0fff, 0x0fff, 0x0fff, 0x0fff, 0x0fff, 0x0fff, 0x0fff,
    0x0fff, 0x0fff, 0x0fff, 0x0fff, 0x0fff, 0x0fff, 0x0fff, 0x0fff, 0x0fff, 0x0fff, 0x0fff, 0x0fff,
    0x0fff, 0x0fff, 0x0fff, 0x0fff, 0x0fff, 0x0fff, 0x0fff, 0x0fff, 0x0fff, 0x0fff, 0x0fff, 0x0fff,
    0x0fff, 0x0fff, 0x0fff, 0x0fff, 0x0fff, 0x0fff, 0x0fff, 0x0fff, 0x0fff, 0x0fff, 0x0fff, 0x0fff,
    0x0fff, 0x0fff, 0x0fff, 0x0fff, 0x0fff, 0x0fff, 0x0fff, 0x0fff, 0x0fff, 0x0fff, 0x0fff, 0x0fff,
    0x0fff, 0x0fff, 0x0fff, 0x0fff, 0x0fff, 0x0fff, 0x0fff, 0x0fff, 0x0fff, 0x0fff, 0x0fff, 0x0fff,
    0x0fff, 0x0fff, 0x0fff, 0x0fff, 0x0fff, 0x0fff, 0x0fff, 0x0fff, 0x0fff, 0x0fff, 0x0fff, 0x0fff,
    0x0fff, 0x0fff, 0x0fff, 0x0fff, 0x0fff, 0x0fff, 0x0fff, 0x0fff, 0x0fff, 0x0fff, 0x0fff, 0x0fff,
    0x0fff, 0x0fff, 0x0fff, 0x0fff, 0x0fff, 0x0fff, 0x0fff, 0x0fff, 0x0fff, 0x0fff, 0x0fff, 0x0fff,
    0x0fff, 0x0fff, 0x0fff, 0x0fff, 0x0fff, 0x0fff, 0x0fff, 0x0fff, 0x0fff, 0x0fff, 0x0fff, 0x0fff,
    0x0fff, 0x0fff, 0x0fff, 0x0fff, 0x0fff, 0x0fff, 0x0fff, 0x0fff, 0x0fff, 0x0fff, 0x0fff, 0x0fff,
    0x0fff, 0x0fff, 0x0fff, 0x0fff, 0x0fff, 0x0fff, 0x0fff, 0x0fff, 0x0fff, 0x0fff, 0x0fff, 0x0fff,
    0x0fff, 0x0fff, 0x0fff, 0x0fff, 0x0fff, 0x0fff, 0x0fff, 0x0fff, 0x0fff, 0x0fff, 0x0fff, 0x0fff,
    0x0fff, 0x0fff, 0x0fff, 0x0fff, 0x0fff, 0x0fff, 0x0fff, 0x0fff, 0x0fff, 0x0fff, 0x0fff, 0x0fff,
    0x0fff, 0x0fff, 0x0fff, 0x0fff, 0x0fff, 0x0fff, 0x0fff, 0x0fff, 0x0fff, 0x0fff, 0x0fff, 0x0fff,
    0x0fff, 0x0fff, 0x0fff, 0x0fff, 0x0fff, 0x0fff, 0x0fff, 0x0fff, 0x0fff, 0x0fff, 0x0fff, 0x0fff,
    0x0fff, 0x0fff, 0x0fff, 0x0fff, 0x0fff, 0x0fff, 0x0fff, 0x0fff, 0x0fff, 0x0fff, 0x0fff, 0x0fff,
    0x0fff, 0x0fff, 0x0fff, 0x0fff, 0x0fff, 0x0fff, 0x0fff, 0x0fff, 0x0fff, 0x0fff, 0x0fff, 0x0fff,
    0x0fff, 0x0fff, 0x0fff, 0x0fff, 0x0fff, 0x0fff, 0x0fff, 0x0fff, 0x0fff, 0x0fff, 0x0fff, 0x0fff,
    0x0fff, 0x0fff, 0x0fff, 0x0fff, 0x0fff, 0x0fff, 0x0fff, 0x0fff, 0x0fff, 0x0fff, 0x0fff, 0x0fff,
    0x0fff, 0x0fff, 0x0fff, 0x0fff, 0x0fff, 0x0fff, 0x0fff, 0x0fff, 0x0fff, 0x0fff, 0x0fff, 0x0fff,
    0x0fff, 0x0fff, 0x0fff, 0x0fff, 0x0fff, 0x0fff, 0x0fff, 0x0fff, 0x0fff, 0x0fff, 0x0fff, 0x0fff,
    0x0fff, 0x0fff, 0x0fff, 0x0fff, 0x0fff, 0x0fff, 0x0fff, 0x0fff, 0x0fff, 0x0fff, 0x0fff, 0x0fff,
    0x0fff, 0x0fff, 0x0fff, 0x0fff, 0x0fff, 0x0fff, 0x0fff, 0x0fff, 0x0fff, 0x0fff, 0x0fff, 0x0fff,
    0x0fff, 0x0fff, 0x0fff, 0x0fff, 0x0fff, 0x0fff, 0x0fff, 0x0fff, 0x0fff, 0x0fff, 0x0fff, 0x0fff,
    0x0fff, 0x0fff, 0x0fff, 0x0fff, 0x0fff, 0x0fff, 0x0fff, 0x0fff, 0x0fff, 0x0fff, 0x0fff, 0x0fff,
    0x0fff, 0x0fff, 0x0fff, 0x0fff, 0x0fff, 0x0fff, 0x0fff, 0x0fff, 0x0fff, 0x0fff, 0x0fff, 0x0fff,
    0x0fff, 0x0fff, 0x0fff, 0x0fff, 0x0fff, 0x0fff, 0x0fff, 0x0fff, 0x0fff, 0x0fff, 0x0fff, 0x0fff,
    0x0fff, 0x0fff, 0x0fff, 0x0fff, 0x0fff, 0x0fff, 0x0fff, 0x0fff, 0x0fff, 0x0fff, 0x0fff, 0x0fff,
    0x0fff, 0x0fff, 0x0fff, 0x0fff, 0x0fff, 0x0fff, 0x0fff, 0x0fff, 0x0fff, 0x0fff, 0x0fff, 0x0fff,
    0x0fff, 0x0fff, 0x0fff, 0x0fff, 0x0fff, 0x0fff, 0x0fff, 0x0fff, 0x0fff, 0x0fff, 0x0fff, 0x0fff,
    0x0fff, 0x0fff, 0x0fff, 0x0fff, 0x0fff, 0x0fff, 0x0fff, 0x0fff, 0x0fff, 0x0fff, 0x0fff, 0x0fff,
    0x0fff, 0x0fff, 0x0fff, 0x0fff, 0x0fff, 0x0fff, 0x0fff, 0x0fff, 0x0fff, 0x0fff, 0x0fff, 0x0fff,
    0x0fff, 0x0fff, 0x0fff, 0x0fff, 0x0fff, 0x0fff, 0x0fff, 0x0fff, 0x0fff, 0x0fff, 0x0fff, 0x0fff,
    0x0fff, 0x0fff, 0x0fff, 0x0fff, 0x0fff, 0x0fff, 0x0fff, 0x0fff, 0x0fff, 0x0fff, 0x0fff, 0x0fff,
    0x0fff, 0x0fff, 0x0fff, 0x0fff, 0x0fff, 0x0fff, 0x0fff, 0x0fff, 0x0fff, 0x0fff, 0x0fff, 0x0fff,
    0x0000, 0x0000, 0x0000, 0x0000, 0x0000, 0x0000, 0x0000, 0x0000, 0x0000, 0x0000, 0x0000, 0x0000,
    0x0000, 0x0000, 0x0000, 0x0000, 0x0000, 0x0000, 0x0000, 0x0000, 0x0000, 0x0000, 0x0000, 0x0000,
    0x0000, 0x0000, 0x0000, 0x0000, 0x0000, 0x0000, 0x0000, 0x0000, 0x0fff, 0x0fff, 0x0fff, 0x0fff,
    0x0fff, 0x0fff, 0x0fff, 0x0fff, 0x0fff, 0x0fff, 0x0fff, 0x0fff, 0x0fff, 0x0fff, 0x0fff, 0x0fff,
    0x0fff, 0x0fff, 0x0fff, 0x0fff, 0x0fff, 0x0fff, 0x0fff, 0x0fff, 0x0fff, 0x0fff, 0x0fff, 0x0fff,
    0x0fff, 0x0fff, 0x0fff, 0x0fff, 0x0fff, 0x0fff, 0x0fff, 0x0fff, 0x0fff, 0x0fff, 0x0fff, 0x0fff,
    0x0fff, 0x0fff, 0x0fff, 0x0fff, 0x0fff, 0x0fff, 0x0fff, 0x0fff, 0x0fff, 0x0fff, 0x0fff, 0x0fff,
    0x0fff, 0x0fff, 0x0fff, 0x0fff, 0x0fff, 0x0fff, 0x0fff, 0x0fff, 0x0fff, 0x0fff, 0x0fff, 0x0fff,
    0x0fff, 0x0fff, 0x0fff, 0x0fff, 0x0fff, 0x0fff, 0x0fff, 0x0fff, 0x0fff, 0x0fff, 0x0fff, 0x0fff,
    0x0fff, 0x0fff, 0x0fff, 0x0fff, 0x0fff, 0x0fff, 0x0fff, 0x0fff, 0x0fff, 0x0fff, 0x0fff, 0x0fff,
    0x0fff, 0x0fff, 0x0fff, 0x0fff, 0x0fff, 0x0fff, 0x0fff, 0x0fff, 0x0fff, 0x0fff, 0x0fff, 0x0fff,
    0x0fff, 0x0fff, 0x0fff, 0x0fff, 0x0fff, 0x0fff, 0x0fff, 0x0fff, 0x0fff, 0x0fff, 0x0fff, 0x0fff,
    0x0fff, 0x0fff, 0x0fff, 0x0fff, 0x0fff, 0x0fff, 0x0fff, 0x0fff, 0x0fff, 0x0fff, 0x0fff, 0x0fff,
    0x0fff, 0x0fff, 0x0fff, 0x0fff, 0x0fff, 0x0fff, 0x0fff, 0x0fff, 0x0fff, 0x0fff, 0x0fff, 0x0fff,
    0x0fff, 0x0fff, 0x0fff, 0x0fff, 0x0fff, 0x0fff, 0x0fff, 0x0fff, 0x0fff, 0x0fff, 0x0fff, 0x0fff,
    0x0fff, 0x0fff, 0x0fff, 0x0fff, 0x0fff, 0x0fff, 0x0fff, 0x0fff, 0x0fff, 0x0fff, 0x0fff, 0x0fff,
    0x0fff, 0x0fff, 0x0fff, 0x0fff, 0x0fff, 0x0fff, 0x0fff, 0x0fff, 0x0fff, 0x0fff, 0x0fff, 0x0fff,
    0x0fff, 0x0fff, 0x0fff, 0x0fff, 0x0fff, 0x0fff, 0x0fff, 0x0fff, 0x0fff, 0x0fff, 0x0fff, 0x0fff,
    0x0fff, 0x0fff, 0x0fff, 0x0fff, 0x0fff, 0x0fff, 0x0fff, 0x0fff, 0x0fff, 0x0fff, 0x0fff, 0x0fff,
    0x0fff, 0x0fff, 0x0fff, 0x0fff, 0x0fff, 0x0fff, 0x0fff, 0x0fff, 0x0fff, 0x0fff, 0x0fff, 0x0fff,
    0x0fff, 0x0fff, 0x0fff, 0x0fff, 0x0fff, 0x0fff, 0x0fff, 0x0fff, 0x0fff, 0x0fff, 0x0fff, 0x0fff,
    0x0fff, 0x0fff, 0x0fff, 0x0fff, 0x0000, 0x0000, 0x0000, 0x0000, 0x0000, 0x0000, 0x0000, 0x0000,
    0x0000, 0x0000, 0x0000, 0x0000, 0x0000, 0x0000, 0x0000, 0x0000, 0x0000, 0x0000, 0x0000, 0x0000,
    0x0000, 0x0000, 0x0000, 0x0000, 0x0000, 0x0000, 0x0000, 0x0000, 0x0000, 0x0000, 0x0000, 0x0000,
    0x0fff, 0x0fff, 0x0fff, 0x0fff, 0x0fff, 0x0fff, 0x0fff, 0x0fff, 0x0fff, 0x0fff, 0x0fff, 0x0fff,
    0x0fff, 0x0fff, 0x0fff, 0x0fff, 0x0fff, 0x0fff, 0x0fff, 0x0fff, 0x0fff, 0x0fff, 0x0fff, 0x0fff,
    0x0fff, 0x0fff, 0x0fff, 0x0fff, 0x0fff, 0x0fff, 0x0fff, 0x0fff, 0x0fff, 0x0fff, 0x0fff, 0x0fff,
    0x0fff, 0x0fff, 0x0fff, 0x0fff, 0x0fff, 0x0fff, 0x0fff, 0x0fff, 0x0fff, 0x0fff, 0x0fff, 0x0fff,
    0x0fff, 0x0fff, 0x0fff, 0x0fff, 0x0fff, 0x0fff, 0x0fff, 0x0fff, 0x0fff, 0x0fff, 0x0fff, 0x0fff,
    0x0fff, 0x0fff, 0x0fff, 0x0fff, 0x0fff, 0x0fff, 0x0fff, 0x0fff, 0x0fff, 0x0fff, 0x0fff, 0x0fff,
    0x0fff, 0x0fff, 0x0fff, 0x0fff, 0x0fff, 0x0fff, 0x0fff, 0x0fff, 0x0fff, 0x0fff, 0x0fff, 0x0fff,
    0x0fff, 0x0fff, 0x0fff, 0x0fff, 0x0fff, 0x0fff, 0x0fff, 0x0fff, 0x0fff, 0x0fff, 0x0fff, 0x0fff,
    0x0fff, 0x0fff, 0x0fff, 0x0fff, 0x0fff, 0x0fff, 0x0fff, 0x0fff, 0x0fff, 0x0fff, 0x0fff, 0x0fff,
    0x0fff, 0x0fff, 0x0fff, 0x0fff, 0x0fff, 0x0fff, 0x0fff, 0x0fff, 0x0fff, 0x0fff, 0x0fff, 0x0fff,
    0x0fff, 0x0fff, 0x0fff, 0x0fff, 0x0fff, 0x0fff, 0x0fff, 0x0fff, 0x0fff, 0x0fff, 0x0fff, 0x0fff,
    0x0fff, 0x0fff, 0x0fff, 0x0fff, 0x0fff, 0x0fff, 0x0fff, 0x0fff, 0x0fff, 0x0fff, 0x0fff, 0x0fff,
    0x0fff, 0x0fff, 0x0fff, 0x0fff, 0x0fff, 0x0fff, 0x0fff, 0x0fff, 0x0fff, 0x0fff, 0x0fff, 0x0fff,
    0x0fff, 0x0fff, 0x0fff, 0x0fff, 0x0fff, 0x0fff, 0x0fff, 0x0fff, 0x0fff, 0x0fff, 0x0fff, 0x0fff,
    0x0fff, 0x0fff, 0x0fff, 0x0fff, 0x0fff, 0x0fff, 0x0fff, 0x0fff, 0x0fff, 0x0fff, 0x0fff, 0x0fff,
    0x0fff, 0x0fff, 0x0fff, 0x0fff, 0x0fff, 0x0fff, 0x0fff, 0x0fff, 0x0fff, 0x0fff, 0x0fff, 0x0fff,
    0x0fff, 0x0fff, 0x0fff, 0x0fff, 0x0fff, 0x0fff, 0x0fff, 0x0fff, 0x0fff, 0x0fff, 0x0fff, 0x0fff,
    0x0fff, 0x0fff, 0x0fff, 0x0fff, 0x0fff, 0x0fff, 0x0fff, 0x0fff, 0x0fff, 0x0fff, 0x0fff, 0x0fff,
    0x0fff, 0x0fff, 0x0fff, 0x0fff, 0x0fff, 0x0fff, 0x0fff, 0x0fff, 0x0000, 0x0000, 0x0000, 0x0000,
    0x0000, 0x0000, 0x0000, 0x0000, 0x0000, 0x0000, 0x0000, 0x0000, 0x0000, 0x0000, 0x0000, 0x0000,
    0x0000, 0x0000, 0x0000, 0x0000, 0x0000, 0x0000, 0x0000, 0x0000, 0x0000, 0x0000, 0x0000, 0x0000,
    0x0000, 0x0000, 0x0000, 0x0000, 0x0fff, 0x0fff, 0x0fff, 0x0fff, 0x0fff, 0x0fff, 0x0fff, 0x0fff,
    0x0fff, 0x0fff, 0x0fff, 0x0fff, 0x0fff, 0x0fff, 0x0fff, 0x0fff, 0x0fff, 0x0fff, 0x0fff, 0x0fff,
    0x0fff, 0x0fff, 0x0fff, 0x0fff, 0x0fff, 0x0fff, 0x0fff, 0x0fff, 0x0fff, 0x0fff, 0x0fff, 0x0fff,
    0x0fff, 0x0fff, 0x0fff, 0x0fff, 0x0fff, 0x0fff, 0x0fff, 0x0fff, 0x0fff, 0x0fff, 0x0fff, 0x0fff,
    0x0fff, 0x0fff, 0x0fff, 0x0fff, 0x0fff, 0x0fff, 0x0fff, 0x0fff, 0x0fff, 0x0fff, 0x0fff, 0x0fff,
    0x0fff, 0x0fff, 0x0fff, 0x0fff, 0x0fff, 0x0fff, 0x0fff, 0x0fff, 0x0fff, 0x0fff, 0x0fff, 0x0fff,
    0x0fff, 0x0fff, 0x0fff, 0x0fff, 0x0fff, 0x0fff, 0x0fff, 0x0fff, 0x0fff, 0x0fff, 0x0fff, 0x0fff,
    0x0fff, 0x0fff, 0x0fff, 0x0fff, 0x0fff, 0x0fff, 0x0fff, 0x0fff, 0x0fff, 0x0fff, 0x0fff, 0x0fff,
    0x0fff, 0x0fff, 0x0fff, 0x0fff, 0x0fff, 0x0fff, 0x0fff, 0x0fff, 0x0fff, 0x0fff, 0x0fff, 0x0fff,
    0x0fff, 0x0fff, 0x0fff, 0x0fff, 0x0fff, 0x0fff, 0x0fff, 0x0fff, 0x0fff, 0x0fff, 0x0fff, 0x0fff,
    0x0fff, 0x0fff, 0x0fff, 0x0fff, 0x0fff, 0x0fff, 0x0fff, 0x0fff, 0x0fff, 0x0fff, 0x0fff, 0x0fff,
    0x0fff, 0x0fff, 0x0fff, 0x0fff, 0x0fff, 0x0fff, 0x0fff, 0x0fff, 0x0fff, 0x0fff, 0x0fff, 0x0fff,
    0x0fff, 0x0fff, 0x0fff, 0x0fff, 0x0fff, 0x0fff, 0x0fff, 0x0fff, 0x0fff, 0x0fff, 0x0fff, 0x0fff,
    0x0fff, 0x0fff, 0x0fff, 0x0fff, 0x0fff, 0x0fff, 0x0fff, 0x0fff, 0x0fff, 0x0fff, 0x0fff, 0x0fff,
    0x0fff, 0x0fff, 0x0fff, 0x0fff, 0x0fff, 0x0fff, 0x0fff, 0x0fff, 0x0fff, 0x0fff, 0x0fff, 0x0fff,
    0x0fff, 0x0fff, 0x0fff, 0x0fff, 0x0fff, 0x0fff, 0x0fff, 0x0fff, 0x0fff, 0x0fff, 0x0fff, 0x0fff,
    0x0fff, 0x0fff, 0x0fff, 0x0fff, 0x0fff, 0x0fff, 0x0fff, 0x0fff, 0x0fff, 0x0fff, 0x0fff, 0x0fff,
    0x0fff, 0x0fff, 0x0fff, 0x0fff, 0x0fff, 0x0fff, 0x0fff, 0x0fff, 0x0fff, 0x0fff, 0x0fff, 0x0fff,
    0x0fff, 0x0fff, 0x0fff, 0x0fff, 0x0fff, 0x0fff, 0x0fff, 0x0fff, 0x0fff, 0x0fff, 0x0fff, 0x0fff,
    0x0000, 0x0000, 0x0000, 0x0000, 0x0000, 0x0000, 0x0000, 0x0000, 0x0000, 0x0000, 0x0000, 0x0000,
    0x0000, 0x0000, 0x0000, 0x0000, 0x0000, 0x0000, 0x0000, 0x0000, 0x0000, 0x0000, 0x0000, 0x0000,
    0x0000, 0x0000, 0x0000, 0x0000, 0x0000, 0x0000, 0x0000, 0x0000, 0x0fff, 0x0fff, 0x0fff, 0x0fff,
    0x0fff, 0x0fff, 0x0fff, 0x0fff, 0x0fff, 0x0fff, 0x0fff, 0x0fff, 0x0fff, 0x0fff, 0x0fff, 0x0fff,
    0x0fff, 0x0fff, 0x0fff, 0x0fff, 0x0fff, 0x0fff, 0x0fff, 0x0fff, 0x0fff, 0x0fff, 0x0fff, 0x0fff,
    0x0fff, 0x0fff, 0x0fff, 0x0fff, 0x0fff, 0x0fff, 0x0fff, 0x0fff, 0x0fff, 0x0fff, 0x0fff, 0x0fff,
    0x0fff, 0x0fff, 0x0fff, 0x0fff, 0x0fff, 0x0fff, 0x0fff, 0x0fff, 0x0fff, 0x0fff, 0x0fff, 0x0fff,
    0x0fff, 0x0fff, 0x0fff, 0x0fff, 0x0fff, 0x0fff, 0x0fff, 0x0fff, 0x0fff, 0x0fff, 0x0fff, 0x0fff,
    0x0fff, 0x0fff, 0x0fff, 0x0fff, 0x0fff, 0x0fff, 0x0fff, 0x0fff, 0x0fff, 0x0fff, 0x0fff, 0x0fff,
    0x0fff, 0x0fff, 0x0fff, 0x0fff, 0x0fff, 0x0fff, 0x0fff, 0x0fff, 0x0fff, 0x0fff, 0x0fff, 0x0fff,
    0x0fff, 0x0fff, 0x0fff, 0x0fff, 0x0fff, 0x0fff, 0x0fff, 0x0fff, 0x0fff, 0x0fff, 0x0fff, 0x0fff,
    0x0fff, 0x0fff, 0x0fff, 0x0fff, 0x0fff, 0x0fff, 0x0fff, 0x0fff, 0x0fff, 0x0fff, 0x0fff, 0x0fff,
    0x0fff, 0x0fff, 0x0fff, 0x0fff, 0x0fff, 0x0fff, 0x0fff, 0x0fff, 0x0fff, 0x0fff, 0x0fff, 0x0fff,
    0x0fff, 0x0fff, 0x0fff, 0x0fff, 0x0fff, 0x0fff, 0x0fff, 0x0fff, 0x0fff, 0x0fff, 0x0fff, 0x0fff,
    0x0fff, 0x0fff, 0x0fff, 0x0fff, 0x0fff, 0x0fff, 0x0fff, 0x0fff, 0x0fff, 0x0fff, 0x0fff, 0x0fff,
    0x0fff, 0x0fff, 0x0fff, 0x0fff, 0x0fff, 0x0fff, 0x0fff, 0x0fff, 0x0fff, 0x0fff, 0x0fff, 0x0fff,
    0x0fff, 0x0fff, 0x0fff, 0x0fff, 0x0fff, 0x0fff, 0x0fff, 0x0fff, 0x0fff, 0x0fff, 0x0fff, 0x0fff,
    0x0fff, 0x0fff, 0x0fff, 0x0fff, 0x0fff, 0x0fff, 0x0fff, 0x0fff, 0x0fff, 0x0fff, 0x0fff, 0x0fff,
    0x0fff, 0x0fff, 0x0fff, 0x0fff, 0x0fff, 0x0fff, 0x0fff, 0x0fff, 0x0fff, 0x0fff, 0x0fff, 0x0fff,
    0x0fff, 0x0fff, 0x0fff, 0x0fff, 0x0fff, 0x0fff, 0x0fff, 0x0fff, 0x0fff, 0x0fff, 0x0fff, 0x0fff,
    0x0fff, 0x0fff, 0x0fff, 0x0fff, 0x0fff, 0x0fff, 0x0fff, 0x0fff, 0x0fff, 0x0fff, 0x0fff, 0x0fff,
    0x0fff, 0x0fff, 0x0fff, 0x0fff, 0x0000, 0x0000, 0x0000, 0x0000, 0x0000, 0x0000, 0x0000, 0x0000,
    0x0000, 0x0000, 0x0000, 0x0000, 0x0000, 0x0000, 0x0000, 0x0000, 0x0000, 0x0000, 0x0000, 0x0000,
    0x0000, 0x0000, 0x0000, 0x0000, 0x0000, 0x0000, 0x0000, 0x0000, 0x0000, 0x0000, 0x0000, 0x0000,
    0x0fff, 0x0fff, 0x0fff, 0x0fff, 0x0fff, 0x0fff, 0x0fff, 0x0fff, 0x0fff, 0x0fff, 0x0fff, 0x0fff,
    0x0fff, 0x0fff, 0x0fff, 0x0fff, 0x0fff, 0x0fff, 0x0fff, 0x0fff, 0x0fff, 0x0fff, 0x0fff, 0x0fff,
    0x0fff, 0x0fff, 0x0fff, 0x0fff, 0x0fff, 0x0fff, 0x0fff, 0x0fff, 0x0fff, 0x0fff, 0x0fff, 0x0fff,
    0x0fff, 0x0fff, 0x0fff, 0x0fff, 0x0fff, 0x0fff, 0x0fff, 0x0fff, 0x0fff, 0x0fff, 0x0fff, 0x0fff,
    0x0fff, 0x0fff, 0x0fff, 0x0fff, 0x0fff, 0x0fff, 0x0fff, 0x0fff, 0x0fff, 0x0fff, 0x0fff, 0x0fff,
    0x0fff, 0x0fff, 0x0fff, 0x0fff, 0x0fff, 0x0fff, 0x0fff, 0x0fff, 0x0fff, 0x0fff, 0x0fff, 0x0fff,
    0x0fff, 0x0fff, 0x0fff, 0x0fff, 0x0fff, 0x0fff, 0x0fff, 0x0fff, 0x0fff, 0x0fff, 0x0fff, 0x0fff,
    0x0fff, 0x0fff, 0x0fff, 0x0fff, 0x0fff, 0x0fff, 0x0fff, 0x0fff, 0x0fff, 0x0fff, 0x0fff, 0x0fff,
    0x0fff, 0x0fff, 0x0fff, 0x0fff, 0x0fff, 0x0fff, 0x0fff, 0x0fff, 0x0fff, 0x0fff, 0x0fff, 0x0fff,
    0x0fff, 0x0fff, 0x0fff, 0x0fff, 0x0fff, 0x0fff, 0x0fff, 0x0fff, 0x0fff, 0x0fff, 0x0fff, 0x0fff,
    0x0fff, 0x0fff, 0x0fff, 0x0fff, 0x0fff, 0x0fff, 0x0fff, 0x0fff, 0x0fff, 0x0fff, 0x0fff, 0x0fff,
    0x0fff, 0x0fff, 0x0fff, 0x0fff, 0x0fff, 0x0fff, 0x0fff, 0x0fff, 0x0fff, 0x0fff, 0x0fff, 0x0fff,
    0x0fff, 0x0fff, 0x0fff, 0x0fff, 0x0fff, 0x0fff, 0x0fff, 0x0fff, 0x0fff, 0x0fff, 0x0fff, 0x0fff,
    0x0fff, 0x0fff, 0x0fff, 0x0fff, 0x0fff, 0x0fff, 0x0fff, 0x0fff, 0x0fff, 0x0fff, 0x0fff, 0x0fff,
    0x0fff, 0x0fff, 0x0fff, 0x0fff, 0x0fff, 0x0fff, 0x0fff, 0x0fff, 0x0fff, 0x0fff, 0x0fff, 0x0fff,
    0x0fff, 0x0fff, 0x0fff, 0x0fff, 0x0fff, 0x0fff, 0x0fff, 0x0fff, 0x0fff, 0x0fff, 0x0fff, 0x0fff,
    0x0fff, 0x0fff, 0x0fff, 0x0fff, 0x0fff, 0x0fff, 0x0fff, 0x0fff, 0x0fff, 0x0fff, 0x0fff, 0x0fff,
    0x0fff, 0x0fff, 0x0fff, 0x0fff, 0x0fff, 0x0fff, 0x0fff, 0x0fff, 0x0fff, 0x0fff, 0x0fff, 0x0fff,
    0x0fff, 0x0fff, 0x0fff, 0x0fff, 0x0fff, 0x0fff, 0x0fff, 0x0fff, 0x0000, 0x0000, 0x0000, 0x0000,
    0x0000, 0x0000, 0x0000, 0x0000, 0x0000, 0x0000, 0x0000, 0x0000, 0x0000, 0x0000, 0x0000, 0x0000,
    0x0000, 0x0000, 0x0000, 0x0000, 0x0000, 0x0000, 0x0000, 0x0000, 0x0000, 0x0000, 0x0000, 0x0000,
    0x0000, 0x0000, 0x0000, 0x0000, 0x0fff, 0x0fff, 0x0fff, 0x0fff, 0x0fff, 0x0fff, 0x0fff, 0x0fff,
    0x0fff, 0x0fff, 0x0fff, 0x0fff, 0x0fff, 0x0fff, 0x0fff, 0x0fff, 0x0fff, 0x0fff, 0x0fff, 0x0fff,
    0x0fff, 0x0fff, 0x0fff, 0x0fff, 0x0fff, 0x0fff, 0x0fff, 0x0fff, 0x0fff, 0x0fff, 0x0fff, 0x0fff,
    0x0fff, 0x0fff, 0x0fff, 0x0fff, 0x0fff, 0x0fff, 0x0fff, 0x0fff, 0x0fff, 0x0fff, 0x0fff, 0x0fff,
    0x0fff, 0x0fff, 0x0fff, 0x0fff, 0x0fff, 0x0fff, 0x0fff, 0x0fff, 0x0fff, 0x0fff, 0x0fff, 0x0fff,
    0x0fff, 0x0fff, 0x0fff, 0x0fff, 0x0fff, 0x0fff, 0x0fff, 0x0fff, 0x0fff, 0x0fff, 0x0fff, 0x0fff,
    0x0fff, 0x0fff, 0x0fff, 0x0fff, 0x0fff, 0x0fff, 0x0fff, 0x0fff, 0x0fff, 0x0fff, 0x0fff, 0x0fff,
    0x0fff, 0x0fff, 0x0fff, 0x0fff, 0x0fff, 0x0fff, 0x0fff, 0x0fff, 0x0fff, 0x0fff, 0x0fff, 0x0fff,
    0x0fff, 0x0fff, 0x0fff, 0x0fff, 0x0fff, 0x0fff, 0x0fff, 0x0fff, 0x0fff, 0x0fff, 0x0fff, 0x0fff,
    0x0fff, 0x0fff, 0x0fff, 0x0fff, 0x0fff, 0x0fff, 0x0fff, 0x0fff, 0x0fff, 0x0fff, 0x0fff, 0x0fff,
    0x0fff, 0x0fff, 0x0fff, 0x0fff, 0x0fff, 0x0fff, 0x0fff, 0x0fff, 0x0fff, 0x0fff, 0x0fff, 0x0fff,
    0x0fff, 0x0fff, 0x0fff, 0x0fff, 0x0fff, 0x0fff, 0x0fff, 0x0fff, 0x0fff, 0x0fff, 0x0fff, 0x0fff,
    0x0fff, 0x0fff, 0x0fff, 0x0fff, 0x0fff, 0x0fff, 0x0fff, 0x0fff, 0x0fff, 0x0fff, 0x0fff, 0x0fff,
    0x0fff, 0x0fff, 0x0fff, 0x0fff, 0x0fff, 0x0fff, 0x0fff, 0x0fff, 0x0fff, 0x0fff, 0x0fff, 0x0fff,
    0x0fff, 0x0fff, 0x0fff, 0x0fff, 0x0fff, 0x0fff, 0x0fff, 0x0fff, 0x0fff, 0x0fff, 0x0fff, 0x0fff,
    0x0fff, 0x0fff, 0x0fff, 0x0fff, 0x0fff, 0x0fff, 0x0fff, 0x0fff, 0x0fff, 0x0fff, 0x0fff, 0x0fff,
    0x0fff, 0x0fff, 0x0fff, 0x0fff, 0x0fff, 0x0fff, 0x0fff, 0x0fff, 0x0fff, 0x0fff, 0x0fff, 0x0fff,
    0x0fff, 0x0fff, 0x0fff, 0x0fff, 0x0fff, 0x0fff, 0x0fff, 0x0fff, 0x0fff, 0x0fff, 0x0fff, 0x0fff,
    0x0fff, 0x0fff, 0x0fff, 0x0fff, 0x0fff, 0x0fff, 0x0fff, 0x0fff, 0x0fff, 0x0fff, 0x0fff, 0x0fff,
    0x0000, 0x0000, 0x0000, 0x0000, 0x0000, 0x0000, 0x0000, 0x0000, 0x0000, 0x0000, 0x0000, 0x0000,
    0x0000, 0x0000, 0x0000, 0x0000, 0x0000, 0x0000, 0x0000, 0x0000, 0x0000, 0x0000, 0x0000, 0x0000,
    0x0000, 0x0000, 0x0000, 0x0000, 0x0000, 0x0000, 0x0000, 0x0000, 0x0fff, 0x0fff, 0x0fff, 0x0fff,
    0x0fff, 0x0fff, 0x0fff, 0x0fff, 0x0fff, 0x0fff, 0x0fff, 0x0fff, 0x0fff, 0x0fff, 0x0fff, 0x0fff,
    0x0fff, 0x0fff, 0x0fff, 0x0fff, 0x0fff, 0x0fff, 0x0fff, 0x0fff, 0x0fff, 0x0fff, 0x0fff, 0x0fff,
    0x0fff, 0x0fff, 0x0fff, 0x0fff, 0x0fff, 0x0fff, 0x0fff, 0x0fff, 0x0fff, 0x0fff, 0x0fff, 0x0fff,
    0x0fff, 0x0fff, 0x0fff, 0x0fff, 0x0fff, 0x0fff, 0x0fff, 0x0fff, 0x0fff, 0x0fff, 0x0fff, 0x0fff,
    0x0fff, 0x0fff, 0x0fff, 0x0fff, 0x0fff, 0x0fff, 0x0fff, 0x0fff, 0x0fff, 0x0fff, 0x0fff, 0x0fff,
    0x0fff, 0x0fff, 0x0fff, 0x0fff, 0x0fff, 0x0fff, 0x0fff, 0x0fff, 0x0fff, 0x0fff, 0x0fff, 0xcfff,
    0xffff, 0x5fff, 0x0fff, 0x0fff, 0x0fff, 0x0fff, 0x0fff, 0x0fff, 0x0fff, 0x0fff, 0x0fff, 0x0fff,
    0x0fff, 0x0fff, 0x0fff, 0x0fff, 0x0fff, 0x0fff, 0x0fff, 0x0fff, 0x0fff, 0x0fff, 0x0fff, 0x0fff,
    0x0fff, 0x0fff, 0x0fff, 0x0fff, 0x0fff, 0x0fff, 0x0fff, 0x0fff, 0x0fff, 0x0fff, 0x0fff, 0x0fff,
    0x0fff, 0x0fff, 0x0fff, 0x0fff, 0x0fff, 0x0fff, 0x0fff, 0x0fff, 0x0fff, 0x0fff, 0x0fff, 0x0fff,
    0x0fff, 0x0fff, 0x0fff, 0x0fff, 0x0fff, 0x0fff, 0x0fff, 0x0fff, 0x0fff, 0x0fff, 0x0fff, 0x0fff,
    0x0fff, 0x0fff, 0x0fff, 0x0fff, 0x0fff, 0x0fff, 0x0fff, 0x0fff, 0x0fff, 0x0fff, 0x0fff, 0x0fff,
    0x0fff, 0x0fff, 0x0fff, 0x0fff, 0x0fff, 0x0fff, 0x0fff, 0x0fff, 0x0fff, 0x0fff, 0x0fff, 0x0fff,
    0x0fff, 0x0fff, 0x0fff, 0x0fff, 0x0fff, 0x0fff, 0x0fff, 0x0fff, 0x0fff, 0x0fff, 0x0fff, 0x0fff,
    0x0fff, 0x0fff, 0xcfff, 0xffff, 0x5fff, 0x0fff, 0x0fff, 0x0fff, 0x0fff, 0x0fff, 0x0fff, 0x0fff,
    0x0fff, 0x0fff, 0x0fff, 0x0fff, 0x0fff, 0x0fff, 0x0fff, 0x0fff, 0x0fff, 0x0fff, 0x0fff, 0x0fff,
    0x0fff, 0x0fff, 0x0fff, 0x0fff, 0x0fff, 0x0fff, 0x0fff, 0x0fff, 0x0fff, 0x0fff, 0x0fff, 0x0fff,
    0x0fff, 0x0fff, 0x0fff, 0x0fff, 0x0fff, 0x0fff, 0x0fff, 0x0fff, 0x0fff, 0x0fff, 0x0fff, 0x0fff,
    0x0fff, 0x0fff, 0x0fff, 0x0fff, 0x0000, 0x0000, 0x0000, 0x0000, 0x0000, 0x0000, 0x0000, 0x0000,
    0x0000, 0x0000, 0x0000, 0x0000, 0x0000, 0x0000, 0x0000, 0x0000, 0x0000, 0x0000, 0x0000, 0x0000,
    0x0000, 0x0000, 0x0000, 0x0000, 0x0000, 0x0000, 0x0000, 0x0000, 0x0000, 0x0000, 0x0000, 0x0000,
    0x0fff, 0x0fff, 0x0fff, 0x0fff, 0x0fff, 0x0fff, 0x0fff, 0x0fff, 0x0fff, 0x0fff, 0x0fff, 0x0fff,
    0x0fff, 0x0fff, 0x0fff, 0x0fff, 0x0fff, 0x0fff, 0x0fff, 0x0fff, 0x0fff, 0x0fff, 0x0fff, 0x0fff,
    0x0fff, 0x0fff, 0x0fff, 0x0fff, 0x0fff, 0x0fff, 0x0fff, 0x0fff, 0x0fff, 0x0fff, 0x0fff, 0x0fff,
    0x0fff, 0x0fff, 0x0fff, 0x0fff, 0x0fff, 0x0fff, 0x0fff, 0x0fff, 0x0fff, 0x0fff, 0x0fff, 0x0fff,
    0x0fff, 0x0fff, 0x0fff, 0x0fff, 0x0fff, 0x0fff, 0x0fff, 0x0fff, 0x0fff, 0x0fff, 0x0fff, 0x0fff,
    0x0fff, 0x0fff, 0x0fff, 0x0fff, 0x0fff, 0x0fff, 0x0fff, 0x0fff, 0x0fff, 0x0fff, 0x0fff, 0x0fff,
    0x0fff, 0x0fff, 0x0fff, 0xcfff, 0xffff, 0x5fff, 0x0fff, 0x0fff, 0x0fff, 0x0fff, 0x0fff, 0x0fff,
    0x0fff, 0x0fff, 0x0fff, 0x0fff, 0x0fff, 0x0fff, 0x0fff, 0x0fff, 0x0fff, 0x0fff, 0x0fff, 0x0fff,
    0x0fff, 0x0fff, 0x0fff, 0x0fff, 0x0fff, 0x0fff, 0x0fff, 0x0fff, 0x0fff, 0x0fff, 0x0fff, 0x0fff,
    0x0fff, 0x0fff, 0x9fff, 0xefff, 0x4fff, 0x0fff, 0x0fff, 0x0fff, 0x0fff, 0x0fff, 0x0fff, 0x0fff,
    0x0fff, 0x0fff, 0x0fff, 0x0fff, 0x0fff, 0x0fff, 0x0fff, 0x0fff, 0x0fff, 0x0fff, 0x0fff, 0x0fff,
    0x0fff, 0x0fff, 0x0fff, 0x0fff, 0x0fff, 0x0fff, 0x0fff, 0x0fff, 0x0fff, 0x0fff, 0x0fff, 0x0fff,
    0x0fff, 0x0fff, 0x0fff, 0x0fff, 0x0fff, 0x0fff, 0x0fff, 0x0fff, 0x0fff, 0x0fff, 0x0fff, 0x0fff,
    0x0fff, 0x0fff, 0x0fff, 0x0fff, 0x0fff, 0x0fff, 0x0fff, 0x0fff, 0x0fff, 0x0fff, 0x0fff, 0x0fff,
    0x0fff, 0x0fff, 0x0fff, 0x0fff, 0x0fff, 0x0fff, 0xcfff, 0xffff, 0x5fff, 0x0fff, 0x0fff, 0x0fff,
    0x0fff, 0x0fff, 0x0fff, 0x0fff, 0x0fff, 0x0fff, 0x0fff, 0x0fff, 0x0fff, 0x0fff, 0x0fff, 0x0fff,
    0x0fff, 0x0fff, 0x0fff, 0x0fff, 0x0fff, 0x0fff, 0x0fff, 0x0fff, 0x0fff, 0x0fff, 0x0fff, 0x0fff,
    0x0fff, 0x0fff, 0x0fff, 0x0fff, 0x0fff, 0x0fff, 0x0fff, 0x0fff, 0x0fff, 0x0fff, 0x0fff, 0x0fff,
    0x0fff, 0x0fff, 0x0fff, 0x0fff, 0x0fff, 0x0fff, 0x0fff, 0x0fff, 0x0000, 0x0000, 0x0000, 0x0000,
    0x0000, 0x0000, 0x0000, 0x0000, 0x0000, 0x0000, 0x0000, 0x0000, 0x0000, 0x0000, 0x0000, 0x0000,
    0x0000, 0x0000, 0x0000, 0x0000, 0x0000, 0x0000, 0x0000, 0x0000, 0x0000, 0x0000, 0x0000, 0x0000,
    0x0000, 0x0000, 0x0000, 0x0000, 0x0fff, 0x0fff, 0x0fff, 0x0fff, 0x0fff, 0x0fff, 0x0fff, 0x0fff,
    0x0fff, 0x0fff, 0x0fff, 0x0fff, 0x0fff, 0x0fff, 0x0fff, 0x0fff, 0x0fff, 0x0fff, 0x0fff, 0x0fff,
    0x0fff, 0x0fff, 0x0fff, 0x0fff, 0x0fff, 0x0fff, 0x0fff, 0x0fff, 0x0fff, 0x0fff, 0x0fff, 0x0fff,
    0x0fff, 0x0fff, 0x0fff, 0x0fff, 0x0fff, 0x0fff, 0x0fff, 0x0fff, 0x0fff, 0x0fff, 0x0fff, 0x0fff,
    0x0fff, 0x0fff, 0x0fff, 0x0fff, 0x0fff, 0x0fff, 0x0fff, 0x0fff, 0x0fff, 0x0fff, 0x0fff, 0x0fff,
    0x0fff, 0x0fff, 0x0fff, 0x0fff, 0x0fff, 0x0fff, 0x0fff, 0x0fff, 0x0fff, 0x0fff, 0x0fff, 0x0fff,
    0x0fff, 0x0fff, 0x0fff, 0x0fff, 0x0fff, 0x0fff, 0x0fff, 0xcfff, 0xffff, 0x5fff, 0x0fff, 0x0fff,
    0x0fff, 0x0fff, 0x0fff, 0x0fff, 0x0fff, 0x0fff, 0x0fff, 0x0fff, 0x0fff, 0x0fff, 0x0fff, 0x0fff,
    0x0fff, 0x0fff, 0x0fff, 0x0fff, 0x0fff, 0x0fff, 0x0fff, 0x0fff, 0x0fff, 0x0fff, 0x0fff, 0x0fff,
    0x0fff, 0x0fff, 0x0fff, 0x0fff, 0x0fff, 0x0fff, 0xefff, 0xffff, 0x8fff, 0x0fff, 0x0fff, 0x0fff,
    0x0fff, 0x0fff, 0x0fff, 0x0fff, 0x0fff, 0x0fff, 0x0fff, 0x0fff, 0x0fff, 0x0fff, 0x0fff, 0x0fff,
    0x0fff, 0x0fff, 0x0fff, 0x0fff, 0x0fff, 0x0fff, 0x0fff, 0x0fff, 0x0fff, 0x0fff, 0x0fff, 0x0fff,
    0x0fff, 0x0fff, 0x0fff, 0x0fff, 0x0fff, 0x0fff, 0x0fff, 0x0fff, 0x0fff, 0x0fff, 0x0fff, 0x0fff,
    0x0fff, 0x0fff, 0x0fff, 0x0fff, 0x0fff, 0x0fff, 0x0fff, 0x0fff, 0x0fff, 0x0fff, 0x0fff, 0x0fff,
    0x0fff, 0x0fff, 0x0fff, 0x0fff, 0x0fff, 0x0fff, 0x0fff, 0x0fff, 0x0fff, 0x0fff, 0xcfff, 0xffff,
    0x5fff, 0x0fff, 0x0fff, 0x0fff, 0x0fff, 0x0fff, 0x0fff, 0x0fff, 0x0fff, 0x0fff, 0x0fff, 0x0fff,
    0x0fff, 0x0fff, 0x0fff, 0x0fff, 0x0fff, 0x0fff, 0x0fff, 0x0fff, 0x0fff, 0x0fff, 0x0fff, 0x0fff,
    0x0fff, 0x0fff, 0x0fff, 0x0fff, 0x0fff, 0x0fff, 0x0fff, 0x0fff, 0x0fff, 0x0fff, 0x0fff, 0x0fff,
    0x0fff, 0x0fff, 0x0fff, 0x0fff, 0x0fff, 0x0fff, 0x0fff, 0x0fff, 0x0fff, 0x0fff, 0x0fff, 0x0fff,
    0x0000, 0x0000, 0x0000, 0x0000, 0x0000, 0x0000, 0x0000, 0x0000, 0x0000, 0x0000, 0x0000, 0x0000,
    0x0000, 0x0000, 0x0000, 0x0000, 0x0000, 0x0000, 0x0000, 0x0000, 0x0000, 0x0000, 0x0000, 0x0000,
    0x0000, 0x0000, 0x0000, 0x0000, 0x0000, 0x0000, 0x0000, 0x0000, 0x0fff, 0x0fff, 0x0fff, 0x0fff,
    0x0fff, 0x0fff, 0x0fff, 0x0fff, 0x0fff, 0x0fff, 0x0fff, 0x0fff, 0x0fff, 0x0fff, 0x0fff, 0x0fff,
    0x0fff, 0x0fff, 0x0fff, 0x0fff, 0x0fff, 0x0fff, 0x0fff, 0x0fff, 0x0fff, 0x0fff, 0x0fff, 0x0fff,
    0x0fff, 0x0fff, 0x0fff, 0x0fff, 0x0fff, 0x0fff, 0x0fff, 0x0fff, 0x0fff, 0x0fff, 0x0fff, 0x0fff,
    0x0fff, 0x0fff, 0x0fff, 0x0fff, 0x0fff, 0x0fff, 0x0fff, 0x0fff, 0x0fff, 0x0fff, 0x0fff, 0x0fff,
    0x0fff, 0x0fff, 0x0fff, 0x0fff, 0x0fff, 0x0fff, 0x0fff, 0x0fff, 0x0fff, 0x0fff, 0x0fff, 0x0fff,
    0x0fff, 0x0fff, 0x0fff, 0x0fff, 0x0fff, 0x0fff, 0x0fff, 0x0fff, 0x0fff, 0x0fff, 0x0fff, 0xcfff,
    0xffff, 0x5fff, 0x0fff, 0x0fff, 0x0fff, 0x0fff, 0x0fff, 0x0fff, 0x0fff, 0x0fff, 0x0fff, 0x0fff,
    0x0fff, 0x0fff, 0x0fff, 0x0fff, 0x0fff, 0x0fff, 0x0fff, 0x0fff, 0x0fff, 0x0fff, 0x0fff, 0x0fff,
    0x0fff, 0x0fff, 0x0fff, 0x0fff, 0x0fff, 0x0fff, 0x0fff, 0x0fff, 0x0fff, 0x0fff, 0x6fff, 0xbfff,
    0x2fff, 0x0fff, 0x0fff, 0x0fff, 0x0fff, 0x0fff, 0x0fff, 0x0fff, 0x0fff, 0x0fff, 0x0fff, 0x0fff,
    0x0fff, 0x0fff, 0x0fff, 0x0fff, 0x0fff, 0x0fff, 0x0fff, 0x0fff, 0x0fff, 0x0fff, 0x0fff, 0x0fff,
    0x0fff, 0x0fff, 0x0fff, 0x0fff, 0x0fff, 0x0fff, 0x0fff, 0x0fff, 0x0fff, 0x0fff, 0x0fff, 0x0fff,
    0x0fff, 0x0fff, 0x0fff, 0x0fff, 0x0fff, 0x0fff, 0x0fff, 0x0fff, 0x0fff, 0x0fff, 0x0fff, 0x0fff,
    0x0fff, 0x0fff, 0x0fff, 0x0fff, 0x0fff, 0x0fff, 0x0fff, 0x0fff, 0x0fff, 0x0fff, 0x0fff, 0x0fff,
    0x0fff, 0x0fff, 0xcfff, 0xffff, 0x5fff, 0x0fff, 0x0fff, 0x0fff, 0x0fff, 0x0fff, 0x0fff, 0x0fff,
    0x0fff, 0x0fff, 0x0fff, 0x0fff, 0x0fff, 0x0fff, 0x0fff, 0x0fff, 0x0fff, 0x0fff, 0x0fff, 0x0fff,
    0x0fff, 0x0fff, 0x0fff, 0x0fff, 0x0fff, 0x0fff, 0x0fff, 0x0fff, 0x0fff, 0x0fff, 0x0fff, 0x0fff,
    0x0fff, 0x0fff, 0x0fff, 0x0fff, 0x0fff, 0x0fff, 0x0fff, 0x0fff, 0x0fff, 0x0fff, 0x0fff, 0x0fff,
    0x0fff, 0x0fff, 0x0fff, 0x0fff, 0x0000, 0x0000, 0x0000, 0x0000, 0x0000, 0x0000, 0x0000, 0x0000,
    0x0000, 0x0000, 0x0000, 0x0000, 0x0000, 0x0000, 0x0000, 0x0000, 0x0000, 0x0000, 0x0000, 0x0000,
    0x0000, 0x0000, 0x0000, 0x0000, 0x0000, 0x0000, 0x0000, 0x0000, 0x0000, 0x0000, 0x0000, 0x0000,
    0x0fff, 0x0fff, 0x0fff, 0x0fff, 0x0fff, 0x0fff, 0x0fff, 0x0fff, 0x0fff, 0x0fff, 0x0fff, 0x0fff,
    0x0fff, 0x0fff, 0x0fff, 0x0fff, 0x0fff, 0x0fff, 0x0fff, 0x0fff, 0x0fff, 0x0fff, 0x0fff, 0x0fff,
    0x0fff, 0x0fff, 0x0fff, 0x0fff, 0x0fff, 0x0fff, 0x0fff, 0x0fff, 0x0fff, 0x0fff, 0x0fff, 0x0fff,
    0x0fff, 0x0fff, 0x0fff, 0x0fff, 0x0fff, 0x0fff, 0x0fff, 0x0fff, 0x0fff, 0x0fff, 0x0fff, 0x0fff,
    0x0fff, 0x0fff, 0x0fff, 0x0fff, 0x0fff, 0x0fff, 0x0fff, 0x0fff, 0x0fff, 0x0fff, 0x0fff, 0x0fff,
    0x0fff, 0x0fff, 0x0fff, 0x0fff, 0x0fff, 0x0fff, 0x0fff, 0x0fff, 0x0fff, 0x0fff, 0x0fff, 0x0fff,
    0x0fff, 0x0fff, 0x0fff, 0xcfff, 0xffff, 0x5fff, 0x0fff, 0x0fff, 0x0fff, 0x0fff, 0x0fff, 0x0fff,
    0x0fff, 0x0fff, 0x0fff, 0x0fff, 0x0fff, 0x0fff, 0x0fff, 0x0fff, 0x0fff, 0x0fff, 0x0fff, 0x0fff,
    0x0fff, 0x0fff, 0x0fff, 0x0fff, 0x0fff, 0x0fff, 0x0fff, 0x0fff, 0x0fff, 0x0fff, 0x0fff, 0x0fff,
    0x0fff, 0x0fff, 0x0fff, 0x0fff, 0x0fff, 0x0fff, 0x0fff, 0x0fff, 0x0fff, 0x0fff, 0x0fff, 0x0fff,
    0x0fff, 0x0fff, 0x0fff, 0x0fff, 0x0fff, 0x0fff, 0x0fff, 0x0fff, 0x0fff, 0x0fff, 0x0fff, 0x0fff,
    0x0fff, 0x0fff, 0x0fff, 0x0fff, 0x0fff, 0x0fff, 0x0fff, 0x0fff, 0x0fff, 0x0fff, 0x0fff, 0x0fff,
    0x0fff, 0x0fff, 0x0fff, 0x0fff, 0x0fff, 0x0fff, 0x0fff, 0x0fff, 0x0fff, 0x0fff, 0x0fff, 0x0fff,
    0x0fff, 0x0fff, 0x0fff, 0x0fff, 0x0fff, 0x0fff, 0x0fff, 0x0fff, 0x0fff, 0x0fff, 0x0fff, 0x0fff,
    0x0fff, 0x0fff, 0x0fff, 0x0fff, 0x0fff, 0x0fff, 0xcfff, 0xffff, 0x5fff, 0x0fff, 0x0fff, 0x0fff,
    0x0fff, 0x0fff, 0x0fff, 0x0fff, 0x0fff, 0x0fff, 0x0fff, 0x0fff, 0x0fff, 0x0fff, 0x0fff, 0x0fff,
    0x0fff, 0x0fff, 0x0fff, 0x0fff, 0x0fff, 0x0fff, 0x0fff, 0x0fff, 0x0fff, 0x0fff, 0x0fff, 0x0fff,
    0x0fff, 0x0fff, 0x0fff, 0x0fff, 0x0fff, 0x0fff, 0x0fff, 0x0fff, 0x0fff, 0x0fff, 0x0fff, 0x0fff,
    0x0fff, 0x0fff, 0x0fff, 0x0fff, 0x0fff, 0x0fff, 0x0fff, 0x0fff, 0x0000, 0x0000, 0x0000, 0x0000,
    0x0000, 0x0000, 0x0000, 0x0000, 0x0000, 0x0000, 0x0000, 0x0000, 0x0000, 0x0000, 0x0000, 0x0000,
    0x0000, 0x0000, 0x0000, 0x0000, 0x0000, 0x0000, 0x0000, 0x0000, 0x0000, 0x0000, 0x0000, 0x0000,
    0x0000, 0x0000, 0x0000, 0x0000, 0x0fff, 0x0fff, 0x0fff, 0x0fff, 0x0fff, 0x0fff, 0x0fff, 0x0fff,
    0x0fff, 0x0fff, 0x0fff, 0x0fff, 0x0fff, 0x0fff, 0x3fff, 0x9fff, 0xdfff, 0xefff, 0xefff, 0xcfff,
    0x9fff, 0x3fff, 0x0fff, 0x0fff, 0x0fff, 0x0fff, 0x0fff, 0x0fff, 0x0fff, 0x0fff, 0x0fff, 0x0fff,
    0x0fff, 0x0fff, 0x0fff, 0x0fff, 0x0fff, 0x0fff, 0x0fff, 0x0fff, 0x0fff, 0x0fff, 0x0fff, 0x0fff,
    0x2fff, 0x7fff, 0xcfff, 0xefff, 0xffff, 0xefff, 0xbfff, 0x5fff, 0x0fff, 0x0fff, 0x0fff, 0x0fff,
    0x0fff, 0x0fff, 0x0fff, 0x0fff, 0x0fff, 0x0fff, 0x0fff, 0x0fff, 0x0fff, 0x0fff, 0x0fff, 0x0fff,
    0x0fff, 0x0fff, 0x0fff, 0x0fff, 0x0fff, 0x0fff, 0x0fff, 0xcfff, 0xffff, 0x5fff, 0x0fff, 0x0fff,
    0x0fff, 0x0fff, 0x2fff, 0xdfff, 0xffff, 0x7fff, 0x0fff, 0x0fff, 0x0fff, 0x0fff, 0x0fff, 0x0fff,
    0x0fff, 0x0fff, 0x0fff, 0x0fff, 0x0fff, 0x0fff, 0x0fff, 0x0fff, 0x0fff, 0x0fff, 0x0fff, 0x0fff,
    0x0fff, 0x0fff, 0x0fff, 0x0fff, 0x0fff, 0x0fff, 0xcfff, 0xffff, 0x5fff, 0x0fff, 0x0fff, 0x0fff,
    0x0fff, 0x0fff, 0x0fff, 0x0fff, 0x0fff, 0x0fff, 0x0fff, 0x0fff, 0x0fff, 0x0fff, 0x0fff, 0x0fff,
    0x0fff, 0x0fff, 0x0fff, 0x0fff, 0x0fff, 0x0fff, 0x0fff, 0x0fff, 0x0fff, 0x0fff, 0x0fff, 0x0fff,
    0x0fff, 0x7fff, 0xcfff, 0xefff, 0xffff, 0xefff, 0xcfff, 0x8fff, 0x3fff, 0x0fff, 0x0fff, 0x0fff,
    0x0fff, 0x0fff, 0x0fff, 0x0fff, 0x0fff, 0x0fff, 0x0fff, 0x0fff, 0x0fff, 0x0fff, 0x0fff, 0x0fff,
    0x0fff, 0x0fff, 0x0fff, 0x0fff, 0x0fff, 0x0fff, 0x0fff, 0x0fff, 0x0fff, 0x0fff, 0xcfff, 0xffff,
    0x5fff, 0x0fff, 0x0fff, 0x0fff, 0x0fff, 0x0fff, 0x0fff, 0x0fff, 0x0fff, 0x0fff, 0x0fff, 0x0fff,
    0x0fff, 0x0fff, 0x0fff, 0x0fff, 0x0fff, 0x0fff, 0x0fff, 0x0fff, 0x0fff, 0x0fff, 0x0fff, 0x0fff,
    0x0fff, 0x0fff, 0x0fff, 0x0fff, 0x0fff, 0x0fff, 0x0fff, 0x0fff, 0x0fff, 0x0fff, 0x0fff, 0x0fff,
    0x0fff, 0x0fff, 0x0fff, 0x0fff, 0x0fff, 0x0fff, 0x0fff, 0x0fff, 0x0fff, 0x0fff, 0x0fff, 0x0fff,
    0x0000, 0x0000, 0x0000, 0x0000, 0x0000, 0x0000, 0x0000, 0x0000, 0x0000, 0x0000, 0x0000, 0x0000,
    0x0000, 0x0000, 0x0000, 0x0000, 0x0000, 0x0000, 0x0000, 0x0000, 0x0000, 0x0000, 0x0000, 0x0000,
    0x0000, 0x0000, 0x0000, 0x0000, 0x0000, 0x0000, 0x0000, 0x0000, 0x0fff, 0x0fff, 0x0fff, 0x0fff,
    0x0fff, 0x0fff, 0x0fff, 0x0fff, 0x0fff, 0x0fff, 0x0fff, 0x0fff, 0x0fff, 0x7fff, 0xffff, 0xffff,
    0xffff, 0xdfff, 0xefff, 0xffff, 0xffff, 0x3fff, 0x0fff, 0x0fff, 0x0fff, 0x0fff, 0x0fff, 0x0fff,
    0x0fff, 0x0fff, 0x0fff, 0x0fff, 0x0fff, 0x0fff, 0x0fff, 0x0fff, 0x0fff, 0x0fff, 0x0fff, 0x0fff,
    0x0fff, 0x0fff, 0x0fff, 0x1fff, 0xffff, 0xffff, 0xefff, 0xcfff, 0xbfff, 0xefff, 0xffff, 0xffff,
    0x7fff, 0x0fff, 0x0fff, 0x0fff, 0x0fff, 0x0fff, 0x0fff, 0x0fff, 0x0fff, 0x0fff, 0x0fff, 0x0fff,
    0x0fff, 0x0fff, 0x0fff, 0x0fff, 0x0fff, 0x0fff, 0x0fff, 0x0fff, 0x0fff, 0x0fff, 0x0fff, 0xcfff,
    0xffff, 0x5fff, 0x0fff, 0x0fff, 0x0fff, 0x1fff, 0xdfff, 0xffff, 0x8fff, 0x0fff, 0x0fff, 0x0fff,
    0x0fff, 0x0fff, 0x0fff, 0x0fff, 0x0fff, 0x0fff, 0x0fff, 0x0fff, 0x0fff, 0x0fff, 0x0fff, 0x0fff,
    0x0fff, 0x0fff, 0x0fff, 0x0fff, 0x0fff, 0x0fff, 0x0fff, 0x0fff, 0x0fff, 0x0fff, 0xcfff, 0xffff,
    0x5fff, 0x0fff, 0x0fff, 0x0fff, 0x0fff, 0x0fff, 0x0fff, 0x0fff, 0x0fff, 0x0fff, 0x0fff, 0x0fff,
    0x0fff, 0x0fff, 0x0fff, 0x0fff, 0x0fff, 0x0fff, 0x0fff, 0x0fff, 0x0fff, 0x0fff, 0x0fff, 0x0fff,
    0x0fff, 0x0fff, 0x0fff, 0x1fff, 0xcfff, 0xffff, 0xffff, 0xcfff, 0xcfff, 0xdfff, 0xffff, 0xffff,
    0xafff, 0x0fff, 0x0fff, 0x0fff, 0x0fff, 0x0fff, 0x0fff, 0x0fff, 0x0fff, 0x0fff, 0x0fff, 0x0fff,
    0x0fff, 0x0fff, 0x0fff, 0x0fff, 0x0fff, 0x0fff, 0x0fff, 0x0fff, 0x0fff, 0x0fff, 0x0fff, 0x0fff,
    0x0fff, 0x0fff, 0xcfff, 0xffff, 0x5fff, 0x0fff, 0x0fff, 0x0fff, 0x0fff, 0x0fff, 0x0fff, 0x0fff,
    0x0fff, 0x0fff, 0x0fff, 0x0fff, 0x0fff, 0x0fff, 0x0fff, 0x0fff, 0x0fff, 0x0fff, 0x0fff, 0x0fff,
    0x0fff, 0x0fff, 0x0fff, 0x0fff, 0x0fff, 0x0fff, 0x0fff, 0x0fff, 0x0fff, 0x0fff, 0x0fff, 0x0fff,
    0x0fff, 0x0fff, 0x0fff, 0x0fff, 0x0fff, 0x0fff, 0x0fff, 0x0fff, 0x0fff, 0x0fff, 0x0fff, 0x0fff,
    0x0fff, 0x0fff, 0x0fff, 0x0fff, 0x0000, 0x0000, 0x0000, 0x0000, 0x0000, 0x0000, 0x0000, 0x0000,
    0x0000, 0x0000, 0x0000, 0x0000, 0x0000, 0x0000, 0x0000, 0x0000, 0x0000, 0x0000, 0x0000, 0x0000,
    0x0000, 0x0000, 0x0000, 0x0000, 0x0000, 0x0000, 0x0000, 0x0000, 0x0000, 0x0000, 0x0000, 0x0000,
    0x0fff, 0x0fff, 0x0fff, 0x0fff, 0x0fff, 0x0fff, 0x0fff, 0x0fff, 0x0fff, 0x0fff, 0x0fff, 0x0fff,
    0x5fff, 0xffff, 0xffff, 0x7fff, 0x1fff, 0x0fff, 0x0fff, 0x1fff, 0x5fff, 0x0fff, 0x0fff, 0x0fff,
    0x0fff, 0x0fff, 0x0fff, 0x0fff, 0x0fff, 0x0fff, 0x0fff, 0x0fff, 0x0fff, 0x0fff, 0x0fff, 0x0fff,
    0x0fff, 0x0fff, 0x0fff, 0x0fff, 0x0fff, 0x0fff, 0x0fff, 0x0fff, 0x8fff, 0x5fff, 0x0fff, 0x0fff,
    0x0fff, 0x0fff, 0x8fff, 0xffff, 0xefff, 0x1fff, 0x0fff, 0x0fff, 0x0fff, 0x0fff, 0x0fff, 0x0fff,
    0x0fff, 0x0fff, 0x0fff, 0x0fff, 0x0fff, 0x0fff, 0x0fff, 0x0fff, 0x0fff, 0x0fff, 0x0fff, 0x0fff,
    0x0fff, 0x0fff, 0x0fff, 0xcfff, 0xffff, 0x5fff, 0x0fff, 0x0fff, 0x1fff, 0xcfff, 0xffff, 0x9fff,
    0x0fff, 0x0fff, 0x0fff, 0x0fff, 0x0fff, 0x0fff, 0x0fff, 0x0fff, 0x0fff, 0x0fff, 0x0fff, 0x0fff,
    0x0fff, 0x0fff, 0x0fff, 0x0fff, 0x0fff, 0x0fff, 0x0fff, 0x0fff, 0x0fff, 0x0fff, 0x0fff, 0x0fff,
    0x0fff, 0x0fff, 0xcfff, 0xffff, 0x5fff, 0x0fff, 0x0fff, 0x0fff, 0x0fff, 0x0fff, 0x0fff, 0x0fff,
    0x0fff, 0x0fff, 0x0fff, 0x0fff, 0x0fff, 0x0fff, 0x0fff, 0x0fff, 0x0fff, 0x0fff, 0x0fff, 0x0fff,
    0x0fff, 0x0fff, 0x0fff, 0x0fff, 0x0fff, 0x0fff, 0x0fff, 0x7fff, 0xffff, 0xcfff, 0x1fff, 0x0fff,
    0x0fff, 0x0fff, 0x1fff, 0x6fff, 0x3fff, 0x0fff, 0x0fff, 0x0fff, 0x0fff, 0x0fff, 0x0fff, 0x0fff,
    0x0fff, 0x0fff, 0x0fff, 0x0fff, 0x0fff, 0x0fff, 0x0fff, 0x0fff, 0x0fff, 0x0fff, 0x0fff, 0x0fff,
    0x0fff, 0x0fff, 0x0fff, 0x0fff, 0x0fff, 0x0fff, 0xcfff, 0xffff, 0x5fff, 0x0fff, 0x0fff, 0x0fff,
    0x0fff, 0x0fff, 0x0fff, 0x0fff, 0x0fff, 0x0fff, 0x0fff, 0x0fff, 0x0fff, 0x0fff, 0x0fff, 0x0fff,
    0x0fff, 0x0fff, 0x0fff, 0x0fff, 0x0fff, 0x0fff, 0x0fff, 0x0fff, 0x0fff, 0x0fff, 0x0fff, 0x0fff,
    0x0fff, 0x0fff, 0x0fff, 0x0fff, 0x0fff, 0x0fff, 0x0fff, 0x0fff, 0x0fff, 0x0fff, 0x0fff, 0x0fff,
    0x0fff, 0x0fff, 0x0fff, 0x0fff, 0x0fff, 0x0fff, 0x0fff, 0x0fff, 0x0000, 0x0000, 0x0000, 0x0000,
    0x0000, 0x0000, 0x0000, 0x0000, 0x0000, 0x0000, 0x0000, 0x0000, 0x0000, 0x0000, 0x0000, 0x0000,
    0x0000, 0x0000, 0x0000, 0x0000, 0x0000, 0x0000, 0x0000, 0x0000, 0x0000, 0x0000, 0x0000, 0x0000,
    0x0000, 0x0000, 0x0000, 0x0000, 0x0fff, 0x0fff, 0x0fff, 0x0fff, 0x0fff, 0x0fff, 0x0fff, 0x0fff,
    0x0fff, 0x0fff, 0x0fff, 0x0fff, 0xdfff, 0xffff, 0x7fff, 0x0fff, 0x0fff, 0x0fff, 0x0fff, 0x0fff,
    0x0fff, 0x0fff, 0x0fff, 0x0fff, 0x0fff, 0x0fff, 0x0fff, 0x0fff, 0x0fff, 0x0fff, 0x0fff, 0x0fff,
    0x0fff, 0x0fff, 0x0fff, 0x0fff, 0x0fff, 0x0fff, 0x0fff, 0x0fff, 0x0fff, 0x0fff, 0x0fff, 0x0fff,
    0x0fff, 0x0fff, 0x0fff, 0x0fff, 0x0fff, 0x0fff, 0x0fff, 0xefff, 0xffff, 0x4fff, 0x0fff, 0x0fff,
    0x0fff, 0x0fff, 0x0fff, 0x0fff, 0x0fff, 0x0fff, 0x0fff, 0x0fff, 0x0fff, 0x0fff, 0x0fff, 0x0fff,
    0x0fff, 0x0fff, 0x0fff, 0x0fff, 0x0fff, 0x0fff, 0x0fff, 0xcfff, 0xffff, 0x5fff, 0x0fff, 0x1fff,
    0xcfff, 0xffff, 0xafff, 0x0fff, 0x0fff, 0x0fff, 0x0fff, 0x0fff, 0x0fff, 0x0fff, 0x0fff, 0x0fff,
    0x0fff, 0x0fff, 0x0fff, 0x0fff, 0x0fff, 0x0fff, 0x0fff, 0x0fff, 0x0fff, 0x0fff, 0x0fff, 0x0fff,
    0x0fff, 0x0fff, 0x0fff, 0x0fff, 0x0fff, 0x0fff, 0xcfff, 0xffff, 0x5fff, 0x0fff, 0x0fff, 0x0fff,
    0x0fff, 0x0fff, 0x0fff, 0x0fff, 0x0fff, 0x0fff, 0x0fff, 0x0fff, 0x0fff, 0x0fff, 0x0fff, 0x0fff,
    0x0fff, 0x0fff, 0x0fff, 0x0fff, 0x0fff, 0x0fff, 0x0fff, 0x0fff, 0x0fff, 0x0fff, 0x0fff, 0x9fff,
    0xffff, 0x6fff, 0x0fff, 0x0fff, 0x0fff, 0x0fff, 0x0fff, 0x0fff, 0x0fff, 0x0fff, 0x0fff, 0x0fff,
    0x0fff, 0x0fff, 0x0fff, 0x0fff, 0x0fff, 0x0fff, 0x0fff, 0x0fff, 0x0fff, 0x0fff, 0x0fff, 0x0fff,
    0x0fff, 0x0fff, 0x0fff, 0x0fff, 0x0fff, 0x0fff, 0x0fff, 0x0fff, 0x0fff, 0x0fff, 0xcfff, 0xffff,
    0x5fff, 0x0fff, 0x0fff, 0x0fff, 0x0fff, 0x0fff, 0x0fff, 0x0fff, 0x0fff, 0x0fff, 0x0fff, 0x0fff,
    0x0fff, 0x0fff, 0x0fff, 0x0fff, 0x0fff, 0x0fff, 0x0fff, 0x0fff, 0x0fff, 0x0fff, 0x0fff, 0x0fff,
    0x0fff, 0x0fff, 0x0fff, 0x0fff, 0x0fff, 0x0fff, 0x0fff, 0x0fff, 0x0fff, 0x0fff, 0x0fff, 0x0fff,
    0x0fff, 0x0fff, 0x0fff, 0x0fff, 0x0fff, 0x0fff, 0x0fff, 0x0fff, 0x0fff, 0x0fff, 0x0fff, 0x0fff,
    0x0000, 0x0000, 0x0000, 0x0000, 0x0000, 0x0000, 0x0000, 0x0000, 0x0000, 0x0000, 0x0000, 0x0000,
    0x0000, 0x0000, 0x0000, 0x0000, 0x0000, 0x0000, 0x0000, 0x0000, 0x0000, 0x0000, 0x0000, 0x0000,
    0x0000, 0x0000, 0x0000, 0x0000, 0x0000, 0x0000, 0x0000, 0x0000, 0x0fff, 0x0fff, 0x0fff, 0x0fff,
    0x0fff, 0x0fff, 0x0fff, 0x0fff, 0x0fff, 0x0fff, 0x0fff, 0x3fff, 0xffff, 0xefff, 0x1fff, 0x0fff,
    0x0fff, 0x0fff, 0x0fff, 0x0fff, 0x0fff, 0x0fff, 0x0fff, 0x0fff, 0x0fff, 0x0fff, 0x0fff, 0x0fff,
    0x0fff, 0x0fff, 0x0fff, 0x0fff, 0x0fff, 0x0fff, 0x0fff, 0x0fff, 0x0fff, 0x0fff, 0x0fff, 0x0fff,
    0x0fff, 0x0fff, 0x0fff, 0x0fff, 0x0fff, 0x0fff, 0x0fff, 0x0fff, 0x0fff, 0x0fff, 0x0fff, 0xbfff,
    0xffff, 0x5fff, 0x0fff, 0x0fff, 0x0fff, 0x0fff, 0x0fff, 0x0fff, 0x0fff, 0x0fff, 0x0fff, 0x0fff,
    0x0fff, 0x0fff, 0x0fff, 0x0fff, 0x0fff, 0x0fff, 0x0fff, 0x0fff, 0x0fff, 0x0fff, 0x0fff, 0xcfff,
    0xffff, 0x5fff, 0x0fff, 0xbfff, 0xffff, 0xbfff, 0x0fff, 0x0fff, 0x0fff, 0x0fff, 0x0fff, 0x0fff,
    0x0fff, 0x0fff, 0x0fff, 0x0fff, 0x0fff, 0x0fff, 0x0fff, 0x0fff, 0x0fff, 0x0fff, 0x0fff, 0x0fff,
    0x0fff, 0x0fff, 0x0fff, 0x0fff, 0x0fff, 0x0fff, 0x0fff, 0x0fff, 0x0fff, 0x0fff, 0xcfff, 0xffff,
    0x5fff, 0x0fff, 0x0fff, 0x0fff, 0x0fff, 0x0fff, 0x0fff, 0x0fff, 0x0fff, 0x0fff, 0x0fff, 0x0fff,
    0x0fff, 0x0fff, 0x0fff, 0x0fff, 0x0fff, 0x0fff, 0x0fff, 0x0fff, 0x0fff, 0x0fff, 0x0fff, 0x0fff,
    0x0fff, 0x0fff, 0x0fff, 0x7fff, 0xffff, 0xbfff, 0x1fff, 0x0fff, 0x0fff, 0x0fff, 0x0fff, 0x0fff,
    0x0fff, 0x0fff, 0x0fff, 0x0fff, 0x0fff, 0x0fff, 0x0fff, 0x0fff, 0x0fff, 0x0fff, 0x0fff, 0x0fff,
    0x0fff, 0x0fff, 0x0fff, 0x0fff, 0x0fff, 0x0fff, 0x0fff, 0x0fff, 0x0fff, 0x0fff, 0x0fff, 0x0fff,
    0x0fff, 0x0fff, 0xcfff, 0xffff, 0x5fff, 0x0fff, 0x0fff, 0x0fff, 0x0fff, 0x0fff, 0x0fff, 0x0fff,
    0x0fff, 0x0fff, 0x0fff, 0x0fff, 0x0fff, 0x0fff, 0x0fff, 0x0fff, 0x0fff, 0x0fff, 0x0fff, 0x0fff,
    0x0fff, 0x0fff, 0x0fff, 0x0fff, 0x0fff, 0x0fff, 0x0fff, 0x0fff, 0x0fff, 0x0fff, 0x0fff, 0x0fff,
    0x0fff, 0x0fff, 0x0fff, 0x0fff, 0x0fff, 0x0fff, 0x0fff, 0x0fff, 0x0fff, 0x0fff, 0x0fff, 0x0fff,
    0x0fff, 0x0fff, 0x0fff, 0x0fff, 0x0000, 0x0000, 0x0000, 0x0000, 0x0000, 0x0000, 0x0000, 0x0000,
    0x0000, 0x0000, 0x0000, 0x0000, 0x0000, 0x0000, 0x0000, 0x0000, 0x0000, 0x0000, 0x0000, 0x0000,
    0x0000, 0x0000, 0x0000, 0x0000, 0x0000, 0x0000, 0x0000, 0x0000, 0x0000, 0x0000, 0x0000, 0x0000,
    0x0fff, 0x0fff, 0x0fff, 0x0fff, 0x0fff, 0x0fff, 0x0fff, 0x0fff, 0x0fff, 0x0fff, 0x0fff, 0x6fff,
    0xffff, 0xcfff, 0x0fff, 0x0fff, 0x0fff, 0x0fff, 0x0fff, 0x0fff, 0x0fff, 0x0fff, 0x0fff, 0x0fff,
    0x0fff, 0x0fff, 0x0fff, 0x0fff, 0x0fff, 0x0fff, 0x0fff, 0x0fff, 0x0fff, 0x0fff, 0x0fff, 0x0fff,
    0x0fff, 0x0fff, 0x0fff, 0x0fff, 0x0fff, 0x0fff, 0x0fff, 0x0fff, 0x0fff, 0x0fff, 0x0fff, 0x1fff,
    0x2fff, 0x2fff, 0x2fff, 0xbfff, 0xffff, 0x5fff, 0x0fff, 0x0fff, 0x0fff, 0x0fff, 0x0fff, 0x0fff,
    0x0fff, 0x0fff, 0x0fff, 0x0fff, 0x0fff, 0x0fff, 0x0fff, 0x0fff, 0x0fff, 0x0fff, 0x0fff, 0x0fff,
    0x0fff, 0x0fff, 0x0fff, 0xcfff, 0xffff, 0x4fff, 0x9fff, 0xffff, 0xbfff, 0x0fff, 0x0fff, 0x0fff,
    0x0fff, 0x0fff, 0x0fff, 0x0fff, 0x0fff, 0x0fff, 0x0fff, 0x0fff, 0x0fff, 0x0fff, 0x0fff, 0x0fff,
    0x0fff, 0x0fff, 0x0fff, 0x0fff, 0x0fff, 0x0fff, 0x0fff, 0x0fff, 0x0fff, 0x0fff, 0x0fff, 0x0fff,
    0x0fff, 0x0fff, 0xcfff, 0xffff, 0x5fff, 0x0fff, 0x0fff, 0x0fff, 0x0fff, 0x0fff, 0x0fff, 0x0fff,
    0x0fff, 0x0fff, 0x0fff, 0x0fff, 0x0fff, 0x0fff, 0x0fff, 0x0fff, 0x0fff, 0x0fff, 0x0fff, 0x0fff,
    0x0fff, 0x0fff, 0x0fff, 0x0fff, 0x0fff, 0x0fff, 0x0fff, 0x1fff, 0xdfff, 0xffff, 0xefff, 0x7fff,
    0x2fff, 0x0fff, 0x0fff, 0x0fff, 0x0fff, 0x0fff, 0x0fff, 0x0fff, 0x0fff, 0x0fff, 0x0fff, 0x0fff,
    0x0fff, 0x0fff, 0x0fff, 0x0fff, 0x0fff, 0x0fff, 0x0fff, 0x0fff, 0x0fff, 0x0fff, 0x0fff, 0x0fff,
    0x0fff, 0x0fff, 0x0fff, 0x0fff, 0x0fff, 0x0fff, 0xcfff, 0xffff, 0x5fff, 0x0fff, 0x0fff, 0x0fff,
    0x0fff, 0x0fff, 0x0fff, 0x0fff, 0x0fff, 0x0fff, 0x0fff, 0x0fff, 0x0fff, 0x0fff, 0x0fff, 0x0fff,
    0x0fff, 0x0fff, 0x0fff, 0x0fff, 0x0fff, 0x0fff, 0x0fff, 0x0fff, 0x0fff, 0x0fff, 0x0fff, 0x0fff,
    0x0fff, 0x0fff, 0x0fff, 0x0fff, 0x0fff, 0x0fff, 0x0fff, 0x0fff, 0x0fff, 0x0fff, 0x0fff, 0x0fff,
    0x0fff, 0x0fff, 0x0fff, 0x0fff, 0x0fff, 0x0fff, 0x0fff, 0x0fff, 0x0000, 0x0000, 0x0000, 0x0000,
    0x0000, 0x0000, 0x0000, 0x0000, 0x0000, 0x0000, 0x0000, 0x0000, 0x0000, 0x0000, 0x0000, 0x0000,
    0x0000, 0x0000, 0x0000, 0x0000, 0x0000, 0x0000, 0x0000, 0x0000, 0x0000, 0x0000, 0x0000, 0x0000,
    0x0000, 0x0000, 0x0000, 0x0000, 0x0fff, 0x0fff, 0x0fff, 0x0fff, 0x0fff, 0x0fff, 0x0fff, 0x0fff,
    0x0fff, 0x0fff, 0x0fff, 0x8fff, 0xffff, 0xafff, 0x0fff, 0x0fff, 0x0fff, 0x0fff, 0x0fff, 0x0fff,
    0x0fff, 0x0fff, 0x0fff, 0x0fff, 0x0fff, 0x0fff, 0x0fff, 0x0fff, 0x0fff, 0x0fff, 0x0fff, 0x0fff,
    0x0fff, 0x0fff, 0x0fff, 0x0fff, 0x0fff, 0x0fff, 0x0fff, 0x0fff, 0x0fff, 0x0fff, 0x0fff, 0x0fff,
    0x6fff, 0xbfff, 0xefff, 0xffff, 0xffff, 0xffff, 0xffff, 0xffff, 0xffff, 0x5fff, 0x0fff, 0x0fff,
    0x0fff, 0x0fff, 0x0fff, 0x0fff, 0x0fff, 0x0fff, 0x0fff, 0x0fff, 0x0fff, 0x0fff, 0x0fff, 0x0fff,
    0x0fff, 0x0fff, 0x0fff, 0x0fff, 0x0fff, 0x0fff, 0x0fff, 0xcfff, 0xffff, 0xafff, 0xffff, 0xffff,
    0xbfff, 0x0fff, 0x0fff, 0x0fff, 0x0fff, 0x0fff, 0x0fff, 0x0fff, 0x0fff, 0x0fff, 0x0fff, 0x0fff,
    0x0fff, 0x0fff, 0x0fff, 0x0fff, 0x0fff, 0x0fff, 0x0fff, 0x0fff, 0x0fff, 0x0fff, 0x0fff, 0x0fff,
    0x0fff, 0x0fff, 0x0fff, 0x0fff, 0x0fff, 0x0fff, 0xcfff, 0xffff, 0x5fff, 0x0fff, 0x0fff, 0x0fff,
    0x0fff, 0x0fff, 0x0fff, 0x0fff, 0x0fff, 0x0fff, 0x0fff, 0x0fff, 0x0fff, 0x0fff, 0x0fff, 0x0fff,
    0x0fff, 0x0fff, 0x0fff, 0x0fff, 0x0fff, 0x0fff, 0x0fff, 0x0fff, 0x0fff, 0x0fff, 0x0fff, 0x0fff,
    0x1fff, 0x9fff, 0xffff, 0xffff, 0xffff, 0xbfff, 0x4fff, 0x0fff, 0x0fff, 0x0fff, 0x0fff, 0x0fff,
    0x0fff, 0x0fff, 0x0fff, 0x0fff, 0x0fff, 0x0fff, 0x0fff, 0x0fff, 0x0fff, 0x0fff, 0x0fff, 0x0fff,
    0x0fff, 0x0fff, 0x0fff, 0x0fff, 0x0fff, 0x0fff, 0x0fff, 0x0fff, 0x0fff, 0x0fff, 0xcfff, 0xffff,
    0x5fff, 0x0fff, 0x0fff, 0x0fff, 0x0fff, 0x0fff, 0x0fff, 0x0fff, 0x0fff, 0x0fff, 0x0fff, 0x0fff,
    0x0fff, 0x0fff, 0x0fff, 0x0fff, 0x0fff, 0x0fff, 0x0fff, 0x0fff, 0x0fff, 0x0fff, 0x0fff, 0x0fff,
    0x0fff, 0x0fff, 0x0fff, 0x0fff, 0x0fff, 0x0fff, 0x0fff, 0x0fff, 0x0fff, 0x0fff, 0x0fff, 0x0fff,
    0x0fff, 0x0fff, 0x0fff, 0x0fff, 0x0fff, 0x0fff, 0x0fff, 0x0fff, 0x0fff, 0x0fff, 0x0fff, 0x0fff,
    0x0000, 0x0000, 0x0000, 0x0000, 0x0000, 0x0000, 0x0000, 0x0000, 0x0000, 0x0000, 0x0000, 0x0000,
    0x0000, 0x0000, 0x0000, 0x0000, 0x0000, 0x0000, 0x0000, 0x0000, 0x0000, 0x0000, 0x0000, 0x0000,
    0x0000, 0x0000, 0x0000, 0x0000, 0x0000, 0x0000, 0x0000, 0x0000, 0x0fff, 0x0fff, 0x0fff, 0x0fff,
    0x0fff, 0x0fff, 0x0fff, 0x0fff, 0x0fff, 0x0fff, 0x0fff, 0x8fff, 0xffff, 0xafff, 0x0fff, 0x0fff,
    0x0fff, 0x0fff, 0x0fff, 0x0fff, 0x0fff, 0x0fff, 0x0fff, 0x0fff, 0x0fff, 0x0fff, 0x0fff, 0x0fff,
    0x0fff, 0x0fff, 0x0fff, 0x0fff, 0x0fff, 0x0fff, 0x0fff, 0x0fff, 0x0fff, 0x0fff, 0x0fff, 0x0fff,
    0x0fff, 0x0fff, 0x1fff, 0xcfff, 0xffff, 0xefff, 0x9fff, 0x6fff, 0x5fff, 0x5fff, 0x5fff, 0xcfff,
    0xffff, 0x5fff, 0x0fff, 0x0fff, 0x0fff, 0x0fff, 0x0fff, 0x0fff, 0x0fff, 0x0fff, 0x0fff, 0x0fff,
    0x0fff, 0x0fff, 0x0fff, 0x0fff, 0x0fff, 0x0fff, 0x0fff, 0x0fff, 0x0fff, 0x0fff, 0x0fff, 0xcfff,
    0xffff, 0xffff, 0xbfff, 0xefff, 0xffff, 0x7fff, 0x0fff, 0x0fff, 0x0fff, 0x0fff, 0x0fff, 0x0fff,
    0x0fff, 0x0fff, 0x0fff, 0x0fff, 0x0fff, 0x0fff, 0x0fff, 0x0fff, 0x0fff, 0x0fff, 0x0fff, 0x0fff,
    0x0fff, 0x0fff, 0x0fff, 0x0fff, 0x0fff, 0x0fff, 0x0fff, 0x0fff, 0x0fff, 0x0fff, 0xcfff, 0xffff,
    0x5fff, 0x0fff, 0x0fff, 0x0fff, 0x0fff, 0x0fff, 0x0fff, 0x0fff, 0x0fff, 0x0fff, 0x0fff, 0x0fff,
    0x0fff, 0x0fff, 0x0fff, 0x0fff, 0x0fff, 0x0fff, 0x0fff, 0x0fff, 0x0fff, 0x0fff, 0x0fff, 0x0fff,
    0x0fff, 0x0fff, 0x0fff, 0x0fff, 0x0fff, 0x0fff, 0x1fff, 0x7fff, 0xdfff, 0xffff, 0xffff, 0xbfff,
    0x1fff, 0x0fff, 0x0fff, 0x0fff, 0x0fff, 0x0fff, 0x0fff, 0x0fff, 0x0fff, 0x0fff, 0x0fff, 0x0fff,
    0x0fff, 0x0fff, 0x0fff, 0x0fff, 0x0fff, 0x0fff, 0x0fff, 0x0fff, 0x0fff, 0x0fff, 0x0fff, 0x0fff,
    0x0fff, 0x0fff, 0xcfff, 0xffff, 0x5fff, 0x0fff, 0x0fff, 0x0fff, 0x0fff, 0x0fff, 0x0fff, 0x0fff,
    0x0fff, 0x0fff, 0x0fff, 0x0fff, 0x0fff, 0x0fff, 0x0fff, 0x0fff, 0x0fff, 0x0fff, 0x0fff, 0x0fff,
    0x0fff, 0x0fff, 0x0fff, 0x0fff, 0x0fff, 0x0fff, 0x0fff, 0x0fff, 0x0fff, 0x0fff, 0x0fff, 0x0fff,
    0x0fff, 0x0fff, 0x0fff, 0x0fff, 0x0fff, 0x0fff, 0x0fff, 0x0fff, 0x0fff, 0x0fff, 0x0fff, 0x0fff,
    0x0fff, 0x0fff, 0x0fff, 0x0fff, 0x0000, 0x0000, 0x0000, 0x0000, 0x0000, 0x0000, 0x0000, 0x0000,
    0x0000, 0x0000, 0x0000, 0x0000, 0x0000, 0x0000, 0x0000, 0x0000, 0x0000, 0x0000, 0x0000, 0x0000,
    0x0000, 0x0000, 0x0000, 0x0000, 0x0000, 0x0000, 0x0000, 0x0000, 0x0000, 0x0000, 0x0000, 0x0000,
    0x0fff, 0x0fff, 0x0fff, 0x0fff, 0x0fff, 0x0fff, 0x0fff, 0x0fff, 0x0fff, 0x0fff, 0x0fff, 0x7fff,
    0xffff, 0xbfff, 0x0fff, 0x0fff, 0x0fff, 0x0fff, 0x0fff, 0x0fff, 0x0fff, 0x0fff, 0x0fff, 0x0fff,
    0x0fff, 0x0fff, 0x0fff, 0x0fff, 0x0fff, 0x0fff, 0x0fff, 0x0fff, 0x0fff, 0x0fff, 0x0fff, 0x0fff,
    0x0fff, 0x0fff, 0x0fff, 0x0fff, 0x0fff, 0x0fff, 0x7fff, 0xffff, 0xdfff, 0x1fff, 0x0fff, 0x0fff,
    0x0fff, 0x0fff, 0x0fff, 0xbfff, 0xffff, 0x5fff, 0x0fff, 0x0fff, 0x0fff, 0x0fff, 0x0fff, 0x0fff,
    0x0fff, 0x0fff, 0x0fff, 0x0fff, 0x0fff, 0x0fff, 0x0fff, 0x0fff, 0x0fff, 0x0fff, 0x0fff, 0x0fff,
    0x0fff, 0x0fff, 0x0fff, 0xcfff, 0xffff, 0xafff, 0x0fff, 0x4fff, 0xffff, 0xffff, 0x4fff, 0x0fff,
    0x0fff, 0x0fff, 0x0fff, 0x0fff, 0x0fff, 0x0fff, 0x0fff, 0x0fff, 0x0fff, 0x0fff, 0x0fff, 0x0fff,
    0x0fff, 0x0fff, 0x0fff, 0x0fff, 0x0fff, 0x0fff, 0x0fff, 0x0fff, 0x0fff, 0x0fff, 0x0fff, 0x0fff,
    0x0fff, 0x0fff, 0xcfff, 0xffff, 0x5fff, 0x0fff, 0x0fff, 0x0fff, 0x0fff, 0x0fff, 0x0fff, 0x0fff,
    0x0fff, 0x0fff, 0x0fff, 0x0fff, 0x0fff, 0x0fff, 0x0fff, 0x0fff, 0x0fff, 0x0fff, 0x0fff, 0x0fff,
    0x0fff, 0x0fff, 0x0fff, 0x0fff, 0x0fff, 0x0fff, 0x0fff, 0x0fff, 0x0fff, 0x0fff, 0x0fff, 0x0fff,
    0x0fff, 0x5fff, 0xdfff, 0xffff, 0xbfff, 0x0fff, 0x0fff, 0x0fff, 0x0fff, 0x0fff, 0x0fff, 0x0fff,
    0x0fff, 0x0fff, 0x0fff, 0x0fff, 0x0fff, 0x0fff, 0x0fff, 0x0fff, 0x0fff, 0x0fff, 0x0fff, 0x0fff,
    0x0fff, 0x0fff, 0x0fff, 0x0fff, 0x0fff, 0x0fff, 0xcfff, 0xffff, 0x5fff, 0x0fff, 0x0fff, 0x0fff,
    0x0fff, 0x0fff, 0x0fff, 0x0fff, 0x0fff, 0x0fff, 0x0fff, 0x0fff, 0x0fff, 0x0fff, 0x0fff, 0x0fff,
    0x0fff, 0x0fff, 0x0fff, 0x0fff, 0x0fff, 0x0fff, 0x0fff, 0x0fff, 0x0fff, 0x0fff, 0x0fff, 0x0fff,
    0x0fff, 0x0fff, 0x0fff, 0x0fff, 0x0fff, 0x0fff, 0x0fff, 0x0fff, 0x0fff, 0x0fff, 0x0fff, 0x0fff,
    0x0fff, 0x0fff, 0x0fff, 0x0fff, 0x0fff, 0x0fff, 0x0fff, 0x0fff, 0x0000, 0x0000, 0x0000, 0x0000,
    0x0000, 0x0000, 0x0000, 0x0000, 0x0000, 0x0000, 0x0000, 0x0000, 0x0000, 0x0000, 0x0000, 0x0000,
    0x0000, 0x0000, 0x0000, 0x0000, 0x0000, 0x0000, 0x0000, 0x0000, 0x0000, 0x0000, 0x0000, 0x0000,
    0x0000, 0x0000, 0x0000, 0x0000, 0x0fff, 0x0fff, 0x0fff, 0x0fff, 0x0fff, 0x0fff, 0x0fff, 0x0fff,
    0x0fff, 0x0fff, 0x0fff, 0x4fff, 0xffff, 0xefff, 0x1fff, 0x0fff, 0x0fff, 0x0fff, 0x0fff, 0x0fff,
    0x0fff, 0x0fff, 0x0fff, 0x0fff, 0x0fff, 0x0fff, 0x0fff, 0x0fff, 0x0fff, 0x0fff, 0x0fff, 0x0fff,
    0x0fff, 0x0fff, 0x0fff, 0x0fff, 0x0fff, 0x0fff, 0x0fff, 0x0fff, 0x0fff, 0x0fff, 0xbfff, 0xffff,
    0x7fff, 0x0fff, 0x0fff, 0x0fff, 0x0fff, 0x0fff, 0x0fff, 0xdfff, 0xffff, 0x5fff, 0x0fff, 0x0fff,
    0x0fff, 0x0fff, 0x0fff, 0x0fff, 0x0fff, 0x0fff, 0x0fff, 0x0fff, 0x0fff, 0x0fff, 0x0fff, 0x0fff,
    0x0fff, 0x0fff, 0x0fff, 0x0fff, 0x0fff, 0x0fff, 0x0fff, 0xcfff, 0xffff, 0x5fff, 0x0fff, 0x0fff,
    0x8fff, 0xffff, 0xefff, 0x1fff, 0x0fff, 0x0fff, 0x0fff, 0x0fff, 0x0fff, 0x0fff, 0x0fff, 0x0fff,
    0x0fff, 0x0fff, 0x0fff, 0x0fff, 0x0fff, 0x0fff, 0x0fff, 0x0fff, 0x0fff, 0x0fff, 0x0fff, 0x0fff,
    0x0fff, 0x0fff, 0x0fff, 0x0fff, 0x0fff, 0x0fff, 0xcfff, 0xffff, 0x5fff, 0x0fff, 0x0fff, 0x0fff,
    0x0fff, 0x0fff, 0x0fff, 0x0fff, 0x0fff, 0x0fff, 0x0fff, 0x0fff, 0x0fff, 0x0fff, 0x0fff, 0x0fff,
    0x0fff, 0x0fff, 0x0fff, 0x0fff, 0x0fff, 0x0fff, 0x0fff, 0x0fff, 0x0fff, 0x0fff, 0x0fff, 0x0fff,
    0x0fff, 0x0fff, 0x0fff, 0x0fff, 0x0fff, 0x0fff, 0x2fff, 0xffff, 0xffff, 0x1fff, 0x0fff, 0x0fff,
    0x0fff, 0x0fff, 0x0fff, 0x0fff, 0x0fff, 0x0fff, 0x0fff, 0x0fff, 0x0fff, 0x0fff, 0x0fff, 0x0fff,
    0x0fff, 0x0fff, 0x0fff, 0x0fff, 0x0fff, 0x0fff, 0x0fff, 0x0fff, 0x0fff, 0x0fff, 0xcfff, 0xffff,
    0x5fff, 0x0fff, 0x0fff, 0x0fff, 0x0fff, 0x0fff, 0x0fff, 0x0fff, 0x0fff, 0x0fff, 0x0fff, 0x0fff,
    0x0fff, 0x0fff, 0x0fff, 0x0fff, 0x0fff, 0x0fff, 0x0fff, 0x0fff, 0x0fff, 0x0fff, 0x0fff, 0x0fff,
    0x0fff, 0x0fff, 0x0fff, 0x0fff, 0x0fff, 0x0fff, 0x0fff, 0x0fff, 0x0fff, 0x0fff, 0x0fff, 0x0fff,
    0x0fff, 0x0fff, 0x0fff, 0x0fff, 0x0fff, 0x0fff, 0x0fff, 0x0fff, 0x0fff, 0x0fff, 0x0fff, 0x0fff,
    0x0000, 0x0000, 0x0000, 0x0000, 0x0000, 0x0000, 0x0000, 0x0000, 0x0000, 0x0000, 0x0000, 0x0000,
    0x0000, 0x0000, 0x0000, 0x0000, 0x0000, 0x0000, 0x0000, 0x0000, 0x0000, 0x0000, 0x0000, 0x0000,
    0x0000, 0x0000, 0x0000, 0x0000, 0x0000, 0x0000, 0x0000, 0x0000, 0x0fff, 0x0fff, 0x0fff, 0x0fff,
    0x0fff, 0x0fff, 0x0fff, 0x0fff, 0x0fff, 0x0fff, 0x0fff, 0x0fff, 0xefff, 0xffff, 0x7fff, 0x0fff,
    0x0fff, 0x0fff, 0x0fff, 0x0fff, 0x0fff, 0x0fff, 0x0fff, 0x0fff, 0x0fff, 0x0fff, 0x0fff, 0x0fff,
    0x0fff, 0x0fff, 0x0fff, 0x0fff, 0x0fff, 0x0fff, 0x0fff, 0x0fff, 0x0fff, 0x0fff, 0x0fff, 0x0fff,
    0x0fff, 0x0fff, 0xcfff, 0xffff, 0x7fff, 0x0fff, 0x0fff, 0x0fff, 0x0fff, 0x0fff, 0x4fff, 0xffff,
    0xffff, 0x5fff, 0x0fff, 0x0fff, 0x0fff, 0x0fff, 0x0fff, 0x0fff, 0x0fff, 0x0fff, 0x0fff, 0x0fff,
    0x0fff, 0x0fff, 0x0fff, 0x0fff, 0x0fff, 0x0fff, 0x0fff, 0x0fff, 0x0fff, 0x0fff, 0x0fff, 0xcfff,
    0xffff, 0x5fff, 0x0fff, 0x0fff, 0x0fff, 0xcfff, 0xffff, 0xbfff, 0x0fff, 0x0fff, 0x0fff, 0x0fff,
    0x0fff, 0x0fff, 0x0fff, 0x0fff, 0x0fff, 0x0fff, 0x0fff, 0x0fff, 0x0fff, 0x0fff, 0x0fff, 0x0fff,
    0x0fff, 0x0fff, 0x0fff, 0x0fff, 0x0fff, 0x0fff, 0x0fff, 0x0fff, 0x0fff, 0x0fff, 0xcfff, 0xffff,
    0x5fff, 0x0fff, 0x0fff, 0x0fff, 0x0fff, 0x0fff, 0x0fff, 0x0fff, 0x0fff, 0x0fff, 0x0fff, 0x0fff,
    0x0fff, 0x0fff, 0x0fff, 0x0fff, 0x0fff, 0x0fff, 0x0fff, 0x0fff, 0x0fff, 0x0fff, 0x0fff, 0x0fff,
    0x0fff, 0x0fff, 0x0fff, 0x0fff, 0x0fff, 0x0fff, 0x0fff, 0x0fff, 0x0fff, 0x0fff, 0x0fff, 0xefff,
    0xffff, 0x2fff, 0x0fff, 0x0fff, 0x0fff, 0x0fff, 0x0fff, 0x0fff, 0x0fff, 0x0fff, 0x0fff, 0x0fff,
    0x0fff, 0x0fff, 0x0fff, 0x0fff, 0x0fff, 0x0fff, 0x0fff, 0x0fff, 0x0fff, 0x0fff, 0x0fff, 0x0fff,
    0x0fff, 0x0fff, 0xcfff, 0xffff, 0x5fff, 0x0fff, 0x0fff, 0x0fff, 0x0fff, 0x0fff, 0x0fff, 0x0fff,
    0x0fff, 0x0fff, 0x0fff, 0x0fff, 0x0fff, 0x0fff, 0x0fff, 0x0fff, 0x0fff, 0x0fff, 0x0fff, 0x0fff,
    0x0fff, 0x0fff, 0x0fff, 0x0fff, 0x0fff, 0x0fff, 0x0fff, 0x0fff, 0x0fff, 0x0fff, 0x2fff, 0x5fff,
    0x1fff, 0x0fff, 0x0fff, 0x0fff, 0x0fff, 0x0fff, 0x0fff, 0x0fff, 0x0fff, 0x0fff, 0x0fff, 0x0fff,
    0x0fff, 0x0fff, 0x0fff, 0x0fff, 0x0000, 0x0000, 0x0000, 0x0000, 0x0000, 0x0000, 0x0000, 0x0000,
    0x0000, 0x0000, 0x0000, 0x0000, 0x0000, 0x0000, 0x0000, 0x0000, 0x0000, 0x0000, 0x0000, 0x0000,
    0x0000, 0x0000, 0x0000, 0x0000, 0x0000, 0x0000, 0x0000, 0x0000, 0x0000, 0x0000, 0x0000, 0x0000,
    0x0fff, 0x0fff, 0x0fff, 0x0fff, 0x0fff, 0x0fff, 0x0fff, 0x0fff, 0x0fff, 0x0fff, 0x0fff, 0x0fff,
    0x6fff, 0xffff, 0xffff, 0x6fff, 0x0fff, 0x0fff, 0x0fff, 0x0fff, 0x4fff, 0x2fff, 0x0fff, 0x0fff,
    0x0fff, 0x0fff, 0x0fff, 0x0fff, 0x0fff, 0x0fff, 0x0fff, 0x0fff, 0x0fff, 0x0fff, 0x0fff, 0x0fff,
    0x0fff, 0x0fff, 0x0fff, 0x0fff, 0x0fff, 0x0fff, 0x8fff, 0xffff, 0xdfff, 0x2fff, 0x0fff, 0x0fff,
    0x0fff, 0x6fff, 0xefff, 0xefff, 0xffff, 0x5fff, 0x0fff, 0x0fff, 0x0fff, 0x0fff, 0x0fff, 0x0fff,
    0x0fff, 0x0fff, 0x0fff, 0x0fff, 0x0fff, 0x0fff, 0x0fff, 0x0fff, 0x0fff, 0x0fff, 0x0fff, 0x0fff,
    0x0fff, 0x0fff, 0x0fff, 0xcfff, 0xffff, 0x5fff, 0x0fff, 0x0fff, 0x0fff, 0x2fff, 0xefff, 0xffff,
    0x7fff, 0x0fff, 0x0fff, 0x0fff, 0x0fff, 0x0fff, 0x0fff, 0x0fff, 0x0fff, 0x0fff, 0x0fff, 0x0fff,
    0x0fff, 0x0fff, 0x0fff, 0x0fff, 0x0fff, 0x0fff, 0x0fff, 0x0fff, 0x0fff, 0x0fff, 0x0fff, 0x0fff,
    0x0fff, 0x0fff, 0xcfff, 0xffff, 0x5fff, 0x0fff, 0x0fff, 0x0fff, 0x0fff, 0x0fff, 0x0fff, 0x0fff,
    0x0fff, 0x0fff, 0x0fff, 0x0fff, 0x0fff, 0x0fff, 0x0fff, 0x0fff, 0x0fff, 0x0fff, 0x0fff, 0x0fff,
    0x0fff, 0x0fff, 0x0fff, 0x0fff, 0x0fff, 0x0fff, 0x0fff, 0x6fff, 0x6fff, 0x1fff, 0x0fff, 0x0fff,
    0x0fff, 0x0fff, 0x7fff, 0xffff, 0xefff, 0x0fff, 0x0fff, 0x0fff, 0x0fff, 0x0fff, 0x0fff, 0x0fff,
    0x0fff, 0x0fff, 0x0fff, 0x0fff, 0x0fff, 0x0fff, 0x0fff, 0x0fff, 0x0fff, 0x0fff, 0x0fff, 0x0fff,
    0x0fff, 0x0fff, 0x0fff, 0x0fff, 0x0fff, 0x0fff, 0xcfff, 0xffff, 0x5fff, 0x0fff, 0x0fff, 0x0fff,
    0x0fff, 0x0fff, 0x0fff, 0x0fff, 0x0fff, 0x0fff, 0x0fff, 0x0fff, 0x0fff, 0x0fff, 0x0fff, 0x0fff,
    0x0fff, 0x0fff, 0x0fff, 0x0fff, 0x0fff, 0x0fff, 0x0fff, 0x0fff, 0x0fff, 0x0fff, 0x0fff, 0x0fff,
    0x0fff, 0x0fff, 0xdfff, 0xffff, 0xcfff, 0x0fff, 0x0fff, 0x0fff, 0x0fff, 0x0fff, 0x0fff, 0x0fff,
    0x0fff, 0x0fff, 0x0fff, 0x0fff, 0x0fff, 0x0fff, 0x0fff, 0x0fff, 0x0000, 0x0000, 0x0000, 0x0000,
    0x0000, 0x0000, 0x0000, 0x0000, 0x0000, 0x0000, 0x0000, 0x0000, 0x0000, 0x0000, 0x0000, 0x0000,
    0x0000, 0x0000, 0x0000, 0x0000, 0x0000, 0x0000, 0x0000, 0x0000, 0x0000, 0x0000, 0x0000, 0x0000,
    0x0000, 0x0000, 0x0000, 0x0000, 0x0fff, 0x0fff, 0x0fff, 0x0fff, 0x0fff, 0x0fff, 0x0fff, 0x0fff,
    0x0fff, 0x0fff, 0x0fff, 0x0fff, 0x0fff, 0x8fff, 0xffff, 0xffff, 0xefff, 0xdfff, 0xdfff, 0xffff,
    0xffff, 0x5fff, 0x0fff, 0x0fff, 0x0fff, 0x0fff, 0x0fff, 0x0fff, 0x0fff, 0x0fff, 0x0fff, 0x0fff,
    0x0fff, 0x0fff, 0x0fff, 0x0fff, 0x0fff, 0x0fff, 0x0fff, 0x0fff, 0x0fff, 0x0fff, 0x2fff, 0xefff,
    0xffff, 0xffff, 0xcfff, 0xcfff, 0xefff, 0xffff, 0x9fff, 0x7fff, 0xffff, 0x5fff, 0x0fff, 0x0fff,
    0x0fff, 0x0fff, 0x0fff, 0x0fff, 0x0fff, 0x0fff, 0x0fff, 0x0fff, 0x0fff, 0x0fff, 0x0fff, 0x0fff,
    0x0fff, 0x0fff, 0x0fff, 0x0fff, 0x0fff, 0x0fff, 0x0fff, 0xcfff, 0xffff, 0x5fff, 0x0fff, 0x0fff,
    0x0fff, 0x0fff, 0x5fff, 0xffff, 0xffff, 0x4fff, 0x0fff, 0x0fff, 0x0fff, 0x0fff, 0x0fff, 0x0fff,
    0x0fff, 0x0fff, 0x0fff, 0x0fff, 0x0fff, 0x0fff, 0x0fff, 0x0fff, 0x0fff, 0x0fff, 0x0fff, 0x0fff,
    0x0fff, 0x0fff, 0x0fff, 0x0fff, 0x0fff, 0x0fff, 0xcfff, 0xffff, 0x5fff, 0x0fff, 0x0fff, 0x0fff,
    0x0fff, 0x0fff, 0x0fff, 0x0fff, 0x0fff, 0x0fff, 0x0fff, 0x0fff, 0x0fff, 0x0fff, 0x0fff, 0x0fff,
    0x0fff, 0x0fff, 0x0fff, 0x0fff, 0x0fff, 0x0fff, 0x0fff, 0x0fff, 0x0fff, 0x0fff, 0x0fff, 0x9fff,
    0xffff, 0xffff, 0xcfff, 0xbfff, 0xcfff, 0xefff, 0xffff, 0xffff, 0x4fff, 0x0fff, 0x0fff, 0x0fff,
    0x0fff, 0x0fff, 0x0fff, 0x0fff, 0x0fff, 0x0fff, 0x0fff, 0x0fff, 0x0fff, 0x0fff, 0x0fff, 0x0fff,
    0x0fff, 0x0fff, 0x0fff, 0x0fff, 0x0fff, 0x0fff, 0x0fff, 0x0fff, 0x0fff, 0x0fff, 0xcfff, 0xffff,
    0x5fff, 0x0fff, 0x0fff, 0x0fff, 0x0fff, 0x0fff, 0x0fff, 0x0fff, 0x0fff, 0x0fff, 0x0fff, 0x0fff,
    0x0fff, 0x0fff, 0x0fff, 0x0fff, 0x0fff, 0x0fff, 0x0fff, 0x0fff, 0x0fff, 0x0fff, 0x0fff, 0x0fff,
    0x0fff, 0x0fff, 0x0fff, 0x0fff, 0x0fff, 0x0fff, 0xffff, 0xffff, 0xefff, 0x0fff, 0x0fff, 0x0fff,
    0x0fff, 0x0fff, 0x0fff, 0x0fff, 0x0fff, 0x0fff, 0x0fff, 0x0fff, 0x0fff, 0x0fff, 0x0fff, 0x0fff,
    0x0000, 0x0000, 0x0000, 0x0000, 0x0000, 0x0000, 0x0000, 0x0000, 0x0000, 0x0000, 0x0000, 0x0000,
    0x0000, 0x0000, 0x0000, 0x0000, 0x0000, 0x0000, 0x0000, 0x0000, 0x0000, 0x0000, 0x0000, 0x0000,
    0x0000, 0x0000, 0x0000, 0x0000, 0x0000, 0x0000, 0x0000, 0x0000, 0x0fff, 0x0fff, 0x0fff, 0x0fff,
    0x0fff, 0x0fff, 0x0fff, 0x0fff, 0x0fff, 0x0fff, 0x0fff, 0x0fff, 0x0fff, 0x0fff, 0x4fff, 0xafff,
    0xdfff, 0xffff, 0xefff, 0xdfff, 0x8fff, 0x2fff, 0x0fff, 0x0fff, 0x0fff, 0x0fff, 0x0fff, 0x0fff,
    0x0fff, 0x0fff, 0x0fff, 0x0fff, 0x0fff, 0x0fff, 0x0fff, 0x0fff, 0x0fff, 0x0fff, 0x0fff, 0x0fff,
    0x0fff, 0x0fff, 0x0fff, 0x2fff, 0x9fff, 0xdfff, 0xffff, 0xefff, 0xbfff, 0x5fff, 0x0fff, 0x5fff,
    0xffff, 0x5fff, 0x0fff, 0x0fff, 0x0fff, 0x0fff, 0x0fff, 0x0fff, 0x0fff, 0x0fff, 0x0fff, 0x0fff,
    0x0fff, 0x0fff, 0x0fff, 0x0fff, 0x0fff, 0x0fff, 0x0fff, 0x0fff, 0x0fff, 0x0fff, 0x0fff, 0xcfff,
    0xffff, 0x5fff, 0x0fff, 0x0fff, 0x0fff, 0x0fff, 0x0fff, 0x8fff, 0xffff, 0xefff, 0x1fff, 0x0fff,
    0x0fff, 0x0fff, 0x0fff, 0x0fff, 0x0fff, 0x0fff, 0x0fff, 0x0fff, 0x0fff, 0x0fff, 0x0fff, 0x0fff,
    0x0fff, 0x0fff, 0x0fff, 0x0fff, 0x0fff, 0x0fff, 0x0fff, 0x0fff, 0x0fff, 0x0fff, 0xcfff, 0xffff,
    0x5fff, 0x0fff, 0x0fff, 0x0fff, 0x0fff, 0x0fff, 0x0fff, 0x0fff, 0x0fff, 0x0fff, 0x0fff, 0x0fff,
    0x0fff, 0x0fff, 0x0fff, 0x0fff, 0x0fff, 0x0fff, 0x0fff, 0x0fff, 0x0fff, 0x0fff, 0x0fff, 0x0fff,
    0x0fff, 0x0fff, 0x0fff, 0x3fff, 0x9fff, 0xcfff, 0xefff, 0xffff, 0xefff, 0xdfff, 0x9fff, 0x2fff,
    0x0fff, 0x0fff, 0x0fff, 0x0fff, 0x0fff, 0x0fff, 0x0fff, 0x0fff, 0x0fff, 0x0fff, 0x0fff, 0x0fff,
    0x0fff, 0x0fff, 0x0fff, 0x0fff, 0x0fff, 0x0fff, 0x0fff, 0x0fff, 0x0fff, 0x0fff, 0x0fff, 0x0fff,
    0x0fff, 0x0fff, 0xcfff, 0xffff, 0x5fff, 0x0fff, 0x0fff, 0x0fff, 0x0fff, 0x0fff, 0x0fff, 0x0fff,
    0x0fff, 0x0fff, 0x0fff, 0x0fff, 0x0fff, 0x0fff, 0x0fff, 0x0fff, 0x0fff, 0x0fff, 0x0fff, 0x0fff,
    0x0fff, 0x0fff, 0x0fff, 0x0fff, 0x0fff, 0x0fff, 0x0fff, 0x0fff, 0x0fff, 0x0fff, 0x9fff, 0xefff,
    0x8fff, 0x0fff, 0x0fff, 0x0fff, 0x0fff, 0x0fff, 0x0fff, 0x0fff, 0x0fff, 0x0fff, 0x0fff, 0x0fff,
    0x0fff, 0x0fff, 0x0fff, 0x0fff, 0x0000, 0x0000, 0x0000, 0x0000, 0x0000, 0x0000, 0x0000, 0x0000,
    0x0000, 0x0000, 0x0000, 0x0000, 0x0000, 0x0000, 0x0000, 0x0000, 0x0000, 0x0000, 0x0000, 0x0000,
    0x0000, 0x0000, 0x0000, 0x0000, 0x0000, 0x0000, 0x0000, 0x0000, 0x0000, 0x0000, 0x0000, 0x0000,
    0x0fff, 0x0fff, 0x0fff, 0x0fff, 0x0fff, 0x0fff, 0x0fff, 0x0fff, 0x0fff, 0x0fff, 0x0fff, 0x0fff,
    0x0fff, 0x0fff, 0x0fff, 0x0fff, 0x0fff, 0x0fff, 0x0fff, 0x0fff, 0x0fff, 0x0fff, 0x0fff, 0x0fff,
    0x0fff, 0x0fff, 0x0fff, 0x0fff, 0x0fff, 0x0fff, 0x0fff, 0x0fff, 0x0fff, 0x0fff, 0x0fff, 0x0fff,
    0x0fff, 0x0fff, 0x0fff, 0x0fff, 0x0fff, 0x0fff, 0x0fff, 0x0fff, 0x0fff, 0x0fff, 0x0fff, 0x0fff,
    0x0fff, 0x0fff, 0x0fff, 0x0fff, 0x0fff, 0x0fff, 0x0fff, 0x0fff, 0x0fff, 0x0fff, 0x0fff, 0x0fff,
    0x0fff, 0x0fff, 0x0fff, 0x0fff, 0x0fff, 0x0fff, 0x0fff, 0x0fff, 0x0fff, 0x0fff, 0x0fff, 0x0fff,
    0x0fff, 0x0fff, 0x0fff, 0x0fff, 0x0fff, 0x0fff, 0x0fff, 0x0fff, 0x0fff, 0x0fff, 0x0fff, 0x0fff,
    0x0fff, 0x0fff, 0x0fff, 0x0fff, 0x0fff, 0x0fff, 0x0fff, 0x0fff, 0x0fff, 0x0fff, 0x0fff, 0x0fff,
    0x0fff, 0x0fff, 0x0fff, 0x0fff, 0x0fff, 0x0fff, 0x0fff, 0x0fff, 0x0fff, 0x0fff, 0x0fff, 0x0fff,
    0x0fff, 0x0fff, 0x0fff, 0x0fff, 0x0fff, 0x0fff, 0x0fff, 0x0fff, 0x0fff, 0x0fff, 0x0fff, 0x0fff,
    0x0fff, 0x0fff, 0x0fff, 0x0fff, 0x0fff, 0x0fff, 0x0fff, 0x0fff, 0x0fff, 0x0fff, 0x0fff, 0x0fff,
    0x0fff, 0x0fff, 0x0fff, 0x0fff, 0x0fff, 0x0fff, 0x0fff, 0x0fff, 0x0fff, 0x0fff, 0x0fff, 0x0fff,
    0x0fff, 0x0fff, 0x0fff, 0x0fff, 0x0fff, 0x0fff, 0x0fff, 0x0fff, 0x0fff, 0x0fff, 0x0fff, 0x0fff,
    0x0fff, 0x0fff, 0x0fff, 0x0fff, 0x0fff, 0x0fff, 0x0fff, 0x0fff, 0x0fff, 0x0fff, 0x0fff, 0x0fff,
    0x0fff, 0x0fff, 0x0fff, 0x0fff, 0x0fff, 0x0fff, 0x0fff, 0x0fff, 0x0fff, 0x0fff, 0x0fff, 0x0fff,
    0x0fff, 0x0fff, 0x0fff, 0x0fff, 0x0fff, 0x0fff, 0x0fff, 0x0fff, 0x0fff, 0x0fff, 0x0fff, 0x0fff,
    0x0fff, 0x0fff, 0x0fff, 0x0fff, 0x0fff, 0x0fff, 0x0fff, 0x0fff, 0x0fff, 0x0fff, 0x0fff, 0x0fff,
    0x0fff, 0x0fff, 0x0fff, 0x0fff, 0x0fff, 0x0fff, 0x0fff, 0x0fff, 0x0fff, 0x0fff, 0x0fff, 0x0fff,
    0x0fff, 0x0fff, 0x0fff, 0x0fff, 0x0fff, 0x0fff, 0x0fff, 0x0fff, 0x0000, 0x0000, 0x0000, 0x0000,
    0x0000, 0x0000, 0x0000, 0x0000, 0x0000, 0x0000, 0x0000, 0x0000, 0x0000, 0x0000, 0x0000, 0x0000,
    0x0000, 0x0000, 0x0000, 0x0000, 0x0000, 0x0000, 0x0000, 0x0000, 0x0000, 0x0000, 0x0000, 0x0000,
    0x0000, 0x0000, 0x0000, 0x0000, 0x0fff, 0x0fff, 0x0fff, 0x0fff, 0x0fff, 0x0fff, 0x0fff, 0x0fff,
    0x0fff, 0x0fff, 0x0fff, 0x0fff, 0x0fff, 0x0fff, 0x0fff, 0x0fff, 0x0fff, 0x0fff, 0x0fff, 0x0fff,
    0x0fff, 0x0fff, 0x0fff, 0x0fff, 0x0fff, 0x0fff, 0x0fff, 0x0fff, 0x0fff, 0x0fff, 0x0fff, 0x0fff,
    0x0fff, 0x0fff, 0x0fff, 0x0fff, 0x0fff, 0x0fff, 0x0fff, 0x0fff, 0x0fff, 0x0fff, 0x0fff, 0x0fff,
    0x0fff, 0x0fff, 0x0fff, 0x0fff, 0x0fff, 0x0fff, 0x0fff, 0x0fff, 0x0fff, 0x0fff, 0x0fff, 0x0fff,
    0x0fff, 0x0fff, 0x0fff, 0x0fff, 0x0fff, 0x0fff, 0x0fff, 0x0fff, 0x0fff, 0x0fff, 0x0fff, 0x0fff,
    0x0fff, 0x0fff, 0x0fff, 0x0fff, 0x0fff, 0x0fff, 0x0fff, 0x0fff, 0x0fff, 0x0fff, 0x0fff, 0x0fff,
    0x0fff, 0x0fff, 0x0fff, 0x0fff, 0x0fff, 0x0fff, 0x0fff, 0x0fff, 0x0fff, 0x0fff, 0x0fff, 0x0fff,
    0x0fff, 0x0fff, 0x0fff, 0x0fff, 0x0fff, 0x0fff, 0x0fff, 0x0fff, 0x0fff, 0x0fff, 0x0fff, 0x0fff,
    0x0fff, 0x0fff, 0x0fff, 0x0fff, 0x0fff, 0x0fff, 0x0fff, 0x0fff, 0x0fff, 0x0fff, 0x0fff, 0x0fff,
    0x0fff, 0x0fff, 0x0fff, 0x0fff, 0x0fff, 0x0fff, 0x0fff, 0x0fff, 0x0fff, 0x0fff, 0x0fff, 0x0fff,
    0x0fff, 0x0fff, 0x0fff, 0x0fff, 0x0fff, 0x0fff, 0x0fff, 0x0fff, 0x0fff, 0x0fff, 0x0fff, 0x0fff,
    0x0fff, 0x0fff, 0x0fff, 0x0fff, 0x0fff, 0x0fff, 0x0fff, 0x0fff, 0x0fff, 0x0fff, 0x0fff, 0x0fff,
    0x0fff, 0x0fff, 0x0fff, 0x0fff, 0x0fff, 0x0fff, 0x0fff, 0x0fff, 0x0fff, 0x0fff, 0x0fff, 0x0fff,
    0x0fff, 0x0fff, 0x0fff, 0x0fff, 0x0fff, 0x0fff, 0x0fff, 0x0fff, 0x0fff, 0x0fff, 0x0fff, 0x0fff,
    0x0fff, 0x0fff, 0x0fff, 0x0fff, 0x0fff, 0x0fff, 0x0fff, 0x0fff, 0x0fff, 0x0fff, 0x0fff, 0x0fff,
    0x0fff, 0x0fff, 0x0fff, 0x0fff, 0x0fff, 0x0fff, 0x0fff, 0x0fff, 0x0fff, 0x0fff, 0x0fff, 0x0fff,
    0x0fff, 0x0fff, 0x0fff, 0x0fff, 0x0fff, 0x0fff, 0x0fff, 0x0fff, 0x0fff, 0x0fff, 0x0fff, 0x0fff,
    0x0fff, 0x0fff, 0x0fff, 0x0fff, 0x0fff, 0x0fff, 0x0fff, 0x0fff, 0x0fff, 0x0fff, 0x0fff, 0x0fff,
    0x0000, 0x0000, 0x0000, 0x0000, 0x0000, 0x0000, 0x0000, 0x0000, 0x0000, 0x0000, 0x0000, 0x0000,
    0x0000, 0x0000, 0x0000, 0x0000, 0x0000, 0x0000, 0x0000, 0x0000, 0x0000, 0x0000, 0x0000, 0x0000,
    0x0000, 0x0000, 0x0000, 0x0000, 0x0000, 0x0000, 0x0000, 0x0000, 0x0fff, 0x0fff, 0x0fff, 0x0fff,
    0x0fff, 0x0fff, 0x0fff, 0x0fff, 0x0fff, 0x0fff, 0x0fff, 0x0fff, 0x0fff, 0x0fff, 0x0fff, 0x0fff,
    0x0fff, 0x0fff, 0x0fff, 0x0fff, 0x0fff, 0x0fff, 0x0fff, 0x0fff, 0x0fff, 0x0fff, 0x0fff, 0x0fff,
    0x0fff, 0x0fff, 0x0fff, 0x0fff, 0x0fff, 0x0fff, 0x0fff, 0x0fff, 0x0fff, 0x0fff, 0x0fff, 0x0fff,
    0x0fff, 0x0fff, 0x0fff, 0x0fff, 0x0fff, 0x0fff, 0x0fff, 0x0fff, 0x0fff, 0x0fff, 0x0fff, 0x0fff,
    0x0fff, 0x0fff, 0x0fff, 0x0fff, 0x0fff, 0x0fff, 0x0fff, 0x0fff, 0x0fff, 0x0fff, 0x0fff, 0x0fff,
    0x0fff, 0x0fff, 0x0fff, 0x0fff, 0x0fff, 0x0fff, 0x0fff, 0x0fff, 0x0fff, 0x0fff, 0x0fff, 0x0fff,
    0x0fff, 0x0fff, 0x0fff, 0x0fff, 0x0fff, 0x0fff, 0x0fff, 0x0fff, 0x0fff, 0x0fff, 0x0fff, 0x0fff,
    0x0fff, 0x0fff, 0x0fff, 0x0fff, 0x0fff, 0x0fff, 0x0fff, 0x0fff, 0x0fff, 0x0fff, 0x0fff, 0x0fff,
    0x0fff, 0x0fff, 0x0fff, 0x0fff, 0x0fff, 0x0fff, 0x0fff, 0x0fff, 0x0fff, 0x0fff, 0x0fff, 0x0fff,
    0x0fff, 0x0fff, 0x0fff, 0x0fff, 0x0fff, 0x0fff, 0x0fff, 0x0fff, 0x0fff, 0x0fff, 0x0fff, 0x0fff,
    0x0fff, 0x0fff, 0x0fff, 0x0fff, 0x0fff, 0x0fff, 0x0fff, 0x0fff, 0x0fff, 0x0fff, 0x0fff, 0x0fff,
    0x0fff, 0x0fff, 0x0fff, 0x0fff, 0x0fff, 0x0fff, 0x0fff, 0x0fff, 0x0fff, 0x0fff, 0x0fff, 0x0fff,
    0x0fff, 0x0fff, 0x0fff, 0x0fff, 0x0fff, 0x0fff, 0x0fff, 0x0fff, 0x0fff, 0x0fff, 0x0fff, 0x0fff,
    0x0fff, 0x0fff, 0x0fff, 0x0fff, 0x0fff, 0x0fff, 0x0fff, 0x0fff, 0x0fff, 0x0fff, 0x0fff, 0x0fff,
    0x0fff, 0x0fff, 0x0fff, 0x0fff, 0x0fff, 0x0fff, 0x0fff, 0x0fff, 0x0fff, 0x0fff, 0x0fff, 0x0fff,
    0x0fff, 0x0fff, 0x0fff, 0x0fff, 0x0fff, 0x0fff, 0x0fff, 0x0fff, 0x0fff, 0x0fff, 0x0fff, 0x0fff,
    0x0fff, 0x0fff, 0x0fff, 0x0fff, 0x0fff, 0x0fff, 0x0fff, 0x0fff, 0x0fff, 0x0fff, 0x0fff, 0x0fff,
    0x0fff, 0x0fff, 0x0fff, 0x0fff, 0x0fff, 0x0fff, 0x0fff, 0x0fff, 0x0fff, 0x0fff, 0x0fff, 0x0fff,
    0x0fff, 0x0fff, 0x0fff, 0x0fff, 0x0000, 0x0000, 0x0000, 0x0000, 0x0000, 0x0000, 0x0000, 0x0000,
    0x0000, 0x0000, 0x0000, 0x0000, 0x0000, 0x0000, 0x0000, 0x0000, 0x0000, 0x0000, 0x0000, 0x0000,
    0x0000, 0x0000, 0x0000, 0x0000, 0x0000, 0x0000, 0x0000, 0x0000, 0x0000, 0x0000, 0x0000, 0x0000,
    0x0fff, 0x0fff, 0x0fff, 0x0fff, 0x0fff, 0x0fff, 0x0fff, 0x0fff, 0x0fff, 0x0fff, 0x0fff, 0x0fff,
    0x0fff, 0x0fff, 0x0fff, 0x0fff, 0x0fff, 0x0fff, 0x0fff, 0x0fff, 0x0fff, 0x0fff, 0x0fff, 0x0fff,
    0x0fff, 0x0fff, 0x0fff, 0x0fff, 0x0fff, 0x0fff, 0x0fff, 0x0fff, 0x0fff, 0x0fff, 0x0fff, 0x0fff,
    0x0fff, 0x0fff, 0x0fff, 0x0fff, 0x0fff, 0x0fff, 0x0fff, 0x0fff, 0x0fff, 0x0fff, 0x0fff, 0x0fff,
    0x0fff, 0x0fff, 0x0fff, 0x0fff, 0x0fff, 0x0fff, 0x0fff, 0x0fff, 0x0fff, 0x0fff, 0x0fff, 0x0fff,
    0x0fff, 0x0fff, 0x0fff, 0x0fff, 0x0fff, 0x0fff, 0x0fff, 0x0fff, 0x0fff, 0x0fff, 0x0fff, 0x0fff,
    0x0fff, 0x0fff, 0x0fff, 0x0fff, 0x0fff, 0x0fff, 0x0fff, 0x0fff, 0x0fff, 0x0fff, 0x0fff, 0x0fff,
    0x0fff, 0x0fff, 0x0fff, 0x0fff, 0x0fff, 0x0fff, 0x0fff, 0x0fff, 0x0fff, 0x0fff, 0x0fff, 0x0fff,
    0x0fff, 0x0fff, 0x0fff, 0x0fff, 0x0fff, 0x0fff, 0x0fff, 0x0fff, 0x0fff, 0x0fff, 0x0fff, 0x0fff,
    0x0fff, 0x0fff, 0x0fff, 0x0fff, 0x0fff, 0x0fff, 0x0fff, 0x0fff, 0x0fff, 0x0fff, 0x0fff, 0x0fff,
    0x0fff, 0x0fff, 0x0fff, 0x0fff, 0x0fff, 0x0fff, 0x0fff, 0x0fff, 0x0fff, 0x0fff, 0x0fff, 0x0fff,
    0x0fff, 0x0fff, 0x0fff, 0x0fff, 0x0fff, 0x0fff, 0x0fff, 0x0fff, 0x0fff, 0x0fff, 0x0fff, 0x0fff,
    0x0fff, 0x0fff, 0x0fff, 0x0fff, 0x0fff, 0x0fff, 0x0fff, 0x0fff, 0x0fff, 0x0fff, 0x0fff, 0x0fff,
    0x0fff, 0x0fff, 0x0fff, 0x0fff, 0x0fff, 0x0fff, 0x0fff, 0x0fff, 0x0fff, 0x0fff, 0x0fff, 0x0fff,
    0x0fff, 0x0fff, 0x0fff, 0x0fff, 0x0fff, 0x0fff, 0x0fff, 0x0fff, 0x0fff, 0x0fff, 0x0fff, 0x0fff,
    0x0fff, 0x0fff, 0x0fff, 0x0fff, 0x0fff, 0x0fff, 0x0fff, 0x0fff, 0x0fff, 0x0fff, 0x0fff, 0x0fff,
    0x0fff, 0x0fff, 0x0fff, 0x0fff, 0x0fff, 0x0fff, 0x0fff, 0x0fff, 0x0fff, 0x0fff, 0x0fff, 0x0fff,
    0x0fff, 0x0fff, 0x0fff, 0x0fff, 0x0fff, 0x0fff, 0x0fff, 0x0fff, 0x0fff, 0x0fff, 0x0fff, 0x0fff,
    0x0fff, 0x0fff, 0x0fff, 0x0fff, 0x0fff, 0x0fff, 0x0fff, 0x0fff, 0x0000, 0x0000, 0x0000, 0x0000,
    0x0000, 0x0000, 0x0000, 0x0000, 0x0000, 0x0000, 0x0000, 0x0000, 0x0000, 0x0000, 0x0000, 0x0000,
    0x0000, 0x0000, 0x0000, 0x0000, 0x0000, 0x0000, 0x0000, 0x0000, 0x0000, 0x0000, 0x0000, 0x0000,
    0x0000, 0x0000, 0x0000, 0x0000, 0x0fff, 0x0fff, 0x0fff, 0x0fff, 0x0fff, 0x0fff, 0x0fff, 0x0fff,
    0x0fff, 0x0fff, 0x0fff, 0x0fff, 0x0fff, 0x0fff, 0x0fff, 0x0fff, 0x0fff, 0x0fff, 0x0fff, 0x0fff,
    0x0fff, 0x0fff, 0x0fff, 0x0fff, 0x0fff, 0x0fff, 0x0fff, 0x0fff, 0x0fff, 0x0fff, 0x0fff, 0x0fff,
    0x0fff, 0x0fff, 0x0fff, 0x0fff, 0x0fff, 0x0fff, 0x0fff, 0x0fff, 0x0fff, 0x0fff, 0x0fff, 0x0fff,
    0x0fff, 0x0fff, 0x0fff, 0x0fff, 0x0fff, 0x0fff, 0x0fff, 0x0fff, 0x0fff, 0x0fff, 0x0fff, 0x0fff,
    0x0fff, 0x0fff, 0x0fff, 0x0fff, 0x0fff, 0x0fff, 0x0fff, 0x0fff, 0x0fff, 0x0fff, 0x0fff, 0x0fff,
    0x0fff, 0x0fff, 0x0fff, 0x0fff, 0x0fff, 0x0fff, 0x0fff, 0x0fff, 0x0fff, 0x0fff, 0x0fff, 0x0fff,
    0x0fff, 0x0fff, 0x0fff, 0x0fff, 0x0fff, 0x0fff, 0x0fff, 0x0fff, 0x0fff, 0x0fff, 0x0fff, 0x0fff,
    0x0fff, 0x0fff, 0x0fff, 0x0fff, 0x0fff, 0x0fff, 0x0fff, 0x0fff, 0x0fff, 0x0fff, 0x0fff, 0x0fff,
    0x0fff, 0x0fff, 0x0fff, 0x0fff, 0x0fff, 0x0fff, 0x0fff, 0x0fff, 0x0fff, 0x0fff, 0x0fff, 0x0fff,
    0x0fff, 0x0fff, 0x0fff, 0x0fff, 0x0fff, 0x0fff, 0x0fff, 0x0fff, 0x0fff, 0x0fff, 0x0fff, 0x0fff,
    0x0fff, 0x0fff, 0x0fff, 0x0fff, 0x0fff, 0x0fff, 0x0fff, 0x0fff, 0x0fff, 0x0fff, 0x0fff, 0x0fff,
    0x0fff, 0x0fff, 0x0fff, 0x0fff, 0x0fff, 0x0fff, 0x0fff, 0x0fff, 0x0fff, 0x0fff, 0x0fff, 0x0fff,
    0x0fff, 0x0fff, 0x0fff, 0x0fff, 0x0fff, 0x0fff, 0x0fff, 0x0fff, 0x0fff, 0x0fff, 0x0fff, 0x0fff,
    0x0fff, 0x0fff, 0x0fff, 0x0fff, 0x0fff, 0x0fff, 0x0fff, 0x0fff, 0x0fff, 0x0fff, 0x0fff, 0x0fff,
    0x0fff, 0x0fff, 0x0fff, 0x0fff, 0x0fff, 0x0fff, 0x0fff, 0x0fff, 0x0fff, 0x0fff, 0x0fff, 0x0fff,
    0x0fff, 0x0fff, 0x0fff, 0x0fff, 0x0fff, 0x0fff, 0x0fff, 0x0fff, 0x0fff, 0x0fff, 0x0fff, 0x0fff,
    0x0fff, 0x0fff, 0x0fff, 0x0fff, 0x0fff, 0x0fff, 0x0fff, 0x0fff, 0x0fff, 0x0fff, 0x0fff, 0x0fff,
    0x0fff, 0x0fff, 0x0fff, 0x0fff, 0x0fff, 0x0fff, 0x0fff, 0x0fff, 0x0fff, 0x0fff, 0x0fff, 0x0fff,
    0x0000, 0x0000, 0x0000, 0x0000, 0x0000, 0x0000, 0x0000, 0x0000, 0x0000, 0x0000, 0x0000, 0x0000,
    0x0000, 0x0000, 0x0000, 0x0000, 0x0000, 0x0000, 0x0000, 0x0000, 0x0000, 0x0000, 0x0000, 0x0000,
    0x0000, 0x0000, 0x0000, 0x0000, 0x0000, 0x0000, 0x0000, 0x0000, 0x0fff, 0x0fff, 0x0fff, 0x0fff,
    0x0fff, 0x0fff, 0x0fff, 0x0fff, 0x0fff, 0x0fff, 0x0fff, 0x0fff, 0x0fff, 0x0fff, 0x0fff, 0x0fff,
    0x0fff, 0x0fff, 0x0fff, 0x0fff, 0x0fff, 0x0fff, 0x0fff, 0x0fff, 0x0fff, 0x0fff, 0x0fff, 0x0fff,
    0x0fff, 0x0fff, 0x0fff, 0x0fff, 0x0fff, 0x0fff, 0x0fff, 0x0fff, 0x0fff, 0x0fff, 0x0fff, 0x0fff,
    0x0fff, 0x0fff, 0x0fff, 0x0fff, 0x0fff, 0x0fff, 0x0fff, 0x0fff, 0x0fff, 0x0fff, 0x0fff, 0x0fff,
    0x0fff, 0x0fff, 0x0fff, 0x0fff, 0x0fff, 0x0fff, 0x0fff, 0x0fff, 0x0fff, 0x0fff, 0x0fff, 0x0fff,
    0x0fff, 0x0fff, 0x0fff, 0x0fff, 0x0fff, 0x0fff, 0x0fff, 0x0fff, 0x0fff, 0x0fff, 0x0fff, 0x0fff,
    0x0fff, 0x0fff, 0x0fff, 0x0fff, 0x0fff, 0x0fff, 0x0fff, 0x0fff, 0x0fff, 0x0fff, 0x0fff, 0x0fff,
    0x0fff, 0x0fff, 0x0fff, 0x0fff, 0x0fff, 0x0fff, 0x0fff, 0x0fff, 0x0fff, 0x0fff, 0x0fff, 0x0fff,
    0x0fff, 0x0fff, 0x0fff, 0x0fff, 0x0fff, 0x0fff, 0x0fff, 0x0fff, 0x0fff, 0x0fff, 0x0fff, 0x0fff,
    0x0fff, 0x0fff, 0x0fff, 0x0fff, 0x0fff, 0x0fff, 0x0fff, 0x0fff, 0x0fff, 0x0fff, 0x0fff, 0x0fff,
    0x0fff, 0x0fff, 0x0fff, 0x0fff, 0x0fff, 0x0fff, 0x0fff, 0x0fff, 0x0fff, 0x0fff, 0x0fff, 0x0fff,
    0x0fff, 0x0fff, 0x0fff, 0x0fff, 0x0fff, 0x0fff, 0x0fff, 0x0fff, 0x0fff, 0x0fff, 0x0fff, 0x0fff,
    0x0fff, 0x0fff, 0x0fff, 0x0fff, 0x0fff, 0x0fff, 0x0fff, 0x0fff, 0x0fff, 0x0fff, 0x0fff, 0x0fff,
    0x0fff, 0x0fff, 0x0fff, 0x0fff, 0x0fff, 0x0fff, 0x0fff, 0x0fff, 0x0fff, 0x0fff, 0x0fff, 0x0fff,
    0x0fff, 0x0fff, 0x0fff, 0x0fff, 0x0fff, 0x0fff, 0x0fff, 0x0fff, 0x0fff, 0x0fff, 0x0fff, 0x0fff,
    0x0fff, 0x0fff, 0x0fff, 0x0fff, 0x0fff, 0x0fff, 0x0fff, 0x0fff, 0x0fff, 0x0fff, 0x0fff, 0x0fff,
    0x0fff, 0x0fff, 0x0fff, 0x0fff, 0x0fff, 0x0fff, 0x0fff, 0x0fff, 0x0fff, 0x0fff, 0x0fff, 0x0fff,
    0x0fff, 0x0fff, 0x0fff, 0x0fff, 0x0fff, 0x0fff, 0x0fff, 0x0fff, 0x0fff, 0x0fff, 0x0fff, 0x0fff,
    0x0fff, 0x0fff, 0x0fff, 0x0fff, 0x0000, 0x0000, 0x0000, 0x0000, 0x0000, 0x0000, 0x0000, 0x0000,
    0x0000, 0x0000, 0x0000, 0x0000, 0x0000, 0x0000, 0x0000, 0x0000, 0x0000, 0x0000, 0x0000, 0x0000,
    0x0000, 0x0000, 0x0000, 0x0000, 0x0000, 0x0000, 0x0000, 0x0000, 0x0000, 0x0000, 0x0000, 0x0000,
    0x0000, 0x0000, 0x0000, 0x0000, 0x0000, 0x0000, 0x0000, 0x0000, 0x0000, 0x0000, 0x0000, 0x0000,
    0x0000, 0x0000, 0x0000, 0x0000, 0x0000, 0x0000, 0x0000, 0x0000, 0x0000, 0x0000, 0x0000, 0x0000,
    0x0000, 0x0000, 0x0000, 0x0000, 0x0000, 0x0000, 0x0000, 0x0000, 0x0000, 0x0000, 0x0000, 0x0000,
    0x0000, 0x0000, 0x0000, 0x0000, 0x0000, 0x0000, 0x0000, 0x0000, 0x0000, 0x0000, 0x0000, 0x0000,
    0x0000, 0x0000, 0x0000, 0x0000, 0x0000, 0x0000, 0x0000, 0x0000, 0x0000, 0x0000, 0x0000, 0x0000,
    0x0000, 0x0000, 0x0000, 0x0000, 0x0000, 0x0000, 0x0000, 0x0000, 0x0000, 0x0000, 0x0000, 0x0000,
    0x0000, 0x0000, 0x0000, 0x0000, 0x0000, 0x0000, 0x0000, 0x0000, 0x0000, 0x0000, 0x0000, 0x0000,
    0x0000, 0x0000, 0x0000, 0x0000, 0x0000, 0x0000, 0x0000, 0x0000, 0x0000, 0x0000, 0x0000, 0x0000,
    0x0000, 0x0000, 0x0000, 0x0000, 0x0000, 0x0000, 0x0000, 0x0000, 0x0000, 0x0000, 0x0000, 0x0000,
    0x0000, 0x0000, 0x0000, 0x0000, 0x0000, 0x0000, 0x0000, 0x0000, 0x0000, 0x0000, 0x0000, 0x0000,
    0x0000, 0x0000, 0x0000, 0x0000, 0x0000, 0x0000, 0x0000, 0x0000, 0x0000, 0x0000, 0x0000, 0x0000,
    0x0000, 0x0000, 0x0000, 0x0000, 0x0000, 0x0000, 0x0000, 0x0000, 0x0000, 0x0000, 0x0000, 0x0000,
    0x0000, 0x0000, 0x0000, 0x0000, 0x0000, 0x0000, 0x0000, 0x0000, 0x0000, 0x0000, 0x0000, 0x0000,
    0x0000, 0x0000, 0x0000, 0x0000, 0x0000, 0x0000, 0x0000, 0x0000, 0x0000, 0x0000, 0x0000, 0x0000,
    0x0000, 0x0000, 0x0000, 0x0000, 0x0000, 0x0000, 0x0000, 0x0000, 0x0000, 0x0000, 0x0000, 0x0000,
    0x0000, 0x0000, 0x0000, 0x0000, 0x0000, 0x0000, 0x0000, 0x0000, 0x0000, 0x0000, 0x0000, 0x0000,
    0x0000, 0x0000, 0x0000, 0x0000, 0x0000, 0x0000, 0x0000, 0x0000, 0x0000, 0x0000, 0x0000, 0x0000,
    0x0000, 0x0000, 0x0000, 0x0000, 0x0000, 0x0000, 0x0000, 0x0000, 0x0000, 0x0000, 0x0000, 0x0000,
    0x0000, 0x0000, 0x0000, 0x0000, 0x0000, 0x0000, 0x0000, 0x0000, 0x0000, 0x0000, 0x0000, 0x0000,
    0x0000, 0x0000, 0x0000, 0x0000, 0x0000, 0x0000, 0x0000, 0x0000, 0x0000, 0x0000, 0x0000, 0x0000,
    0x0000, 0x0000, 0x0000, 0x0000, 0x0000, 0x0000, 0x0000, 0x0000, 0x0000, 0x0000, 0x0000, 0x0000,
    0x0000, 0x0000, 0x0000, 0x0000, 0x0000, 0x0000, 0x0000, 0x0000, 0x0000, 0x0000, 0x0000, 0x0000,
    0x0000, 0x0000, 0x0000, 0x0000, 0x0000, 0x0000, 0x0000, 0x0000, 0x0000, 0x0000, 0x0000, 0x0000,
    0x0000, 0x0000, 0x0000, 0x0000, 0x0000, 0x0000, 0x0000, 0x0000, 0x0000, 0x0000, 0x0000, 0x0000,
    0x0000, 0x0000, 0x0000, 0x0000, 0x0000, 0x0000, 0x0000, 0x0000, 0x0000, 0x0000, 0x0000, 0x0000,
    0x0000, 0x0000, 0x0000, 0x0000, 0x0000, 0x0000, 0x0000, 0x0000, 0x0000, 0x0000, 0x0000, 0x0000,
    0x0000, 0x0000, 0x0000, 0x0000, 0x0000, 0x0000, 0x0000, 0x0000, 0x0000, 0x0000, 0x0000, 0x0000,
    0x0000, 0x0000, 0x0000, 0x0000, 0x0000, 0x0000, 0x0000, 0x0000, 0x0000, 0x0000, 0x0000, 0x0000,
    0x0000, 0x0000, 0x0000, 0x0000, 0x0000, 0x0000, 0x0000, 0x0000, 0x0000, 0x0000, 0x0000, 0x0000,
    0x0000, 0x0000, 0x0000, 0x0000, 0x0000, 0x0000, 0x0000, 0x0000, 0x0000, 0x0000, 0x0000, 0x0000,
    0x0000, 0x0000, 0x0000, 0x0000, 0x0000, 0x0000, 0x0000, 0x0000, 0x0000, 0x0000, 0x0000, 0x0000,
    0x0000, 0x0000, 0x0000, 0x0000, 0x0000, 0x0000, 0x0000, 0x0000, 0x0000, 0x0000, 0x0000, 0x0000,
    0x0000, 0x0000, 0x0000, 0x0000, 0x0000, 0x0000, 0x0000, 0x0000, 0x0000, 0x0000, 0x0000, 0x0000,
    0x0000, 0x0000, 0x0000, 0x0000, 0x0000, 0x0000, 0x0000, 0x0000, 0x0000, 0x0000, 0x0000, 0x0000,
    0x0000, 0x0000, 0x0000, 0x0000, 0x0000, 0x0000, 0x0000, 0x0000, 0x0000, 0x0000, 0x0000, 0x0000,
    0x0000, 0x0000, 0x0000, 0x0000, 0x0000, 0x0000, 0x0000, 0x0000, 0x0000, 0x0000, 0x0000, 0x0000,
    0x0000, 0x0000, 0x0000, 0x0000, 0x0000, 0x0000, 0x0000, 0x0000, 0x0000, 0x0000, 0x0000, 0x0000,
    0x0000, 0x0000, 0x0000, 0x0000, 0x0000, 0x0000, 0x0000, 0x0000, 0x0000, 0x0000, 0x0000, 0x0000,
    0x0000, 0x0000, 0x0000, 0x0000, 0x0000, 0x0000, 0x0000, 0x0000, 0x0000, 0x0000, 0x0000, 0x0000,
    0x0000, 0x0000, 0x0000, 0x0000, 0x0000, 0x0000, 0x0000, 0x0000, 0x0000, 0x0000, 0x0000, 0x0000,
    0x0000, 0x0000, 0x0000, 0x0000, 0x0000, 0x0000, 0x0000, 0x0000, 0x0000, 0x0000, 0x0000, 0x0000,
    0x0000, 0x0000, 0x0000, 0x0000, 0x0000, 0x0000, 0x0000, 0x0000, 0x0000, 0x0000, 0x0000, 0x0000,
    0x0000, 0x0000, 0x0000, 0x0000, 0x0000, 0x0000, 0x0000, 0x0000, 0x0000, 0x0000, 0x0000, 0x0000,
    0x0000, 0x0000, 0x0000, 0x0000, 0x0000, 0x0000, 0x0000, 0x0000, 0x0000, 0x0000, 0x0000, 0x0000,
    0x0000, 0x0000, 0x0000, 0x0000, 0x0000, 0x0000, 0x0000, 0x0000, 0x0000, 0x0000, 0x0000, 0x0000,
    0x0000, 0x0000, 0x0000, 0x0000, 0x0000, 0x0000, 0x0000, 0x0000, 0x0000, 0x0000, 0x0000, 0x0000,
    0x0000, 0x0000, 0x0000, 0x0000, 0x0000, 0x0000, 0x0000, 0x0000, 0x0000, 0x0000, 0x0000, 0x0000,
    0x0000, 0x0000, 0x0000, 0x0000, 0x0000, 0x0000, 0x0000, 0x0000, 0x0000, 0x0000, 0x0000, 0x0000,
    0x0000, 0x0000, 0x0000, 0x0000, 0x0000, 0x0000, 0x0000, 0x0000, 0x0000, 0x0000, 0x0000, 0x0000,
    0x0000, 0x0000, 0x0000, 0x0000, 0x0000, 0x0000, 0x0000, 0x0000, 0x0000, 0x0000, 0x0000, 0x0000,
    0x0000, 0x0000, 0x0000, 0x0000, 0x0000, 0x0000, 0x0000, 0x0000, 0x0000, 0x0000, 0x0000, 0x0000,
    0x0000, 0x0000, 0x0000, 0x0000, 0x0000, 0x0000, 0x0000, 0x0000, 0x0000, 0x0000, 0x0000, 0x0000,
    0x0000, 0x0000, 0x0000, 0x0000, 0x0000, 0x0000, 0x0000, 0x0000, 0x0000, 0x0000, 0x0000, 0x0000,
    0x0000, 0x0000, 0x0000, 0x0000, 0x0000, 0x0000, 0x0000, 0x0000, 0x0000, 0x0000, 0x0000, 0x0000,
    0x0000, 0x0000, 0x0000, 0x0000, 0x0000, 0x0000, 0x0000, 0x0000, 0x0000, 0x0000, 0x0000, 0x0000,
    0x0000, 0x0000, 0x0000, 0x0000, 0x0000, 0x0000, 0x0000, 0x0000, 0x0000, 0x0000, 0x0000, 0x0000,
    0x0000, 0x0000, 0x0000, 0x0000, 0x0000, 0x0000, 0x0000, 0x0000, 0x0000, 0x0000, 0x0000, 0x0000,
    0x0000, 0x0000, 0x0000, 0x0000, 0x0000, 0x0000, 0x0000, 0x0000, 0x0000, 0x0000, 0x0000, 0x0000,
    0x0000, 0x0000, 0x0000, 0x0000, 0x0000, 0x0000, 0x0000, 0x0000, 0x0000, 0x0000, 0x0000, 0x0000,
    0x0000, 0x0000, 0x0000, 0x0000, 0x0000, 0x0000, 0x0000, 0x0000, 0x0000, 0x0000, 0x0000, 0x0000,
    0x0000, 0x0000, 0x0000, 0x0000, 0x0000, 0x0000, 0x0000, 0x0000, 0x0000, 0x0000, 0x0000, 0x0000,
    0x0000, 0x0000, 0x0000, 0x0000, 0x0000, 0x0000, 0x0000, 0x0000, 0x0000, 0x0000, 0x0000, 0x0000,
    0x0000, 0x0000, 0x0000, 0x0000, 0x0000, 0x0000, 0x0000, 0x0000, 0x0000, 0x0000, 0x0000, 0x0000,
    0x0000, 0x0000, 0x0000, 0x0000, 0x0000, 0x0000, 0x0000, 0x0000, 0x0000, 0x0000, 0x0000, 0x0000,
    0x0000, 0x0000, 0x0000, 0x0000, 0x0000, 0x0000, 0x0000, 0x0000, 0x0000, 0x0000, 0x0000, 0x0000,
    0x0000, 0x0000, 0x0000, 0x0000, 0x0000, 0x0000, 0x0000, 0x0000, 0x0000, 0x0000, 0x0000, 0x0000,
    0x0000, 0x0000, 0x0000, 0x0000, 0x0000, 0x0000, 0x0000, 0x0000, 0x0000, 0x0000, 0x0000, 0x0000,
    0x0000, 0x0000, 0x0000, 0x0000, 0x0000, 0x0000, 0x0000, 0x0000, 0x0000, 0x0000, 0x0000, 0x0000,
    0x0000, 0x0000, 0x0000, 0x0000, 0x0000, 0x0000, 0x0000, 0x0000, 0x0000, 0x0000, 0x0000, 0x0000,
    0x0000, 0x0000, 0x0000, 0x0000, 0x0000, 0x0000, 0x0000, 0x0000, 0x0000, 0x0000, 0x0000, 0x0000,
    0x0000, 0x0000, 0x0000, 0x0000, 0x0000, 0x0000, 0x0000, 0x0000, 0x0000, 0x0000, 0x0000, 0x0000,
    0x0000, 0x0000, 0x0000, 0x0000, 0x0000, 0x0000, 0x0000, 0x0000, 0x0000, 0x0000, 0x0000, 0x0000,
    0x0000, 0x0000, 0x0000, 0x0000, 0x0000, 0x0000, 0x0000, 0x0000, 0x0000, 0x0000, 0x0000, 0x0000,
    0x0000, 0x0000, 0x0000, 0x0000, 0x0000, 0x0000, 0x0000, 0x0000, 0x0000, 0x0000, 0x0000, 0x0000,
    0x0000, 0x0000, 0x0000, 0x0000, 0x0000, 0x0000, 0x0000, 0x0000, 0x0000, 0x0000, 0x0000, 0x0000,
    0x0000, 0x0000, 0x0000, 0x0000, 0x0000, 0x0000, 0x0000, 0x0000, 0x0000, 0x0000, 0x0000, 0x0000,
    0x0000, 0x0000, 0x0000, 0x0000, 0x0000, 0x0000, 0x0000, 0x0000, 0x0000, 0x0000, 0x0000, 0x0000,
    0x0000, 0x0000, 0x0000, 0x0000, 0x0000, 0x0000, 0x0000, 0x0000, 0x0000, 0x0000, 0x0000, 0x0000,
    0x0000, 0x0000, 0x0000, 0x0000, 0x0000, 0x0000, 0x0000, 0x0000, 0x0000, 0x0000, 0x0000, 0x0000,
    0x0000, 0x0000, 0x0000, 0x0000, 0x0000, 0x0000, 0x0000, 0x0000, 0x0000, 0x0000, 0x0000, 0x0000,
    0x0000, 0x0000, 0x0000, 0x0000, 0x0000, 0x0000, 0x0000, 0x0000, 0x0000, 0x0000, 0x0000, 0x0000,
    0x0000, 0x0000, 0x0000, 0x0000, 0x0000, 0x0000, 0x0000, 0x0000, 0x0000, 0x0000, 0x0000, 0x0000,
    0x0000, 0x0000, 0x0000, 0x0000, 0x0000, 0x0000, 0x0000, 0x0000, 0x0000, 0x0000, 0x0000, 0x0000,
    0x0000, 0x0000, 0x0000, 0x0000, 0x0000, 0x0000, 0x0000, 0x0000, 0x0000, 0x0000, 0x0000, 0x0000,
    0x0000, 0x0000, 0x0000, 0x0000, 0x0000, 0x0000, 0x0000, 0x0000, 0x0000, 0x0000, 0x0000, 0x0000,
    0x0000, 0x0000, 0x0000, 0x0000, 0x0000, 0x0000, 0x0000, 0x0000, 0x0000, 0x0000, 0x0000, 0x0000,
    0x0000, 0x0000, 0x0000, 0x0000, 0x0000, 0x0000, 0x0000, 0x0000, 0x0000, 0x0000, 0x0000, 0x0000,
    0x0000, 0x0000, 0x0000, 0x0000, 0x0000, 0x0000, 0x0000, 0x0000, 0x0000, 0x0000, 0x0000, 0x0000,
    0x0000, 0x0000, 0x0000, 0x0000, 0x0000, 0x0000, 0x0000, 0x0000, 0x0000, 0x0000, 0x0000, 0x0000,
    0x0000, 0x0000, 0x0000, 0x0000, 0x0000, 0x0000, 0x0000, 0x0000, 0x0000, 0x0000, 0x0000, 0x0000,
    0x0000, 0x0000, 0x0000, 0x0000, 0x0000, 0x0000, 0x0000, 0x0000, 0x0000, 0x0000, 0x0000, 0x0000,
    0x0000, 0x0000, 0x0000, 0x0000, 0x0000, 0x0000, 0x0000, 0x0000, 0x0000, 0x0000, 0x0000, 0x0000,
    0x0000, 0x0000, 0x0000, 0x0000, 0x0000, 0x0000, 0x0000, 0x0000, 0x0000, 0x0000, 0x0000, 0x0000,
    0x0000, 0x0000, 0x0000, 0x0000, 0x0000, 0x0000, 0x0000, 0x0000, 0x0000, 0x0000, 0x0000, 0x0000,
    0x0000, 0x0000, 0x0000, 0x0000, 0x0000, 0x0000, 0x0000, 0x0000, 0x0000, 0x0000, 0x0000, 0x0000,
    0x0000, 0x0000, 0x0000, 0x0000, 0x0000, 0x0000, 0x0000, 0x0000, 0x0000, 0x0000, 0x0000, 0x0000,
    0x0000, 0x0000, 0x0000, 0x0000, 0x0000, 0x0000, 0x0000, 0x0000, 0x0000, 0x0000, 0x0000, 0x0000,
    0x0000, 0x0000, 0x0000, 0x0000, 0x0000, 0x0000, 0x0000, 0x0000, 0x0000, 0x0000, 0x0000, 0x0000,
    0x0000, 0x0000, 0x0000, 0x0000, 0x0000, 0x0000, 0x0000, 0x0000, 0x0000, 0x0000, 0x0000, 0x0000,
    0x0000, 0x0000, 0x0000, 0x0000, 0x0000, 0x0000, 0x0000, 0x0000, 0x0000, 0x0000, 0x0000, 0x0000,
    0x0000, 0x0000, 0x0000, 0x0000, 0x0000, 0x0000, 0x0000, 0x0000, 0x0000, 0x0000, 0x0000, 0x0000,
    0x0000, 0x0000, 0x0000, 0x0000, 0x0000, 0x0000, 0x0000, 0x0000, 0x0000, 0x0000, 0x0000, 0x0000,
    0x0000, 0x0000, 0x0000, 0x0000, 0x0000, 0x0000, 0x0000, 0x0000, 0x0000, 0x0000, 0x0000, 0x0000,
    0x0000, 0x0000, 0x0000, 0x0000, 0x0000, 0x0000, 0x0000, 0x0000, 0x0000, 0x0000, 0x0000, 0x0000,
    0x0000, 0x0000, 0x0000, 0x0000, 0x0000, 0x0000, 0x0000, 0x0000, 0x0000, 0x0000, 0x0000, 0x0000,
    0x0000, 0x0000, 0x0000, 0x0000, 0x0000, 0x0000, 0x0000, 0x0000, 0x0000, 0x0000, 0x0000, 0x0000,
    0x0000, 0x0000, 0x0000, 0x0000, 0x0000, 0x0000, 0x0000, 0x0000, 0x0000, 0x0000, 0x0000, 0x0000,
    0x0000, 0x0000, 0x0000, 0x0000, 0x0000, 0x0000, 0x0000, 0x0000, 0x0000, 0x0000, 0x0000, 0x0000,
    0x0000, 0x0000, 0x0000, 0x0000, 0x0000, 0x0000, 0x0000, 0x0000, 0x0000, 0x0000, 0x0000, 0x0000,
    0x0000, 0x0000, 0x0000, 0x0000, 0x0000, 0x0000, 0x0000, 0x0000, 0x0000, 0x0000, 0x0000, 0x0000,
    0x0000, 0x0000, 0x0000, 0x0000, 0x0000, 0x0000, 0x0000, 0x0000, 0x0000, 0x0000, 0x0000, 0x0000,
    0x0000, 0x0000, 0x0000, 0x0000, 0x0000, 0x0000, 0x0000, 0x0000, 0x0000, 0x0000, 0x0000, 0x0000,
    0x0000, 0x0000, 0x0000, 0x0000, 0x0000, 0x0000, 0x0000, 0x0000, 0x0000, 0x0000, 0x0000, 0x0000,
    0x0000, 0x0000, 0x0000, 0x0000, 0x0000, 0x0000, 0x0000, 0x0000, 0x0000, 0x0000, 0x0000, 0x0000,
    0x0000, 0x0000, 0x0000, 0x0000, 0x0000, 0x0000, 0x0000, 0x0000, 0x0000, 0x0000, 0x0000, 0x0000,
    0x0000, 0x0000, 0x0000, 0x0000, 0x0000, 0x0000, 0x0000, 0x0000, 0x0000, 0x0000, 0x0000, 0x0000,
    0x0000, 0x0000, 0x0000, 0x0000, 0x0000, 0x0000, 0x0000, 0x0000, 0x0000, 0x0000, 0x0000, 0x0000,
    0x0000, 0x0000, 0x0000, 0x0000, 0x0000, 0x0000, 0x0000, 0x0000, 0x0000, 0x0000, 0x0000, 0x0000,
    0x0000, 0x0000, 0x0000, 0x0000, 0x0000, 0x0000, 0x0000, 0x0000, 0x0000, 0x0000, 0x0000, 0x0000,
    0x0000, 0x0000, 0x0000, 0x0000, 0x0000, 0x0000, 0x0000, 0x0000, 0x0000, 0x0000, 0x0000, 0x0000,
    0x0000, 0x0000, 0x0000, 0x0000, 0x0000, 0x0000, 0x0000, 0x0000, 0x0000, 0x0000, 0x0000, 0x0000,
    0x0000, 0x0000, 0x0000, 0x0000, 0x0000, 0x0000, 0x0000, 0x0000, 0x0000, 0x0000, 0x0000, 0x0000,
    0x0000, 0x0000, 0x0000, 0x0000, 0x0000, 0x0000, 0x0000, 0x0000, 0x0000, 0x0000, 0x0000, 0x0000,
    0x0000, 0x0000, 0x0000, 0x0000, 0x0000, 0x0000, 0x0000, 0x0000, 0x0000, 0x0000, 0x0000, 0x0000,
    0x0000, 0x0000, 0x0000, 0x0000, 0x0000, 0x0000, 0x0000, 0x0000, 0x0000, 0x0000, 0x0000, 0x0000,
    0x0000, 0x0000, 0x0000, 0x0000, 0x0000, 0x0000, 0x0000, 0x0000, 0x0000, 0x0000, 0x0000, 0x0000,
    0x0000, 0x0000, 0x0000, 0x0000, 0x0000, 0x0000, 0x0000, 0x0000, 0x0000, 0x0000, 0x0000, 0x0000,
    0x0000, 0x0000, 0x0000, 0x0000, 0x0000, 0x0000, 0x0000, 0x0000, 0x0000, 0x0000, 0x0000, 0x0000,
    0x0000, 0x0000, 0x0000, 0x0000, 0x0000, 0x0000, 0x0000, 0x0000, 0x0000, 0x0000, 0x0000, 0x0000,
    0x0000, 0x0000, 0x0000, 0x0000, 0x0000, 0x0000, 0x0000, 0x0000, 0x0000, 0x0000, 0x0000, 0x0000,
    0x0000, 0x0000, 0x0000, 0x0000, 0x0000, 0x0000, 0x0000, 0x0000, 0x0000, 0x0000, 0x0000, 0x0000,
    0x0000, 0x0000, 0x0000, 0x0000, 0x0000, 0x0000, 0x0000, 0x0000, 0x0000, 0x0000, 0x0000, 0x0000,
    0x0000, 0x0000, 0x0000, 0x0000, 0x0000, 0x0000, 0x0000, 0x0000, 0x0000, 0x0000, 0x0000, 0x0000,
    0x0000, 0x0000, 0x0000, 0x0000, 0x0000, 0x0000, 0x0000, 0x0000, 0x0000, 0x0000, 0x0000, 0x0000,
    0x0000, 0x0000, 0x0000, 0x0000, 0x0000, 0x0000, 0x0000, 0x0000, 0x0000, 0x0000, 0x0000, 0x0000,
    0x0000, 0x0000, 0x0000, 0x0000, 0x0000, 0x0000, 0x0000, 0x0000, 0x0000, 0x0000, 0x0000, 0x0000,
    0x0000, 0x0000, 0x0000, 0x0000, 0x0000, 0x0000, 0x0000, 0x0000, 0x0000, 0x0000, 0x0000, 0x0000,
    0x0000, 0x0000, 0x0000, 0x0000, 0x0000, 0x0000, 0x0000, 0x0000, 0x0000, 0x0000, 0x0000, 0x0000,
    0x0000, 0x0000, 0x0000, 0x0000, 0x0000, 0x0000, 0x0000, 0x0000, 0x0000, 0x0000, 0x0000, 0x0000,
    0x0000, 0x0000, 0x0000, 0x0000, 0x0000, 0x0000, 0x0000, 0x0000, 0x0000, 0x0000, 0x0000, 0x0000,
    0x0000, 0x0000, 0x0000, 0x0000, 0x0000, 0x0000, 0x0000, 0x0000, 0x0000, 0x0000, 0x0000, 0x0000,
    0x0000, 0x0000, 0x0000, 0x0000, 0x0000, 0x0000, 0x0000, 0x0000, 0x0000, 0x0000, 0x0000, 0x0000,
    0x0000, 0x0000, 0x0000, 0x0000, 0x0000, 0x0000, 0x0000, 0x0000, 0x0000, 0x0000, 0x0000, 0x0000,
    0x0000, 0x0000, 0x0000, 0x0000, 0x0000, 0x0000, 0x0000, 0x0000, 0x0000, 0x0000, 0x0000, 0x0000,
    0x0000, 0x0000, 0x0000, 0x0000, 0x0000, 0x0000, 0x0000, 0x0000, 0x0000, 0x0000, 0x0000, 0x0000,
    0x0000, 0x0000, 0x0000, 0x0000, 0x0000, 0x0000, 0x0000, 0x0000, 0x0000, 0x0000, 0x0000, 0x0000,
    0x0000, 0x0000, 0x0000, 0x0000, 0x0000, 0x0000, 0x0000, 0x0000, 0x0000, 0x0000, 0x0000, 0x0000,
    0x0000, 0x0000, 0x0000, 0x0000, 0x0000, 0x0000, 0x0000, 0x0000, 0x0000, 0x0000, 0x0000, 0x0000,
    0x0000, 0x0000, 0x0000, 0x0000, 0x0000, 0x0000, 0x0000, 0x0000, 0x0000, 0x0000, 0x0000, 0x0000,
    0x0000, 0x0000, 0x0000, 0x0000, 0x0000, 0x0000, 0x0000, 0x0000, 0x0000, 0x0000, 0x0000, 0x0000,
    0x0000, 0x0000, 0x0000, 0x0000, 0x0000, 0x0000, 0x0000, 0x0000, 0x0000, 0x0000, 0x0000, 0x0000,
    0x0000, 0x0000, 0x0000, 0x0000, 0x0000, 0x0000, 0x0000, 0x0000, 0x0000, 0x0000, 0x0000, 0x0000,
    0x0000, 0x0000, 0x0000, 0x0000, 0x0000, 0x0000, 0x0000, 0x0000, 0x0000, 0x0000, 0x0000, 0x0000,
    0x0000, 0x0000, 0x0000, 0x0000, 0x0000, 0x0000, 0x0000, 0x0000, 0x0000, 0x0000, 0x0000, 0x0000,
    0x0000, 0x0000, 0x0000, 0x0000, 0x0000, 0x0000, 0x0000, 0x0000, 0x0000, 0x0000, 0x0000, 0x0000,
    0x0000, 0x0000, 0x0000, 0x0000, 0x0000, 0x0000, 0x0000, 0x0000, 0x0000, 0x0000, 0x0000, 0x0000,
    0x0000, 0x0000, 0x0000, 0x0000, 0x0000, 0x0000, 0x0000, 0x0000, 0x0000, 0x0000, 0x0000, 0x0000,
    0x0000, 0x0000, 0x0000, 0x0000, 0x0000, 0x0000, 0x0000, 0x0000, 0x0000, 0x0000, 0x0000, 0x0000,
    0x0000, 0x0000, 0x0000, 0x0000, 0x0000, 0x0000, 0x0000, 0x0000, 0x0000, 0x0000, 0x0000, 0x0000,
    0x0000, 0x0000, 0x0000, 0x0000, 0x0000, 0x0000, 0x0000, 0x0000, 0x0000, 0x0000, 0x0000, 0x0000,
    0x0000, 0x0000, 0x0000, 0x0000, 0x0000, 0x0000, 0x0000, 0x0000, 0x0000, 0x0000, 0x0000, 0x0000,
    0x0000, 0x0000, 0x0000, 0x0000, 0x0000, 0x0000, 0x0000, 0x0000, 0x0000, 0x0000, 0x0000, 0x0000,
    0x0000, 0x0000, 0x0000, 0x0000, 0x0000, 0x0000, 0x0000, 0x0000, 0x0000, 0x0000, 0x0000, 0x0000,
    0x0000, 0x0000, 0x0000, 0x0000, 0x0000, 0x0000, 0x0000, 0x0000, 0x0000, 0x0000, 0x0000, 0x0000,
    0x0000, 0x0000, 0x0000, 0x0000, 0x0000, 0x0000, 0x0000, 0x0000, 0x0000, 0x0000, 0x0000, 0x0000,
    0x0000, 0x0000, 0x0000, 0x0000, 0x0000, 0x0000, 0x0000, 0x0000, 0x0000, 0x0000, 0x0000, 0x0000,
    0x0000, 0x0000, 0x0000, 0x0000, 0x0000, 0x0000, 0x0000, 0x0000, 0x0000, 0x0000, 0x0000, 0x0000,
    0x0000, 0x0000, 0x0000, 0x0000, 0x0000, 0x0000, 0x0000, 0x0000, 0x0000, 0x0000, 0x0000, 0x0000,
    0x0000, 0x0000, 0x0000, 0x0000, 0x0000, 0x0000, 0x0000, 0x0000, 0x0000, 0x0000, 0x0000, 0x0000,
    0x0000, 0x0000, 0x0000, 0x0000, 0x0000, 0x0000, 0x0000, 0x0000, 0x0000, 0x0000, 0x0000, 0x0000,
    0x0000, 0x0000, 0x0000, 0x0000, 0x0000, 0x0000, 0x0000, 0x0000, 0x0000, 0x0000, 0x0000, 0x0000,
    0x0000, 0x0000, 0x0000, 0x0000, 0x0000, 0x0000, 0x0000, 0x0000, 0x0000, 0x0000, 0x0000, 0x0000,
    0x0000, 0x0000, 0x0000, 0x0000, 0x0000, 0x0000, 0x0000, 0x0000, 0x0000, 0x0000, 0x0000, 0x0000,
    0x0000, 0x0000, 0x0000, 0x0000, 0x0000, 0x0000, 0x0000, 0x0000, 0x0000, 0x0000, 0x0000, 0x0000,
    0x0000, 0x0000, 0x0000, 0x0000, 0x0000, 0x0000, 0x0000, 0x0000, 0x0000, 0x0000, 0x0000, 0x0000,
    0x0000, 0x0000, 0x0000, 0x0000, 0x0000, 0x0000, 0x0000, 0x0000, 0x0000, 0x0000, 0x0000, 0x0000,
    0x0000, 0x0000, 0x0000, 0x0000, 0x0000, 0x0000, 0x0000, 0x0000, 0x0000, 0x0000, 0x0000, 0x0000,
    0x0000, 0x0000, 0x0000, 0x0000, 0x0000, 0x0000, 0x0000, 0x0000, 0x0000, 0x0000, 0x0000, 0x0000,
    0x0000, 0x0000, 0x0000, 0x0000, 0x0000, 0x0000, 0x0000, 0x0000, 0x0000, 0x0000, 0x0000, 0x0000,
    0x0000, 0x0000, 0x0000, 0x0000, 0x0000, 0x0000, 0x0000, 0x0000, 0x0000, 0x0000, 0x0000, 0x0000,
    0x0000, 0x0000, 0x0000, 0x0000, 0x0000, 0x0000, 0x0000, 0x0000, 0x0000, 0x0000, 0x0000, 0x0000,
    0x0000, 0x0000, 0x0000, 0x0000, 0x0000, 0x0000, 0x0000, 0x0000, 0x0000, 0x0000, 0x0000, 0x0000,
    0x0000, 0x0000, 0x0000, 0x0000, 0x0000, 0x0000, 0x0000, 0x0000, 0x0000, 0x0000, 0x0000, 0x0000,
    0x0000, 0x0000, 0x0000, 0x0000, 0x0000, 0x0000, 0x0000, 0x0000, 0x0000, 0x0000, 0x0000, 0x0000,
    0x0000, 0x0000, 0x0000, 0x0000, 0x0000, 0x0000, 0x0000, 0x0000, 0x0000, 0x0000, 0x0000, 0x0000,
    0x0000, 0x0000, 0x0000, 0x0000, 0x0000, 0x0000, 0x0000, 0x0000, 0x0000, 0x0000, 0x0000, 0x0000,
    0x0000, 0x0000, 0x0000, 0x0000, 0x0000, 0x0000, 0x0000, 0x0000, 0x0000, 0x0000, 0x0000, 0x0000,
    0x0000, 0x0000, 0x0000, 0x0000, 0x0000, 0x0000, 0x0000, 0x0000, 0x0000, 0x0000, 0x0000, 0x0000,
    0x0000, 0x0000, 0x0000, 0x0000, 0x0000, 0x0000, 0x0000, 0x0000, 0x0000, 0x0000, 0x0000, 0x0000,
    0x0000, 0x0000, 0x0000, 0x0000, 0x0000, 0x0000, 0x0000, 0x0000, 0x0000, 0x0000, 0x0000, 0x0000,
    0x0000, 0x0000, 0x0000, 0x0000, 0x0000, 0x0000, 0x0000, 0x0000, 0x0000, 0x0000, 0x0000, 0x0000,
    0x0000, 0x0000, 0x0000, 0x0000, 0x0000, 0x0000, 0x0000, 0x0000, 0x0000, 0x0000, 0x0000, 0x0000,
    0x0000, 0x0000, 0x0000, 0x0000, 0x0000, 0x0000, 0x0000, 0x0000, 0x0000, 0x0000, 0x0000, 0x0000,
    0x0000, 0x0000, 0x0000, 0x0000, 0x0000, 0x0000, 0x0000, 0x0000, 0x0000, 0x0000, 0x0000, 0x0000,
    0x0000, 0x0000, 0x0000, 0x0000, 0x0000, 0x0000, 0x0000, 0x0000, 0x0000, 0x0000, 0x0000, 0x0000,
    0x0000, 0x0000, 0x0000, 0x0000, 0x0000, 0x0000, 0x0000, 0x0000, 0x0000, 0x0000, 0x0000, 0x0000,
    0x0000, 0x0000, 0x0000, 0x0000, 0x0000, 0x0000, 0x0000, 0x0000, 0x0000, 0x0000, 0x0000, 0x0000,
    0x0000, 0x0000, 0x0000, 0x0000, 0x0000, 0x0000, 0x0000, 0x0000, 0x0000, 0x0000, 0x0000, 0x0000,
    0x0000, 0x0000, 0x0000, 0x0000, 0x0000, 0x0000, 0x0000, 0x0000, 0x0000, 0x0000, 0x0000, 0x0000,
    0x0000, 0x0000, 0x0000, 0x0000, 0x0000, 0x0000, 0x0000, 0x0000, 0x0000, 0x0000, 0x0000, 0x0000,
    0x0000, 0x0000, 0x0000, 0x0000, 0x0000, 0x0000, 0x0000, 0x0000, 0x0000, 0x0000, 0x0000, 0x0000,
    0x0000, 0x0000, 0x0000, 0x0000, 0x0000, 0x0000, 0x0000, 0x0000, 0x0000, 0x0000, 0x0000, 0x0000,
    0x0000, 0x0000, 0x0000, 0x0000, 0x0000, 0x0000, 0x0000, 0x0000, 0x0000, 0x0000, 0x0000, 0x0000,
    0x0000, 0x0000, 0x0000, 0x0000, 0x0000, 0x0000, 0x0000, 0x0000, 0x0000, 0x0000, 0x0000, 0x0000,
    0x0000, 0x0000, 0x0000, 0x0000, 0x0000, 0x0000, 0x0000, 0x0000, 0x0000, 0x0000, 0x0000, 0x0000,
    0x0000, 0x0000, 0x0000, 0x0000, 0x0000, 0x0000, 0x0000, 0x0000, 0x0000, 0x0000, 0x0000, 0x0000,
    0x0000, 0x0000, 0x0000, 0x0000, 0x0000, 0x0000, 0x0000, 0x0000, 0x0000, 0x0000, 0x0000, 0x0000,
    0x0000, 0x0000, 0x0000, 0x0000, 0x0000, 0x0000, 0x0000, 0x0000, 0x0000, 0x0000, 0x0000, 0x0000,
    0x0000, 0x0000, 0x0000, 0x0000, 0x0000, 0x0000, 0x0000, 0x0000, 0x0000, 0x0000, 0x0000, 0x0000,
    0x0000, 0x0000, 0x0000, 0x0000, 0x0000, 0x0000, 0x0000, 0x0000, 0x0000, 0x0000, 0x0000, 0x0000,
    0x0000, 0x0000, 0x0000, 0x0000, 0x0000, 0x0000, 0x0000, 0x0000, 0x0000, 0x0000, 0x0000, 0x0000,
    0x0000, 0x0000, 0x0000, 0x0000, 0x0000, 0x0000, 0x0000, 0x0000, 0x0000, 0x0000, 0x0000, 0x0000,
    0x0000, 0x0000, 0x0000, 0x0000, 0x0000, 0x0000, 0x0000, 0x0000, 0x0000, 0x0000, 0x0000, 0x0000,
    0x0000, 0x0000, 0x0000, 0x0000, 0x0000, 0x0000, 0x0000, 0x0000, 0x0000, 0x0000, 0x0000, 0x0000,
    0x0000, 0x0000, 0x0000, 0x0000, 0x0000, 0x0000, 0x0000, 0x0000, 0x0000, 0x0000, 0x0000, 0x0000,
    0x0000, 0x0000, 0x0000, 0x0000, 0x0000, 0x0000, 0x0000, 0x0000, 0x0000, 0x0000, 0x0000, 0x0000,
    0x0000, 0x0000, 0x0000, 0x0000, 0x0000, 0x0000, 0x0000, 0x0000, 0x0000, 0x0000, 0x0000, 0x0000,
    0x0000, 0x0000, 0x0000, 0x0000, 0x0000, 0x0000, 0x0000, 0x0000, 0x0000, 0x0000, 0x0000, 0x0000,
    0x0000, 0x0000, 0x0000, 0x0000, 0x0000, 0x0000, 0x0000, 0x0000, 0x0000, 0x0000, 0x0000, 0x0000,
    0x0000, 0x0000, 0x0000, 0x0000, 0x0000, 0x0000, 0x0000, 0x0000, 0x0000, 0x0000, 0x0000, 0x0000,
    0x0000, 0x0000, 0x0000, 0x0000, 0x0000, 0x0000, 0x0000, 0x0000, 0x0000, 0x0000, 0x0000, 0x0000,
    0x0000, 0x0000, 0x0000, 0x0000, 0x0000, 0x0000, 0x0000, 0x0000, 0x0000, 0x0000, 0x0000, 0x0000,
    0x0000, 0x0000, 0x0000, 0x0000, 0x0000, 0x0000, 0x0000, 0x0000, 0x0000, 0x0000, 0x0000, 0x0000,
    0x0000, 0x0000, 0x0000, 0x0000, 0x0000, 0x0000, 0x0000, 0x0000, 0x0000, 0x0000, 0x0000, 0x0000,
    0x0000, 0x0000, 0x0000, 0x0000, 0x0000, 0x0000, 0x0000, 0x0000, 0x0000, 0x0000, 0x0000, 0x0000,
    0x0000, 0x0000, 0x0000, 0x0000, 0x0000, 0x0000, 0x0000, 0x0000, 0x0000, 0x0000, 0x0000, 0x0000,
    0x0000, 0x0000, 0x0000, 0x0000, 0x0000, 0x0000, 0x0000, 0x0000, 0x0000, 0x0000, 0x0000, 0x0000,
    0x0000, 0x0000, 0x0000, 0x0000, 0x0000, 0x0000, 0x0000, 0x0000, 0x0000, 0x0000, 0x0000, 0x0000,
    0x0000, 0x0000, 0x0000, 0x0000, 0x0000, 0x0000, 0x0000, 0x0000, 0x0000, 0x0000, 0x0000, 0x0000,
    0x0000, 0x0000, 0x0000, 0x0000, 0x0000, 0x0000, 0x0000, 0x0000, 0x0000, 0x0000, 0x0000, 0x0000,
    0x0000, 0x0000, 0x0000, 0x0000, 0x0000, 0x0000, 0x0000, 0x0000, 0x0000, 0x0000, 0x0000, 0x0000,
    0x0000, 0x0000, 0x0000, 0x0000, 0x0000, 0x0000, 0x0000, 0x0000, 0x0000, 0x0000, 0x0000, 0x0000,
    0x0000, 0x0000, 0x0000, 0x0000, 0x0000, 0x0000, 0x0000, 0x0000, 0x0000, 0x0000, 0x0000, 0x0000,
    0x0000, 0x0000, 0x0000, 0x0000, 0x0000, 0x0000, 0x0000, 0x0000, 0x0000, 0x0000, 0x0000, 0x0000,
    0x0000, 0x0000, 0x0000, 0x0000, 0x0000, 0x0000, 0x0000, 0x0000, 0x0000, 0x0000, 0x0000, 0x0000,
    0x0000, 0x0000, 0x0000, 0x0000, 0x0000, 0x0000, 0x0000, 0x0000, 0x0000, 0x0000, 0x0000, 0x0000,
    0x0000, 0x0000, 0x0000, 0x0000, 0x0000, 0x0000, 0x0000, 0x0000, 0x0000, 0x0000, 0x0000, 0x0000,
    0x0000, 0x0000, 0x0000, 0x0000, 0x0000, 0x0000, 0x0000, 0x0000, 0x0000, 0x0000, 0x0000, 0x0000,
    0x0000, 0x0000, 0x0000, 0x0000, 0x0000, 0x0000, 0x0000, 0x0000, 0x0000, 0x0000, 0x0000, 0x0000,
    0x0000, 0x0000, 0x0000, 0x0000, 0x0000, 0x0000, 0x0000, 0x0000, 0x0000, 0x0000, 0x0000, 0x0000,
    0x0000, 0x0000, 0x0000, 0x0000, 0x0000, 0x0000, 0x0000, 0x0000, 0x0000, 0x0000, 0x0000, 0x0000,
    0x0000, 0x0000, 0x0000, 0x0000, 0x0000, 0x0000, 0x0000, 0x0000, 0x0000, 0x0000, 0x0000, 0x0000,
    0x0000, 0x0000, 0x0000, 0x0000, 0x0000, 0x0000, 0x0000, 0x0000, 0x0000, 0x0000, 0x0000, 0x0000,
    0x0000, 0x0000, 0x0000, 0x0000, 0x0000, 0x0000, 0x0000, 0x0000, 0x0000, 0x0000, 0x0000, 0x0000,
    0x0000, 0x0000, 0x0000, 0x0000, 0x0000, 0x0000, 0x0000, 0x0000, 0x0000, 0x0000, 0x0000, 0x0000,
    0x0000, 0x0000, 0x0000, 0x0000, 0x0000, 0x0000, 0x0000, 0x0000, 0x0000, 0x0000, 0x0000, 0x0000,
    0x0000, 0x0000, 0x0000, 0x0000, 0x0000, 0x0000, 0x0000, 0x0000, 0x0000, 0x0000, 0x0000, 0x0000,
    0x0000, 0x0000, 0x0000, 0x0000, 0x0000, 0x0000, 0x0000, 0x0000, 0x0000, 0x0000, 0x0000, 0x0000,
    0x0000, 0x0000, 0x0000, 0x0000, 0x0000, 0x0000, 0x0000, 0x0000, 0x0000, 0x0000, 0x0000, 0x0000,
    0x0000, 0x0000, 0x0000, 0x0000, 0x0000, 0x0000, 0x0000, 0x0000, 0x0000, 0x0000, 0x0000, 0x0000,
    0x0000, 0x0000, 0x0000, 0x0000, 0x0000, 0x0000, 0x0000, 0x0000, 0x0000, 0x0000, 0x0000, 0x0000,
    0x0000, 0x0000, 0x0000, 0x0000, 0x0000, 0x0000, 0x0000, 0x0000, 0x0000, 0x0000, 0x0000, 0x0000,
    0x0000, 0x0000, 0x0000, 0x0000, 0x0000, 0x0000, 0x0000, 0x0000, 0x0000, 0x0000, 0x0000, 0x0000,
    0x0000, 0x0000, 0x0000, 0x0000, 0x0000, 0x0000, 0x0000, 0x0000, 0x0000, 0x0000, 0x0000, 0x0000,
    0x0000, 0x0000, 0x0000, 0x0000, 0x0000, 0x0000, 0x0000, 0x0000, 0x0000, 0x0000, 0x0000, 0x0000,
    0x0000, 0x0000, 0x0000, 0x0000, 0x0000, 0x0000, 0x0000, 0x0000, 0x0000, 0x0000, 0x0000, 0x0000,
    0x0000, 0x0000, 0x0000, 0x0000, 0x0000, 0x0000, 0x0000, 0x0000, 0x0000, 0x0000, 0x0000, 0x0000,
    0x0000, 0x0000, 0x0000, 0x0000, 0x0000, 0x0000, 0x0000, 0x0000, 0x0000, 0x0000, 0x0000, 0x0000,
    0x0000, 0x0000, 0x0000, 0x0000, 0x0000, 0x0000, 0x0000, 0x0000, 0x0000, 0x0000, 0x0000, 0x0000,
    0x0000, 0x0000, 0x0000, 0x0000, 0x0000, 0x0000, 0x0000, 0x0000, 0x0000, 0x0000, 0x0000, 0x0000,
    0x0000, 0x0000, 0x0000, 0x0000, 0x0000, 0x0000, 0x0000, 0x0000, 0x0000, 0x0000, 0x0000, 0x0000,
    0x0000, 0x0000, 0x0000, 0x0000, 0x0000, 0x0000, 0x0000, 0x0000, 0x0000, 0x0000, 0x0000, 0x0000,
    0x0000, 0x0000, 0x0000, 0x0000, 0x0000, 0x0000, 0x0000, 0x0000, 0x0000, 0x0000, 0x0000, 0x0000,
    0x0000, 0x0000, 0x0000, 0x0000, 0x0000, 0x0000, 0x0000, 0x0000, 0x0000, 0x0000, 0x0000, 0x0000,
    0x0000, 0x0000, 0x0000, 0x0000, 0x0000, 0x0000, 0x0000, 0x0000, 0x0000, 0x0000, 0x0000, 0x0000,
    0x0000, 0x0000, 0x0000, 0x0000, 0x0000, 0x0000, 0x0000, 0x0000, 0x0000, 0x0000, 0x0000, 0x0000,
    0x0000, 0x0000, 0x0000, 0x0000, 0x0000, 0x0000, 0x0000, 0x0000, 0x0000, 0x0000, 0x0000, 0x0000,
    0x0000, 0x0000, 0x0000, 0x0000, 0x0000, 0x0000, 0x0000, 0x0000, 0x0000, 0x0000, 0x0000, 0x0000,
    0x0000, 0x0000, 0x0000, 0x0000, 0x0000, 0x0000, 0x0000, 0x0000, 0x0000, 0x0000, 0x0000, 0x0000,
    0x0000, 0x0000, 0x0000, 0x0000, 0x0000, 0x0000, 0x0000, 0x0000, 0x0000, 0x0000, 0x0000, 0x0000,
    0x0000, 0x0000, 0x0000, 0x0000, 0x0000, 0x0000, 0x0000, 0x0000, 0x0000, 0x0000, 0x0000, 0x0000,
    0x0000, 0x0000, 0x0000, 0x0000, 0x0000, 0x0000, 0x0000, 0x0000, 0x0000, 0x0000, 0x0000, 0x0000,
    0x0000, 0x0000, 0x0000, 0x0000, 0x0000, 0x0000, 0x0000, 0x0000, 0x0000, 0x0000, 0x0000, 0x0000,
    0x0000, 0x0000, 0x0000, 0x0000, 0x0000, 0x0000, 0x0000, 0x0000, 0x0000, 0x0000, 0x0000, 0x0000,
    0x0000, 0x0000, 0x0000, 0x0000, 0x0000, 0x0000, 0x0000, 0x0000, 0x0000, 0x0000, 0x0000, 0x0000,
    0x0000, 0x0000, 0x0000, 0x0000, 0x0000, 0x0000, 0x0000, 0x0000, 0x0000, 0x0000, 0x0000, 0x0000,
    0x0000, 0x0000, 0x0000, 0x0000, 0x0000, 0x0000, 0x0000, 0x0000, 0x0000, 0x0000, 0x0000, 0x0000,
    0x0000, 0x0000, 0x0000, 0x0000, 0x0000, 0x0000, 0x0000, 0x0000, 0x0000, 0x0000, 0x0000, 0x0000,
    0x0000, 0x0000, 0x0000, 0x0000, 0x0000, 0x0000, 0x0000, 0x0000, 0x0000, 0x0000, 0x0000, 0x0000,
    0x0000, 0x0000, 0x0000, 0x0000, 0x0000, 0x0000, 0x0000, 0x0000, 0x0000, 0x0000, 0x0000, 0x0000,
    0x0000, 0x0000, 0x0000, 0x0000, 0x0000, 0x0000, 0x0000, 0x0000, 0x0000, 0x0000, 0x0000, 0x0000,
    0x0000, 0x0000, 0x0000, 0x0000, 0x0000, 0x0000, 0x0000, 0x0000, 0x0000, 0x0000, 0x0000, 0x0000,
    0x0000, 0x0000, 0x0000, 0x0000, 0x0000, 0x0000, 0x0000, 0x0000, 0x0000, 0x0000, 0x0000, 0x0000,
    0x0000, 0x0000, 0x0000, 0x0000, 0x0000, 0x0000, 0x0000, 0x0000, 0x0000, 0x0000, 0x0000, 0x0000,
    0x0000, 0x0000, 0x0000, 0x0000, 0x0000, 0x0000, 0x0000, 0x0000, 0x0000, 0x0000, 0x0000, 0x0000,
    0x0000, 0x0000, 0x0000, 0x0000, 0x0000, 0x0000, 0x0000, 0x0000, 0x0000, 0x0000, 0x0000, 0x0000,
    0x0000, 0x0000, 0x0000, 0x0000, 0x0000, 0x0000, 0x0000, 0x0000, 0x0000, 0x0000, 0x0000, 0x0000,
    0x0000, 0x0000, 0x0000, 0x0000, 0x0000, 0x0000, 0x0000, 0x0000, 0x0000, 0x0000, 0x0000, 0x0000,
    0x0000, 0x0000, 0x0000, 0x0000, 0x0000, 0x0000, 0x0000, 0x0000, 0x0000, 0x0000, 0x0000, 0x0000,
    0x0000, 0x0000, 0x0000, 0x0000, 0x0000, 0x0000, 0x0000, 0x0000, 0x0000, 0x0000, 0x0000, 0x0000,
    0x0000, 0x0000, 0x0000, 0x0000, 0x0000, 0x0000, 0x0000, 0x0000, 0x0000, 0x0000, 0x0000, 0x0000,
    0x0000, 0x0000, 0x0000, 0x0000, 0x0000, 0x0000, 0x0000, 0x0000, 0x0000, 0x0000, 0x0000, 0x0000,
    0x0000, 0x0000, 0x0000, 0x0000, 0x0000, 0x0000, 0x0000, 0x0000, 0x0000, 0x0000, 0x0000, 0x0000,
    0x0000, 0x0000, 0x0000, 0x0000, 0x0000, 0x0000, 0x0000, 0x0000, 0x0000, 0x0000, 0x0000, 0x0000,
    0x0000, 0x0000, 0x0000, 0x0000, 0x0000, 0x0000, 0x0000, 0x0000, 0x0000, 0x0000, 0x0000, 0x0000,
    0x0000, 0x0000, 0x0000, 0x0000, 0x0000, 0x0000, 0x0000, 0x0000, 0x0000, 0x0000, 0x0000, 0x0000,
    0x0000, 0x0000, 0x0000, 0x0000, 0x0000, 0x0000, 0x0000, 0x0000, 0x0000, 0x0000, 0x0000, 0x0000,
    0x0000, 0x0000, 0x0000, 0x0000, 0x0000, 0x0000, 0x0000, 0x0000, 0x0000, 0x0000, 0x0000, 0x0000,
    0x0000, 0x0000, 0x0000, 0x0000, 0x0000, 0x0000, 0x0000, 0x0000, 0x0000, 0x0000, 0x0000, 0x0000,
    0x0000, 0x0000, 0x0000, 0x0000, 0x0000, 0x0000, 0x0000, 0x0000, 0x0000, 0x0000, 0x0000, 0x0000,
    0x0000, 0x0000, 0x0000, 0x0000, 0x0000, 0x0000, 0x0000, 0x0000, 0x0000, 0x0000, 0x0000, 0x0000,
    0x0000, 0x0000, 0x0000, 0x0000, 0x0000, 0x0000, 0x0000, 0x0000, 0x0000, 0x0000, 0x0000, 0x0000,
    0x0000, 0x0000, 0x0000, 0x0000, 0x0000, 0x0000, 0x0000, 0x0000, 0x0000, 0x0000, 0x0000, 0x0000,
    0x0000, 0x0000, 0x0000, 0x0000, 0x0000, 0x0000, 0x0000, 0x0000, 0x0000, 0x0000, 0x0000, 0x0000,
    0x0000, 0x0000, 0x0000, 0x0000, 0x0000, 0x0000, 0x0000, 0x0000, 0x0000, 0x0000, 0x0000, 0x0000,
    0x0000, 0x0000, 0x0000, 0x0000, 0x0000, 0x0000, 0x0000, 0x0000, 0x0000, 0x0000, 0x0000, 0x0000,
    0x0000, 0x0000, 0x0000, 0x0000, 0x0000, 0x0000, 0x0000, 0x0000, 0x0000, 0x0000, 0x0000, 0x0000,
    0x0000, 0x0000, 0x0000, 0x0000, 0x0000, 0x0000, 0x0000, 0x0000, 0x0000, 0x0000, 0x0000, 0x0000,
    0x0000, 0x0000, 0x0000, 0x0000, 0x0000, 0x0000, 0x0000, 0x0000, 0x0000, 0x0000, 0x0000, 0x0000,
    0x0000, 0x0000, 0x0000, 0x0000, 0x0000, 0x0000, 0x0000, 0x0000, 0x0000, 0x0000, 0x0000, 0x0000,
    0x0000, 0x0000, 0x0000, 0x0000, 0x0000, 0x0000, 0x0000, 0x0000, 0x0000, 0x0000, 0x0000, 0x0000,
    0x0000, 0x0000, 0x0000, 0x0000, 0x0000, 0x0000, 0x0000, 0x0000, 0x0000, 0x0000, 0x0000, 0x0000,
    0x0000, 0x0000, 0x0000, 0x0000, 0x0000, 0x0000, 0x0000, 0x0000, 0x0000, 0x0000, 0x0000, 0x0000,
    0x0000, 0x0000, 0x0000, 0x0000, 0x0000, 0x0000, 0x0000, 0x0000, 0x0000, 0x0000, 0x0000, 0x0000,
    0x0000, 0x0000, 0x0000, 0x0000, 0x0000, 0x0000, 0x0000, 0x0000, 0x0000, 0x0000, 0x0000, 0x0000,
    0x0000, 0x0000, 0x0000, 0x0000, 0x0000, 0x0000, 0x0000, 0x0000, 0x0000, 0x0000, 0x0000, 0x0000,
    0x0000, 0x0000, 0x0000, 0x0000, 0x0000, 0x0000, 0x0000, 0x0000, 0x0000, 0x0000, 0x0000, 0x0000,
    0x0000, 0x0000, 0x0000, 0x0000, 0x0000, 0x0000, 0x0000, 0x0000, 0x0000, 0x0000, 0x0000, 0x0000,
    0x0000, 0x0000, 0x0000, 0x0000, 0x0000, 0x0000, 0x0000, 0x0000, 0x0000, 0x0000, 0x0000, 0x0000,
    0x0000, 0x0000, 0x0000, 0x0000, 0x0000, 0x0000, 0x0000, 0x0000, 0x0000, 0x0000, 0x0000, 0x0000,
    0x0000, 0x0000, 0x0000, 0x0000, 0x0000, 0x0000, 0x0000, 0x0000, 0x0000, 0x0000, 0x0000, 0x0000,
    0x0000, 0x0000, 0x0000, 0x0000, 0x0000, 0x0000, 0x0000, 0x0000, 0x0000, 0x0000, 0x0000, 0x0000,
    0x0000, 0x0000, 0x0000, 0x0000, 0x0000, 0x0000, 0x0000, 0x0000, 0x0000, 0x0000, 0x0000, 0x0000,
    0x0000, 0x0000, 0x0000, 0x0000, 0x0000, 0x0000, 0x0000, 0x0000, 0x0000, 0x0000, 0x0000, 0x0000,
    0x0000, 0x0000, 0x0000, 0x0000, 0x0000, 0x0000, 0x0000, 0x0000, 0x0000, 0x0000, 0x0000, 0x0000,
    0x0000, 0x0000, 0x0000, 0x0000, 0x0000, 0x0000, 0x0000, 0x0000, 0x0000, 0x0000, 0x0000, 0x0000,
    0x0000, 0x0000, 0x0000, 0x0000, 0x0000, 0x0000, 0x0000, 0x0000, 0x0000, 0x0000, 0x0000, 0x0000,
    0x0000, 0x0000, 0x0000, 0x0000, 0x0000, 0x0000, 0x0000, 0x0000, 0x0000, 0x0000, 0x0000, 0x0000,
    0x0000, 0x0000, 0x0000, 0x0000, 0x0000, 0x0000, 0x0000, 0x0000, 0x0000, 0x0000, 0x0000, 0x0000,
    0x0000, 0x0000, 0x0000, 0x0000, 0x0000, 0x0000, 0x0000, 0x0000, 0x0000, 0x0000, 0x0000, 0x0000,
    0x0000, 0x0000, 0x0000, 0x0000, 0x0000, 0x0000, 0x0000, 0x0000, 0x0000, 0x0000, 0x0000, 0x0000,
    0x0000, 0x0000, 0x0000, 0x0000, 0x0000, 0x0000, 0x0000, 0x0000, 0x0000, 0x0000, 0x0000, 0x0000,
    0x0000, 0x0000, 0x0000, 0x0000, 0x0000, 0x0000, 0x0000, 0x0000, 0x0000, 0x0000, 0x0000, 0x0000,
    0x0000, 0x0000, 0x0000, 0x0000, 0x0000, 0x0000, 0x0000, 0x0000, 0x0000, 0x0000, 0x0000, 0x0000,
    0x0000, 0x0000, 0x0000, 0x0000, 0x0000, 0x0000, 0x0000, 0x0000, 0x0000, 0x0000, 0x0000, 0x0000,
    0x0000, 0x0000, 0x0000, 0x0000, 0x0000, 0x0000, 0x0000, 0x0000, 0x0000, 0x0000, 0x0000, 0x0000,
    0x0000, 0x0000, 0x0000, 0x0000, 0x0000, 0x0000, 0x0000, 0x0000, 0x0000, 0x0000, 0x0000, 0x0000,
    0x0000, 0x0000, 0x0000, 0x0000, 0x0000, 0x0000, 0x0000, 0x0000, 0x0000, 0x0000, 0x0000, 0x0000,
    0x0000, 0x0000, 0x0000, 0x0000, 0x0000, 0x0000, 0x0000, 0x0000, 0x0000, 0x0000, 0x0000, 0x0000,
    0x0000, 0x0000, 0x0000, 0x0000, 0x0000, 0x0000, 0x0000, 0x0000, 0x0000, 0x0000, 0x0000, 0x0000,
    0x0000, 0x0000, 0x0000, 0x0000, 0x0000, 0x0000, 0x0000, 0x0000, 0x0000, 0x0000, 0x0000, 0x0000,
    0x0000, 0x0000, 0x0000, 0x0000, 0x0000, 0x0000, 0x0000, 0x0000, 0x0000, 0x0000, 0x0000, 0x0000,
    0x0000, 0x0000, 0x0000, 0x0000, 0x0000, 0x0000, 0x0000, 0x0000, 0x0000, 0x0000, 0x0000, 0x0000,
    0x0000, 0x0000, 0x0000, 0x0000, 0x0000, 0x0000, 0x0000, 0x0000, 0x0000, 0x0000, 0x0000, 0x0000,
    0x0000, 0x0000, 0x0000, 0x0000, 0x0000, 0x0000, 0x0000, 0x0000, 0x0000, 0x0000, 0x0000, 0x0000,
    0x0000, 0x0000, 0x0000, 0x0000, 0x0000, 0x0000, 0x0000, 0x0000, 0x0000, 0x0000, 0x0000, 0x0000,
    0x0000, 0x0000, 0x0000, 0x0000, 0x0000, 0x0000, 0x0000, 0x0000, 0x0000, 0x0000, 0x0000, 0x0000,
    0x0000, 0x0000, 0x0000, 0x0000, 0x0000, 0x0000, 0x0000, 0x0000, 0x0000, 0x0000, 0x0000, 0x0000,
    0x0000, 0x0000, 0x0000, 0x0000, 0x0000, 0x0000, 0x0000, 0x0000, 0x0000, 0x0000, 0x0000, 0x0000,
    0x0000, 0x0000, 0x0000, 0x0000, 0x0000, 0x0000, 0x0000, 0x0000, 0x0000, 0x0000, 0x0000, 0x0000,
    0x0000, 0x0000, 0x0000, 0x0000, 0x0000, 0x0000, 0x0000, 0x0000, 0x0000, 0x0000, 0x0000, 0x0000,
    0x0000, 0x0000, 0x0000, 0x0000, 0x0000, 0x0000, 0x0000, 0x0000, 0x0000, 0x0000, 0x0000, 0x0000,
    0x0000, 0x0000, 0x0000, 0x0000, 0x0000, 0x0000, 0x0000, 0x0000, 0x0000, 0x0000, 0x0000, 0x0000,
    0x0000, 0x0000, 0x0000, 0x0000, 0x0000, 0x0000, 0x0000, 0x0000, 0x0000, 0x0000, 0x0000, 0x0000,
    0x0000, 0x0000, 0x0000, 0x0000, 0x0000, 0x0000, 0x0000, 0x0000, 0x0000, 0x0000, 0x0000, 0x0000,
    0x0000, 0x0000, 0x0000, 0x0000, 0x0000, 0x0000, 0x0000, 0x0000, 0x0000, 0x0000, 0x0000, 0x0000,
    0x0000, 0x0000, 0x0000, 0x0000, 0x0000, 0x0000, 0x0000, 0x0000, 0x0000, 0x0000, 0x0000, 0x0000,
    0x0000, 0x0000, 0x0000, 0x0000, 0x0000, 0x0000, 0x0000, 0x0000, 0x0000, 0x0000, 0x0000, 0x0000,
    0x0000, 0x0000, 0x0000, 0x0000, 0x0000, 0x0000, 0x0000, 0x0000, 0x0000, 0x0000, 0x0000, 0x0000,
    0x0000, 0x0000, 0x0000, 0x0000, 0x0000, 0x0000, 0x0000, 0x0000, 0x0000, 0x0000, 0x0000, 0x0000,
    0x0000, 0x0000, 0x0000, 0x0000, 0x0000, 0x0000, 0x0000, 0x0000, 0x0000, 0x0000, 0x0000, 0x0000,
    0x0000, 0x0000, 0x0000, 0x0000, 0x0000, 0x0000, 0x0000, 0x0000, 0x0000, 0x0000, 0x0000, 0x0000,
    0x0000, 0x0000, 0x0000, 0x0000, 0x0000, 0x0000, 0x0000, 0x0000, 0x0000, 0x0000, 0x0000, 0x0000,
    0x0000, 0x0000, 0x0000, 0x0000, 0x0000, 0x0000, 0x0000, 0x0000, 0x0000, 0x0000, 0x0000, 0x0000,
    0x0000, 0x0000, 0x0000, 0x0000, 0x0000, 0x0000, 0x0000, 0x0000, 0x0000, 0x0000, 0x0000, 0x0000,
    0x0000, 0x0000, 0x0000, 0x0000, 0x0000, 0x0000, 0x0000, 0x0000, 0x0000, 0x0000, 0x0000, 0x0000,
    0x0000, 0x0000, 0x0000, 0x0000, 0x0000, 0x0000, 0x0000, 0x0000, 0x0000, 0x0000, 0x0000, 0x0000,
    0x0000, 0x0000, 0x0000, 0x0000, 0x0000, 0x0000, 0x0000, 0x0000, 0x0000, 0x0000, 0x0000, 0x0000,
    0x0000, 0x0000, 0x0000, 0x0000, 0x0000, 0x0000, 0x0000, 0x0000, 0x0000, 0x0000, 0x0000, 0x0000,
    0x0000, 0x0000, 0x0000, 0x0000, 0x0000, 0x0000, 0x0000, 0x0000, 0x0000, 0x0000, 0x0000, 0x0000,
    0x0000, 0x0000, 0x0000, 0x0000, 0x0000, 0x0000, 0x0000, 0x0000, 0x0000, 0x0000, 0x0000, 0x0000,
    0x0000, 0x0000, 0x0000, 0x0000, 0x0000, 0x0000, 0x0000, 0x0000, 0x0000, 0x0000, 0x0000, 0x0000,
    0x0000, 0x0000, 0x0000, 0x0000, 0x0000, 0x0000, 0x0000, 0x0000, 0x0000, 0x0000, 0x0000, 0x0000,
    0x0000, 0x0000, 0x0000, 0x0000, 0x0000, 0x0000, 0x0000, 0x0000, 0x0000, 0x0000, 0x0000, 0x0000,
    0x0000, 0x0000, 0x0000, 0x0000, 0x0000, 0x0000, 0x0000, 0x0000, 0x0000, 0x0000, 0x0000, 0x0000,
    0x0000, 0x0000, 0x0000, 0x0000, 0x0000, 0x0000, 0x0000, 0x0000, 0x0000, 0x0000, 0x0000, 0x0000,
    0x0000, 0x0000, 0x0000, 0x0000, 0x0000, 0x0000, 0x0000, 0x0000, 0x0000, 0x0000, 0x0000, 0x0000,
    0x0000, 0x0000, 0x0000, 0x0000, 0x0000, 0x0000, 0x0000, 0x0000, 0x0000, 0x0000, 0x0000, 0x0000,
    0x0000, 0x0000, 0x0000, 0x0000, 0x0000, 0x0000, 0x0000, 0x0000, 0x0000, 0x0000, 0x0000, 0x0000,
    0x0000, 0x0000, 0x0000, 0x0000, 0x0000, 0x0000, 0x0000, 0x0000, 0x0000, 0x0000, 0x0000, 0x0000,
    0x0000, 0x0000, 0x0000, 0x0000, 0x0000, 0x0000, 0x0000, 0x0000, 0x0000, 0x0000, 0x0000, 0x0000,
    0x0000, 0x0000, 0x0000, 0x0000, 0x0000, 0x0000, 0x0000, 0x0000, 0x0000, 0x0000, 0x0000, 0x0000,
    0x0000, 0x0000, 0x0000, 0x0000, 0x0000, 0x0000, 0x0000, 0x0000, 0x0000, 0x0000, 0x0000, 0x0000,
    0x0000, 0x0000, 0x0000, 0x0000, 0x0000, 0x0000, 0x0000, 0x0000, 0x0000, 0x0000, 0x0000, 0x0000,
    0x0000, 0x0000, 0x0000, 0x0000, 0x0000, 0x0000, 0x0000, 0x0000, 0x0000, 0x0000, 0x0000, 0x0000,
    0x0000, 0x0000, 0x0000, 0x0000, 0x0000, 0x0000, 0x0000, 0x0000, 0x0000, 0x0000, 0x0000, 0x0000,
    0x0000, 0x0000, 0x0000, 0x0000, 0x0000, 0x0000, 0x0000, 0x0000, 0x0000, 0x0000, 0x0000, 0x0000,
    0x0000, 0x0000, 0x0000, 0x0000, 0x0000, 0x0000, 0x0000, 0x0000, 0x0000, 0x0000, 0x0000, 0x0000,
    0x0000, 0x0000, 0x0000, 0x0000, 0x0000, 0x0000, 0x0000, 0x0000, 0x0000, 0x0000, 0x0000, 0x0000,
    0x0000, 0x0000, 0x0000, 0x0000, 0x0000, 0x0000, 0x0000, 0x0000, 0x0000, 0x0000, 0x0000, 0x0000,
    0x0000, 0x0000, 0x0000, 0x0000, 0x0000, 0x0000, 0x0000, 0x0000, 0x0000, 0x0000, 0x0000, 0x0000,
    0x0000, 0x0000, 0x0000, 0x0000, 0x0000, 0x0000, 0x0000, 0x0000, 0x0000, 0x0000, 0x0000, 0x0000,
    0x0000, 0x0000, 0x0000, 0x0000, 0x0000, 0x0000, 0x0000, 0x0000, 0x0000, 0x0000, 0x0000, 0x0000,
    0x0000, 0x0000, 0x0000, 0x0000, 0x0000, 0x0000, 0x0000, 0x0000, 0x0000, 0x0000, 0x0000, 0x0000,
    0x0000, 0x0000, 0x0000, 0x0000, 0x0000, 0x0000, 0x0000, 0x0000, 0x0000, 0x0000, 0x0000, 0x0000,
    0x0000, 0x0000, 0x0000, 0x0000, 0x0000, 0x0000, 0x0000, 0x0000, 0x0000, 0x0000, 0x0000, 0x0000,
    0x0000, 0x0000, 0x0000, 0x0000, 0x0000, 0x0000, 0x0000, 0x0000, 0x0000, 0x0000, 0x0000, 0x0000,
    0x0000, 0x0000, 0x0000, 0x0000, 0x0000, 0x0000, 0x0000, 0x0000, 0x0000, 0x0000, 0x0000, 0x0000,
    0x0000, 0x0000, 0x0000, 0x0000, 0x0000, 0x0000, 0x0000, 0x0000, 0x0000, 0x0000, 0x0000, 0x0000,
    0x0000, 0x0000, 0x0000, 0x0000, 0x0000, 0x0000, 0x0000, 0x0000, 0x0000, 0x0000, 0x0000, 0x0000,
    0x0000, 0x0000, 0x0000, 0x0000, 0x0000, 0x0000, 0x0000, 0x0000, 0x0000, 0x0000, 0x0000, 0x0000,
    0x0000, 0x0000, 0x0000, 0x0000, 0x0000, 0x0000, 0x0000, 0x0000, 0x0000, 0x0000, 0x0000, 0x0000,
    0x0000, 0x0000, 0x0000, 0x0000, 0x0000, 0x0000, 0x0000, 0x0000, 0x0000, 0x0000, 0x0000, 0x0000,
    0x0000, 0x0000, 0x0000, 0x0000, 0x0000, 0x0000, 0x0000, 0x0000, 0x0000, 0x0000, 0x0000, 0x0000,
    0x0000, 0x0000, 0x0000, 0x0000, 0x0000, 0x0000, 0x0000, 0x0000, 0x0000, 0x0000, 0x0000, 0x0000,
    0x0000, 0x0000, 0x0000, 0x0000, 0x0000, 0x0000, 0x0000, 0x0000, 0x0000, 0x0000, 0x0000, 0x0000,
    0x0000, 0x0000, 0x0000, 0x0000, 0x0000, 0x0000, 0x0000, 0x0000, 0x0000, 0x0000, 0x0000, 0x0000,
    0x0000, 0x0000, 0x0000, 0x0000, 0x0000, 0x0000, 0x0000, 0x0000, 0x0000, 0x0000, 0x0000, 0x0000,
    0x0000, 0x0000, 0x0000, 0x0000, 0x0000, 0x0000, 0x0000, 0x0000, 0x0000, 0x0000, 0x0000, 0x0000,
    0x0000, 0x0000, 0x0000, 0x0000, 0x0000, 0x0000, 0x0000, 0x0000, 0x0000, 0x0000, 0x0000, 0x0000,
    0x0000, 0x0000, 0x0000, 0x0000, 0x0000, 0x0000, 0x0000, 0x0000, 0x0000, 0x0000, 0x0000, 0x0000,
    0x0000, 0x0000, 0x0000, 0x0000, 0x0000, 0x0000, 0x0000, 0x0000, 0x0000, 0x0000, 0x0000, 0x0000,
    0x0000, 0x0000, 0x0000, 0x0000, 0x0000, 0x0000, 0x0000, 0x0000, 0x0000, 0x0000, 0x0000, 0x0000,
    0x0000, 0x0000, 0x0000, 0x0000, 0x0000, 0x0000, 0x0000, 0x0000, 0x0000, 0x0000, 0x0000, 0x0000,
    0x0000, 0x0000, 0x0000, 0x0000, 0x0000, 0x0000, 0x0000, 0x0000, 0x0000, 0x0000, 0x0000, 0x0000,
    0x0000, 0x0000, 0x0000, 0x0000, 0x0000, 0x0000, 0x0000, 0x0000, 0x0000, 0x0000, 0x0000, 0x0000,
    0x0000, 0x0000, 0x0000, 0x0000, 0x0000, 0x0000, 0x0000, 0x0000, 0x0000, 0x0000, 0x0000, 0x0000,
    0x0000, 0x0000, 0x0000, 0x0000, 0x0000, 0x0000, 0x0000, 0x0000, 0x0000, 0x0000, 0x0000, 0x0000,
    0x0000, 0x0000, 0x0000, 0x0000, 0x0000, 0x0000, 0x0000, 0x0000, 0x0000, 0x0000, 0x0000, 0x0000,
    0x0000, 0x0000, 0x0000, 0x0000, 0x0000, 0x0000, 0x0000, 0x0000, 0x0000, 0x0000, 0x0000, 0x0000,
    0x0000, 0x0000, 0x0000, 0x0000, 0x0000, 0x0000, 0x0000, 0x0000, 0x0000, 0x0000, 0x0000, 0x0000,
    0x0000, 0x0000, 0x0000, 0x0000, 0x0000, 0x0000, 0x0000, 0x0000, 0x0000, 0x0000, 0x0000, 0x0000,
    0x0000, 0x0000, 0x0000, 0x0000, 0x0000, 0x0000, 0x0000, 0x0000, 0x0000, 0x0000, 0x0000, 0x0000,
    0x0000, 0x0000, 0x0000, 0x0000, 0x0000, 0x0000, 0x0000, 0x0000, 0x0000, 0x0000, 0x0000, 0x0000,
    0x0000, 0x0000, 0x0000, 0x0000, 0x0000, 0x0000, 0x0000, 0x0000, 0x0000, 0x0000, 0x0000, 0x0000,
    0x0000, 0x0000, 0x0000, 0x0000, 0x0000, 0x0000, 0x0000, 0x0000, 0x0000, 0x0000, 0x0000, 0x0000,
    0x0000, 0x0000, 0x0000, 0x0000, 0x0000, 0x0000, 0x0000, 0x0000, 0x0000, 0x0000, 0x0000, 0x0000,
    0x0000, 0x0000, 0x0000, 0x0000, 0x0000, 0x0000, 0x0000, 0x0000, 0x0000, 0x0000, 0x0000, 0x0000,
    0x0000, 0x0000, 0x0000, 0x0000, 0x0000, 0x0000, 0x0000, 0x0000, 0x0000, 0x0000, 0x0000, 0x0000,
    0x0000, 0x0000, 0x0000, 0x0000, 0x0000, 0x0000, 0x0000, 0x0000, 0x0000, 0x0000, 0x0000, 0x0000,
    0x0000, 0x0000, 0x0000, 0x0000, 0x0000, 0x0000, 0x0000, 0x0000, 0x0000, 0x0000, 0x0000, 0x0000,
    0x0000, 0x0000, 0x0000, 0x0000, 0x0000, 0x0000, 0x0000, 0x0000, 0x0000, 0x0000, 0x0000, 0x0000,
    0x0000, 0x0000, 0x0000, 0x0000, 0x0000, 0x0000, 0x0000, 0x0000, 0x0000, 0x0000, 0x0000, 0x0000,
    0x0000, 0x0000, 0x0000, 0x0000, 0x0000, 0x0000, 0x0000, 0x0000, 0x0000, 0x0000, 0x0000, 0x0000,
    0x0000, 0x0000, 0x0000, 0x0000, 0x0000, 0x0000, 0x0000, 0x0000, 0x0000, 0x0000, 0x0000, 0x0000,
    0x0000, 0x0000, 0x0000, 0x0000, 0x0000, 0x0000, 0x0000, 0x0000, 0x0000, 0x0000, 0x0000, 0x0000,
    0x0000, 0x0000, 0x0000, 0x0000, 0x0000, 0x0000, 0x0000, 0x0000, 0x0000, 0x0000, 0x0000, 0x0000,
    0x0000, 0x0000, 0x0000, 0x0000, 0x0000, 0x0000, 0x0000, 0x0000, 0x0000, 0x0000, 0x0000, 0x0000,
    0x0000, 0x0000, 0x0000, 0x0000, 0x0000, 0x0000, 0x0000, 0x0000, 0x0000, 0x0000, 0x0000, 0x0000,
    0x0000, 0x0000, 0x0000, 0x0000, 0x0000, 0x0000, 0x0000, 0x0000, 0x0000, 0x0000, 0x0000, 0x0000,
    0x0000, 0x0000, 0x0000, 0x0000, 0x0000, 0x0000, 0x0000, 0x0000, 0x0000, 0x0000, 0x0000, 0x0000,
    0x0000, 0x0000, 0x0000, 0x0000, 0x0000, 0x0000, 0x0000, 0x0000, 0x0000, 0x0000, 0x0000, 0x0000,
    0x0000, 0x0000, 0x0000, 0x0000, 0x0000, 0x0000, 0x0000, 0x0000, 0x0000, 0x0000, 0x0000, 0x0000,
    0x0000, 0x0000, 0x0000, 0x0000, 0x0000, 0x0000, 0x0000, 0x0000, 0x0000, 0x0000, 0x0000, 0x0000,
    0x0000, 0x0000, 0x0000, 0x0000, 0x0000, 0x0000, 0x0000, 0x0000, 0x0000, 0x0000, 0x0000, 0x0000,
    0x0000, 0x0000, 0x0000, 0x0000, 0x0000, 0x0000, 0x0000, 0x0000, 0x0000, 0x0000, 0x0000, 0x0000,
    0x0000, 0x0000, 0x0000, 0x0000, 0x0000, 0x0000, 0x0000, 0x0000, 0x0000, 0x0000, 0x0000, 0x0000,
    0x0000, 0x0000, 0x0000, 0x0000, 0x0000, 0x0000, 0x0000, 0x0000, 0x0000, 0x0000, 0x0000, 0x0000,
    0x0000, 0x0000, 0x0000, 0x0000, 0x0000, 0x0000, 0x0000, 0x0000, 0x0000, 0x0000, 0x0000, 0x0000,
    0x0000, 0x0000, 0x0000, 0x0000, 0x0000, 0x0000, 0x0000, 0x0000, 0x0000, 0x0000, 0x0000, 0x0000,
    0x0000, 0x0000, 0x0000, 0x0000, 0x0000, 0x0000, 0x0000, 0x0000, 0x0000, 0x0000, 0x0000, 0x0000,
    0x0000, 0x0000, 0x0000, 0x0000, 0x0000, 0x0000, 0x0000, 0x0000, 0x0000, 0x0000, 0x0000, 0x0000,
    0x0000, 0x0000, 0x0000, 0x0000, 0x0000, 0x0000, 0x0000, 0x0000, 0x0000, 0x0000, 0x0000, 0x0000,
    0x0000, 0x0000, 0x0000, 0x0000, 0x0000, 0x0000, 0x0000, 0x0000, 0x0000, 0x0000, 0x0000, 0x0000,
    0x0000, 0x0000, 0x0000, 0x0000, 0x0000, 0x0000, 0x0000, 0x0000, 0x0000, 0x0000, 0x0000, 0x0000,
    0x0000, 0x0000, 0x0000, 0x0000, 0x0000, 0x0000, 0x0000, 0x0000, 0x0000, 0x0000, 0x0000, 0x0000,
    0x0000, 0x0000, 0x0000, 0x0000, 0x0000, 0x0000, 0x0000, 0x0000, 0x0000, 0x0000, 0x0000, 0x0000,
    0x0000, 0x0000, 0x0000, 0x0000, 0x0000, 0x0000, 0x0000, 0x0000, 0x0000, 0x0000, 0x0000, 0x0000,
    0x0000, 0x0000, 0x0000, 0x0000, 0x0000, 0x0000, 0x0000, 0x0000, 0x0000, 0x0000, 0x0000, 0x0000,
    0x0000, 0x0000, 0x0000, 0x0000, 0x0000, 0x0000, 0x0000, 0x0000, 0x0000, 0x0000, 0x0000, 0x0000,
    0x0000, 0x0000, 0x0000, 0x0000, 0x0000, 0x0000, 0x0000, 0x0000, 0x0000, 0x0000, 0x0000, 0x0000,
    0x0000, 0x0000, 0x0000, 0x0000, 0x0000, 0x0000, 0x0000, 0x0000, 0x0000, 0x0000, 0x0000, 0x0000,
    0x0000, 0x0000, 0x0000, 0x0000, 0x0000, 0x0000, 0x0000, 0x0000, 0x0000, 0x0000, 0x0000, 0x0000,
    0x0000, 0x0000, 0x0000, 0x0000, 0x0000, 0x0000, 0x0000, 0x0000, 0x0000, 0x0000, 0x0000, 0x0000,
    0x0000, 0x0000, 0x0000, 0x0000, 0x0000, 0x0000, 0x0000, 0x0000, 0x0000, 0x0000, 0x0000, 0x0000,
    0x0000, 0x0000, 0x0000, 0x0000, 0x0000, 0x0000, 0x0000, 0x0000, 0x0000, 0x0000, 0x0000, 0x0000,
    0x0000, 0x0000, 0x0000, 0x0000, 0x0000, 0x0000, 0x0000, 0x0000, 0x0000, 0x0000, 0x0000, 0x0000,
    0x0000, 0x0000, 0x0000, 0x0000, 0x0000, 0x0000, 0x0000, 0x0000, 0x0000, 0x0000, 0x0000, 0x0000,
    0x0000, 0x0000, 0x0000, 0x0000, 0x0000, 0x0000, 0x0000, 0x0000, 0x0000, 0x0000, 0x0000, 0x0000,
    0x0000, 0x0000, 0x0000, 0x0000, 0x0000, 0x0000, 0x0000, 0x0000, 0x0000, 0x0000, 0x0000, 0x0000,
    0x0000, 0x0000, 0x0000, 0x0000, 0x0000, 0x0000, 0x0000, 0x0000, 0x0000, 0x0000, 0x0000, 0x0000,
    0x0000, 0x0000, 0x0000, 0x0000, 0x0000, 0x0000, 0x0000, 0x0000, 0x0000, 0x0000, 0x0000, 0x0000,
    0x0000, 0x0000, 0x0000, 0x0000, 0x0000, 0x0000, 0x0000, 0x0000, 0x0000, 0x0000, 0x0000, 0x0000,
    0x0000, 0x0000, 0x0000, 0x0000, 0x0000, 0x0000, 0x0000, 0x0000, 0x0000, 0x0000, 0x0000, 0x0000,
    0x0000, 0x0000, 0x0000, 0x0000, 0x0000, 0x0000, 0x0000, 0x0000, 0x0000, 0x0000, 0x0000, 0x0000,
    0x0000, 0x0000, 0x0000, 0x0000, 0x0000, 0x0000, 0x0000, 0x0000, 0x0000, 0x0000, 0x0000, 0x0000,
    0x0000, 0x0000, 0x0000, 0x0000, 0x0000, 0x0000, 0x0000, 0x0000, 0x0000, 0x0000, 0x0000, 0x0000,
    0x0000, 0x0000, 0x0000, 0x0000, 0x0000, 0x0000, 0x0000, 0x0000, 0x0000, 0x0000, 0x0000, 0x0000,
    0x0000, 0x0000, 0x0000, 0x0000, 0x0000, 0x0000, 0x0000, 0x0000, 0x0000, 0x0000, 0x0000, 0x0000,
    0x0000, 0x0000, 0x0000, 0x0000, 0x0000, 0x0000, 0x0000, 0x0000, 0x0000, 0x0000, 0x0000, 0x0000,
    0x0000, 0x0000, 0x0000, 0x0000, 0x0000, 0x0000, 0x0000, 0x0000, 0x0000, 0x0000, 0x0000, 0x0000,
    0x0000, 0x0000, 0x0000, 0x0000, 0x0000, 0x0000, 0x0000, 0x0000, 0x0000, 0x0000, 0x0000, 0x0000,
    0x0000, 0x0000, 0x0000, 0x0000, 0x0000, 0x0000, 0x0000, 0x0000, 0x0000, 0x0000, 0x0000, 0x0000,
    0x0000, 0x0000, 0x0000, 0x0000, 0x0000, 0x0000, 0x0000, 0x0000, 0x0000, 0x0000, 0x0000, 0x0000,
    0x0000, 0x0000, 0x0000, 0x0000, 0x0000, 0x0000, 0x0000, 0x0000, 0x0000, 0x0000, 0x0000, 0x0000,
    0x0000, 0x0000, 0x0000, 0x0000, 0x0000, 0x0000, 0x0000, 0x0000, 0x0000, 0x0000, 0x0000, 0x0000,
    0x0000, 0x0000, 0x0000, 0x0000, 0x0000, 0x0000, 0x0000, 0x0000, 0x0000, 0x0000, 0x0000, 0x0000,
    0x0000, 0x0000, 0x0000, 0x0000, 0x0000, 0x0000, 0x0000, 0x0000, 0x0000, 0x0000, 0x0000, 0x0000,
    0x0000, 0x0000, 0x0000, 0x0000, 0x0000, 0x0000, 0x0000, 0x0000, 0x0000, 0x0000, 0x0000, 0x0000,
    0x0000, 0x0000, 0x0000, 0x0000, 0x0000, 0x0000, 0x0000, 0x0000, 0x0000, 0x0000, 0x0000, 0x0000,
    0x0000, 0x0000, 0x0000, 0x0000, 0x0000, 0x0000, 0x0000, 0x0000, 0x0000, 0x0000, 0x0000, 0x0000,
    0x0000, 0x0000, 0x0000, 0x0000, 0x0000, 0x0000, 0x0000, 0x0000, 0x0000, 0x0000, 0x0000, 0x0000,
    0x0000, 0x0000, 0x0000, 0x0000, 0x0000, 0x0000, 0x0000, 0x0000, 0x0000, 0x0000, 0x0000, 0x0000,
    0x0000, 0x0000, 0x0000, 0x0000, 0x0000, 0x0000, 0x0000, 0x0000, 0x0000, 0x0000, 0x0000, 0x0000,
    0x0000, 0x0000, 0x0000, 0x0000, 0x0000, 0x0000, 0x0000, 0x0000, 0x0000, 0x0000, 0x0000, 0x0000,
    0x0000, 0x0000, 0x0000, 0x0000, 0x0000, 0x0000, 0x0000, 0x0000, 0x0000, 0x0000, 0x0000, 0x0000,
    0x0000, 0x0000, 0x0000, 0x0000, 0x0000, 0x0000, 0x0000, 0x0000, 0x0000, 0x0000, 0x0000, 0x0000,
    0x0000, 0x0000, 0x0000, 0x0000, 0x0000, 0x0000, 0x0000, 0x0000, 0x0000, 0x0000, 0x0000, 0x0000,
    0x0000, 0x0000, 0x0000, 0x0000, 0x0000, 0x0000, 0x0000, 0x0000, 0x0000, 0x0000, 0x0000, 0x0000,
    0x0000, 0x0000, 0x0000, 0x0000, 0x0000, 0x0000, 0x0000, 0x0000, 0x0000, 0x0000, 0x0000, 0x0000,
    0x0000, 0x0000, 0x0000, 0x0000, 0x0000, 0x0000, 0x0000, 0x0000, 0x0000, 0x0000, 0x0000, 0x0000,
    0x0000, 0x0000, 0x0000, 0x0000, 0x0000, 0x0000, 0x0000, 0x0000, 0x0000, 0x0000, 0x0000, 0x0000,
    0x0000, 0x0000, 0x0000, 0x0000, 0x0000, 0x0000, 0x0000, 0x0000, 0x0000, 0x0000, 0x0000, 0x0000,
    0x0000, 0x0000, 0x0000, 0x0000, 0x0000, 0x0000, 0x0000, 0x0000, 0x0000, 0x0000, 0x0000, 0x0000,
    0x0000, 0x0000, 0x0000, 0x0000, 0x0000, 0x0000, 0x0000, 0x0000, 0x0000, 0x0000, 0x0000, 0x0000,
    0x0000, 0x0000, 0x0000, 0x0000, 0x0000, 0x0000, 0x0000, 0x0000, 0x0000, 0x0000, 0x0000, 0x0000,
    0x0000, 0x0000, 0x0000, 0x0000, 0x0000, 0x0000, 0x0000, 0x0000, 0x0000, 0x0000, 0x0000, 0x0000,
    0x0000, 0x0000, 0x0000, 0x0000, 0x0000, 0x0000, 0x0000, 0x0000, 0x0000, 0x0000, 0x0000, 0x0000,
    0x0000, 0x0000, 0x0000, 0x0000, 0x0000, 0x0000, 0x0000, 0x0000, 0x0000, 0x0000, 0x0000, 0x0000,
    0x0000, 0x0000, 0x0000, 0x0000, 0x0000, 0x0000, 0x0000, 0x0000, 0x0000, 0x0000, 0x0000, 0x0000,
    0x0000, 0x0000, 0x0000, 0x0000, 0x0000, 0x0000, 0x0000, 0x0000, 0x0000, 0x0000, 0x0000, 0x0000,
    0x0000, 0x0000, 0x0000, 0x0000, 0x0000, 0x0000, 0x0000, 0x0000, 0x0000, 0x0000, 0x0000, 0x0000,
    0x0000, 0x0000, 0x0000, 0x0000, 0x0000, 0x0000, 0x0000, 0x0000, 0x0000, 0x0000, 0x0000, 0x0000,
    0x0000, 0x0000, 0x0000, 0x0000, 0x0000, 0x0000, 0x0000, 0x0000, 0x0000, 0x0000, 0x0000, 0x0000,
    0x0000, 0x0000, 0x0000, 0x0000, 0x0000, 0x0000, 0x0000, 0x0000, 0x0000, 0x0000, 0x0000, 0x0000,
    0x0000, 0x0000, 0x0000, 0x0000, 0x0000, 0x0000, 0x0000, 0x0000, 0x0000, 0x0000, 0x0000, 0x0000,
    0x0000, 0x0000, 0x0000, 0x0000, 0x0000, 0x0000, 0x0000, 0x0000, 0x0000, 0x0000, 0x0000, 0x0000,
    0x0000, 0x0000, 0x0000, 0x0000, 0x0000, 0x0000, 0x0000, 0x0000, 0x0000, 0x0000, 0x0000, 0x0000,
    0x0000, 0x0000, 0x0000, 0x0000, 0x0000, 0x0000, 0x0000, 0x0000, 0x0000, 0x0000, 0x0000, 0x0000,
    0x0000, 0x0000, 0x0000, 0x0000, 0x0000, 0x0000, 0x0000, 0x0000, 0x0000, 0x0000, 0x0000, 0x0000,
    0x0000, 0x0000, 0x0000, 0x0000, 0x0000, 0x0000, 0x0000, 0x0000, 0x0000, 0x0000, 0x0000, 0x0000,
    0x0000, 0x0000, 0x0000, 0x0000, 0x0000, 0x0000, 0x0000, 0x0000, 0x0000, 0x0000, 0x0000, 0x0000,
    0x0000, 0x0000, 0x0000, 0x0000, 0x0000, 0x0000, 0x0000, 0x0000, 0x0000, 0x0000, 0x0000, 0x0000,
    0x0000, 0x0000, 0x0000, 0x0000, 0x0000, 0x0000, 0x0000, 0x0000, 0x0000, 0x0000, 0x0000, 0x0000,
    0x0000, 0x0000, 0x0000, 0x0000, 0x0000, 0x0000, 0x0000, 0x0000, 0x0000, 0x0000, 0x0000, 0x0000,
    0x0000, 0x0000, 0x0000, 0x0000, 0x0000, 0x0000, 0x0000, 0x0000, 0x0000, 0x0000, 0x0000, 0x0000,
    0x0000, 0x0000, 0x0000, 0x0000, 0x0000, 0x0000, 0x0000, 0x0000, 0x0000, 0x0000, 0x0000, 0x0000,
    0x0000, 0x0000, 0x0000, 0x0000, 0x0000, 0x0000, 0x0000, 0x0000, 0x0000, 0x0000, 0x0000, 0x0000,
    0x0000, 0x0000, 0x0000, 0x0000, 0x0000, 0x0000, 0x0000, 0x0000, 0x0000, 0x0000, 0x0000, 0x0000,
    0x0000, 0x0000, 0x0000, 0x0000, 0x0000, 0x0000, 0x0000, 0x0000, 0x0000, 0x0000, 0x0000, 0x0000,
    0x0000, 0x0000, 0x0000, 0x0000, 0x0000, 0x0000, 0x0000, 0x0000, 0x0000, 0x0000, 0x0000, 0x0000,
    0x0000, 0x0000, 0x0000, 0x0000, 0x0000, 0x0000, 0x0000, 0x0000, 0x0000, 0x0000, 0x0000, 0x0000,
    0x0000, 0x0000, 0x0000, 0x0000, 0x0000, 0x0000, 0x0000, 0x0000, 0x0000, 0x0000, 0x0000, 0x0000,
    0x0000, 0x0000, 0x0000, 0x0000, 0x0000, 0x0000, 0x0000, 0x0000, 0x0000, 0x0000, 0x0000, 0x0000,
    0x0000, 0x0000, 0x0000, 0x0000, 0x0000, 0x0000, 0x0000, 0x0000, 0x0000, 0x0000, 0x0000, 0x0000,
    0x0000, 0x0000, 0x0000, 0x0000, 0x0000, 0x0000, 0x0000, 0x0000, 0x0000, 0x0000, 0x0000, 0x0000,
    0x0000, 0x0000, 0x0000, 0x0000, 0x0000, 0x0000, 0x0000, 0x0000, 0x0000, 0x0000, 0x0000, 0x0000,
    0x0000, 0x0000, 0x0000, 0x0000, 0x0000, 0x0000, 0x0000, 0x0000, 0x0000, 0x0000, 0x0000, 0x0000,
    0x0000, 0x0000, 0x0000, 0x0000, 0x0000, 0x0000, 0x0000, 0x0000, 0x0000, 0x0000, 0x0000, 0x0000,
    0x0000, 0x0000, 0x0000, 0x0000, 0x0000, 0x0000, 0x0000, 0x0000, 0x0000, 0x0000, 0x0000, 0x0000,
    0x0000, 0x0000, 0x0000, 0x0000, 0x0000, 0x0000, 0x0000, 0x0000, 0x0000, 0x0000, 0x0000, 0x0000,
    0x0000, 0x0000, 0x0000, 0x0000, 0x0000, 0x0000, 0x0000, 0x0000, 0x0000, 0x0000, 0x0000, 0x0000,
    0x0000, 0x0000, 0x0000, 0x0000, 0x0000, 0x0000, 0x0000, 0x0000, 0x0000, 0x0000, 0x0000, 0x0000,
    0x0000, 0x0000, 0x0000, 0x0000, 0x0000, 0x0000, 0x0000, 0x0000, 0x0000, 0x0000, 0x0000, 0x0000,
    0x0000, 0x0000, 0x0000, 0x0000, 0x0000, 0x0000, 0x0000, 0x0000, 0x0000, 0x0000, 0x0000, 0x0000,
    0x0000, 0x0000, 0x0000, 0x0000, 0x0000, 0x0000, 0x0000, 0x0000, 0x0000, 0x0000, 0x0000, 0x0000,
    0x0000, 0x0000, 0x0000, 0x0000, 0x0000, 0x0000, 0x0000, 0x0000, 0x0000, 0x0000, 0x0000, 0x0000,
    0x0000, 0x0000, 0x0000, 0x0000, 0x0000, 0x0000, 0x0000, 0x0000, 0x0000, 0x0000, 0x0000, 0x0000,
    0x0000, 0x0000, 0x0000, 0x0000, 0x0000, 0x0000, 0x0000, 0x0000, 0x0000, 0x0000, 0x0000, 0x0000,
    0x0000, 0x0000, 0x0000, 0x0000, 0x0000, 0x0000, 0x0000, 0x0000, 0x0000, 0x0000, 0x0000, 0x0000,
    0x0000, 0x0000, 0x0000, 0x0000, 0x0000, 0x0000, 0x0000, 0x0000, 0x0000, 0x0000, 0x0000, 0x0000,
    0x0000, 0x0000, 0x0000, 0x0000, 0x0000, 0x0000, 0x0000, 0x0000, 0x0000, 0x0000, 0x0000, 0x0000,
    0x0000, 0x0000, 0x0000, 0x0000, 0x0000, 0x0000, 0x0000, 0x0000, 0x0000, 0x0000, 0x0000, 0x0000,
    0x0000, 0x0000, 0x0000, 0x0000, 0x0000, 0x0000, 0x0000, 0x0000, 0x0000, 0x0000, 0x0000, 0x0000,
    0x0000, 0x0000, 0x0000, 0x0000, 0x0000, 0x0000, 0x0000, 0x0000, 0x0000, 0x0000, 0x0000, 0x0000,
    0x0000, 0x0000, 0x0000, 0x0000, 0x0000, 0x0000, 0x0000, 0x0000, 0x0000, 0x0000, 0x0000, 0x0000,
    0x0000, 0x0000, 0x0000, 0x0000, 0x0000, 0x0000, 0x0000, 0x0000, 0x0000, 0x0000, 0x0000, 0x0000,
    0x0000, 0x0000, 0x0000, 0x0000, 0x0000, 0x0000, 0x0000, 0x0000, 0x0000, 0x0000, 0x0000, 0x0000,
    0x0000, 0x0000, 0x0000, 0x0000, 0x0000, 0x0000, 0x0000, 0x0000, 0x0000, 0x0000, 0x0000, 0x0000,
    0x0000, 0x0000, 0x0000, 0x0000, 0x0000, 0x0000, 0x0000, 0x0000, 0x0000, 0x0000, 0x0000, 0x0000,
    0x0000, 0x0000, 0x0000, 0x0000, 0x0000, 0x0000, 0x0000, 0x0000, 0x0000, 0x0000, 0x0000, 0x0000,
    0x0000, 0x0000, 0x0000, 0x0000, 0x0000, 0x0000, 0x0000, 0x0000, 0x0000, 0x0000, 0x0000, 0x0000,
    0x0000, 0x0000, 0x0000, 0x0000, 0x0000, 0x0000, 0x0000, 0x0000, 0x0000, 0x0000, 0x0000, 0x0000,
    0x0000, 0x0000, 0x0000, 0x0000, 0x0000, 0x0000, 0x0000, 0x0000, 0x0000, 0x0000, 0x0000, 0x0000,
    0x0000, 0x0000, 0x0000, 0x0000, 0x0000, 0x0000, 0x0000, 0x0000, 0x0000, 0x0000, 0x0000, 0x0000,
    0x0000, 0x0000, 0x0000, 0x0000, 0x0000, 0x0000, 0x0000, 0x0000, 0x0000, 0x0000, 0x0000, 0x0000,
    0x0000, 0x0000, 0x0000, 0x0000, 0x0000, 0x0000, 0x0000, 0x0000, 0x0000, 0x0000, 0x0000, 0x0000,
    0x0000, 0x0000, 0x0000, 0x0000, 0x0000, 0x0000, 0x0000, 0x0000, 0x0000, 0x0000, 0x0000, 0x0000,
    0x0000, 0x0000, 0x0000, 0x0000, 0x0000, 0x0000, 0x0000, 0x0000, 0x0000, 0x0000, 0x0000, 0x0000,
    0x0000, 0x0000, 0x0000, 0x0000, 0x0000, 0x0000, 0x0000, 0x0000, 0x0000, 0x0000, 0x0000, 0x0000,
    0x0000, 0x0000, 0x0000, 0x0000, 0x0000, 0x0000, 0x0000, 0x0000, 0x0000, 0x0000, 0x0000, 0x0000,
    0x0000, 0x0000, 0x0000, 0x0000, 0x0000, 0x0000, 0x0000, 0x0000, 0x0000, 0x0000, 0x0000, 0x0000,
    0x0000, 0x0000, 0x0000, 0x0000, 0x0000, 0x0000, 0x0000, 0x0000, 0x0000, 0x0000, 0x0000, 0x0000,
    0x0000, 0x0000, 0x0000, 0x0000, 0x0000, 0x0000, 0x0000, 0x0000, 0x0000, 0x0000, 0x0000, 0x0000,
    0x0000, 0x0000, 0x0000, 0x0000, 0x0000, 0x0000, 0x0000, 0x0000, 0x0000, 0x0000, 0x0000, 0x0000,
    0x0000, 0x0000, 0x0000, 0x0000, 0x0000, 0x0000, 0x0000, 0x0000, 0x0000, 0x0000, 0x0000, 0x0000,
    0x0000, 0x0000, 0x0000, 0x0000, 0x0000, 0x0000, 0x0000, 0x0000, 0x0000, 0x0000, 0x0000, 0x0000,
    0x0000, 0x0000, 0x0000, 0x0000, 0x0000, 0x0000, 0x0000, 0x0000, 0x0000, 0x0000, 0x0000, 0x0000,
    0x0000, 0x0000, 0x0000, 0x0000, 0x0000, 0x0000, 0x0000, 0x0000, 0x0000, 0x0000, 0x0000, 0x0000,
    0x0000, 0x0000, 0x0000, 0x0000, 0x0000, 0x0000, 0x0000, 0x0000, 0x0000, 0x0000, 0x0000, 0x0000,
    0x0000, 0x0000, 0x0000, 0x0000, 0x0000, 0x0000, 0x0000, 0x0000, 0x0000, 0x0000, 0x0000, 0x0000,
    0x0000, 0x0000, 0x0000, 0x0000, 0x0000, 0x0000, 0x0000, 0x0000, 0x0000, 0x0000, 0x0000, 0x0000,
    0x0000, 0x0000, 0x0000, 0x0000, 0x0000, 0x0000, 0x0000, 0x0000, 0x0000, 0x0000, 0x0000, 0x0000,
    0x0000, 0x0000, 0x0000, 0x0000, 0x0000, 0x0000, 0x0000, 0x0000, 0x0000, 0x0000, 0x0000, 0x0000,
    0x0000, 0x0000, 0x0000, 0x0000, 0x0000, 0x0000, 0x0000, 0x0000, 0x0000, 0x0000, 0x0000, 0x0000,
    0x0000, 0x0000, 0x0000, 0x0000, 0x0000, 0x0000, 0x0000, 0x0000, 0x0000, 0x0000, 0x0000, 0x0000,
    0x0000, 0x0000, 0x0000, 0x0000, 0x0000, 0x0000, 0x0000, 0x0000, 0x0000, 0x0000, 0x0000, 0x0000,
    0x0000, 0x0000, 0x0000, 0x0000, 0x0000, 0x0000, 0x0000, 0x0000, 0x0000, 0x0000, 0x0000, 0x0000,
    0x0000, 0x0000, 0x0000, 0x0000, 0x0000, 0x0000, 0x0000, 0x0000, 0x0000, 0x0000, 0x0000, 0x0000,
    0x0000, 0x0000, 0x0000, 0x0000, 0x0000, 0x0000, 0x0000, 0x0000, 0x0000, 0x0000, 0x0000, 0x0000,
    0x0000, 0x0000, 0x0000, 0x0000, 0x0000, 0x0000, 0x0000, 0x0000, 0x0000, 0x0000, 0x0000, 0x0000,
    0x0000, 0x0000, 0x0000, 0x0000, 0x0000, 0x0000, 0x0000, 0x0000, 0x0000, 0x0000, 0x0000, 0x0000,
    0x0000, 0x0000, 0x0000, 0x0000, 0x0000, 0x0000, 0x0000, 0x0000, 0x0000, 0x0000, 0x0000, 0x0000,
    0x0000, 0x0000, 0x0000, 0x0000, 0x0000, 0x0000, 0x0000, 0x0000, 0x0000, 0x0000, 0x0000, 0x0000,
    0x0000, 0x0000, 0x0000, 0x0000, 0x0000, 0x0000, 0x0000, 0x0000, 0x0000, 0x0000, 0x0000, 0x0000,
    0x0000, 0x0000, 0x0000, 0x0000, 0x0000, 0x0000, 0x0000, 0x0000, 0x0000, 0x0000, 0x0000, 0x0000,
    0x0000, 0x0000, 0x0000, 0x0000, 0x0000, 0x0000, 0x0000, 0x0000, 0x0000, 0x0000, 0x0000, 0x0000,
    0x0000, 0x0000, 0x0000, 0x0000, 0x0000, 0x0000, 0x0000, 0x0000, 0x0000, 0x0000, 0x0000, 0x0000,
    0x0000, 0x0000, 0x0000, 0x0000, 0x0000, 0x0000, 0x0000, 0x0000, 0x0000, 0x0000, 0x0000, 0x0000,
    0x0000, 0x0000, 0x0000, 0x0000, 0x0000, 0x0000, 0x0000, 0x0000, 0x0000, 0x0000, 0x0000, 0x0000,
    0x0000, 0x0000, 0x0000, 0x0000, 0x0000, 0x0000, 0x0000, 0x0000, 0x0000, 0x0000, 0x0000, 0x0000,
    0x0000, 0x0000, 0x0000, 0x0000, 0x0000, 0x0000, 0x0000, 0x0000, 0x0000, 0x0000, 0x0000, 0x0000,
    0x0000, 0x0000, 0x0000, 0x0000, 0x0000, 0x0000, 0x0000, 0x0000, 0x0000, 0x0000, 0x0000, 0x0000,
    0x0000, 0x0000, 0x0000, 0x0000, 0x0000, 0x0000, 0x0000, 0x0000, 0x0000, 0x0000, 0x0000, 0x0000,
    0x0000, 0x0000, 0x0000, 0x0000, 0x0000, 0x0000, 0x0000, 0x0000, 0x0000, 0x0000, 0x0000, 0x0000,
    0x0000, 0x0000, 0x0000, 0x0000, 0x0000, 0x0000, 0x0000, 0x0000, 0x0000, 0x0000, 0x0000, 0x0000,
    0x0000, 0x0000, 0x0000, 0x0000, 0x0000, 0x0000, 0x0000, 0x0000, 0x0000, 0x0000, 0x0000, 0x0000,
    0x0000, 0x0000, 0x0000, 0x0000, 0x0000, 0x0000, 0x0000, 0x0000, 0x0000, 0x0000, 0x0000, 0x0000,
    0x0000, 0x0000, 0x0000, 0x0000, 0x0000, 0x0000, 0x0000, 0x0000, 0x0000, 0x0000, 0x0000, 0x0000,
    0x0000, 0x0000, 0x0000, 0x0000, 0x0000, 0x0000, 0x0000, 0x0000, 0x0000, 0x0000, 0x0000, 0x0000,
    0x0000, 0x0000, 0x0000, 0x0000, 0x0000, 0x0000, 0x0000, 0x0000, 0x0000, 0x0000, 0x0000, 0x0000,
    0x0000, 0x0000, 0x0000, 0x0000, 0x0000, 0x0000, 0x0000, 0x0000, 0x0000, 0x0000, 0x0000, 0x0000,
    0x0000, 0x0000, 0x0000, 0x0000, 0x0000, 0x0000, 0x0000, 0x0000, 0x0000, 0x0000, 0x0000, 0x0000,
    0x0000, 0x0000, 0x0000, 0x0000, 0x0000, 0x0000, 0x0000, 0x0000, 0x0000, 0x0000, 0x0000, 0x0000,
    0x0000, 0x0000, 0x0000, 0x0000, 0x0000, 0x0000, 0x0000, 0x0000, 0x0000, 0x0000, 0x0000, 0x0000,
    0x0000, 0x0000, 0x0000, 0x0000, 0x0000, 0x0000, 0x0000, 0x0000, 0x0000, 0x0000, 0x0000, 0x0000,
    0x0000, 0x0000, 0x0000, 0x0000, 0x0000, 0x0000, 0x0000, 0x0000, 0x0000, 0x0000, 0x0000, 0x0000,
    0x0000, 0x0000, 0x0000, 0x0000, 0x0000, 0x0000, 0x0000, 0x0000, 0x0000, 0x0000, 0x0000, 0x0000,
    0x0000, 0x0000, 0x0000, 0x0000, 0x0000, 0x0000, 0x0000, 0x0000, 0x0000, 0x0000, 0x0000, 0x0000,
    0x0000, 0x0000, 0x0000, 0x0000, 0x0000, 0x0000, 0x0000, 0x0000, 0x0000, 0x0000, 0x0000, 0x0000,
    0x0000, 0x0000, 0x0000, 0x0000, 0x0000, 0x0000, 0x0000, 0x0000, 0x0000, 0x0000, 0x0000, 0x0000,
    0x0000, 0x0000, 0x0000, 0x0000, 0x0000, 0x0000, 0x0000, 0x0000, 0x0000, 0x0000, 0x0000, 0x0000,
    0x0000, 0x0000, 0x0000, 0x0000, 0x0000, 0x0000, 0x0000, 0x0000, 0x0000, 0x0000, 0x0000, 0x0000,
    0x0000, 0x0000, 0x0000, 0x0000, 0x0000, 0x0000, 0x0000, 0x0000, 0x0000, 0x0000, 0x0000, 0x0000,
    0x0000, 0x0000, 0x0000, 0x0000, 0x0000, 0x0000, 0x0000, 0x0000, 0x0000, 0x0000, 0x0000, 0x0000,
    0x0000, 0x0000, 0x0000, 0x0000, 0x0000, 0x0000, 0x0000, 0x0000, 0x0000, 0x0000, 0x0000, 0x0000,
    0x0000, 0x0000, 0x0000, 0x0000, 0x0000, 0x0000, 0x0000, 0x0000, 0x0000, 0x0000, 0x0000, 0x0000,
    0x0000, 0x0000, 0x0000, 0x0000, 0x0000, 0x0000, 0x0000, 0x0000, 0x0000, 0x0000, 0x0000, 0x0000,
    0x0000, 0x0000, 0x0000, 0x0000, 0x0000, 0x0000, 0x0000, 0x0000, 0x0000, 0x0000, 0x0000, 0x0000,
    0x0000, 0x0000, 0x0000, 0x0000, 0x0000, 0x0000, 0x0000, 0x0000, 0x0000, 0x0000, 0x0000, 0x0000,
    0x0000, 0x0000, 0x0000, 0x0000, 0x0000, 0x0000, 0x0000, 0x0000, 0x0000, 0x0000, 0x0000, 0x0000,
    0x0000, 0x0000, 0x0000, 0x0000, 0x0000, 0x0000, 0x0000, 0x0000, 0x0000, 0x0000, 0x0000, 0x0000,
    0x0000, 0x0000, 0x0000, 0x0000, 0x0000, 0x0000, 0x0000, 0x0000, 0x0000, 0x0000, 0x0000, 0x0000,
    0x0000, 0x0000, 0x0000, 0x0000, 0x0000, 0x0000, 0x0000, 0x0000, 0x0000, 0x0000, 0x0000, 0x0000,
    0x0000, 0x0000, 0x0000, 0x0000, 0x0000, 0x0000, 0x0000, 0x0000, 0x0000, 0x0000, 0x0000, 0x0000,
    0x0000, 0x0000, 0x0000, 0x0000, 0x0000, 0x0000, 0x0000, 0x0000, 0x0000, 0x0000, 0x0000, 0x0000,
    0x0000, 0x0000, 0x0000, 0x0000, 0x0000, 0x0000, 0x0000, 0x0000, 0x0000, 0x0000, 0x0000, 0x0000,
    0x0000, 0x0000, 0x0000, 0x0000, 0x0000, 0x0000, 0x0000, 0x0000, 0x0000, 0x0000, 0x0000, 0x0000,
    0x0000, 0x0000, 0x0000, 0x0000, 0x0000, 0x0000, 0x0000, 0x0000, 0x0000, 0x0000, 0x0000, 0x0000,
    0x0000, 0x0000, 0x0000, 0x0000, 0x0000, 0x0000, 0x0000, 0x0000, 0x0000, 0x0000, 0x0000, 0x0000,
    0x0000, 0x0000, 0x0000, 0x0000, 0x0000, 0x0000, 0x0000, 0x0000, 0x0000, 0x0000, 0x0000, 0x0000,
    0x0000, 0x0000, 0x0000, 0x0000, 0x0000, 0x0000, 0x0000, 0x0000, 0x0000, 0x0000, 0x0000, 0x0000,
    0x0000, 0x0000, 0x0000, 0x0000, 0x0000, 0x0000, 0x0000, 0x0000, 0x0000, 0x0000, 0x0000, 0x0000,
    0x0000, 0x0000, 0x0000, 0x0000, 0x0000, 0x0000, 0x0000, 0x0000, 0x0000, 0x0000, 0x0000, 0x0000,
    0x0000, 0x0000, 0x0000, 0x0000, 0x0000, 0x0000, 0x0000, 0x0000, 0x0000, 0x0000, 0x0000, 0x0000,
    0x0000, 0x0000, 0x0000, 0x0000, 0x0000, 0x0000, 0x0000, 0x0000, 0x0000, 0x0000, 0x0000, 0x0000,
    0x0000, 0x0000, 0x0000, 0x0000, 0x0000, 0x0000, 0x0000, 0x0000, 0x0000, 0x0000, 0x0000, 0x0000,
    0x0000, 0x0000, 0x0000, 0x0000, 0x0000, 0x0000, 0x0000, 0x0000, 0x0000, 0x0000, 0x0000, 0x0000,
    0x0000, 0x0000, 0x0000, 0x0000, 0x0000, 0x0000, 0x0000, 0x0000, 0x0000, 0x0000, 0x0000, 0x0000,
    0x0000, 0x0000, 0x0000, 0x0000, 0x0000, 0x0000, 0x0000, 0x0000, 0x0000, 0x0000, 0x0000, 0x0000,
    0x0000, 0x0000, 0x0000, 0x0000, 0x0000, 0x0000, 0x0000, 0x0000, 0x0000, 0x0000, 0x0000, 0x0000,
    0x0000, 0x0000, 0x0000, 0x0000, 0x0000, 0x0000, 0x0000, 0x0000, 0x0000, 0x0000, 0x0000, 0x0000,
    0x0000, 0x0000, 0x0000, 0x0000, 0x0000, 0x0000, 0x0000, 0x0000, 0x0000, 0x0000, 0x0000, 0x0000,
    0x0000, 0x0000, 0x0000, 0x0000, 0x0000, 0x0000, 0x0000, 0x0000, 0x0000, 0x0000, 0x0000, 0x0000,
    0x0000, 0x0000, 0x0000, 0x0000, 0x0000, 0x0000, 0x0000, 0x0000, 0x0000, 0x0000, 0x0000, 0x0000,
    0x0000, 0x0000, 0x0000, 0x0000, 0x0000, 0x0000, 0x0000, 0x0000, 0x0000, 0x0000, 0x0000, 0x0000,
    0x0000, 0x0000, 0x0000, 0x0000, 0x0000, 0x0000, 0x0000, 0x0000, 0x0000, 0x0000, 0x0000, 0x0000,
    0x0000, 0x0000, 0x0000, 0x0000, 0x0000, 0x0000, 0x0000, 0x0000, 0x0000, 0x0000, 0x0000, 0x0000,
    0x0000, 0x0000, 0x0000, 0x0000, 0x0000, 0x0000, 0x0000, 0x0000, 0x0000, 0x0000, 0x0000, 0x0000,
    0x0000, 0x0000, 0x0000, 0x0000, 0x0000, 0x0000, 0x0000, 0x0000, 0x0000, 0x0000, 0x0000, 0x0000,
    0x0000, 0x0000, 0x0000, 0x0000, 0x0000, 0x0000, 0x0000, 0x0000, 0x0000, 0x0000, 0x0000, 0x0000,
    0x0000, 0x0000, 0x0000, 0x0000, 0x0000, 0x0000, 0x0000, 0x0000, 0x0000, 0x0000, 0x0000, 0x0000,
    0x0000, 0x0000, 0x0000, 0x0000, 0x0000, 0x0000, 0x0000, 0x0000, 0x0000, 0x0000, 0x0000, 0x0000,
    0x0000, 0x0000, 0x0000, 0x0000, 0x0000, 0x0000, 0x0000, 0x0000, 0x0000, 0x0000, 0x0000, 0x0000,
    0x0000, 0x0000, 0x0000, 0x0000, 0x0000, 0x0000, 0x0000, 0x0000, 0x0000, 0x0000, 0x0000, 0x0000,
    0x0000, 0x0000, 0x0000, 0x0000, 0x0000, 0x0000, 0x0000, 0x0000, 0x0000, 0x0000, 0x0000, 0x0000,
    0x0000, 0x0000, 0x0000, 0x0000, 0x0000, 0x0000, 0x0000, 0x0000, 0x0000, 0x0000, 0x0000, 0x0000,
    0x0000, 0x0000, 0x0000, 0x0000, 0x0000, 0x0000, 0x0000, 0x0000, 0x0000, 0x0000, 0x0000, 0x0000,
    0x0000, 0x0000, 0x0000, 0x0000, 0x0000, 0x0000, 0x0000, 0x0000, 0x0000, 0x0000, 0x0000, 0x0000,
    0x0000, 0x0000, 0x0000, 0x0000, 0x0000, 0x0000, 0x0000, 0x0000, 0x0000, 0x0000, 0x0000, 0x0000,
    0x0000, 0x0000, 0x0000, 0x0000, 0x0000, 0x0000, 0x0000, 0x0000, 0x0000, 0x0000, 0x0000, 0x0000,
    0x0000, 0x0000, 0x0000, 0x0000, 0x0000, 0x0000, 0x0000, 0x0000, 0x0000, 0x0000, 0x0000, 0x0000,
    0x0000, 0x0000, 0x0000, 0x0000, 0x0000, 0x0000, 0x0000, 0x0000, 0x0000, 0x0000, 0x0000, 0x0000,
    0x0000, 0x0000, 0x0000, 0x0000, 0x0000, 0x0000, 0x0000, 0x0000, 0x0000, 0x0000, 0x0000, 0x0000,
    0x0000, 0x0000, 0x0000, 0x0000, 0x0000, 0x0000, 0x0000, 0x0000, 0x0000, 0x0000, 0x0000, 0x0000,
    0x0000, 0x0000, 0x0000, 0x0000, 0x0000, 0x0000, 0x0000, 0x0000, 0x0000, 0x0000, 0x0000, 0x0000,
    0x0000, 0x0000, 0x0000, 0x0000, 0x0000, 0x0000, 0x0000, 0x0000, 0x0000, 0x0000, 0x0000, 0x0000,
    0x0000, 0x0000, 0x0000, 0x0000, 0x0000, 0x0000, 0x0000, 0x0000, 0x0000, 0x0000, 0x0000, 0x0000,
    0x0000, 0x0000, 0x0000, 0x0000, 0x0000, 0x0000, 0x0000, 0x0000, 0x0000, 0x0000, 0x0000, 0x0000,
    0x0000, 0x0000, 0x0000, 0x0000, 0x0000, 0x0000, 0x0000, 0x0000, 0x0000, 0x0000, 0x0000, 0x0000,
    0x0000, 0x0000, 0x0000, 0x0000, 0x0000, 0x0000, 0x0000, 0x0000, 0x0000, 0x0000, 0x0000, 0x0000,
    0x0000, 0x0000, 0x0000, 0x0000, 0x0000, 0x0000, 0x0000, 0x0000, 0x0000, 0x0000, 0x0000, 0x0000,
    0x0000, 0x0000, 0x0000, 0x0000, 0x0000, 0x0000, 0x0000, 0x0000
}};

} // namespace maishuji::advanced_text_asset
