#pragma once

#include <array>
#include <cstdint>

namespace maishuji::terrain_asset {

inline constexpr std::uint16_t width = 256;
inline constexpr std::uint16_t height = 256;
inline constexpr std::array<std::uint8_t, 131088> bytes{
    0x50, 0x56, 0x52, 0x54, 0x10, 0x00, 0x02, 0x00, 0x02, 0x01, 0x00, 0x00, 0x00, 0x01, 0x00, 0x01,
    0x55, 0xf6, 0x55, 0xf6, 0x65, 0xf6, 0x65, 0xf6, 0x55, 0xf5, 0x43, 0xf4, 0x55, 0xf5, 0x43, 0xf5,
    0x42, 0xf5, 0x32, 0xf4, 0x43, 0xf6, 0x32, 0xf4, 0x22, 0xf3, 0x22, 0xf3, 0x21, 0xf3, 0x43, 0xf5,
    0x43, 0xf4, 0x65, 0xf6, 0x32, 0xf4, 0x43, 0xf5, 0x54, 0xf5, 0x22, 0xf3, 0x32, 0xf3, 0x32, 0xf4,
    0x22, 0xf3, 0x32, 0xf4, 0x42, 0xf5, 0x53, 0xf7, 0x42, 0xf5, 0x54, 0xf5, 0x63, 0xf7, 0x54, 0xf6,
    0x75, 0xf9, 0x43, 0xf5, 0x64, 0xf7, 0x42, 0xf5, 0x32, 0xf4, 0x54, 0xf6, 0x32, 0xf5, 0x43, 0xf5,
    0x43, 0xf5, 0x32, 0xf4, 0x32, 0xf4, 0x42, 0xf5, 0x53, 0xf6, 0x43, 0xf5, 0x64, 0xf7, 0x64, 0xf7,
    0x42, 0xf6, 0x53, 0xf6, 0x42, 0xf5, 0x32, 0xf4, 0x53, 0xf6, 0x75, 0xf8, 0x32, 0xf4, 0x65, 0xf7,
    0x43, 0xf6, 0x32, 0xf4, 0x54, 0xf7, 0x64, 0xf7, 0x43, 0xf4, 0x32, 0xf4, 0x54, 0xf7, 0x21, 0xf3,
    0x42, 0xf5, 0x64, 0xf7, 0x64, 0xf7, 0x64, 0xf7, 0x65, 0xf7, 0x32, 0xf5, 0x65, 0xf7, 0x54, 0xf6,
    0x54, 0xf5, 0x65, 0xf7, 0x54, 0xf6, 0x54, 0xf6, 0x54, 0xf5, 0x54, 0xf6, 0x54, 0xf6, 0x54, 0xf5,
    0x43, 0xf5, 0x54, 0xf6, 0x32, 0xf4, 0x43, 0xf5, 0x54, 0xf5, 0x32, 0xf3, 0x54, 0xf5, 0x43, 0xf4,
    0x32, 0xf4, 0x21, 0xf3, 0x21, 0xf3, 0x21, 0xf3, 0x33, 0xf4, 0x33, 0xf4, 0x32, 0xf3, 0x32, 0xf3,
    0x54, 0xf6, 0x44, 0xf5, 0x43, 0xf5, 0x44, 0xf5, 0x54, 0xf6, 0x21, 0xf3, 0x43, 0xf5, 0x22, 0xf3,
    0x32, 0xf3, 0x44, 0xf5, 0x21, 0xf3, 0x32, 0xf4, 0x43, 0xf5, 0x22, 0xf3, 0x21, 0xf3, 0x22, 0xf3,
    0x21, 0xf2, 0x32, 0xf4, 0x21, 0xf3, 0x32, 0xf4, 0x32, 0xf4, 0x32, 0xf4, 0x43, 0xf5, 0x65, 0xf8,
    0x31, 0xf4, 0x42, 0xf5, 0x32, 0xf5, 0x32, 0xf4, 0x54, 0xf6, 0x65, 0xf8, 0x54, 0xf6, 0x54, 0xf6,
    0x42, 0xf5, 0x64, 0xf7, 0x32, 0xf5, 0x65, 0xf7, 0x54, 0xf6, 0x43, 0xf5, 0x53, 0xf5, 0x53, 0xf6,
    0x31, 0xf4, 0x32, 0xf4, 0x32, 0xf4, 0x32, 0xf4, 0x43, 0xf5, 0x54, 0xf6, 0x43, 0xf5, 0x43, 0xf5,
    0x54, 0xf6, 0x75, 0xf8, 0x54, 0xf6, 0x65, 0xf7, 0x54, 0xf7, 0x21, 0xf3, 0x65, 0xf7, 0x21, 0xf3,
    0x54, 0xf6, 0x43, 0xf5, 0x43, 0xf5, 0x31, 0xf3, 0x32, 0xf4, 0x32, 0xf4, 0x54, 0xf6, 0x53, 0xf6,
    0x21, 0xf3, 0x32, 0xf4, 0x21, 0xf2, 0x21, 0xf3, 0x43, 0xf6, 0x31, 0xf3, 0x53, 0xf6, 0x54, 0xf7,
    0x21, 0xf2, 0x21, 0xf2, 0x21, 0xf2, 0x21, 0xf2, 0x32, 0xf3, 0x32, 0xf4, 0x32, 0xf4, 0x43, 0xf5,
    0x31, 0xf4, 0x42, 0xf5, 0x75, 0xf9, 0x43, 0xf6, 0x42, 0xf5, 0x53, 0xf6, 0x42, 0xf6, 0x53, 0xf7,
    0x53, 0xf6, 0x64, 0xf8, 0x31, 0xf3, 0x42, 0xf5, 0x86, 0xf9, 0x64, 0xf7, 0x64, 0xf7, 0x53, 0xf6,
    0x43, 0xf5, 0x54, 0xf6, 0x32, 0xf4, 0x42, 0xf5, 0x32, 0xf4, 0x32, 0xf4, 0x32, 0xf5, 0x43, 0xf5,
    0x21, 0xf3, 0x32, 0xf5, 0x43, 0xf6, 0x64, 0xf7, 0x42, 0xf5, 0x53, 0xf6, 0x43, 0xf6, 0x53, 0xf6,
    0x32, 0xf4, 0x42, 0xf5, 0x64, 0xf7, 0x76, 0xf9, 0x42, 0xf5, 0x32, 0xf5, 0x42, 0xf5, 0x31, 0xf4,
    0x64, 0xf7, 0x54, 0xf7, 0x53, 0xf7, 0x53, 0xf6, 0x42, 0xf5, 0x31, 0xf4, 0x53, 0xf7, 0x31, 0xf4,
    0x53, 0xf7, 0x64, 0xf7, 0x53, 0xf6, 0x54, 0xf7, 0x42, 0xf5, 0x53, 0xf7, 0x53, 0xf6, 0x53, 0xf6,
    0x53, 0xf7, 0x54, 0xf7, 0x53, 0xf6, 0x64, 0xf7, 0x43, 0xf6, 0x53, 0xf6, 0x53, 0xf7, 0x53, 0xf6,
    0x64, 0xf7, 0x53, 0xf6, 0x53, 0xf6, 0x64, 0xf7, 0x54, 0xf7, 0x53, 0xf6, 0x64, 0xf7, 0x42, 0xf5,
    0x54, 0xf7, 0x65, 0xf7, 0x53, 0xf6, 0x54, 0xf7, 0x43, 0xf5, 0x21, 0xf3, 0x64, 0xf7, 0x53, 0xf6,
    0x43, 0xf4, 0x54, 0xf6, 0x32, 0xf4, 0x43, 0xf5, 0x42, 0xf5, 0x32, 0xf4, 0x43, 0xf5, 0x32, 0xf4,
    0x32, 0xf4, 0x32, 0xf4, 0x32, 0xf4, 0x32, 0xf4, 0x43, 0xf5, 0x32, 0xf5, 0x32, 0xf5, 0x43, 0xf6,
    0x43, 0xf5, 0x43, 0xf5, 0x32, 0xf4, 0x54, 0xf7, 0x64, 0xf7, 0x43, 0xf5, 0x75, 0xf9, 0x42, 0xf6,
    0x53, 0xf7, 0x75, 0xf8, 0x43, 0xf6, 0x54, 0xf7, 0x76, 0xf9, 0x64, 0xf8, 0x75, 0xf8, 0x86, 0xf9,
    0x42, 0xf5, 0x42, 0xf5, 0x64, 0xf8, 0x42, 0xf5, 0x54, 0xf6, 0x76, 0xf9, 0x65, 0xf8, 0x75, 0xf9,
    0x75, 0xf8, 0x21, 0xf3, 0x75, 0xf8, 0x32, 0xf4, 0x43, 0xf5, 0x75, 0xf8, 0x43, 0xf5, 0x53, 0xf6,
    0x64, 0xf7, 0x53, 0xf7, 0x64, 0xf8, 0x64, 0xf7, 0x75, 0xf8, 0x64, 0xf7, 0x65, 0xf8, 0x42, 0xf5,
    0x65, 0xf8, 0x75, 0xf8, 0x53, 0xf6, 0x76, 0xf9, 0x64, 0xf8, 0x64, 0xf8, 0x64, 0xf8, 0x75, 0xf8,
    0x42, 0xf5, 0x43, 0xf5, 0x52, 0xf6, 0x32, 0xf4, 0x43, 0xf5, 0x42, 0xf5, 0x43, 0xf4, 0x42, 0xf5,
    0x64, 0xf8, 0x43, 0xf6, 0x86, 0xf9, 0x54, 0xf7, 0x32, 0xf4, 0x42, 0xf5, 0x21, 0xf4, 0x42, 0xf5,
    0x32, 0xf5, 0x43, 0xf5, 0x21, 0xf3, 0x33, 0xf4, 0x43, 0xf4, 0x43, 0xf4, 0x44, 0xf4, 0x43, 0xf4,
    0x42, 0xf5, 0x43, 0xf4, 0x32, 0xf5, 0x55, 0xf6, 0x44, 0xf5, 0x43, 0xf4, 0x44, 0xf5, 0x43, 0xf4,
    0x53, 0xf6, 0x31, 0xf4, 0x42, 0xf6, 0x42, 0xf5, 0x21, 0xf3, 0x43, 0xf6, 0x21, 0xf3, 0x42, 0xf6,
    0x64, 0xf8, 0x42, 0xf5, 0x65, 0xf8, 0x21, 0xf3, 0x31, 0xf4, 0x42, 0xf5, 0x32, 0xf5, 0x42, 0xf5,
    0x75, 0xf8, 0x54, 0xf6, 0x74, 0xf8, 0x32, 0xf4, 0x43, 0xf4, 0x54, 0xf5, 0x32, 0xf4, 0x54, 0xf5,
    0x42, 0xf5, 0x64, 0xf7, 0x32, 0xf4, 0x64, 0xf7, 0x43, 0xf5, 0x43, 0xf5, 0x53, 0xf6, 0x43, 0xf5,
    0x75, 0xf8, 0x54, 0xf6, 0x43, 0xf6, 0x42, 0xf5, 0x54, 0xf6, 0x32, 0xf5, 0x32, 0xf4, 0x32, 0xf5,
    0x21, 0xf3, 0x21, 0xf3, 0x31, 0xf4, 0x32, 0xf4, 0x43, 0xf5, 0x42, 0xf5, 0x43, 0xf5, 0x43, 0xf6,
    0x42, 0xf6, 0x64, 0xf8, 0x42, 0xf5, 0x42, 0xf6, 0x64, 0xf7, 0x43, 0xf6, 0x32, 0xf4, 0x21, 0xf3,
    0x43, 0xf6, 0x43, 0xf5, 0x43, 0xf5, 0x43, 0xf6, 0x64, 0xf7, 0x43, 0xf5, 0x65, 0xf8, 0x43, 0xf6,
    0x42, 0xf5, 0x32, 0xf4, 0x32, 0xf5, 0x21, 0xf3, 0x43, 0xf5, 0x54, 0xf6, 0x32, 0xf4, 0x53, 0xf6,
    0x21, 0xf4, 0x32, 0xf4, 0x31, 0xf4, 0x32, 0xf4, 0x32, 0xf4, 0x32, 0xf4, 0x32, 0xf4, 0x32, 0xf4,
    0x43, 0xf5, 0x42, 0xf5, 0x43, 0xf5, 0x31, 0xf4, 0x54, 0xf6, 0x53, 0xf6, 0x43, 0xf5, 0x53, 0xf6,
    0x42, 0xf5, 0x42, 0xf5, 0x32, 0xf4, 0x32, 0xf4, 0x43, 0xf5, 0x54, 0xf6, 0x42, 0xf5, 0x32, 0xf4,
    0x43, 0xf6, 0x21, 0xf4, 0x32, 0xf5, 0x43, 0xf6, 0x32, 0xf5, 0x42, 0xf5, 0x32, 0xf4, 0x54, 0xf6,
    0x53, 0xf6, 0x75, 0xf8, 0x32, 0xf4, 0x54, 0xf7, 0x42, 0xf5, 0x43, 0xf5, 0x43, 0xf5, 0x32, 0xf4,
    0x43, 0xf5, 0x42, 0xf5, 0x65, 0xf7, 0x32, 0xf5, 0x42, 0xf5, 0x32, 0xf4, 0x32, 0xf4, 0x21, 0xf3,
    0x43, 0xf6, 0x31, 0xf5, 0x42, 0xf6, 0x32, 0xf4, 0x31, 0xf4, 0x22, 0xf3, 0x22, 0xf3, 0x32, 0xf4,
    0x21, 0xf3, 0x32, 0xf4, 0x32, 0xf4, 0x42, 0xf5, 0x32, 0xf4, 0x32, 0xf4, 0x43, 0xf5, 0x32, 0xf4,
    0x32, 0xf5, 0x32, 0xf4, 0x32, 0xf5, 0x53, 0xf6, 0x53, 0xf6, 0x53, 0xf6, 0x53, 0xf7, 0x53, 0xf6,
    0x43, 0xf6, 0x22, 0xf3, 0x32, 0xf5, 0x53, 0xf6, 0x32, 0xf4, 0x54, 0xf5, 0x43, 0xf6, 0x32, 0xf4,
    0x53, 0xf6, 0x75, 0xf9, 0x54, 0xf6, 0x65, 0xf8, 0x53, 0xf6, 0x42, 0xf5, 0x43, 0xf5, 0x32, 0xf5,
    0x21, 0xf2, 0x32, 0xf4, 0x21, 0xf3, 0x32, 0xf4, 0x32, 0xf4, 0x43, 0xf5, 0x32, 0xf4, 0x21, 0xf3,
    0x54, 0xf6, 0x43, 0xf5, 0x76, 0xf8, 0x65, 0xf7, 0x32, 0xf4, 0x32, 0xf4, 0x43, 0xf5, 0x32, 0xf4,
    0x22, 0xf3, 0x21, 0xf4, 0x21, 0xf2, 0x21, 0xf3, 0x53, 0xf6, 0x53, 0xf6, 0x43, 0xf6, 0x64, 0xf7,
    0x22, 0xf3, 0x32, 0xf4, 0x32, 0xf4, 0x32, 0xf4, 0x32, 0xf4, 0x43, 0xf6, 0x21, 0xf3, 0x21, 0xf3,
    0x65, 0xf7, 0x65, 0xf7, 0x76, 0xf8, 0x86, 0xf9, 0x76, 0xf8, 0x54, 0xf6, 0x76, 0xf8, 0x64, 0xf6,
    0x65, 0xf7, 0x86, 0xf8, 0x54, 0xf5, 0x65, 0xf7, 0x65, 0xf7, 0x54, 0xf6, 0x65, 0xf7, 0x64, 0xf7,
    0x54, 0xf5, 0x32, 0xf3, 0x65, 0xf7, 0x43, 0xf4, 0x21, 0xf3, 0x32, 0xf4, 0x21, 0xf2, 0x21, 0xf3,
    0x54, 0xf6, 0x54, 0xf6, 0x54, 0xf6, 0x54, 0xf6, 0x54, 0xf6, 0x31, 0xf4, 0x76, 0xf8, 0x42, 0xf5,
    0x54, 0xf7, 0x64, 0xf7, 0x54, 0xf7, 0x53, 0xf7, 0x53, 0xf6, 0x53, 0xf7, 0x53, 0xf6, 0x64, 0xf7,
    0x54, 0xf7, 0x53, 0xf7, 0x32, 0xf4, 0x53, 0xf6, 0x64, 0xf7, 0x53, 0xf7, 0x53, 0xf7, 0x53, 0xf7,
    0x53, 0xf7, 0x64, 0xf7, 0x65, 0xf8, 0x65, 0xf8, 0x64, 0xf8, 0x64, 0xf7, 0x64, 0xf7, 0x64, 0xf8,
    0x65, 0xf8, 0x64, 0xf8, 0x75, 0xf8, 0x64, 0xf8, 0x65, 0xf8, 0x75, 0xf8, 0x64, 0xf7, 0x53, 0xf6,
    0x31, 0xf4, 0x32, 0xf4, 0x32, 0xf4, 0x32, 0xf4, 0x42, 0xf5, 0x42, 0xf5, 0x42, 0xf5, 0x31, 0xf4,
    0x32, 0xf4, 0x32, 0xf4, 0x43, 0xf5, 0x32, 0xf4, 0x53, 0xf6, 0x42, 0xf5, 0x42, 0xf5, 0x54, 0xf6,
    0x42, 0xf5, 0x53, 0xf6, 0x21, 0xf3, 0x42, 0xf5, 0x43, 0xf6, 0x31, 0xf4, 0x53, 0xf7, 0x42, 0xf6,
    0x42, 0xf5, 0x53, 0xf6, 0x54, 0xf7, 0x64, 0xf7, 0x53, 0xf7, 0x64, 0xf8, 0x42, 0xf6, 0x53, 0xf7,
    0x54, 0xf6, 0x54, 0xf6, 0x54, 0xf6, 0x54, 0xf6, 0x64, 0xf6, 0x65, 0xf7, 0x64, 0xf7, 0x65, 0xf7,
    0x64, 0xf7, 0x53, 0xf6, 0x76, 0xf8, 0x64, 0xf7, 0x64, 0xf7, 0x65, 0xf7, 0x65, 0xf7, 0x65, 0xf7,
    0x65, 0xf7, 0x64, 0xf7, 0x75, 0xf8, 0x54, 0xf6, 0x64, 0xf7, 0x21, 0xf3, 0x42, 0xf5, 0x42, 0xf6,
    0x86, 0xf9, 0x54, 0xf6, 0x86, 0xf9, 0x65, 0xf7, 0x31, 0xf4, 0x53, 0xf7, 0x31, 0xf4, 0x64, 0xf8,
    0x76, 0xf8, 0x86, 0xf9, 0x76, 0xf8, 0x76, 0xf8, 0x65, 0xf7, 0x65, 0xf7, 0x75, 0xf7, 0x65, 0xf7,
    0x75, 0xf7, 0x75, 0xf8, 0x64, 0xf6, 0x76, 0xf8, 0x76, 0xf8, 0x64, 0xf6, 0x65, 0xf7, 0x43, 0xf5,
    0x76, 0xf8, 0x86, 0xf9, 0x86, 0xf9, 0x65, 0xf7, 0x32, 0xf4, 0x43, 0xf6, 0x22, 0xf3, 0x42, 0xf5,
    0x76, 0xf8, 0x54, 0xf6, 0x54, 0xf6, 0x43, 0xf4, 0x22, 0xf3, 0x32, 0xf4, 0x42, 0xf5, 0x53, 0xf6,
    0x21, 0xf3, 0x42, 0xf4, 0x42, 0xf5, 0x21, 0xf3, 0x43, 0xf5, 0x43, 0xf5, 0x42, 0xf6, 0x43, 0xf6,
    0x65, 0xf8, 0x42, 0xf5, 0x64, 0xf7, 0x43, 0xf6, 0x64, 0xf7, 0x64, 0xf7, 0x86, 0xf9, 0x53, 0xf6,
    0x65, 0xf7, 0x53, 0xf6, 0x65, 0xf7, 0x64, 0xf7, 0x42, 0xf5, 0x53, 0xf6, 0x54, 0xf7, 0x53, 0xf6,
    0x64, 0xf7, 0x43, 0xf5, 0x53, 0xf6, 0x43, 0xf5, 0x43, 0xf5, 0x53, 0xf6, 0x43, 0xf5, 0x53, 0xf6,
    0x53, 0xf7, 0x64, 0xf7, 0x53, 0xf7, 0x43, 0xf6, 0x64, 0xf7, 0x53, 0xf7, 0x32, 0xf4, 0x32, 0xf4,
    0x64, 0xf7, 0x32, 0xf5, 0x53, 0xf6, 0x32, 0xf4, 0x42, 0xf6, 0x42, 0xf5, 0x53, 0xf7, 0x42, 0xf6,
    0x42, 0xf5, 0x64, 0xf7, 0x43, 0xf5, 0x64, 0xf7, 0x64, 0xf7, 0x64, 0xf8, 0x64, 0xf7, 0x75, 0xf8,
    0x43, 0xf6, 0x65, 0xf7, 0x43, 0xf6, 0x64, 0xf7, 0x43, 0xf6, 0x53, 0xf6, 0x43, 0xf6, 0x42, 0xf6,
    0x42, 0xf5, 0x32, 0xf4, 0x43, 0xf6, 0x31, 0xf4, 0x32, 0xf4, 0x32, 0xf4, 0x32, 0xf4, 0x32, 0xf4,
    0x53, 0xf6, 0x31, 0xf4, 0x32, 0xf5, 0x43, 0xf6, 0x42, 0xf5, 0x32, 0xf4, 0x53, 0xf7, 0x43, 0xf5,
    0x32, 0xf4, 0x42, 0xf5, 0x32, 0xf4, 0x43, 0xf5, 0x42, 0xf5, 0x32, 0xf4, 0x32, 0xf4, 0x53, 0xf6,
    0x32, 0xf4, 0x53, 0xf6, 0x43, 0xf5, 0x54, 0xf6, 0x43, 0xf5, 0x43, 0xf5, 0x32, 0xf4, 0x32, 0xf4,
    0x43, 0xf6, 0x53, 0xf6, 0x53, 0xf6, 0x53, 0xf7, 0x32, 0xf4, 0x53, 0xf6, 0x32, 0xf4, 0x43, 0xf5,
    0x64, 0xf8, 0x53, 0xf6, 0x64, 0xf8, 0x32, 0xf5, 0x32, 0xf5, 0x32, 0xf5, 0x32, 0xf4, 0x32, 0xf4,
    0x53, 0xf7, 0x42, 0xf5, 0x43, 0xf6, 0x53, 0xf6, 0x32, 0xf4, 0x32, 0xf4, 0x43, 0xf6, 0x32, 0xf4,
    0x32, 0xf4, 0x64, 0xf8, 0x42, 0xf5, 0x53, 0xf6, 0x54, 0xf7, 0x43, 0xf5, 0x65, 0xf7, 0x65, 0xf7,
    0x53, 0xf6, 0x53, 0xf6, 0x64, 0xf7, 0x43, 0xf6, 0x53, 0xf6, 0x54, 0xf6, 0x54, 0xf6, 0x54, 0xf7,
    0x43, 0xf6, 0x43, 0xf5, 0x43, 0xf5, 0x43, 0xf6, 0x43, 0xf5, 0x53, 0xf6, 0x64, 0xf7, 0x43, 0xf6,
    0x43, 0xf5, 0x32, 0xf4, 0x32, 0xf5, 0x42, 0xf5, 0x32, 0xf4, 0x43, 0xf5, 0x42, 0xf5, 0x43, 0xf5,
    0x53, 0xf6, 0x43, 0xf6, 0x43, 0xf6, 0x42, 0xf5, 0x54, 0xf6, 0x65, 0xf7, 0x54, 0xf6, 0x54, 0xf6,
    0x43, 0xf5, 0x65, 0xf8, 0x32, 0xf4, 0x64, 0xf8, 0x75, 0xf8, 0x42, 0xf5, 0x54, 0xf7, 0x42, 0xf5,
    0x22, 0xf3, 0x43, 0xf5, 0x54, 0xf5, 0x75, 0xf8, 0x42, 0xf5, 0x32, 0xf4, 0x53, 0xf6, 0x32, 0xf4,
    0x53, 0xf6, 0x42, 0xf6, 0x42, 0xf6, 0x42, 0xf6, 0x54, 0xf6, 0x65, 0xf7, 0x54, 0xf6, 0x75, 0xf7,
    0x42, 0xf5, 0x32, 0xf4, 0x32, 0xf4, 0x32, 0xf4, 0x42, 0xf5, 0x54, 0xf6, 0x43, 0xf5, 0x32, 0xf4,
    0x43, 0xf5, 0x42, 0xf5, 0x43, 0xf5, 0x63, 0xf7, 0x43, 0xf5, 0x32, 0xf4, 0x42, 0xf5, 0x32, 0xf4,
    0x64, 0xf8, 0x53, 0xf7, 0x53, 0xf6, 0x53, 0xf6, 0x53, 0xf6, 0x32, 0xf5, 0x53, 0xf7, 0x52, 0xf7,
    0x43, 0xf5, 0x65, 0xf7, 0x54, 0xf6, 0x65, 0xf6, 0x55, 0xf6, 0x65, 0xf7, 0x54, 0xf5, 0x65, 0xf7,
    0x43, 0xf5, 0x65, 0xf6, 0x42, 0xf6, 0x54, 0xf6, 0x54, 0xf6, 0x54, 0xf6, 0x55, 0xf6, 0x64, 0xf6,
    0x64, 0xf7, 0x43, 0xf6, 0x75, 0xf8, 0x42, 0xf5, 0x53, 0xf6, 0x52, 0xf7, 0x42, 0xf6, 0x52, 0xf7,
    0x53, 0xf6, 0x42, 0xf6, 0x42, 0xf6, 0x42, 0xf5, 0x42, 0xf5, 0x42, 0xf6, 0x32, 0xf5, 0x53, 0xf6,
    0x42, 0xf6, 0x54, 0xf5, 0x43, 0xf6, 0x65, 0xf7, 0x65, 0xf6, 0x65, 0xf7, 0x64, 0xf7, 0x54, 0xf5,
    0x42, 0xf5, 0x54, 0xf6, 0x32, 0xf4, 0x43, 0xf5, 0x53, 0xf5, 0x53, 0xf6, 0x43, 0xf5, 0x64, 0xf7,
    0x76, 0xf8, 0x76, 0xf8, 0x65, 0xf7, 0x54, 0xf5, 0x65, 0xf7, 0x43, 0xf5, 0x54, 0xf5, 0x54, 0xf5,
    0x65, 0xf7, 0x44, 0xf5, 0x65, 0xf7, 0x65, 0xf6, 0x43, 0xf4, 0x44, 0xf5, 0x44, 0xf5, 0x44, 0xf5,
    0x43, 0xf4, 0x43, 0xf5, 0x43, 0xf5, 0x65, 0xf6, 0x43, 0xf4, 0x32, 0xf4, 0x32, 0xf4, 0x43, 0xf5,
    0x43, 0xf5, 0x54, 0xf6, 0x43, 0xf4, 0x43, 0xf4, 0x22, 0xf3, 0x32, 0xf4, 0x32, 0xf3, 0x43, 0xf4,
    0x65, 0xf7, 0x65, 0xf7, 0x65, 0xf6, 0x65, 0xf6, 0x65, 0xf7, 0x54, 0xf6, 0x66, 0xf7, 0x54, 0xf6,
    0x65, 0xf7, 0x54, 0xf6, 0x65, 0xf7, 0x54, 0xf6, 0x55, 0xf6, 0x33, 0xf4, 0x33, 0xf4, 0x33, 0xf4,
    0x43, 0xf4, 0x43, 0xf5, 0x54, 0xf5, 0x54, 0xf5, 0x32, 0xf4, 0x33, 0xf4, 0x32, 0xf3, 0x32, 0xf3,
    0x43, 0xf5, 0x43, 0xf5, 0x43, 0xf4, 0x43, 0xf4, 0x32, 0xf4, 0x21, 0xf2, 0x32, 0xf4, 0x21, 0xf3,
    0x54, 0xf6, 0x54, 0xf5, 0x43, 0xf4, 0x44, 0xf4, 0x55, 0xf6, 0x65, 0xf6, 0x55, 0xf6, 0x65, 0xf6,
    0x43, 0xf4, 0x44, 0xf5, 0x43, 0xf4, 0x55, 0xf6, 0x55, 0xf6, 0x65, 0xf6, 0x65, 0xf6, 0x54, 0xf5,
    0x65, 0xf7, 0x55, 0xf6, 0x65, 0xf6, 0x54, 0xf5, 0x65, 0xf6, 0x65, 0xf7, 0x53, 0xf6, 0x53, 0xf6,
    0x54, 0xf5, 0x44, 0xf5, 0x55, 0xf5, 0x65, 0xf6, 0x54, 0xf6, 0x54, 0xf6, 0x54, 0xf6, 0x65, 0xf6,
    0x43, 0xf4, 0x54, 0xf5, 0x44, 0xf5, 0x44, 0xf5, 0x54, 0xf6, 0x44, 0xf5, 0x54, 0xf5, 0x55, 0xf6,
    0x54, 0xf5, 0x44, 0xf5, 0x44, 0xf5, 0x65, 0xf6, 0x55, 0xf5, 0x55, 0xf6, 0x66, 0xf7, 0x55, 0xf6,
    0x65, 0xf6, 0x65, 0xf6, 0x65, 0xf6, 0x65, 0xf6, 0x55, 0xf6, 0x65, 0xf6, 0x66, 0xf7, 0x44, 0xf5,
    0x65, 0xf6, 0x66, 0xf7, 0x65, 0xf6, 0x65, 0xf6, 0x76, 0xf7, 0x43, 0xf4, 0x54, 0xf5, 0x43, 0xf4,
    0x65, 0xf6, 0x54, 0xf5, 0x54, 0xf6, 0x43, 0xf4, 0x55, 0xf6, 0x43, 0xf4, 0x43, 0xf4, 0x54, 0xf6,
    0x33, 0xf4, 0x32, 0xf3, 0x54, 0xf5, 0x33, 0xf4, 0x43, 0xf5, 0x43, 0xf5, 0x33, 0xf4, 0x43, 0xf5,
    0x64, 0xf7, 0x64, 0xf7, 0x76, 0xf9, 0x64, 0xf7, 0x53, 0xf7, 0x75, 0xf8, 0x53, 0xf7, 0x76, 0xf9,
    0x76, 0xf8, 0x65, 0xf7, 0x75, 0xf8, 0x54, 0xf7, 0x64, 0xf7, 0x76, 0xf9, 0x53, 0xf7, 0x75, 0xf8,
    0x43, 0xf4, 0x43, 0xf4, 0x32, 0xf3, 0x43, 0xf5, 0x53, 0xf6, 0x64, 0xf8, 0x64, 0xf8, 0x75, 0xf8,
    0x32, 0xf4, 0x32, 0xf4, 0x32, 0xf4, 0x63, 0xf8, 0x54, 0xf7, 0x65, 0xf8, 0x43, 0xf6, 0x32, 0xf4,
    0x64, 0xf7, 0x64, 0xf7, 0x64, 0xf7, 0x65, 0xf8, 0x64, 0xf7, 0x64, 0xf7, 0x64, 0xf7, 0x43, 0xf6,
    0x64, 0xf7, 0x75, 0xf8, 0x43, 0xf6, 0x64, 0xf7, 0x65, 0xf8, 0x42, 0xf5, 0x75, 0xf8, 0x53, 0xf6,
    0x54, 0xf6, 0x76, 0xf7, 0x32, 0xf4, 0x54, 0xf6, 0x66, 0xf7, 0x55, 0xf6, 0x54, 0xf5, 0x55, 0xf6,
    0x32, 0xf4, 0x32, 0xf4, 0x32, 0xf4, 0x32, 0xf5, 0x32, 0xf3, 0x43, 0xf4, 0x32, 0xf3, 0x32, 0xf4,
    0x43, 0xf4, 0x54, 0xf5, 0x44, 0xf5, 0x54, 0xf5, 0x43, 0xf4, 0x32, 0xf3, 0x33, 0xf4, 0x21, 0xf3,
    0x43, 0xf4, 0x32, 0xf4, 0x32, 0xf4, 0x32, 0xf3, 0x21, 0xf4, 0x31, 0xf4, 0x31, 0xf4, 0x64, 0xf7,
    0x32, 0xf3, 0x32, 0xf4, 0x22, 0xf3, 0x43, 0xf5, 0x32, 0xf4, 0x42, 0xf5, 0x32, 0xf4, 0x42, 0xf5,
    0x32, 0xf5, 0x32, 0xf5, 0x42, 0xf5, 0x32, 0xf4, 0x43, 0xf5, 0x54, 0xf6, 0x43, 0xf6, 0x54, 0xf6,
    0x42, 0xf5, 0x42, 0xf5, 0x54, 0xf7, 0x43, 0xf4, 0x32, 0xf3, 0x43, 0xf5, 0x32, 0xf3, 0x32, 0xf4,
    0x43, 0xf5, 0x43, 0xf5, 0x32, 0xf4, 0x42, 0xf5, 0x32, 0xf4, 0x53, 0xf6, 0x32, 0xf4, 0x54, 0xf6,
    0x21, 0xf3, 0x43, 0xf6, 0x32, 0xf5, 0x42, 0xf5, 0x32, 0xf4, 0x32, 0xf4, 0x64, 0xf7, 0x43, 0xf6,
    0x54, 0xf7, 0x53, 0xf6, 0x53, 0xf6, 0x43, 0xf6, 0x43, 0xf5, 0x43, 0xf5, 0x32, 0xf4, 0x43, 0xf5,
    0x53, 0xf6, 0x64, 0xf7, 0x43, 0xf6, 0x53, 0xf7, 0x43, 0xf6, 0x21, 0xf3, 0x32, 0xf4, 0x21, 0xf2,
    0x75, 0xf8, 0x43, 0xf6, 0x53, 0xf6, 0x32, 0xf4, 0x32, 0xf5, 0x42, 0xf5, 0x42, 0xf5, 0x53, 0xf7,
    0x32, 0xf4, 0x32, 0xf4, 0x42, 0xf5, 0x42, 0xf5, 0x32, 0xf4, 0x53, 0xf6, 0x64, 0xf7, 0x53, 0xf6,
    0x64, 0xf7, 0x65, 0xf8, 0x65, 0xf7, 0x86, 0xf8, 0x75, 0xf8, 0x42, 0xf5, 0x86, 0xf9, 0x32, 0xf4,
    0x43, 0xf6, 0x32, 0xf4, 0x43, 0xf6, 0x43, 0xf6, 0x32, 0xf4, 0x42, 0xf6, 0x42, 0xf5, 0x43, 0xf5,
    0x42, 0xf5, 0x42, 0xf5, 0x32, 0xf5, 0x42, 0xf6, 0x53, 0xf6, 0x54, 0xf6, 0x75, 0xf8, 0x75, 0xf7,
    0x75, 0xf8, 0x64, 0xf8, 0x65, 0xf8, 0x53, 0xf7, 0x53, 0xf7, 0x43, 0xf6, 0x53, 0xf7, 0x53, 0xf6,
    0x64, 0xf8, 0x65, 0xf8, 0x76, 0xf9, 0x86, 0xf9, 0x64, 0xf8, 0x43, 0xf5, 0x76, 0xf8, 0x32, 0xf4,
    0x32, 0xf4, 0x32, 0xf4, 0x32, 0xf4, 0x32, 0xf4, 0x32, 0xf4, 0x42, 0xf5, 0x32, 0xf4, 0x32, 0xf4,
    0x31, 0xf4, 0x42, 0xf6, 0x32, 0xf4, 0x42, 0xf5, 0x32, 0xf4, 0x32, 0xf3, 0x33, 0xf4, 0x32, 0xf3,
    0x65, 0xf7, 0x75, 0xf8, 0x43, 0xf6, 0x64, 0xf7, 0x54, 0xf6, 0x21, 0xf3, 0x53, 0xf6, 0x21, 0xf3,
    0x54, 0xf7, 0x75, 0xf9, 0x53, 0xf7, 0x75, 0xf8, 0x64, 0xf7, 0x53, 0xf6, 0x43, 0xf5, 0x53, 0xf6,
    0x21, 0xf3, 0x32, 0xf4, 0x32, 0xf4, 0x32, 0xf4, 0x33, 0xf4, 0x32, 0xf3, 0x22, 0xf3, 0x32, 0xf4,
    0x54, 0xf6, 0x21, 0xf3, 0x65, 0xf7, 0x53, 0xf6, 0x43, 0xf5, 0x53, 0xf7, 0x64, 0xf8, 0x53, 0xf7,
    0x43, 0xf5, 0x75, 0xf8, 0x64, 0xf7, 0x76, 0xf9, 0x43, 0xf5, 0x43, 0xf4, 0x75, 0xf9, 0x54, 0xf6,
    0x64, 0xf8, 0x76, 0xf9, 0x53, 0xf7, 0x53, 0xf6, 0x64, 0xf7, 0x43, 0xf5, 0x43, 0xf5, 0x53, 0xf6,
    0x55, 0xf6, 0x54, 0xf6, 0x65, 0xf7, 0x65, 0xf7, 0x54, 0xf5, 0x54, 0xf5, 0x65, 0xf7, 0x54, 0xf5,
    0x75, 0xf7, 0x86, 0xf9, 0x53, 0xf6, 0x65, 0xf7, 0x65, 0xf7, 0x54, 0xf6, 0x54, 0xf5, 0x53, 0xf6,
    0x42, 0xf6, 0x32, 0xf4, 0x42, 0xf6, 0x31, 0xf4, 0x54, 0xf7, 0x65, 0xf7, 0x32, 0xf5, 0x42, 0xf5,
    0x75, 0xf9, 0x64, 0xf8, 0x64, 0xf8, 0x74, 0xf8, 0x53, 0xf6, 0x32, 0xf5, 0x86, 0xf9, 0x64, 0xf7,
    0x42, 0xf6, 0x43, 0xf5, 0x42, 0xf5, 0x43, 0xf6, 0x32, 0xf4, 0x32, 0xf4, 0x43, 0xf6, 0x32, 0xf4,
    0x32, 0xf4, 0x31, 0xf4, 0x53, 0xf6, 0x32, 0xf4, 0x42, 0xf6, 0x53, 0xf6, 0x32, 0xf4, 0x43, 0xf6,
    0x21, 0xf3, 0x32, 0xf4, 0x31, 0xf4, 0x32, 0xf4, 0x32, 0xf4, 0x32, 0xf4, 0x22, 0xf3, 0x22, 0xf3,
    0x42, 0xf5, 0x42, 0xf5, 0x53, 0xf6, 0x54, 0xf6, 0x76, 0xf8, 0x32, 0xf4, 0x53, 0xf6, 0x32, 0xf5,
    0x32, 0xf4, 0x64, 0xf8, 0x32, 0xf5, 0x53, 0xf7, 0x64, 0xf8, 0x64, 0xf8, 0x64, 0xf8, 0x75, 0xf9,
    0x42, 0xf6, 0x53, 0xf7, 0x43, 0xf6, 0x53, 0xf7, 0x53, 0xf7, 0x86, 0xf9, 0x64, 0xf8, 0x75, 0xf9,
    0x32, 0xf4, 0x43, 0xf5, 0x42, 0xf5, 0x32, 0xf4, 0x42, 0xf5, 0x32, 0xf4, 0x43, 0xf5, 0x43, 0xf5,
    0x54, 0xf6, 0x54, 0xf7, 0x76, 0xf8, 0x65, 0xf7, 0x42, 0xf6, 0x31, 0xf4, 0x31, 0xf4, 0x42, 0xf5,
    0x42, 0xf5, 0x64, 0xf8, 0x53, 0xf6, 0x63, 0xf8, 0x86, 0xf9, 0x74, 0xf8, 0x75, 0xf9, 0x75, 0xf9,
    0x43, 0xf6, 0x42, 0xf5, 0x65, 0xf7, 0x54, 0xf6, 0x53, 0xf7, 0x53, 0xf7, 0x21, 0xf4, 0x64, 0xf8,
    0x63, 0xf8, 0x86, 0xfa, 0x86, 0xf9, 0x86, 0xfa, 0x97, 0xfa, 0x53, 0xf7, 0x75, 0xf9, 0x53, 0xf7,
    0x86, 0xf9, 0x75, 0xf9, 0x64, 0xf8, 0x85, 0xf9, 0x64, 0xf8, 0x63, 0xf8, 0x75, 0xf9, 0x53, 0xf7,
    0x42, 0xf6, 0x64, 0xf8, 0x53, 0xf7, 0x64, 0xf8, 0x64, 0xf8, 0x64, 0xf8, 0x64, 0xf7, 0x64, 0xf8,
    0x64, 0xf8, 0x64, 0xf8, 0x64, 0xf8, 0x86, 0xfa, 0x64, 0xf8, 0x53, 0xf7, 0x53, 0xf6, 0x32, 0xf5,
    0x64, 0xf8, 0x86, 0xf9, 0x74, 0xf8, 0x74, 0xf8, 0x86, 0xf9, 0x53, 0xf7, 0x53, 0xf7, 0x42, 0xf6,
    0x53, 0xf6, 0x42, 0xf6, 0x64, 0xf8, 0x42, 0xf6, 0x42, 0xf5, 0x53, 0xf7, 0x42, 0xf6, 0x53, 0xf7,
    0x64, 0xf7, 0x64, 0xf7, 0x53, 0xf7, 0x64, 0xf7, 0x53, 0xf6, 0x53, 0xf7, 0x75, 0xf8, 0x76, 0xf9,
    0x42, 0xf6, 0x53, 0xf7, 0x53, 0xf7, 0x42, 0xf6, 0x75, 0xf8, 0x74, 0xf8, 0x42, 0xf6, 0x42, 0xf6,
    0x32, 0xf4, 0x32, 0xf4, 0x54, 0xf6, 0x43, 0xf5, 0x42, 0xf5, 0x43, 0xf5, 0x32, 0xf3, 0x21, 0xf3,
    0x76, 0xf8, 0x65, 0xf6, 0x65, 0xf6, 0x76, 0xf8, 0x32, 0xf4, 0x21, 0xf3, 0x54, 0xf5, 0x21, 0xf2,
    0x22, 0xf3, 0x32, 0xf4, 0x32, 0xf4, 0x42, 0xf5, 0x54, 0xf6, 0x65, 0xf7, 0x65, 0xf7, 0x64, 0xf7,
    0x32, 0xf4, 0x54, 0xf6, 0x32, 0xf4, 0x53, 0xf6, 0x75, 0xf8, 0x86, 0xf9, 0x65, 0xf7, 0x75, 0xf8,
    0x65, 0xf7, 0x43, 0xf5, 0x65, 0xf7, 0x33, 0xf4, 0x32, 0xf3, 0x21, 0xf3, 0x22, 0xf3, 0x32, 0xf4,
    0x54, 0xf6, 0x33, 0xf4, 0x22, 0xf3, 0x32, 0xf4, 0x21, 0xf2, 0x32, 0xf4, 0x32, 0xf4, 0x32, 0xf4,
    0x32, 0xf5, 0x32, 0xf4, 0x53, 0xf7, 0x53, 0xf7, 0x54, 0xf6, 0x64, 0xf8, 0x64, 0xf7, 0x53, 0xf7,
    0x43, 0xf6, 0x53, 0xf7, 0x32, 0xf4, 0x54, 0xf6, 0x53, 0xf6, 0x42, 0xf6, 0x43, 0xf5, 0x74, 0xf8,
    0x54, 0xf6, 0x65, 0xf7, 0x54, 0xf6, 0x54, 0xf6, 0x97, 0xfa, 0x65, 0xf7, 0x75, 0xf8, 0x54, 0xf6,
    0x75, 0xf8, 0x64, 0xf7, 0x75, 0xf8, 0x65, 0xf8, 0x54, 0xf6, 0x54, 0xf6, 0x65, 0xf7, 0x54, 0xf6,
    0x43, 0xf5, 0x53, 0xf7, 0x54, 0xf6, 0x43, 0xf6, 0x64, 0xf7, 0x75, 0xf8, 0x64, 0xf8, 0x65, 0xf7,
    0x54, 0xf6, 0x43, 0xf5, 0x75, 0xf8, 0x64, 0xf7, 0x53, 0xf7, 0x64, 0xf7, 0x54, 0xf7, 0x64, 0xf7,
    0x64, 0xf7, 0x75, 0xf8, 0x42, 0xf5, 0x43, 0xf5, 0x65, 0xf8, 0x64, 0xf7, 0x42, 0xf5, 0x42, 0xf5,
    0x43, 0xf5, 0x32, 0xf4, 0x75, 0xf9, 0x86, 0xf9, 0x32, 0xf4, 0x32, 0xf5, 0x43, 0xf5, 0x31, 0xf4,
    0x54, 0xf7, 0x75, 0xf8, 0x53, 0xf7, 0x64, 0xf7, 0x65, 0xf7, 0x42, 0xf5, 0x64, 0xf7, 0x53, 0xf6,
    0x53, 0xf7, 0x43, 0xf6, 0x32, 0xf4, 0x32, 0xf3, 0x43, 0xf5, 0x32, 0xf4, 0x43, 0xf5, 0x32, 0xf5,
    0x54, 0xf6, 0x42, 0xf5, 0x54, 0xf6, 0x43, 0xf5, 0x53, 0xf6, 0x32, 0xf4, 0x65, 0xf7, 0x32, 0xf4,
    0x43, 0xf6, 0x64, 0xf7, 0x65, 0xf7, 0x43, 0xf6, 0x54, 0xf7, 0x32, 0xf4, 0x32, 0xf5, 0x32, 0xf4,
    0x42, 0xf5, 0x42, 0xf6, 0x32, 0xf4, 0x42, 0xf5, 0x32, 0xf4, 0x42, 0xf5, 0x54, 0xf6, 0x65, 0xf7,
    0x32, 0xf4, 0x43, 0xf5, 0x53, 0xf6, 0x53, 0xf6, 0x54, 0xf6, 0x65, 0xf7, 0x64, 0xf7, 0x54, 0xf6,
    0x32, 0xf4, 0x21, 0xf3, 0x32, 0xf4, 0x53, 0xf6, 0x21, 0xf3, 0x43, 0xf5, 0x32, 0xf4, 0x53, 0xf6,
    0x53, 0xf6, 0x75, 0xf8, 0x32, 0xf4, 0x32, 0xf4, 0x43, 0xf5, 0x32, 0xf4, 0x32, 0xf4, 0x32, 0xf4,
    0x54, 0xf6, 0x65, 0xf7, 0x64, 0xf7, 0x65, 0xf7, 0x64, 0xf7, 0x32, 0xf4, 0x64, 0xf7, 0x53, 0xf6,
    0x43, 0xf5, 0x54, 0xf6, 0x43, 0xf5, 0x43, 0xf5, 0x65, 0xf7, 0x54, 0xf6, 0x65, 0xf7, 0x54, 0xf6,
    0x53, 0xf6, 0x75, 0xf9, 0x53, 0xf6, 0x53, 0xf6, 0x53, 0xf6, 0x42, 0xf6, 0x32, 0xf5, 0x42, 0xf6,
    0x76, 0xf8, 0x54, 0xf6, 0x54, 0xf5, 0x43, 0xf5, 0x32, 0xf4, 0x32, 0xf4, 0x43, 0xf5, 0x32, 0xf3,
    0x43, 0xf5, 0x32, 0xf4, 0x54, 0xf6, 0x22, 0xf3, 0x43, 0xf5, 0x32, 0xf5, 0x32, 0xf4, 0x42, 0xf5,
    0x32, 0xf4, 0x32, 0xf3, 0x32, 0xf4, 0x42, 0xf5, 0x43, 0xf4, 0x32, 0xf4, 0x43, 0xf5, 0x32, 0xf4,
    0x32, 0xf4, 0x43, 0xf5, 0x53, 0xf5, 0x43, 0xf5, 0x64, 0xf6, 0x43, 0xf5, 0x65, 0xf7, 0x32, 0xf3,
    0x54, 0xf6, 0x54, 0xf6, 0x43, 0xf5, 0x54, 0xf6, 0x43, 0xf4, 0x22, 0xf3, 0x33, 0xf4, 0x54, 0xf5,
    0x32, 0xf4, 0x31, 0xf4, 0x22, 0xf3, 0x53, 0xf6, 0x53, 0xf7, 0x32, 0xf5, 0x63, 0xf8, 0x42, 0xf5,
    0x21, 0xf3, 0x53, 0xf7, 0x42, 0xf5, 0x42, 0xf6, 0x42, 0xf6, 0x54, 0xf5, 0x42, 0xf5, 0x43, 0xf5,
    0x65, 0xf7, 0x32, 0xf4, 0x53, 0xf6, 0x32, 0xf4, 0x21, 0xf3, 0x42, 0xf5, 0x32, 0xf4, 0x54, 0xf6,
    0x65, 0xf8, 0x43, 0xf5, 0x53, 0xf6, 0x32, 0xf4, 0x86, 0xf9, 0x98, 0xfa, 0x54, 0xf7, 0x65, 0xf7,
    0x54, 0xf6, 0x54, 0xf6, 0x43, 0xf5, 0x43, 0xf4, 0x32, 0xf4, 0x42, 0xf6, 0x65, 0xf7, 0x54, 0xf6,
    0x76, 0xf7, 0x32, 0xf4, 0x54, 0xf6, 0x75, 0xf9, 0x42, 0xf5, 0x76, 0xf8, 0x64, 0xf7, 0x76, 0xf8,
    0x31, 0xf4, 0x64, 0xf7, 0x32, 0xf5, 0x53, 0xf7, 0x63, 0xf7, 0x32, 0xf4, 0x64, 0xf7, 0x53, 0xf6,
    0x53, 0xf6, 0x64, 0xf7, 0x54, 0xf6, 0x75, 0xf8, 0x42, 0xf5, 0x43, 0xf6, 0x43, 0xf6, 0x64, 0xf7,
    0x43, 0xf5, 0x87, 0xf9, 0x65, 0xf7, 0x65, 0xf7, 0x97, 0xf9, 0x65, 0xf7, 0x75, 0xf8, 0x65, 0xf7,
    0x65, 0xf8, 0x65, 0xf7, 0x64, 0xf7, 0x64, 0xf7, 0x76, 0xf8, 0x76, 0xf8, 0x54, 0xf6, 0x76, 0xf8,
    0x75, 0xf9, 0x53, 0xf7, 0x54, 0xf7, 0x42, 0xf5, 0x42, 0xf6, 0x53, 0xf7, 0x42, 0xf5, 0x64, 0xf7,
    0x43, 0xf5, 0x21, 0xf4, 0x32, 0xf4, 0x21, 0xf2, 0x32, 0xf5, 0x53, 0xf7, 0x22, 0xf3, 0x42, 0xf5,
    0x75, 0xf8, 0x53, 0xf7, 0x53, 0xf6, 0x42, 0xf5, 0x42, 0xf5, 0x32, 0xf5, 0x42, 0xf6, 0x31, 0xf4,
    0x42, 0xf6, 0x53, 0xf7, 0x43, 0xf6, 0x53, 0xf7, 0x42, 0xf6, 0x31, 0xf4, 0x42, 0xf5, 0x53, 0xf6,
    0x43, 0xf5, 0x21, 0xf3, 0x54, 0xf6, 0x22, 0xf3, 0x32, 0xf4, 0x43, 0xf5, 0x32, 0xf4, 0x43, 0xf6,
    0x76, 0xf8, 0x33, 0xf4, 0x65, 0xf7, 0x21, 0xf2, 0x32, 0xf5, 0x53, 0xf7, 0x32, 0xf5, 0x42, 0xf5,
    0x32, 0xf5, 0x21, 0xf4, 0x43, 0xf6, 0x31, 0xf4, 0x32, 0xf5, 0x65, 0xf7, 0x32, 0xf4, 0x65, 0xf7,
    0x42, 0xf5, 0x32, 0xf4, 0x32, 0xf4, 0x32, 0xf4, 0x53, 0xf6, 0x65, 0xf7, 0x32, 0xf4, 0x54, 0xf6,
    0x53, 0xf6, 0x64, 0xf7, 0x42, 0xf5, 0x53, 0xf7, 0x32, 0xf4, 0x43, 0xf5, 0x53, 0xf6, 0x32, 0xf4,
    0x42, 0xf5, 0x42, 0xf6, 0x42, 0xf5, 0x32, 0xf4, 0x54, 0xf7, 0x54, 0xf7, 0x33, 0xf4, 0x32, 0xf4,
    0x53, 0xf7, 0x75, 0xf8, 0x42, 0xf5, 0x54, 0xf7, 0x64, 0xf7, 0x65, 0xf7, 0x43, 0xf5, 0x43, 0xf6,
    0x42, 0xf5, 0x42, 0xf5, 0x53, 0xf6, 0x75, 0xf8, 0x21, 0xf4, 0x42, 0xf5, 0x42, 0xf5, 0x64, 0xf7,
    0x32, 0xf4, 0x32, 0xf4, 0x44, 0xf5, 0x54, 0xf5, 0x33, 0xf4, 0x32, 0xf4, 0x43, 0xf5, 0x43, 0xf4,
    0x54, 0xf6, 0x65, 0xf7, 0x43, 0xf5, 0x65, 0xf7, 0x54, 0xf6, 0x32, 0xf4, 0x54, 0xf5, 0x43, 0xf5,
    0x21, 0xf3, 0x43, 0xf5, 0x31, 0xf4, 0x32, 0xf4, 0x32, 0xf4, 0x65, 0xf8, 0x32, 0xf3, 0x75, 0xf8,
    0x32, 0xf4, 0x42, 0xf5, 0x42, 0xf5, 0x42, 0xf6, 0x42, 0xf6, 0x87, 0xf9, 0x32, 0xf4, 0x54, 0xf6,
    0x32, 0xf4, 0x21, 0xf2, 0x32, 0xf5, 0x32, 0xf5, 0x32, 0xf5, 0x32, 0xf4, 0x43, 0xf5, 0x43, 0xf6,
    0x32, 0xf4, 0x64, 0xf8, 0x64, 0xf8, 0x53, 0xf6, 0x43, 0xf5, 0x32, 0xf4, 0x64, 0xf7, 0x43, 0xf6,
    0x32, 0xf4, 0x43, 0xf4, 0x54, 0xf6, 0x65, 0xf7, 0x21, 0xf3, 0x32, 0xf4, 0x43, 0xf4, 0x11, 0xf2,
    0x54, 0xf6, 0x54, 0xf6, 0x43, 0xf6, 0x43, 0xf5, 0x54, 0xf6, 0x32, 0xf3, 0x32, 0xf4, 0x43, 0xf5,
    0x53, 0xf7, 0x53, 0xf6, 0x65, 0xf8, 0x32, 0xf4, 0x54, 0xf7, 0x54, 0xf7, 0x53, 0xf6, 0x53, 0xf7,
    0x54, 0xf6, 0x42, 0xf5, 0x53, 0xf6, 0x76, 0xf8, 0x53, 0xf7, 0x53, 0xf6, 0x43, 0xf6, 0x53, 0xf6,
    0x43, 0xf6, 0x21, 0xf4, 0x42, 0xf6, 0x31, 0xf5, 0x32, 0xf4, 0x64, 0xf7, 0x42, 0xf5, 0x53, 0xf6,
    0x32, 0xf5, 0x32, 0xf4, 0x32, 0xf4, 0x21, 0xf3, 0x32, 0xf4, 0x53, 0xf6, 0x32, 0xf4, 0x54, 0xf6,
    0x43, 0xf5, 0x43, 0xf5, 0x32, 0xf4, 0x32, 0xf4, 0x32, 0xf3, 0x32, 0xf4, 0x21, 0xf2, 0x32, 0xf4,
    0x43, 0xf5, 0x32, 0xf4, 0x42, 0xf5, 0x32, 0xf4, 0x32, 0xf4, 0x32, 0xf4, 0x32, 0xf4, 0x21, 0xf2,
    0x33, 0xf4, 0x21, 0xf3, 0x21, 0xf3, 0x43, 0xf5, 0x32, 0xf4, 0x42, 0xf5, 0x43, 0xf5, 0x32, 0xf4,
    0x32, 0xf5, 0x54, 0xf6, 0x32, 0xf4, 0x43, 0xf5, 0x54, 0xf5, 0x54, 0xf5, 0x54, 0xf5, 0x54, 0xf5,
    0x64, 0xf8, 0x64, 0xf8, 0x64, 0xf8, 0x64, 0xf8, 0x21, 0xf3, 0x21, 0xf2, 0x31, 0xf4, 0x21, 0xf2,
    0x63, 0xf8, 0x42, 0xf6, 0x63, 0xf8, 0x42, 0xf6, 0x11, 0xf2, 0x21, 0xf4, 0x21, 0xf3, 0x31, 0xf5,
    0x33, 0xf4, 0x43, 0xf4, 0x32, 0xf4, 0x43, 0xf4, 0x55, 0xf6, 0x54, 0xf5, 0x44, 0xf5, 0x43, 0xf5,
    0x31, 0xf4, 0x33, 0xf4, 0x42, 0xf5, 0x43, 0xf5, 0x33, 0xf4, 0x54, 0xf5, 0x43, 0xf5, 0x32, 0xf4,
    0x21, 0xf3, 0x32, 0xf4, 0x31, 0xf4, 0x32, 0xf4, 0x42, 0xf5, 0x32, 0xf5, 0x32, 0xf3, 0x32, 0xf4,
    0x43, 0xf5, 0x42, 0xf5, 0x54, 0xf5, 0x32, 0xf4, 0x21, 0xf2, 0x32, 0xf3, 0x32, 0xf4, 0x44, 0xf5,
    0x42, 0xf5, 0x43, 0xf6, 0x32, 0xf4, 0x42, 0xf5, 0x42, 0xf6, 0x42, 0xf6, 0x42, 0xf5, 0x32, 0xf4,
    0x32, 0xf4, 0x42, 0xf5, 0x32, 0xf4, 0x32, 0xf4, 0x32, 0xf5, 0x32, 0xf4, 0x32, 0xf5, 0x42, 0xf5,
    0x32, 0xf3, 0x21, 0xf3, 0x32, 0xf4, 0x32, 0xf4, 0x43, 0xf5, 0x43, 0xf5, 0x43, 0xf5, 0x32, 0xf4,
    0x32, 0xf4, 0x32, 0xf5, 0x32, 0xf5, 0x42, 0xf6, 0x42, 0xf5, 0x42, 0xf5, 0x32, 0xf5, 0x42, 0xf6,
    0x32, 0xf3, 0x32, 0xf3, 0x32, 0xf5, 0x32, 0xf5, 0x32, 0xf5, 0x43, 0xf6, 0x32, 0xf4, 0x43, 0xf5,
    0x32, 0xf5, 0x32, 0xf4, 0x32, 0xf4, 0x32, 0xf4, 0x32, 0xf4, 0x32, 0xf4, 0x32, 0xf4, 0x32, 0xf4,
    0x63, 0xf8, 0x32, 0xf5, 0x42, 0xf6, 0x21, 0xf3, 0x21, 0xf3, 0x42, 0xf5, 0x21, 0xf3, 0x32, 0xf5,
    0x42, 0xf5, 0x42, 0xf5, 0x42, 0xf6, 0x43, 0xf5, 0x53, 0xf6, 0x53, 0xf6, 0x64, 0xf7, 0x54, 0xf6,
    0x65, 0xf7, 0x43, 0xf5, 0x64, 0xf7, 0x43, 0xf5, 0x32, 0xf4, 0x32, 0xf4, 0x32, 0xf4, 0x42, 0xf5,
    0x43, 0xf5, 0x43, 0xf5, 0x54, 0xf6, 0x43, 0xf5, 0x32, 0xf4, 0x32, 0xf4, 0x43, 0xf5, 0x32, 0xf4,
    0x53, 0xf6, 0x43, 0xf6, 0x53, 0xf6, 0x53, 0xf6, 0x75, 0xf8, 0x54, 0xf6, 0x75, 0xf8, 0x65, 0xf7,
    0x42, 0xf5, 0x43, 0xf5, 0x54, 0xf6, 0x75, 0xf8, 0x54, 0xf6, 0x43, 0xf5, 0x32, 0xf4, 0x32, 0xf4,
    0x32, 0xf4, 0x43, 0xf5, 0x32, 0xf4, 0x43, 0xf6, 0x43, 0xf5, 0x21, 0xf3, 0x21, 0xf3, 0x21, 0xf3,
    0x32, 0xf4, 0x53, 0xf7, 0x53, 0xf7, 0x42, 0xf6, 0x32, 0xf4, 0x32, 0xf3, 0x42, 0xf6, 0x42, 0xf6,
    0x42, 0xf6, 0x42, 0xf7, 0x43, 0xf6, 0x43, 0xf6, 0x42, 0xf6, 0x42, 0xf5, 0x53, 0xf7, 0x32, 0xf5,
    0x53, 0xf6, 0x42, 0xf6, 0x32, 0xf4, 0x42, 0xf5, 0x31, 0xf4, 0x31, 0xf4, 0x42, 0xf5, 0x32, 0xf4,
    0x32, 0xf5, 0x32, 0xf5, 0x32, 0xf5, 0x32, 0xf5, 0x32, 0xf3, 0x32, 0xf4, 0x43, 0xf6, 0x32, 0xf4,
    0x32, 0xf4, 0x53, 0xf7, 0x53, 0xf7, 0x53, 0xf8, 0x63, 0xf9, 0x42, 0xf6, 0x63, 0xf8, 0x75, 0xf8,
    0x32, 0xf4, 0x42, 0xf5, 0x32, 0xf4, 0x32, 0xf4, 0x53, 0xf7, 0x64, 0xf7, 0x42, 0xf5, 0x42, 0xf5,
    0x32, 0xf4, 0x32, 0xf3, 0x32, 0xf5, 0x43, 0xf4, 0x32, 0xf4, 0x42, 0xf6, 0x33, 0xf4, 0x42, 0xf6,
    0x63, 0xf8, 0x52, 0xf7, 0x64, 0xf8, 0x63, 0xf8, 0x64, 0xf8, 0x75, 0xf9, 0x75, 0xf9, 0x76, 0xf8,
    0x53, 0xf7, 0x64, 0xf7, 0x32, 0xf5, 0x32, 0xf4, 0x54, 0xf6, 0x43, 0xf5, 0x32, 0xf4, 0x21, 0xf2,
    0x53, 0xf6, 0x32, 0xf5, 0x53, 0xf6, 0x43, 0xf5, 0x32, 0xf4, 0x43, 0xf5, 0x43, 0xf5, 0x43, 0xf5,
    0x42, 0xf5, 0x43, 0xf5, 0x32, 0xf4, 0x43, 0xf5, 0x55, 0xf6, 0x54, 0xf5, 0x43, 0xf5, 0x32, 0xf4,
    0x42, 0xf5, 0x43, 0xf5, 0x43, 0xf5, 0x43, 0xf5, 0x54, 0xf6, 0x55, 0xf6, 0x54, 0xf5, 0x64, 0xf6,
    0x32, 0xf4, 0x32, 0xf4, 0x32, 0xf5, 0x32, 0xf4, 0x32, 0xf4, 0x54, 0xf6, 0x64, 0xf7, 0x65, 0xf7,
    0x32, 0xf5, 0x32, 0xf5, 0x32, 0xf4, 0x43, 0xf5, 0x43, 0xf5, 0x42, 0xf5, 0x32, 0xf4, 0x53, 0xf6,
    0x43, 0xf4, 0x32, 0xf4, 0x32, 0xf4, 0x32, 0xf4, 0x32, 0xf4, 0x75, 0xf8, 0x32, 0xf4, 0x75, 0xf9,
    0x42, 0xf6, 0x32, 0xf4, 0x53, 0xf7, 0x31, 0xf4, 0x43, 0xf5, 0x42, 0xf5, 0x32, 0xf5, 0x32, 0xf4,
    0x74, 0xf9, 0x74, 0xf9, 0x86, 0xf9, 0x64, 0xf8, 0x64, 0xf8, 0x74, 0xf9, 0x63, 0xf8, 0x53, 0xf8,
    0x65, 0xf7, 0x43, 0xf5, 0x65, 0xf6, 0x32, 0xf4, 0x32, 0xf4, 0x43, 0xf5, 0x32, 0xf4, 0x43, 0xf5,
    0x44, 0xf5, 0x32, 0xf4, 0x22, 0xf3, 0x32, 0xf4, 0x33, 0xf4, 0x44, 0xf5, 0x33, 0xf4, 0x43, 0xf4,
    0x43, 0xf5, 0x43, 0xf5, 0x43, 0xf5, 0x42, 0xf5, 0x54, 0xf6, 0x32, 0xf4, 0x53, 0xf6, 0x32, 0xf4,
    0x43, 0xf4, 0x32, 0xf4, 0x43, 0xf4, 0x32, 0xf4, 0x43, 0xf5, 0x32, 0xf4, 0x22, 0xf3, 0x32, 0xf4,
    0x21, 0xf3, 0x43, 0xf5, 0x64, 0xf7, 0x53, 0xf7, 0x32, 0xf4, 0x22, 0xf3, 0x64, 0xf7, 0x53, 0xf6,
    0x85, 0xfa, 0x63, 0xf7, 0x64, 0xf8, 0x53, 0xf6, 0x54, 0xf7, 0x64, 0xf7, 0x21, 0xf3, 0x43, 0xf6,
    0x32, 0xf4, 0x32, 0xf4, 0x21, 0xf4, 0x42, 0xf5, 0x32, 0xf4, 0x33, 0xf4, 0x32, 0xf4, 0x32, 0xf3,
    0x43, 0xf5, 0x33, 0xf4, 0x54, 0xf6, 0x33, 0xf4, 0x44, 0xf5, 0x43, 0xf5, 0x43, 0xf4, 0x55, 0xf6,
    0x32, 0xf4, 0x32, 0xf4, 0x21, 0xf3, 0x53, 0xf6, 0x53, 0xf6, 0x74, 0xf9, 0x85, 0xfa, 0x74, 0xf9,
    0x42, 0xf6, 0x52, 0xf6, 0x53, 0xf7, 0x42, 0xf6, 0x53, 0xf7, 0x63, 0xf8, 0x64, 0xf8, 0x53, 0xf6,
    0x63, 0xf8, 0x53, 0xf7, 0x63, 0xf8, 0x53, 0xf7, 0x53, 0xf8, 0x63, 0xf8, 0x63, 0xf8, 0x74, 0xf9,
    0x74, 0xf9, 0x63, 0xf8, 0x53, 0xf6, 0x21, 0xf3, 0x64, 0xf7, 0x64, 0xf7, 0x32, 0xf4, 0x54, 0xf6,
    0x64, 0xf7, 0x42, 0xf5, 0x53, 0xf6, 0x21, 0xf3, 0x54, 0xf6, 0x54, 0xf5, 0x33, 0xf4, 0x44, 0xf5,
    0x54, 0xf7, 0x32, 0xf4, 0x42, 0xf5, 0x32, 0xf4, 0x32, 0xf3, 0x33, 0xf4, 0x22, 0xf3, 0x53, 0xf6,
    0x43, 0xf4, 0x32, 0xf3, 0x43, 0xf5, 0x32, 0xf4, 0x32, 0xf3, 0x42, 0xf5, 0x42, 0xf5, 0x53, 0xf6,
    0x43, 0xf6, 0x43, 0xf6, 0x43, 0xf5, 0x53, 0xf6, 0x53, 0xf7, 0x64, 0xf7, 0x53, 0xf7, 0x53, 0xf7,
    0x64, 0xf8, 0x53, 0xf6, 0x53, 0xf7, 0x31, 0xf5, 0x21, 0xf3, 0x64, 0xf7, 0x42, 0xf6, 0x64, 0xf7,
    0x42, 0xf6, 0x53, 0xf7, 0x21, 0xf3, 0x64, 0xf7, 0x86, 0xfa, 0x64, 0xf7, 0x64, 0xf8, 0x32, 0xf4,
    0x55, 0xf6, 0x33, 0xf4, 0x54, 0xf6, 0x44, 0xf5, 0x43, 0xf5, 0x54, 0xf5, 0x54, 0xf6, 0x54, 0xf6,
    0x43, 0xf5, 0x44, 0xf5, 0x43, 0xf4, 0x44, 0xf5, 0x43, 0xf5, 0x33, 0xf4, 0x32, 0xf4, 0x21, 0xf3,
    0x32, 0xf4, 0x32, 0xf4, 0x53, 0xf6, 0x42, 0xf5, 0x32, 0xf4, 0x43, 0xf5, 0x32, 0xf4, 0x32, 0xf3,
    0x54, 0xf6, 0x43, 0xf5, 0x53, 0xf7, 0x43, 0xf6, 0x53, 0xf6, 0x43, 0xf5, 0x54, 0xf6, 0x54, 0xf6,
    0x44, 0xf5, 0x21, 0xf3, 0x22, 0xf3, 0x32, 0xf4, 0x32, 0xf4, 0x32, 0xf4, 0x43, 0xf5, 0x43, 0xf5,
    0x43, 0xf5, 0x43, 0xf5, 0x43, 0xf5, 0x43, 0xf5, 0x43, 0xf5, 0x22, 0xf3, 0x32, 0xf3, 0x21, 0xf3,
    0x43, 0xf5, 0x54, 0xf7, 0x42, 0xf5, 0x53, 0xf6, 0x32, 0xf4, 0x53, 0xf6, 0x43, 0xf5, 0x43, 0xf6,
    0x53, 0xf6, 0x64, 0xf7, 0x64, 0xf8, 0x64, 0xf7, 0x42, 0xf5, 0x42, 0xf5, 0x53, 0xf6, 0x53, 0xf6,
    0x64, 0xf8, 0x42, 0xf6, 0x43, 0xf6, 0x42, 0xf6, 0x42, 0xf6, 0x63, 0xf7, 0x42, 0xf6, 0x54, 0xf7,
    0x42, 0xf5, 0x32, 0xf4, 0x32, 0xf5, 0x32, 0xf4, 0x42, 0xf6, 0x54, 0xf7, 0x32, 0xf4, 0x53, 0xf6,
    0x53, 0xf7, 0x63, 0xf7, 0x53, 0xf7, 0x53, 0xf7, 0x64, 0xf8, 0x53, 0xf7, 0x64, 0xf8, 0x42, 0xf6,
    0x53, 0xf7, 0x53, 0xf7, 0x86, 0xf9, 0x65, 0xf8, 0x53, 0xf6, 0x43, 0xf6, 0x43, 0xf5, 0x42, 0xf5,
    0x53, 0xf6, 0x42, 0xf5, 0x53, 0xf7, 0x42, 0xf5, 0x32, 0xf4, 0x54, 0xf5, 0x32, 0xf4, 0x32, 0xf4,
    0x53, 0xf7, 0x32, 0xf5, 0x53, 0xf6, 0x42, 0xf5, 0x31, 0xf4, 0x32, 0xf4, 0x75, 0xf9, 0x64, 0xf7,
    0x43, 0xf5, 0x54, 0xf6, 0x65, 0xf6, 0x65, 0xf7, 0x32, 0xf3, 0x43, 0xf5, 0x33, 0xf4, 0x42, 0xf5,
    0x76, 0xf8, 0x43, 0xf5, 0x54, 0xf6, 0x32, 0xf4, 0x32, 0xf4, 0x21, 0xf4, 0x42, 0xf5, 0x53, 0xf6,
    0x42, 0xf5, 0x54, 0xf6, 0x53, 0xf6, 0x97, 0xfa, 0x42, 0xf5, 0x22, 0xf3, 0x43, 0xf5, 0x44, 0xf5,
    0x53, 0xf7, 0x76, 0xf9, 0x43, 0xf6, 0x43, 0xf5, 0x43, 0xf5, 0x44, 0xf5, 0x32, 0xf4, 0x43, 0xf4,
    0x53, 0xf6, 0x43, 0xf5, 0x42, 0xf5, 0x43, 0xf6, 0x53, 0xf6, 0x75, 0xf8, 0x43, 0xf5, 0x53, 0xf6,
    0x43, 0xf5, 0x43, 0xf5, 0x65, 0xf7, 0x54, 0xf7, 0x32, 0xf4, 0x53, 0xf6, 0x53, 0xf6, 0x54, 0xf7,
    0x64, 0xf7, 0x32, 0xf4, 0x64, 0xf7, 0x43, 0xf5, 0x32, 0xf4, 0x21, 0xf3, 0x64, 0xf7, 0x53, 0xf6,
    0x54, 0xf6, 0x54, 0xf6, 0x54, 0xf7, 0x64, 0xf7, 0x64, 0xf7, 0x75, 0xf8, 0x64, 0xf7, 0x54, 0xf6,
    0x86, 0xf9, 0x75, 0xf8, 0x54, 0xf7, 0x64, 0xf8, 0x53, 0xf7, 0x43, 0xf6, 0x53, 0xf7, 0x42, 0xf6,
    0x42, 0xf5, 0x53, 0xf6, 0x32, 0xf4, 0x42, 0xf5, 0x53, 0xf6, 0x31, 0xf4, 0x42, 0xf5, 0x21, 0xf3,
    0x43, 0xf5, 0x32, 0xf4, 0x21, 0xf4, 0x22, 0xf3, 0x75, 0xf8, 0x75, 0xf8, 0x43, 0xf5, 0x64, 0xf7,
    0x31, 0xf3, 0x32, 0xf4, 0x32, 0xf4, 0x32, 0xf4, 0x32, 0xf4, 0x64, 0xf7, 0x32, 0xf4, 0x54, 0xf6,
    0x43, 0xf5, 0x32, 0xf4, 0x43, 0xf5, 0x32, 0xf4, 0x32, 0xf4, 0x32, 0xf4, 0x32, 0xf4, 0x32, 0xf4,
    0x54, 0xf5, 0x43, 0xf5, 0x43, 0xf5, 0x43, 0xf5, 0x22, 0xf3, 0x32, 0xf4, 0x32, 0xf4, 0x33, 0xf4,
    0x54, 0xf6, 0x32, 0xf4, 0x43, 0xf4, 0x43, 0xf5, 0x42, 0xf5, 0x64, 0xf7, 0x32, 0xf5, 0x43, 0xf5,
    0x32, 0xf4, 0x53, 0xf6, 0x32, 0xf4, 0x32, 0xf4, 0x32, 0xf4, 0x21, 0xf3, 0x43, 0xf5, 0x44, 0xf5,
    0x64, 0xf7, 0x54, 0xf6, 0x64, 0xf7, 0x65, 0xf7, 0x64, 0xf7, 0x54, 0xf7, 0x64, 0xf7, 0x75, 0xf8,
    0x54, 0xf6, 0x65, 0xf7, 0x54, 0xf6, 0x64, 0xf7, 0x65, 0xf7, 0x64, 0xf8, 0x65, 0xf7, 0x75, 0xf8,
    0x53, 0xf7, 0x75, 0xf8, 0x53, 0xf7, 0x53, 0xf7, 0x65, 0xf8, 0x43, 0xf5, 0x64, 0xf8, 0x43, 0xf5,
    0x64, 0xf8, 0x53, 0xf7, 0x64, 0xf7, 0x43, 0xf6, 0x75, 0xf9, 0x65, 0xf7, 0x75, 0xf9, 0x54, 0xf7,
    0x64, 0xf7, 0x53, 0xf6, 0x43, 0xf6, 0x64, 0xf7, 0x65, 0xf8, 0x64, 0xf7, 0x64, 0xf7, 0x43, 0xf6,
    0x32, 0xf4, 0x42, 0xf5, 0x32, 0xf3, 0x32, 0xf4, 0x32, 0xf4, 0x31, 0xf4, 0x53, 0xf6, 0x43, 0xf6,
    0x53, 0xf6, 0x53, 0xf6, 0x53, 0xf6, 0x42, 0xf5, 0x43, 0xf6, 0x32, 0xf4, 0x21, 0xf3, 0x21, 0xf3,
    0x32, 0xf4, 0x21, 0xf3, 0x43, 0xf6, 0x54, 0xf6, 0x32, 0xf4, 0x54, 0xf6, 0x65, 0xf7, 0x65, 0xf7,
    0x54, 0xf6, 0x43, 0xf5, 0x54, 0xf6, 0x43, 0xf4, 0x32, 0xf4, 0x43, 0xf5, 0x33, 0xf4, 0x42, 0xf5,
    0x55, 0xf6, 0x43, 0xf5, 0x44, 0xf5, 0x32, 0xf3, 0x32, 0xf4, 0x53, 0xf6, 0x43, 0xf5, 0x54, 0xf6,
    0x43, 0xf5, 0x43, 0xf5, 0x43, 0xf5, 0x43, 0xf6, 0x64, 0xf7, 0x53, 0xf7, 0x53, 0xf7, 0x64, 0xf7,
    0x54, 0xf6, 0x43, 0xf6, 0x54, 0xf6, 0x43, 0xf5, 0x52, 0xf6, 0x53, 0xf7, 0x53, 0xf7, 0x53, 0xf7,
    0x32, 0xf3, 0x32, 0xf4, 0x22, 0xf3, 0x22, 0xf3, 0x43, 0xf5, 0x54, 0xf6, 0x43, 0xf5, 0x54, 0xf6,
    0x43, 0xf5, 0x32, 0xf4, 0x32, 0xf3, 0x21, 0xf3, 0x53, 0xf6, 0x64, 0xf7, 0x53, 0xf6, 0x65, 0xf8,
    0x43, 0xf5, 0x43, 0xf6, 0x54, 0xf7, 0x64, 0xf7, 0x53, 0xf7, 0x64, 0xf8, 0x53, 0xf7, 0x75, 0xf8,
    0x54, 0xf6, 0x54, 0xf6, 0x53, 0xf6, 0x54, 0xf6, 0x53, 0xf7, 0x53, 0xf6, 0x54, 0xf6, 0x43, 0xf6,
    0x42, 0xf6, 0x53, 0xf6, 0x43, 0xf6, 0x64, 0xf7, 0x64, 0xf7, 0x53, 0xf6, 0x64, 0xf7, 0x54, 0xf7,
    0x43, 0xf6, 0x53, 0xf7, 0x53, 0xf7, 0x54, 0xf7, 0x54, 0xf7, 0x64, 0xf7, 0x64, 0xf7, 0x65, 0xf8,
    0x43, 0xf5, 0x43, 0xf5, 0x53, 0xf6, 0x43, 0xf5, 0x43, 0xf5, 0x11, 0xf2, 0x32, 0xf4, 0x21, 0xf2,
    0x53, 0xf6, 0x32, 0xf4, 0x53, 0xf6, 0x32, 0xf4, 0x21, 0xf3, 0x32, 0xf4, 0x32, 0xf4, 0x32, 0xf4,
    0x64, 0xf7, 0x64, 0xf7, 0x53, 0xf7, 0x54, 0xf7, 0x64, 0xf8, 0x53, 0xf6, 0x64, 0xf7, 0x43, 0xf5,
    0x42, 0xf6, 0x53, 0xf6, 0x43, 0xf5, 0x43, 0xf5, 0x42, 0xf5, 0x32, 0xf4, 0x32, 0xf4, 0x32, 0xf4,
    0x32, 0xf4, 0x32, 0xf4, 0x32, 0xf4, 0x32, 0xf4, 0x21, 0xf3, 0x32, 0xf4, 0x42, 0xf5, 0x32, 0xf4,
    0x31, 0xf4, 0x32, 0xf4, 0x32, 0xf3, 0x22, 0xf3, 0x42, 0xf6, 0x32, 0xf4, 0x21, 0xf3, 0x21, 0xf3,
    0x21, 0xf2, 0x21, 0xf3, 0x21, 0xf2, 0x43, 0xf6, 0x43, 0xf5, 0x64, 0xf7, 0x43, 0xf6, 0x54, 0xf6,
    0x21, 0xf2, 0x32, 0xf5, 0x42, 0xf5, 0x74, 0xf8, 0x43, 0xf5, 0x53, 0xf6, 0x53, 0xf6, 0x43, 0xf5,
    0x54, 0xf6, 0x53, 0xf6, 0x54, 0xf6, 0x54, 0xf6, 0x64, 0xf7, 0x54, 0xf6, 0x64, 0xf7, 0x75, 0xf8,
    0x54, 0xf6, 0x54, 0xf7, 0x43, 0xf5, 0x53, 0xf6, 0x53, 0xf6, 0x65, 0xf8, 0x53, 0xf6, 0x64, 0xf7,
    0x42, 0xf6, 0x53, 0xf7, 0x43, 0xf6, 0x32, 0xf4, 0x32, 0xf4, 0x32, 0xf3, 0x21, 0xf3, 0x32, 0xf4,
    0x54, 0xf5, 0x32, 0xf4, 0x54, 0xf6, 0x32, 0xf4, 0x22, 0xf3, 0x31, 0xf4, 0x32, 0xf4, 0x32, 0xf4,
    0x32, 0xf4, 0x42, 0xf4, 0x32, 0xf4, 0x21, 0xf3, 0x43, 0xf5, 0x32, 0xf4, 0x32, 0xf3, 0x21, 0xf3,
    0x43, 0xf5, 0x32, 0xf4, 0x42, 0xf5, 0x43, 0xf5, 0x22, 0xf3, 0x43, 0xf4, 0x54, 0xf6, 0x55, 0xf6,
    0x53, 0xf6, 0x32, 0xf4, 0x54, 0xf6, 0x32, 0xf4, 0x32, 0xf4, 0x21, 0xf3, 0x32, 0xf3, 0x21, 0xf2,
    0x32, 0xf4, 0x32, 0xf4, 0x32, 0xf4, 0x32, 0xf4, 0x22, 0xf3, 0x21, 0xf2, 0x32, 0xf4, 0x22, 0xf3,
    0x54, 0xf6, 0x54, 0xf5, 0x43, 0xf5, 0x44, 0xf5, 0x43, 0xf4, 0x32, 0xf4, 0x65, 0xf6, 0x65, 0xf7,
    0x22, 0xf3, 0x33, 0xf4, 0x21, 0xf3, 0x43, 0xf4, 0x54, 0xf5, 0x65, 0xf7, 0x43, 0xf5, 0x43, 0xf5,
    0x21, 0xf3, 0x32, 0xf4, 0x21, 0xf3, 0x32, 0xf4, 0x43, 0xf5, 0x32, 0xf4, 0x43, 0xf5, 0x43, 0xf4,
    0x32, 0xf4, 0x32, 0xf4, 0x32, 0xf4, 0x32, 0xf4, 0x32, 0xf4, 0x43, 0xf6, 0x43, 0xf5, 0x43, 0xf6,
    0x43, 0xf5, 0x54, 0xf7, 0x32, 0xf4, 0x64, 0xf8, 0x42, 0xf5, 0x32, 0xf4, 0x42, 0xf5, 0x32, 0xf4,
    0x32, 0xf4, 0x54, 0xf5, 0x54, 0xf6, 0x76, 0xf8, 0x32, 0xf4, 0x21, 0xf3, 0x43, 0xf5, 0x32, 0xf3,
    0x21, 0xf2, 0x32, 0xf3, 0x21, 0xf2, 0x32, 0xf4, 0x43, 0xf5, 0x43, 0xf4, 0x54, 0xf6, 0x54, 0xf6,
    0x21, 0xf3, 0x32, 0xf4, 0x43, 0xf5, 0x54, 0xf5, 0x44, 0xf5, 0x43, 0xf5, 0x32, 0xf3, 0x32, 0xf4,
    0x43, 0xf4, 0x53, 0xf5, 0x21, 0xf3, 0x32, 0xf4, 0x76, 0xf8, 0x54, 0xf5, 0x54, 0xf6, 0x32, 0xf4,
    0x32, 0xf3, 0x32, 0xf4, 0x32, 0xf3, 0x42, 0xf5, 0x54, 0xf6, 0x32, 0xf4, 0x42, 0xf5, 0x21, 0xf3,
    0x44, 0xf5, 0x54, 0xf6, 0x43, 0xf5, 0x43, 0xf4, 0x43, 0xf5, 0x43, 0xf4, 0x43, 0xf5, 0x32, 0xf3,
    0x22, 0xf3, 0x22, 0xf3, 0x43, 0xf4, 0x11, 0xf2, 0x32, 0xf4, 0x32, 0xf4, 0x32, 0xf4, 0x54, 0xf6,
    0x32, 0xf4, 0x43, 0xf5, 0x32, 0xf4, 0x54, 0xf5, 0x32, 0xf4, 0x32, 0xf4, 0x21, 0xf3, 0x32, 0xf4,
    0x55, 0xf6, 0x33, 0xf4, 0x65, 0xf7, 0x32, 0xf4, 0x21, 0xf3, 0x32, 0xf3, 0x32, 0xf4, 0x32, 0xf3,
    0x43, 0xf5, 0x43, 0xf5, 0x53, 0xf6, 0x43, 0xf5, 0x32, 0xf4, 0x43, 0xf5, 0x53, 0xf6, 0x31, 0xf4,
    0x43, 0xf6, 0x43, 0xf6, 0x42, 0xf5, 0x43, 0xf5, 0x54, 0xf7, 0x31, 0xf4, 0x64, 0xf7, 0x64, 0xf8,
    0x43, 0xf6, 0x53, 0xf6, 0x32, 0xf5, 0x32, 0xf4, 0x43, 0xf6, 0x43, 0xf5, 0x53, 0xf6, 0x43, 0xf5,
    0x31, 0xf4, 0x42, 0xf5, 0x75, 0xf8, 0x75, 0xf9, 0x42, 0xf6, 0x43, 0xf6, 0x32, 0xf4, 0x32, 0xf4,
    0x43, 0xf5, 0x32, 0xf4, 0x32, 0xf5, 0x32, 0xf5, 0x42, 0xf5, 0x74, 0xf8, 0x43, 0xf6, 0x64, 0xf8,
    0x32, 0xf4, 0x42, 0xf5, 0x32, 0xf4, 0x32, 0xf5, 0x42, 0xf5, 0x53, 0xf6, 0x32, 0xf4, 0x43, 0xf5,
    0x75, 0xf9, 0x86, 0xf9, 0x42, 0xf6, 0x53, 0xf7, 0x43, 0xf6, 0x21, 0xf3, 0x42, 0xf5, 0x21, 0xf4,
    0x31, 0xf5, 0x31, 0xf4, 0x42, 0xf5, 0x53, 0xf6, 0x21, 0xf3, 0x53, 0xf6, 0x65, 0xf8, 0x42, 0xf5,
    0x44, 0xf5, 0x32, 0xf4, 0x43, 0xf4, 0x21, 0xf3, 0x32, 0xf4, 0x44, 0xf5, 0x32, 0xf4, 0x32, 0xf4,
    0x32, 0xf4, 0x21, 0xf3, 0x21, 0xf3, 0x32, 0xf4, 0x43, 0xf5, 0x43, 0xf5, 0x54, 0xf6, 0x65, 0xf7,
    0x32, 0xf4, 0x32, 0xf4, 0x32, 0xf4, 0x43, 0xf5, 0x54, 0xf6, 0x43, 0xf4, 0x53, 0xf6, 0x33, 0xf4,
    0x32, 0xf4, 0x43, 0xf5, 0x43, 0xf5, 0x43, 0xf5, 0x32, 0xf4, 0x43, 0xf5, 0x22, 0xf3, 0x32, 0xf4,
    0x32, 0xf4, 0x43, 0xf4, 0x32, 0xf4, 0x32, 0xf3, 0x54, 0xf5, 0x54, 0xf5, 0x43, 0xf4, 0x32, 0xf3,
    0x32, 0xf4, 0x44, 0xf5, 0x33, 0xf4, 0x43, 0xf4, 0x32, 0xf3, 0x31, 0xf4, 0x43, 0xf4, 0x32, 0xf3,
    0x32, 0xf4, 0x32, 0xf5, 0x32, 0xf4, 0x54, 0xf7, 0x32, 0xf4, 0x32, 0xf4, 0x43, 0xf6, 0x32, 0xf4,
    0x42, 0xf5, 0x43, 0xf6, 0x43, 0xf5, 0x42, 0xf5, 0x43, 0xf5, 0x32, 0xf4, 0x64, 0xf7, 0x53, 0xf6,
    0x32, 0xf4, 0x43, 0xf5, 0x32, 0xf4, 0x43, 0xf5, 0x43, 0xf5, 0x43, 0xf5, 0x43, 0xf5, 0x43, 0xf5,
    0x43, 0xf5, 0x32, 0xf4, 0x32, 0xf4, 0x32, 0xf4, 0x32, 0xf4, 0x54, 0xf6, 0x42, 0xf5, 0x54, 0xf6,
    0x53, 0xf6, 0x43, 0xf5, 0x42, 0xf5, 0x43, 0xf5, 0x54, 0xf6, 0x42, 0xf5, 0x43, 0xf5, 0x43, 0xf6,
    0x43, 0xf4, 0x53, 0xf6, 0x43, 0xf6, 0x43, 0xf5, 0x64, 0xf7, 0x54, 0xf6, 0x43, 0xf5, 0x43, 0xf5,
    0x32, 0xf5, 0x32, 0xf4, 0x43, 0xf5, 0x43, 0xf5, 0x43, 0xf5, 0x64, 0xf7, 0x42, 0xf5, 0x32, 0xf4,
    0x43, 0xf5, 0x53, 0xf7, 0x42, 0xf5, 0x43, 0xf6, 0x64, 0xf7, 0x43, 0xf4, 0x53, 0xf6, 0x32, 0xf4,
    0x65, 0xf7, 0x43, 0xf5, 0x42, 0xf5, 0x43, 0xf5, 0x43, 0xf5, 0x43, 0xf5, 0x43, 0xf5, 0x43, 0xf5,
    0x32, 0xf4, 0x43, 0xf5, 0x32, 0xf4, 0x32, 0xf4, 0x43, 0xf5, 0x43, 0xf5, 0x43, 0xf5, 0x43, 0xf5,
    0x65, 0xf6, 0x65, 0xf7, 0x32, 0xf4, 0x32, 0xf3, 0x32, 0xf4, 0x21, 0xf3, 0x22, 0xf3, 0x22, 0xf3,
    0x32, 0xf5, 0x32, 0xf4, 0x43, 0xf6, 0x53, 0xf6, 0x42, 0xf5, 0x54, 0xf7, 0x43, 0xf6, 0x53, 0xf7,
    0x42, 0xf5, 0x54, 0xf6, 0x42, 0xf4, 0x43, 0xf5, 0x42, 0xf5, 0x65, 0xf8, 0x43, 0xf5, 0x86, 0xf9,
    0x43, 0xf5, 0x32, 0xf5, 0x43, 0xf6, 0x42, 0xf5, 0x43, 0xf5, 0x64, 0xf7, 0x42, 0xf5, 0x53, 0xf6,
    0x32, 0xf5, 0x53, 0xf7, 0x53, 0xf6, 0x42, 0xf6, 0x64, 0xf8, 0x53, 0xf6, 0x43, 0xf6, 0x43, 0xf5,
    0x54, 0xf7, 0x32, 0xf4, 0x54, 0xf6, 0x43, 0xf5, 0x42, 0xf5, 0x43, 0xf6, 0x32, 0xf4, 0x32, 0xf5,
    0x42, 0xf5, 0x42, 0xf5, 0x42, 0xf5, 0x43, 0xf6, 0x43, 0xf5, 0x42, 0xf5, 0x53, 0xf6, 0x42, 0xf5,
    0x53, 0xf6, 0x53, 0xf6, 0x43, 0xf5, 0x53, 0xf6, 0x42, 0xf5, 0x42, 0xf6, 0x42, 0xf5, 0x42, 0xf5,
    0x64, 0xf8, 0x53, 0xf6, 0x64, 0xf8, 0x42, 0xf6, 0x43, 0xf6, 0x64, 0xf7, 0x75, 0xf8, 0x43, 0xf5,
    0x53, 0xf6, 0x42, 0xf5, 0x53, 0xf6, 0x42, 0xf5, 0x54, 0xf6, 0x54, 0xf7, 0x42, 0xf5, 0x64, 0xf7,
    0x32, 0xf4, 0x32, 0xf4, 0x43, 0xf6, 0x64, 0xf7, 0x32, 0xf4, 0x32, 0xf5, 0x43, 0xf5, 0x32, 0xf4,
    0x64, 0xf8, 0x53, 0xf6, 0x54, 0xf6, 0x54, 0xf6, 0x53, 0xf6, 0x43, 0xf6, 0x43, 0xf6, 0x43, 0xf6,
    0x53, 0xf6, 0x64, 0xf7, 0x64, 0xf7, 0x64, 0xf7, 0x32, 0xf4, 0x53, 0xf6, 0x42, 0xf5, 0x32, 0xf4,
    0x54, 0xf7, 0x53, 0xf6, 0x53, 0xf7, 0x53, 0xf6, 0x43, 0xf6, 0x43, 0xf5, 0x53, 0xf7, 0x64, 0xf7,
    0x53, 0xf6, 0x53, 0xf6, 0x43, 0xf5, 0x42, 0xf5, 0x43, 0xf5, 0x43, 0xf5, 0x54, 0xf6, 0x43, 0xf5,
    0x53, 0xf7, 0x43, 0xf6, 0x43, 0xf6, 0x32, 0xf4, 0x43, 0xf5, 0x21, 0xf3, 0x32, 0xf4, 0x32, 0xf5,
    0x43, 0xf6, 0x54, 0xf6, 0x42, 0xf5, 0x53, 0xf6, 0x32, 0xf5, 0x42, 0xf5, 0x42, 0xf5, 0x32, 0xf4,
    0x53, 0xf6, 0x43, 0xf6, 0x53, 0xf6, 0x54, 0xf7, 0x53, 0xf6, 0x43, 0xf5, 0x54, 0xf7, 0x64, 0xf7,
    0x53, 0xf6, 0x43, 0xf6, 0x54, 0xf7, 0x43, 0xf6, 0x53, 0xf6, 0x43, 0xf6, 0x53, 0xf7, 0x43, 0xf6,
    0x53, 0xf6, 0x53, 0xf6, 0x53, 0xf6, 0x43, 0xf5, 0x43, 0xf5, 0x32, 0xf4, 0x53, 0xf6, 0x32, 0xf4,
    0x43, 0xf5, 0x54, 0xf6, 0x43, 0xf6, 0x42, 0xf5, 0x54, 0xf7, 0x53, 0xf7, 0x43, 0xf6, 0x43, 0xf6,
    0x43, 0xf5, 0x43, 0xf5, 0x43, 0xf6, 0x53, 0xf6, 0x42, 0xf5, 0x43, 0xf5, 0x43, 0xf5, 0x43, 0xf6,
    0x54, 0xf7, 0x53, 0xf6, 0x43, 0xf5, 0x43, 0xf5, 0x43, 0xf5, 0x32, 0xf4, 0x43, 0xf6, 0x32, 0xf4,
    0x43, 0xf5, 0x53, 0xf6, 0x54, 0xf6, 0x53, 0xf6, 0x43, 0xf6, 0x43, 0xf5, 0x64, 0xf7, 0x64, 0xf7,
    0x43, 0xf5, 0x42, 0xf5, 0x42, 0xf5, 0x42, 0xf5, 0x43, 0xf5, 0x43, 0xf5, 0x32, 0xf5, 0x43, 0xf5,
    0x42, 0xf5, 0x43, 0xf6, 0x43, 0xf6, 0x65, 0xf7, 0x43, 0xf5, 0x32, 0xf4, 0x54, 0xf6, 0x32, 0xf3,
    0x54, 0xf5, 0x32, 0xf4, 0x32, 0xf4, 0x42, 0xf5, 0x53, 0xf6, 0x32, 0xf5, 0x53, 0xf6, 0x53, 0xf6,
    0x21, 0xf3, 0x43, 0xf6, 0x32, 0xf4, 0x42, 0xf6, 0x53, 0xf7, 0x86, 0xf9, 0x64, 0xf8, 0x75, 0xf8,
    0x43, 0xf6, 0x54, 0xf6, 0x32, 0xf5, 0x43, 0xf5, 0x32, 0xf4, 0x32, 0xf4, 0x32, 0xf4, 0x42, 0xf6,
    0x43, 0xf5, 0x43, 0xf5, 0x53, 0xf6, 0x43, 0xf6, 0x32, 0xf5, 0x53, 0xf7, 0x31, 0xf4, 0x42, 0xf6,
    0x54, 0xf7, 0x42, 0xf6, 0x52, 0xf7, 0x53, 0xf7, 0x53, 0xf7, 0x53, 0xf6, 0x53, 0xf6, 0x31, 0xf4,
    0x43, 0xf6, 0x42, 0xf6, 0x43, 0xf6, 0x31, 0xf4, 0x42, 0xf6, 0x42, 0xf6, 0x32, 0xf5, 0x52, 0xf7,
    0x43, 0xf5, 0x32, 0xf4, 0x43, 0xf4, 0x43, 0xf5, 0x43, 0xf5, 0x43, 0xf5, 0x32, 0xf4, 0x21, 0xf3,
    0x32, 0xf4, 0x32, 0xf4, 0x32, 0xf4, 0x32, 0xf4, 0x43, 0xf5, 0x53, 0xf5, 0x43, 0xf5, 0x54, 0xf6,
    0x32, 0xf4, 0x32, 0xf4, 0x32, 0xf4, 0x32, 0xf4, 0x53, 0xf7, 0x53, 0xf7, 0x42, 0xf5, 0x64, 0xf7,
    0x32, 0xf4, 0x32, 0xf4, 0x43, 0xf5, 0x42, 0xf5, 0x32, 0xf4, 0x53, 0xf6, 0x32, 0xf4, 0x32, 0xf4,
    0x21, 0xf3, 0x32, 0xf4, 0x32, 0xf4, 0x54, 0xf6, 0x32, 0xf5, 0x53, 0xf6, 0x32, 0xf4, 0x32, 0xf4,
    0x21, 0xf3, 0x32, 0xf4, 0x32, 0xf4, 0x53, 0xf6, 0x32, 0xf4, 0x42, 0xf5, 0x43, 0xf6, 0x43, 0xf5,
    0x53, 0xf6, 0x53, 0xf6, 0x42, 0xf5, 0x43, 0xf6, 0x42, 0xf6, 0x42, 0xf5, 0x53, 0xf7, 0x64, 0xf7,
    0x32, 0xf4, 0x53, 0xf7, 0x43, 0xf6, 0x53, 0xf7, 0x54, 0xf7, 0x65, 0xf7, 0x64, 0xf7, 0x43, 0xf6,
    0x42, 0xf5, 0x43, 0xf5, 0x53, 0xf7, 0x42, 0xf5, 0x32, 0xf4, 0x32, 0xf4, 0x32, 0xf4, 0x32, 0xf3,
    0x43, 0xf5, 0x32, 0xf4, 0x42, 0xf5, 0x53, 0xf6, 0x32, 0xf4, 0x32, 0xf4, 0x53, 0xf6, 0x43, 0xf5,
    0x32, 0xf4, 0x32, 0xf4, 0x32, 0xf5, 0x32, 0xf5, 0x43, 0xf5, 0x43, 0xf5, 0x43, 0xf5, 0x43, 0xf5,
    0x42, 0xf5, 0x43, 0xf5, 0x43, 0xf5, 0x43, 0xf5, 0x43, 0xf5, 0x43, 0xf4, 0x43, 0xf5, 0x43, 0xf5,
    0x43, 0xf6, 0x53, 0xf6, 0x64, 0xf8, 0x53, 0xf6, 0x43, 0xf5, 0x53, 0xf6, 0x42, 0xf5, 0x43, 0xf5,
    0x43, 0xf6, 0x53, 0xf7, 0x43, 0xf6, 0x53, 0xf7, 0x42, 0xf5, 0x32, 0xf4, 0x32, 0xf5, 0x32, 0xf4,
    0x43, 0xf5, 0x32, 0xf5, 0x32, 0xf4, 0x43, 0xf5, 0x53, 0xf6, 0x43, 0xf5, 0x54, 0xf6, 0x43, 0xf5,
    0x43, 0xf5, 0x43, 0xf5, 0x42, 0xf5, 0x32, 0xf4, 0x42, 0xf5, 0x43, 0xf5, 0x21, 0xf3, 0x32, 0xf4,
    0x43, 0xf6, 0x64, 0xf7, 0x43, 0xf5, 0x21, 0xf3, 0x42, 0xf5, 0x43, 0xf5, 0x42, 0xf5, 0x43, 0xf5,
    0x43, 0xf5, 0x21, 0xf2, 0x32, 0xf4, 0x21, 0xf3, 0x32, 0xf5, 0x43, 0xf6, 0x32, 0xf4, 0x43, 0xf5,
    0x54, 0xf7, 0x54, 0xf7, 0x53, 0xf6, 0x53, 0xf6, 0x53, 0xf6, 0x54, 0xf7, 0x64, 0xf7, 0x64, 0xf8,
    0x53, 0xf6, 0x43, 0xf5, 0x53, 0xf6, 0x53, 0xf7, 0x64, 0xf7, 0x64, 0xf7, 0x53, 0xf7, 0x54, 0xf6,
    0x32, 0xf4, 0x43, 0xf5, 0x32, 0xf4, 0x43, 0xf6, 0x32, 0xf5, 0x42, 0xf5, 0x64, 0xf8, 0x43, 0xf5,
    0x43, 0xf5, 0x64, 0xf8, 0x32, 0xf5, 0x53, 0xf7, 0x64, 0xf8, 0x42, 0xf5, 0x53, 0xf6, 0x32, 0xf4,
    0x42, 0xf5, 0x52, 0xf7, 0x32, 0xf5, 0x42, 0xf5, 0x53, 0xf7, 0x43, 0xf6, 0x42, 0xf6, 0x53, 0xf7,
    0x32, 0xf4, 0x32, 0xf4, 0x32, 0xf4, 0x32, 0xf4, 0x42, 0xf5, 0x42, 0xf5, 0x32, 0xf5, 0x42, 0xf5,
    0x54, 0xf7, 0x64, 0xf7, 0x64, 0xf7, 0x43, 0xf6, 0x42, 0xf5, 0x32, 0xf4, 0x43, 0xf6, 0x42, 0xf5,
    0x64, 0xf7, 0x64, 0xf7, 0x64, 0xf7, 0x54, 0xf6, 0x53, 0xf6, 0x43, 0xf6, 0x53, 0xf6, 0x54, 0xf6,
    0x43, 0xf6, 0x32, 0xf5, 0x53, 0xf6, 0x43, 0xf6, 0x21, 0xf4, 0x32, 0xf4, 0x32, 0xf4, 0x32, 0xf4,
    0x43, 0xf5, 0x42, 0xf5, 0x43, 0xf6, 0x42, 0xf5, 0x42, 0xf6, 0x42, 0xf5, 0x32, 0xf4, 0x32, 0xf4,
    0x53, 0xf6, 0x32, 0xf4, 0x53, 0xf6, 0x32, 0xf4, 0x53, 0xf6, 0x43, 0xf6, 0x43, 0xf5, 0x42, 0xf5,
    0x43, 0xf5, 0x32, 0xf4, 0x32, 0xf4, 0x53, 0xf6, 0x43, 0xf6, 0x43, 0xf6, 0x54, 0xf7, 0x43, 0xf6,
    0x42, 0xf5, 0x32, 0xf4, 0x53, 0xf6, 0x42, 0xf5, 0x32, 0xf3, 0x43, 0xf5, 0x31, 0xf3, 0x32, 0xf5,
    0x53, 0xf6, 0x42, 0xf5, 0x42, 0xf5, 0x42, 0xf5, 0x32, 0xf4, 0x32, 0xf4, 0x53, 0xf7, 0x42, 0xf6,
    0x43, 0xf5, 0x43, 0xf6, 0x53, 0xf6, 0x43, 0xf6, 0x43, 0xf5, 0x43, 0xf6, 0x43, 0xf5, 0x64, 0xf7,
    0x43, 0xf5, 0x43, 0xf6, 0x43, 0xf5, 0x43, 0xf5, 0x53, 0xf6, 0x65, 0xf8, 0x43, 0xf5, 0x43, 0xf5,
    0x43, 0xf5, 0x43, 0xf6, 0x65, 0xf8, 0x64, 0xf7, 0x75, 0xf8, 0x64, 0xf7, 0x75, 0xf8, 0x64, 0xf7,
    0x75, 0xf8, 0x64, 0xf7, 0x65, 0xf7, 0x75, 0xf9, 0x53, 0xf6, 0x53, 0xf6, 0x43, 0xf5, 0x21, 0xf3,
    0x43, 0xf5, 0x43, 0xf5, 0x43, 0xf5, 0x54, 0xf6, 0x32, 0xf4, 0x43, 0xf5, 0x54, 0xf6, 0x32, 0xf4,
    0x43, 0xf5, 0x53, 0xf6, 0x32, 0xf4, 0x32, 0xf4, 0x54, 0xf6, 0x32, 0xf5, 0x43, 0xf5, 0x32, 0xf4,
    0x43, 0xf5, 0x54, 0xf6, 0x43, 0xf5, 0x32, 0xf5, 0x32, 0xf4, 0x32, 0xf5, 0x75, 0xf9, 0x53, 0xf6,
    0x43, 0xf6, 0x53, 0xf6, 0x42, 0xf5, 0x43, 0xf6, 0x54, 0xf7, 0x42, 0xf5, 0x53, 0xf6, 0x52, 0xf6,
    0x53, 0xf6, 0x43, 0xf6, 0x43, 0xf5, 0x32, 0xf4, 0x32, 0xf4, 0x32, 0xf4, 0x32, 0xf4, 0x32, 0xf4,
    0x32, 0xf3, 0x32, 0xf4, 0x43, 0xf5, 0x43, 0xf5, 0x43, 0xf5, 0x32, 0xf4, 0x32, 0xf4, 0x32, 0xf4,
    0x43, 0xf5, 0x42, 0xf5, 0x42, 0xf5, 0x42, 0xf5, 0x42, 0xf5, 0x42, 0xf6, 0x43, 0xf6, 0x32, 0xf5,
    0x42, 0xf5, 0x32, 0xf5, 0x32, 0xf5, 0x32, 0xf4, 0x31, 0xf4, 0x31, 0xf4, 0x32, 0xf4, 0x32, 0xf4,
    0x54, 0xf7, 0x54, 0xf6, 0x53, 0xf6, 0x43, 0xf5, 0x43, 0xf5, 0x43, 0xf5, 0x43, 0xf5, 0x54, 0xf6,
    0x42, 0xf5, 0x32, 0xf4, 0x42, 0xf5, 0x42, 0xf4, 0x32, 0xf4, 0x43, 0xf5, 0x43, 0xf5, 0x43, 0xf5,
    0x44, 0xf5, 0x33, 0xf4, 0x65, 0xf7, 0x65, 0xf6, 0x33, 0xf4, 0x53, 0xf6, 0x44, 0xf5, 0x54, 0xf6,
    0x54, 0xf6, 0x65, 0xf6, 0x54, 0xf5, 0x54, 0xf5, 0x43, 0xf5, 0x44, 0xf5, 0x43, 0xf4, 0x44, 0xf4,
    0x32, 0xf4, 0x32, 0xf4, 0x32, 0xf4, 0x43, 0xf6, 0x43, 0xf6, 0x32, 0xf4, 0x43, 0xf6, 0x42, 0xf5,
    0x32, 0xf5, 0x52, 0xf6, 0x42, 0xf5, 0x31, 0xf4, 0x32, 0xf4, 0x43, 0xf5, 0x21, 0xf3, 0x42, 0xf5,
    0x43, 0xf6, 0x53, 0xf6, 0x53, 0xf6, 0x43, 0xf6, 0x64, 0xf8, 0x53, 0xf6, 0x43, 0xf6, 0x43, 0xf5,
    0x43, 0xf5, 0x42, 0xf5, 0x43, 0xf6, 0x53, 0xf6, 0x42, 0xf5, 0x54, 0xf5, 0x42, 0xf5, 0x44, 0xf5,
    0x64, 0xf7, 0x53, 0xf7, 0x53, 0xf7, 0x53, 0xf7, 0x53, 0xf6, 0x43, 0xf6, 0x43, 0xf6, 0x32, 0xf4,
    0x43, 0xf5, 0x53, 0xf7, 0x43, 0xf6, 0x53, 0xf7, 0x53, 0xf7, 0x32, 0xf4, 0x42, 0xf5, 0x42, 0xf5,
    0x43, 0xf6, 0x42, 0xf6, 0x43, 0xf6, 0x53, 0xf6, 0x43, 0xf5, 0x44, 0xf4, 0x43, 0xf4, 0x54, 0xf5,
    0x53, 0xf6, 0x42, 0xf5, 0x64, 0xf7, 0x43, 0xf5, 0x42, 0xf5, 0x43, 0xf5, 0x64, 0xf7, 0x75, 0xf8,
    0x43, 0xf5, 0x32, 0xf4, 0x43, 0xf5, 0x54, 0xf6, 0x43, 0xf5, 0x54, 0xf6, 0x54, 0xf6, 0x54, 0xf6,
    0x54, 0xf6, 0x76, 0xf7, 0x43, 0xf5, 0x65, 0xf6, 0x54, 0xf6, 0x54, 0xf6, 0x55, 0xf6, 0x65, 0xf7,
    0x44, 0xf5, 0x43, 0xf4, 0x43, 0xf4, 0x43, 0xf4, 0x44, 0xf5, 0x55, 0xf6, 0x55, 0xf6, 0x65, 0xf6,
    0x54, 0xf6, 0x44, 0xf5, 0x55, 0xf6, 0x54, 0xf6, 0x54, 0xf6, 0x55, 0xf6, 0x54, 0xf6, 0x54, 0xf6,
    0x54, 0xf6, 0x65, 0xf7, 0x55, 0xf6, 0x54, 0xf6, 0x54, 0xf6, 0x65, 0xf7, 0x44, 0xf5, 0x65, 0xf7,
    0x43, 0xf4, 0x43, 0xf5, 0x43, 0xf5, 0x43, 0xf5, 0x43, 0xf4, 0x44, 0xf5, 0x32, 0xf4, 0x32, 0xf4,
    0x54, 0xf5, 0x54, 0xf6, 0x54, 0xf5, 0x43, 0xf4, 0x64, 0xf7, 0x54, 0xf5, 0x54, 0xf5, 0x54, 0xf5,
    0x33, 0xf4, 0x32, 0xf4, 0x43, 0xf5, 0x53, 0xf6, 0x65, 0xf6, 0x54, 0xf6, 0x64, 0xf7, 0x54, 0xf6,
    0x54, 0xf6, 0x65, 0xf7, 0x54, 0xf5, 0x54, 0xf5, 0x65, 0xf7, 0x54, 0xf5, 0x43, 0xf5, 0x55, 0xf6,
    0x64, 0xf8, 0x43, 0xf5, 0x53, 0xf7, 0x42, 0xf5, 0x43, 0xf5, 0x54, 0xf5, 0x32, 0xf4, 0x32, 0xf4,
    0x65, 0xf6, 0x65, 0xf6, 0x66, 0xf6, 0x65, 0xf7, 0x55, 0xf6, 0x65, 0xf6, 0x54, 0xf6, 0x55, 0xf5,
    0x54, 0xf6, 0x43, 0xf5, 0x54, 0xf6, 0x65, 0xf6, 0x65, 0xf6, 0x66, 0xf7, 0x65, 0xf6, 0x65, 0xf7,
    0x32, 0xf4, 0x32, 0xf4, 0x32, 0xf4, 0x43, 0xf4, 0x42, 0xf5, 0x54, 0xf6, 0x43, 0xf5, 0x65, 0xf7,
    0x32, 0xf4, 0x32, 0xf4, 0x63, 0xf7, 0x53, 0xf6, 0x54, 0xf6, 0x54, 0xf6, 0x54, 0xf5, 0x43, 0xf5,
    0x65, 0xf6, 0x54, 0xf6, 0x54, 0xf6, 0x54, 0xf6, 0x65, 0xf6, 0x55, 0xf6, 0x65, 0xf7, 0x54, 0xf6,
    0x53, 0xf6, 0x65, 0xf7, 0x53, 0xf6, 0x54, 0xf6, 0x65, 0xf6, 0x43, 0xf5, 0x54, 0xf6, 0x65, 0xf7,
    0x65, 0xf6, 0x55, 0xf6, 0x44, 0xf5, 0x44, 0xf5, 0x55, 0xf6, 0x54, 0xf5, 0x44, 0xf4, 0x54, 0xf5,
    0x54, 0xf5, 0x54, 0xf5, 0x55, 0xf6, 0x55, 0xf6, 0x43, 0xf4, 0x54, 0xf6, 0x44, 0xf5, 0x76, 0xf8,
    0x55, 0xf6, 0x65, 0xf6, 0x65, 0xf6, 0x65, 0xf6, 0x66, 0xf7, 0x65, 0xf6, 0x65, 0xf6, 0x65, 0xf6,
    0x65, 0xf6, 0x65, 0xf6, 0x66, 0xf7, 0x54, 0xf5, 0x44, 0xf5, 0x54, 0xf5, 0x43, 0xf4, 0x55, 0xf6,
    0x65, 0xf6, 0x54, 0xf6, 0x55, 0xf6, 0x55, 0xf6, 0x54, 0xf6, 0x76, 0xf8, 0x54, 0xf6, 0x76, 0xf7,
    0x44, 0xf5, 0x65, 0xf6, 0x65, 0xf6, 0x65, 0xf6, 0x55, 0xf6, 0x65, 0xf7, 0x54, 0xf5, 0x54, 0xf5,
    0x65, 0xf7, 0x65, 0xf6, 0x65, 0xf6, 0x76, 0xf7, 0x44, 0xf5, 0x43, 0xf4, 0x54, 0xf5, 0x33, 0xf4,
    0x65, 0xf6, 0x76, 0xf8, 0x65, 0xf6, 0x76, 0xf8, 0x54, 0xf5, 0x32, 0xf3, 0x54, 0xf5, 0x43, 0xf4,
    0x42, 0xf5, 0x42, 0xf5, 0x42, 0xf5, 0x43, 0xf6, 0x43, 0xf4, 0x32, 0xf4, 0x42, 0xf5, 0x32, 0xf4,
    0x32, 0xf4, 0x32, 0xf4, 0x31, 0xf4, 0x32, 0xf4, 0x53, 0xf6, 0x42, 0xf5, 0x53, 0xf6, 0x53, 0xf6,
    0x43, 0xf5, 0x53, 0xf6, 0x43, 0xf5, 0x54, 0xf5, 0x54, 0xf6, 0x65, 0xf6, 0x65, 0xf6, 0x65, 0xf7,
    0x31, 0xf4, 0x43, 0xf5, 0x32, 0xf4, 0x43, 0xf6, 0x54, 0xf6, 0x54, 0xf6, 0x43, 0xf5, 0x43, 0xf5,
    0x53, 0xf7, 0x21, 0xf3, 0x64, 0xf7, 0x21, 0xf3, 0x32, 0xf3, 0x54, 0xf5, 0x22, 0xf3, 0x33, 0xf4,
    0x53, 0xf6, 0x21, 0xf3, 0x42, 0xf5, 0x42, 0xf6, 0x21, 0xf2, 0x21, 0xf3, 0x32, 0xf4, 0x32, 0xf4,
    0x43, 0xf4, 0x43, 0xf6, 0x43, 0xf5, 0x53, 0xf6, 0x32, 0xf4, 0x54, 0xf5, 0x32, 0xf4, 0x43, 0xf4,
    0x43, 0xf5, 0x43, 0xf5, 0x43, 0xf5, 0x54, 0xf6, 0x32, 0xf4, 0x32, 0xf3, 0x32, 0xf4, 0x21, 0xf2,
    0x54, 0xf6, 0x65, 0xf6, 0x54, 0xf6, 0x66, 0xf7, 0x54, 0xf5, 0x53, 0xf5, 0x76, 0xf8, 0x44, 0xf5,
    0x54, 0xf7, 0x65, 0xf6, 0x54, 0xf6, 0x55, 0xf6, 0x76, 0xf7, 0x44, 0xf5, 0x54, 0xf5, 0x33, 0xf4,
    0x76, 0xf9, 0x86, 0xf8, 0x54, 0xf6, 0x43, 0xf5, 0x44, 0xf5, 0x54, 0xf5, 0x33, 0xf4, 0x33, 0xf4,
    0x32, 0xf4, 0x32, 0xf3, 0x32, 0xf3, 0x32, 0xf4, 0x32, 0xf4, 0x32, 0xf3, 0x22, 0xf3, 0x32, 0xf5,
    0x54, 0xf5, 0x54, 0xf6, 0x55, 0xf6, 0x44, 0xf5, 0x43, 0xf5, 0x32, 0xf4, 0x22, 0xf3, 0x21, 0xf3,
    0x54, 0xf6, 0x22, 0xf3, 0x31, 0xf3, 0x22, 0xf3, 0x21, 0xf3, 0x31, 0xf5, 0x31, 0xf4, 0x42, 0xf6,
    0x32, 0xf4, 0x21, 0xf3, 0x31, 0xf5, 0x42, 0xf6, 0x31, 0xf4, 0x53, 0xf6, 0x31, 0xf4, 0x32, 0xf4,
    0x64, 0xf8, 0x75, 0xf9, 0x86, 0xf9, 0x75, 0xf8, 0x54, 0xf7, 0x32, 0xf5, 0x64, 0xf8, 0x53, 0xf6,
    0x65, 0xf6, 0x55, 0xf6, 0x76, 0xf8, 0x76, 0xf8, 0x65, 0xf6, 0x65, 0xf7, 0x65, 0xf6, 0x65, 0xf7,
    0x77, 0xf8, 0x87, 0xf8, 0x76, 0xf8, 0x87, 0xf9, 0x76, 0xf7, 0x54, 0xf5, 0x65, 0xf6, 0x22, 0xf3,
    0x65, 0xf6, 0x65, 0xf6, 0x55, 0xf6, 0x43, 0xf4, 0x33, 0xf3, 0x33, 0xf4, 0x33, 0xf4, 0x33, 0xf4,
    0x43, 0xf4, 0x32, 0xf3, 0x32, 0xf3, 0x32, 0xf3, 0x43, 0xf4, 0x33, 0xf4, 0x33, 0xf4, 0x43, 0xf5,
    0x65, 0xf6, 0x65, 0xf7, 0x33, 0xf4, 0x32, 0xf3, 0x44, 0xf5, 0x43, 0xf4, 0x54, 0xf5, 0x33, 0xf4,
    0x43, 0xf4, 0x54, 0xf5, 0x55, 0xf5, 0x33, 0xf4, 0x43, 0xf5, 0x22, 0xf3, 0x32, 0xf4, 0x32, 0xf4,
    0x22, 0xf3, 0x33, 0xf4, 0x22, 0xf3, 0x33, 0xf4, 0x43, 0xf4, 0x43, 0xf4, 0x43, 0xf4, 0x21, 0xf2,
    0x22, 0xf3, 0x33, 0xf4, 0x22, 0xf3, 0x21, 0xf2, 0x32, 0xf4, 0x21, 0xf3, 0x21, 0xf3, 0x21, 0xf3,
    0x32, 0xf3, 0x22, 0xf3, 0x32, 0xf3, 0x21, 0xf3, 0x32, 0xf4, 0x55, 0xf6, 0x32, 0xf4, 0x43, 0xf5,
    0x33, 0xf4, 0x21, 0xf3, 0x43, 0xf5, 0x32, 0xf4, 0x32, 0xf4, 0x32, 0xf4, 0x42, 0xf5, 0x32, 0xf4,
    0x54, 0xf6, 0x32, 0xf4, 0x32, 0xf4, 0x32, 0xf5, 0x32, 0xf5, 0x22, 0xf3, 0x32, 0xf5, 0x42, 0xf5,
    0x32, 0xf4, 0x42, 0xf5, 0x32, 0xf4, 0x43, 0xf6, 0x32, 0xf5, 0x42, 0xf6, 0x53, 0xf6, 0x32, 0xf4,
    0x32, 0xf4, 0x43, 0xf6, 0x21, 0xf2, 0x32, 0xf5, 0x43, 0xf5, 0x32, 0xf4, 0x32, 0xf5, 0x32, 0xf4,
    0x21, 0xf3, 0x32, 0xf4, 0x32, 0xf4, 0x32, 0xf4, 0x32, 0xf4, 0x32, 0xf4, 0x32, 0xf4, 0x32, 0xf5,
    0x43, 0xf6, 0x43, 0xf5, 0x32, 0xf5, 0x53, 0xf6, 0x43, 0xf6, 0x32, 0xf4, 0x43, 0xf5, 0x43, 0xf6,
    0x32, 0xf4, 0x53, 0xf7, 0x43, 0xf6, 0x43, 0xf6, 0x43, 0xf5, 0x65, 0xf7, 0x53, 0xf6, 0x64, 0xf7,
    0x54, 0xf5, 0x32, 0xf4, 0x32, 0xf4, 0x32, 0xf3, 0x33, 0xf4, 0x32, 0xf3, 0x22, 0xf3, 0x32, 0xf4,
    0x21, 0xf4, 0x31, 0xf4, 0x43, 0xf6, 0x43, 0xf6, 0x53, 0xf6, 0x32, 0xf5, 0x42, 0xf6, 0x42, 0xf5,
    0x32, 0xf3, 0x21, 0xf3, 0x42, 0xf5, 0x43, 0xf5, 0x32, 0xf4, 0x32, 0xf4, 0x22, 0xf3, 0x21, 0xf3,
    0x32, 0xf3, 0x43, 0xf5, 0x43, 0xf6, 0x42, 0xf5, 0x64, 0xf7, 0x32, 0xf4, 0x65, 0xf7, 0x32, 0xf4,
    0x65, 0xf7, 0x65, 0xf8, 0x64, 0xf7, 0x65, 0xf7, 0x42, 0xf5, 0x53, 0xf5, 0x54, 0xf6, 0x32, 0xf4,
    0x42, 0xf6, 0x42, 0xf5, 0x32, 0xf4, 0x32, 0xf4, 0x32, 0xf4, 0x42, 0xf5, 0x43, 0xf4, 0x54, 0xf6,
    0x53, 0xf7, 0x42, 0xf5, 0x43, 0xf5, 0x43, 0xf6, 0x53, 0xf6, 0x32, 0xf4, 0x43, 0xf5, 0x32, 0xf4,
    0x43, 0xf5, 0x43, 0xf5, 0x54, 0xf6, 0x54, 0xf6, 0x54, 0xf6, 0x43, 0xf5, 0x64, 0xf7, 0x64, 0xf7,
    0x32, 0xf4, 0x32, 0xf4, 0x32, 0xf4, 0x43, 0xf5, 0x43, 0xf5, 0x32, 0xf4, 0x43, 0xf5, 0x32, 0xf4,
    0x32, 0xf4, 0x53, 0xf6, 0x42, 0xf5, 0x43, 0xf5, 0x43, 0xf6, 0x42, 0xf5, 0x42, 0xf5, 0x42, 0xf6,
    0x43, 0xf6, 0x32, 0xf5, 0x32, 0xf5, 0x42, 0xf5, 0x43, 0xf5, 0x43, 0xf5, 0x53, 0xf7, 0x43, 0xf6,
    0x32, 0xf4, 0x32, 0xf4, 0x43, 0xf6, 0x32, 0xf4, 0x42, 0xf5, 0x43, 0xf5, 0x32, 0xf4, 0x43, 0xf5,
    0x42, 0xf5, 0x43, 0xf5, 0x53, 0xf6, 0x64, 0xf7, 0x43, 0xf5, 0x43, 0xf6, 0x43, 0xf5, 0x43, 0xf6,
    0x53, 0xf7, 0x53, 0xf6, 0x54, 0xf7, 0x53, 0xf6, 0x32, 0xf4, 0x32, 0xf4, 0x43, 0xf5, 0x32, 0xf4,
    0x42, 0xf5, 0x32, 0xf4, 0x43, 0xf4, 0x32, 0xf4, 0x32, 0xf5, 0x32, 0xf4, 0x32, 0xf4, 0x32, 0xf5,
    0x43, 0xf5, 0x43, 0xf5, 0x42, 0xf5, 0x43, 0xf6, 0x32, 0xf5, 0x32, 0xf5, 0x43, 0xf5, 0x32, 0xf4,
    0x31, 0xf4, 0x42, 0xf6, 0x21, 0xf2, 0x21, 0xf4, 0x54, 0xf6, 0x54, 0xf6, 0x43, 0xf5, 0x65, 0xf7,
    0x31, 0xf5, 0x31, 0xf4, 0x43, 0xf5, 0x32, 0xf4, 0x54, 0xf6, 0x65, 0xf7, 0x31, 0xf4, 0x43, 0xf5,
    0x54, 0xf6, 0x54, 0xf6, 0x54, 0xf6, 0x54, 0xf6, 0x65, 0xf7, 0x32, 0xf3, 0x65, 0xf7, 0x43, 0xf5,
    0x43, 0xf5, 0x76, 0xf8, 0x54, 0xf5, 0x43, 0xf4, 0x43, 0xf5, 0x21, 0xf3, 0x32, 0xf4, 0x64, 0xf7,
    0x64, 0xf7, 0x43, 0xf5, 0x53, 0xf6, 0x43, 0xf5, 0x42, 0xf5, 0x32, 0xf5, 0x43, 0xf5, 0x32, 0xf5,
    0x54, 0xf6, 0x32, 0xf4, 0x43, 0xf5, 0x32, 0xf3, 0x32, 0xf3, 0x32, 0xf4, 0x33, 0xf4, 0x43, 0xf5,
    0x32, 0xf5, 0x43, 0xf5, 0x32, 0xf4, 0x54, 0xf7, 0x75, 0xf8, 0x75, 0xf8, 0x76, 0xf8, 0x53, 0xf6,
    0x32, 0xf3, 0x42, 0xf5, 0x32, 0xf4, 0x54, 0xf7, 0x53, 0xf6, 0x54, 0xf6, 0x64, 0xf6, 0x54, 0xf6,
    0x21, 0xf2, 0x32, 0xf4, 0x21, 0xf3, 0x42, 0xf5, 0x21, 0xf3, 0x42, 0xf5, 0x43, 0xf5, 0x21, 0xf3,
    0x53, 0xf6, 0x64, 0xf7, 0x64, 0xf8, 0x54, 0xf6, 0x65, 0xf7, 0x53, 0xf6, 0x75, 0xf8, 0x64, 0xf7,
    0x54, 0xf7, 0x42, 0xf5, 0x31, 0xf4, 0x21, 0xf3, 0x64, 0xf8, 0x53, 0xf6, 0x32, 0xf4, 0x43, 0xf5,
    0x54, 0xf6, 0x54, 0xf7, 0x75, 0xf8, 0x65, 0xf7, 0x32, 0xf4, 0x32, 0xf4, 0x42, 0xf5, 0x32, 0xf4,
    0x43, 0xf5, 0x43, 0xf5, 0x54, 0xf6, 0x53, 0xf6, 0x76, 0xf8, 0x54, 0xf6, 0x65, 0xf7, 0x64, 0xf7,
    0x54, 0xf6, 0x53, 0xf6, 0x65, 0xf7, 0x54, 0xf6, 0x76, 0xf8, 0x76, 0xf8, 0x65, 0xf7, 0x76, 0xf8,
    0x54, 0xf6, 0x76, 0xf8, 0x65, 0xf7, 0x75, 0xf8, 0x43, 0xf5, 0x53, 0xf7, 0x64, 0xf7, 0x75, 0xf8,
    0x75, 0xf7, 0x65, 0xf7, 0x75, 0xf8, 0x54, 0xf6, 0x53, 0xf6, 0x76, 0xf8, 0x43, 0xf5, 0x75, 0xf8,
    0x32, 0xf3, 0x22, 0xf3, 0x21, 0xf3, 0x53, 0xf6, 0x43, 0xf5, 0x32, 0xf4, 0x65, 0xf7, 0x32, 0xf4,
    0x53, 0xf6, 0x76, 0xf8, 0x65, 0xf7, 0x76, 0xf8, 0x75, 0xf7, 0x54, 0xf6, 0x43, 0xf5, 0x43, 0xf4,
    0x53, 0xf6, 0x65, 0xf7, 0x32, 0xf4, 0x65, 0xf7, 0x65, 0xf7, 0x65, 0xf7, 0x65, 0xf6, 0x65, 0xf7,
    0x21, 0xf3, 0x53, 0xf6, 0x32, 0xf4, 0x32, 0xf4, 0x54, 0xf6, 0x54, 0xf5, 0x54, 0xf6, 0x54, 0xf6,
    0x54, 0xf6, 0x64, 0xf6, 0x33, 0xf4, 0x43, 0xf4, 0x32, 0xf4, 0x21, 0xf3, 0x32, 0xf4, 0x32, 0xf4,
    0x33, 0xf4, 0x21, 0xf2, 0x43, 0xf5, 0x32, 0xf4, 0x42, 0xf6, 0x42, 0xf5, 0x53, 0xf8, 0x42, 0xf7,
    0x42, 0xf6, 0x32, 0xf4, 0x64, 0xf8, 0x53, 0xf6, 0x54, 0xf6, 0x65, 0xf8, 0x43, 0xf5, 0x76, 0xf8,
    0x53, 0xf6, 0x54, 0xf7, 0x54, 0xf6, 0x43, 0xf5, 0x43, 0xf5, 0x76, 0xf8, 0x43, 0xf5, 0x54, 0xf6,
    0x75, 0xf8, 0x65, 0xf7, 0x75, 0xf8, 0x76, 0xf8, 0x54, 0xf7, 0x65, 0xf8, 0x54, 0xf6, 0x54, 0xf6,
    0x64, 0xf7, 0x65, 0xf7, 0x64, 0xf7, 0x54, 0xf6, 0x65, 0xf7, 0x65, 0xf8, 0x43, 0xf6, 0x86, 0xf9,
    0x64, 0xf7, 0x54, 0xf6, 0x54, 0xf7, 0x65, 0xf7, 0x43, 0xf6, 0x53, 0xf6, 0x65, 0xf7, 0x43, 0xf5,
    0x54, 0xf7, 0x53, 0xf6, 0x76, 0xf8, 0x64, 0xf7, 0x65, 0xf7, 0x54, 0xf6, 0x54, 0xf6, 0x54, 0xf6,
    0x65, 0xf8, 0x76, 0xf8, 0x76, 0xf8, 0x87, 0xf9, 0x54, 0xf6, 0x65, 0xf7, 0x65, 0xf7, 0x54, 0xf6,
    0x87, 0xf9, 0x65, 0xf7, 0x43, 0xf5, 0x43, 0xf5, 0x65, 0xf8, 0x76, 0xf8, 0x75, 0xf8, 0x86, 0xf9,
    0x65, 0xf8, 0x54, 0xf7, 0x65, 0xf7, 0x75, 0xf8, 0x64, 0xf7, 0x54, 0xf6, 0x64, 0xf7, 0x53, 0xf6,
    0x76, 0xf8, 0x75, 0xf8, 0x76, 0xf8, 0x86, 0xf9, 0x54, 0xf7, 0x43, 0xf6, 0x75, 0xf8, 0x54, 0xf6,
    0x22, 0xf3, 0x32, 0xf3, 0x22, 0xf3, 0x43, 0xf5, 0x43, 0xf4, 0x54, 0xf7, 0x53, 0xf6, 0x54, 0xf6,
    0x22, 0xf3, 0x54, 0xf6, 0x31, 0xf3, 0x54, 0xf6, 0x54, 0xf6, 0x53, 0xf6, 0x54, 0xf7, 0x75, 0xf8,
    0x65, 0xf8, 0x54, 0xf6, 0x53, 0xf6, 0x54, 0xf6, 0x53, 0xf6, 0x64, 0xf7, 0x42, 0xf5, 0x53, 0xf6,
    0x43, 0xf5, 0x42, 0xf5, 0x64, 0xf7, 0x43, 0xf5, 0x32, 0xf5, 0x42, 0xf5, 0x53, 0xf6, 0x54, 0xf7,
    0x54, 0xf6, 0x64, 0xf7, 0x65, 0xf7, 0x43, 0xf5, 0x53, 0xf6, 0x64, 0xf7, 0x43, 0xf5, 0x43, 0xf5,
    0x65, 0xf7, 0x43, 0xf6, 0x64, 0xf7, 0x65, 0xf7, 0x54, 0xf7, 0x53, 0xf6, 0x43, 0xf5, 0x75, 0xf8,
    0x64, 0xf7, 0x32, 0xf4, 0x43, 0xf5, 0x32, 0xf3, 0x43, 0xf5, 0x43, 0xf5, 0x43, 0xf4, 0x43, 0xf5,
    0x32, 0xf4, 0x32, 0xf4, 0x65, 0xf7, 0x32, 0xf4, 0x43, 0xf5, 0x43, 0xf5, 0x32, 0xf4, 0x22, 0xf3,
    0x43, 0xf6, 0x43, 0xf5, 0x64, 0xf7, 0x32, 0xf5, 0x32, 0xf4, 0x32, 0xf4, 0x32, 0xf4, 0x32, 0xf4,
    0x53, 0xf6, 0x43, 0xf6, 0x65, 0xf7, 0x64, 0xf7, 0x32, 0xf4, 0x32, 0xf5, 0x53, 0xf7, 0x42, 0xf5,
    0x42, 0xf4, 0x43, 0xf5, 0x43, 0xf5, 0x42, 0xf5, 0x42, 0xf5, 0x32, 0xf4, 0x32, 0xf4, 0x32, 0xf4,
    0x43, 0xf6, 0x42, 0xf5, 0x43, 0xf6, 0x42, 0xf5, 0x32, 0xf5, 0x32, 0xf4, 0x32, 0xf4, 0x32, 0xf4,
    0x32, 0xf5, 0x42, 0xf5, 0x32, 0xf4, 0x43, 0xf6, 0x53, 0xf7, 0x53, 0xf7, 0x43, 0xf6, 0x43, 0xf6,
    0x32, 0xf4, 0x53, 0xf6, 0x43, 0xf5, 0x43, 0xf5, 0x42, 0xf6, 0x53, 0xf6, 0x32, 0xf5, 0x42, 0xf5,
    0x43, 0xf6, 0x32, 0xf4, 0x42, 0xf5, 0x42, 0xf5, 0x21, 0xf3, 0x32, 0xf4, 0x32, 0xf4, 0x32, 0xf4,
    0x42, 0xf5, 0x32, 0xf5, 0x42, 0xf6, 0x42, 0xf5, 0x42, 0xf5, 0x32, 0xf4, 0x32, 0xf4, 0x21, 0xf2,
    0x64, 0xf7, 0x65, 0xf7, 0x65, 0xf7, 0x76, 0xf8, 0x53, 0xf6, 0x86, 0xf9, 0x64, 0xf7, 0x76, 0xf8,
    0x54, 0xf6, 0x64, 0xf7, 0x53, 0xf6, 0x53, 0xf6, 0x65, 0xf8, 0x75, 0xf8, 0x65, 0xf7, 0x75, 0xf8,
    0x76, 0xf8, 0x65, 0xf7, 0x65, 0xf7, 0x54, 0xf7, 0x54, 0xf6, 0x32, 0xf4, 0x54, 0xf6, 0x54, 0xf6,
    0x64, 0xf7, 0x53, 0xf6, 0x75, 0xf8, 0x64, 0xf7, 0x54, 0xf6, 0x54, 0xf6, 0x54, 0xf7, 0x43, 0xf4,
    0x54, 0xf7, 0x54, 0xf6, 0x54, 0xf6, 0x54, 0xf6, 0x54, 0xf6, 0x64, 0xf7, 0x64, 0xf7, 0x75, 0xf8,
    0x54, 0xf6, 0x64, 0xf7, 0x65, 0xf7, 0x65, 0xf7, 0x65, 0xf8, 0x75, 0xf8, 0x65, 0xf8, 0x65, 0xf8,
    0x76, 0xf8, 0x76, 0xf8, 0x65, 0xf7, 0x65, 0xf7, 0x65, 0xf7, 0x54, 0xf6, 0x65, 0xf7, 0x43, 0xf4,
    0x54, 0xf6, 0x54, 0xf6, 0x65, 0xf8, 0x43, 0xf5, 0x32, 0xf4, 0x11, 0xf2, 0x21, 0xf3, 0x32, 0xf3,
    0x43, 0xf5, 0x22, 0xf3, 0x54, 0xf5, 0x32, 0xf3, 0x32, 0xf5, 0x42, 0xf5, 0x32, 0xf4, 0x43, 0xf5,
    0x43, 0xf5, 0x32, 0xf4, 0x21, 0xf3, 0x32, 0xf4, 0x32, 0xf4, 0x53, 0xf5, 0x42, 0xf4, 0x43, 0xf5,
    0x43, 0xf5, 0x43, 0xf6, 0x54, 0xf6, 0x54, 0xf6, 0x33, 0xf4, 0x21, 0xf3, 0x32, 0xf4, 0x33, 0xf4,
    0x65, 0xf7, 0x43, 0xf5, 0x32, 0xf4, 0x21, 0xf3, 0x43, 0xf5, 0x54, 0xf6, 0x43, 0xf5, 0x43, 0xf5,
    0x21, 0xf3, 0x32, 0xf4, 0x21, 0xf3, 0x43, 0xf6, 0x43, 0xf5, 0x43, 0xf5, 0x53, 0xf6, 0x31, 0xf4,
    0x21, 0xf2, 0x44, 0xf5, 0x43, 0xf5, 0x65, 0xf7, 0x54, 0xf6, 0x32, 0xf4, 0x65, 0xf7, 0x43, 0xf5,
    0x32, 0xf3, 0x21, 0xf3, 0x21, 0xf3, 0x21, 0xf3, 0x43, 0xf5, 0x43, 0xf6, 0x64, 0xf7, 0x64, 0xf7,
    0x42, 0xf6, 0x42, 0xf6, 0x32, 0xf5, 0x42, 0xf6, 0x42, 0xf6, 0x32, 0xf4, 0x42, 0xf5, 0x21, 0xf3,
    0x43, 0xf4, 0x54, 0xf5, 0x43, 0xf4, 0x54, 0xf5, 0x54, 0xf5, 0x43, 0xf4, 0x55, 0xf6, 0x33, 0xf4,
    0x32, 0xf4, 0x54, 0xf5, 0x43, 0xf4, 0x43, 0xf5, 0x54, 0xf5, 0x33, 0xf4, 0x54, 0xf6, 0x43, 0xf4,
    0x43, 0xf4, 0x44, 0xf5, 0x43, 0xf4, 0x54, 0xf6, 0x65, 0xf7, 0x55, 0xf6, 0x76, 0xf9, 0x75, 0xf8,
    0x33, 0xf4, 0x54, 0xf6, 0x33, 0xf4, 0x65, 0xf6, 0x76, 0xf7, 0x66, 0xf7, 0x76, 0xf7, 0x54, 0xf5,
    0x54, 0xf6, 0x54, 0xf6, 0x65, 0xf7, 0x54, 0xf6, 0x54, 0xf7, 0x43, 0xf4, 0x64, 0xf7, 0x32, 0xf4,
    0x65, 0xf7, 0x53, 0xf6, 0x75, 0xf8, 0x65, 0xf7, 0x65, 0xf7, 0x43, 0xf5, 0x43, 0xf5, 0x43, 0xf4,
    0x32, 0xf3, 0x54, 0xf5, 0x32, 0xf3, 0x32, 0xf4, 0x44, 0xf5, 0x32, 0xf3, 0x32, 0xf3, 0x42, 0xf6,
    0x31, 0xf4, 0x32, 0xf4, 0x32, 0xf4, 0x32, 0xf4, 0x42, 0xf5, 0x42, 0xf6, 0x53, 0xf6, 0x42, 0xf5,
    0x44, 0xf5, 0x55, 0xf5, 0x65, 0xf6, 0x54, 0xf5, 0x65, 0xf6, 0x65, 0xf6, 0x55, 0xf5, 0x44, 0xf4,
    0x65, 0xf6, 0x43, 0xf5, 0x33, 0xf3, 0x33, 0xf4, 0x33, 0xf4, 0x32, 0xf3, 0x32, 0xf3, 0x32, 0xf5,
    0x54, 0xf5, 0x32, 0xf3, 0x22, 0xf3, 0x11, 0xf2, 0x21, 0xf3, 0x53, 0xf7, 0x42, 0xf5, 0x74, 0xf9,
    0x21, 0xf3, 0x20, 0xf3, 0x41, 0xf6, 0x31, 0xf5, 0x53, 0xf6, 0x63, 0xf7, 0x42, 0xf5, 0x53, 0xf7,
    0x43, 0xf5, 0x32, 0xf4, 0x75, 0xf9, 0x54, 0xf7, 0x32, 0xf4, 0x32, 0xf4, 0x32, 0xf3, 0x32, 0xf4,
    0x32, 0xf4, 0x53, 0xf6, 0x43, 0xf5, 0x42, 0xf6, 0x32, 0xf5, 0x42, 0xf5, 0x53, 0xf7, 0x53, 0xf7,
    0x42, 0xf6, 0x43, 0xf5, 0x32, 0xf4, 0x32, 0xf5, 0x53, 0xf7, 0x42, 0xf6, 0x31, 0xf5, 0x31, 0xf4,
    0x32, 0xf4, 0x42, 0xf5, 0x32, 0xf5, 0x75, 0xf9, 0x43, 0xf6, 0x53, 0xf7, 0x75, 0xf9, 0x75, 0xf9,
    0x54, 0xf7, 0x54, 0xf7, 0x42, 0xf5, 0x43, 0xf5, 0x22, 0xf3, 0x32, 0xf4, 0x43, 0xf5, 0x43, 0xf5,
    0x32, 0xf4, 0x64, 0xf7, 0x43, 0xf5, 0x54, 0xf6, 0x86, 0xf9, 0x54, 0xf6, 0x65, 0xf7, 0x43, 0xf5,
    0x42, 0xf5, 0x42, 0xf5, 0x32, 0xf5, 0x43, 0xf6, 0x42, 0xf6, 0x42, 0xf6, 0x42, 0xf5, 0x42, 0xf6,
    0x43, 0xf5, 0x43, 0xf5, 0x54, 0xf6, 0x65, 0xf7, 0x32, 0xf5, 0x32, 0xf4, 0x43, 0xf5, 0x32, 0xf4,
    0x43, 0xf5, 0x32, 0xf5, 0x43, 0xf5, 0x32, 0xf4, 0x54, 0xf6, 0x54, 0xf6, 0x64, 0xf7, 0x43, 0xf5,
    0x43, 0xf5, 0x54, 0xf6, 0x43, 0xf5, 0x43, 0xf5, 0x43, 0xf5, 0x32, 0xf5, 0x32, 0xf4, 0x43, 0xf5,
    0x42, 0xf5, 0x54, 0xf6, 0x43, 0xf5, 0x64, 0xf7, 0x32, 0xf4, 0x32, 0xf4, 0x32, 0xf4, 0x31, 0xf4,
    0x54, 0xf7, 0x65, 0xf6, 0x54, 0xf6, 0x32, 0xf4, 0x32, 0xf4, 0x32, 0xf4, 0x42, 0xf6, 0x42, 0xf6,
    0x75, 0xf8, 0x53, 0xf7, 0x54, 0xf7, 0x32, 0xf4, 0x43, 0xf6, 0x53, 0xf7, 0x43, 0xf6, 0x64, 0xf8,
    0x32, 0xf4, 0x42, 0xf5, 0x42, 0xf5, 0x42, 0xf5, 0x53, 0xf6, 0x64, 0xf8, 0x64, 0xf8, 0x75, 0xf9,
    0x75, 0xf8, 0x97, 0xfa, 0x74, 0xf8, 0x64, 0xf8, 0x86, 0xf9, 0x75, 0xf9, 0x75, 0xf8, 0x75, 0xf9,
    0x64, 0xf8, 0x53, 0xf7, 0x64, 0xf8, 0x63, 0xf8, 0x53, 0xf7, 0x75, 0xf8, 0x64, 0xf8, 0x75, 0xf9,
    0x32, 0xf5, 0x43, 0xf6, 0x32, 0xf5, 0x32, 0xf5, 0x75, 0xf8, 0x75, 0xf8, 0x53, 0xf6, 0x53, 0xf7,
    0x43, 0xf5, 0x43, 0xf6, 0x75, 0xf8, 0x76, 0xf9, 0x42, 0xf5, 0x42, 0xf6, 0x32, 0xf4, 0x53, 0xf6,
    0x75, 0xf8, 0x74, 0xf8, 0x64, 0xf8, 0x75, 0xf9, 0x75, 0xf9, 0x75, 0xf9, 0x86, 0xfa, 0x85, 0xf9,
    0x53, 0xf6, 0x75, 0xf8, 0x53, 0xf6, 0x43, 0xf6, 0x64, 0xf7, 0x53, 0xf7, 0x32, 0xf4, 0x32, 0xf4,
    0x53, 0xf7, 0x33, 0xf4, 0x43, 0xf6, 0x33, 0xf4, 0x43, 0xf4, 0x43, 0xf4, 0x43, 0xf4, 0x54, 0xf5,
    0x42, 0xf6, 0x33, 0xf4, 0x42, 0xf6, 0x42, 0xf5, 0x43, 0xf4, 0x54, 0xf5, 0x43, 0xf5, 0x54, 0xf5,
    0x65, 0xf7, 0x54, 0xf5, 0x54, 0xf5, 0x33, 0xf4, 0x21, 0xf3, 0x32, 0xf4, 0x32, 0xf4, 0x32, 0xf4,
    0x43, 0xf4, 0x32, 0xf3, 0x32, 0xf3, 0x32, 0xf3, 0x44, 0xf5, 0x32, 0xf4, 0x33, 0xf4, 0x32, 0xf5,
    0x42, 0xf6, 0x42, 0xf6, 0x64, 0xf8, 0x42, 0xf5, 0x32, 0xf4, 0x32, 0xf4, 0x31, 0xf4, 0x32, 0xf4,
    0x75, 0xf8, 0x53, 0xf7, 0x64, 0xf8, 0x64, 0xf7, 0x31, 0xf4, 0x32, 0xf3, 0x43, 0xf6, 0x32, 0xf4,
    0x21, 0xf3, 0x22, 0xf3, 0x32, 0xf3, 0x43, 0xf4, 0x43, 0xf4, 0x54, 0xf6, 0x44, 0xf4, 0x55, 0xf6,
    0x32, 0xf3, 0x44, 0xf5, 0x22, 0xf3, 0x43, 0xf5, 0x44, 0xf5, 0x54, 0xf5, 0x55, 0xf5, 0x54, 0xf5,
    0x32, 0xf4, 0x42, 0xf5, 0x32, 0xf4, 0x53, 0xf7, 0x64, 0xf7, 0x64, 0xf8, 0x64, 0xf8, 0x75, 0xf8,
    0x32, 0xf4, 0x63, 0xf7, 0x42, 0xf5, 0x86, 0xf9, 0x53, 0xf7, 0x75, 0xf8, 0x64, 0xf8, 0x64, 0xf7,
    0x75, 0xf8, 0x75, 0xf8, 0x76, 0xf9, 0x64, 0xf8, 0x64, 0xf8, 0x64, 0xf8, 0x63, 0xf8, 0x74, 0xf8,
    0x76, 0xf9, 0x75, 0xf8, 0x64, 0xf7, 0x64, 0xf7, 0x64, 0xf8, 0x64, 0xf8, 0x63, 0xf8, 0x63, 0xf8,
    0x42, 0xf5, 0x87, 0xfa, 0x32, 0xf4, 0x53, 0xf6, 0x75, 0xf8, 0x54, 0xf7, 0x65, 0xf8, 0x64, 0xf8,
    0x44, 0xf5, 0x21, 0xf3, 0x32, 0xf3, 0x32, 0xf3, 0x42, 0xf5, 0x63, 0xf7, 0x31, 0xf4, 0x32, 0xf5,
    0x64, 0xf8, 0x52, 0xf7, 0x52, 0xf7, 0x42, 0xf6, 0x53, 0xf7, 0x64, 0xf8, 0x53, 0xf7, 0x63, 0xf8,
    0x63, 0xf8, 0x52, 0xf7, 0x52, 0xf6, 0x64, 0xf8, 0x63, 0xf8, 0x64, 0xf9, 0x64, 0xf8, 0x64, 0xf8,
    0x75, 0xf9, 0x64, 0xf8, 0x64, 0xf8, 0x64, 0xf8, 0x64, 0xf8, 0x42, 0xf5, 0x75, 0xf8, 0x42, 0xf6,
    0x75, 0xf8, 0x64, 0xf8, 0x64, 0xf8, 0x53, 0xf7, 0x53, 0xf7, 0x21, 0xf4, 0x53, 0xf6, 0x32, 0xf4,
    0x22, 0xf3, 0x32, 0xf4, 0x31, 0xf4, 0x32, 0xf4, 0x43, 0xf4, 0x32, 0xf4, 0x32, 0xf4, 0x54, 0xf5,
    0x31, 0xf4, 0x32, 0xf4, 0x21, 0xf3, 0x21, 0xf3, 0x32, 0xf4, 0x43, 0xf4, 0x32, 0xf4, 0x42, 0xf5,
    0x64, 0xf8, 0x64, 0xf7, 0x75, 0xf9, 0x64, 0xf7, 0x53, 0xf7, 0x32, 0xf4, 0x42, 0xf5, 0x42, 0xf5,
    0x53, 0xf6, 0x21, 0xf3, 0x21, 0xf3, 0x32, 0xf4, 0x32, 0xf4, 0x64, 0xf7, 0x32, 0xf4, 0x32, 0xf4,
    0x32, 0xf4, 0x32, 0xf4, 0x53, 0xf6, 0x43, 0xf5, 0x43, 0xf5, 0x43, 0xf6, 0x32, 0xf4, 0x43, 0xf5,
    0x65, 0xf7, 0x65, 0xf7, 0x54, 0xf6, 0x76, 0xf8, 0x54, 0xf6, 0x54, 0xf6, 0x65, 0xf7, 0x65, 0xf7,
    0x21, 0xf3, 0x32, 0xf4, 0x32, 0xf4, 0x32, 0xf4, 0x43, 0xf5, 0x32, 0xf4, 0x43, 0xf4, 0x33, 0xf4,
    0x32, 0xf4, 0x32, 0xf4, 0x64, 0xf7, 0x65, 0xf8, 0x32, 0xf4, 0x21, 0xf3, 0x43, 0xf5, 0x32, 0xf4,
    0x32, 0xf4, 0x32, 0xf5, 0x32, 0xf4, 0x32, 0xf4, 0x53, 0xf6, 0x42, 0xf5, 0x32, 0xf4, 0x42, 0xf5,
    0x42, 0xf5, 0x86, 0xfa, 0x42, 0xf5, 0x43, 0xf5, 0x54, 0xf7, 0x42, 0xf6, 0x52, 0xf7, 0x64, 0xf7,
    0x64, 0xf7, 0x65, 0xf8, 0x64, 0xf7, 0x75, 0xf8, 0x75, 0xf8, 0x43, 0xf5, 0x65, 0xf7, 0x54, 0xf7,
    0x64, 0xf7, 0x65, 0xf7, 0x43, 0xf5, 0x43, 0xf5, 0x64, 0xf7, 0x64, 0xf7, 0x64, 0xf7, 0x65, 0xf7,
    0x54, 0xf6, 0x32, 0xf4, 0x43, 0xf5, 0x32, 0xf3, 0x31, 0xf4, 0x53, 0xf6, 0x21, 0xf3, 0x53, 0xf6,
    0x53, 0xf6, 0x21, 0xf2, 0x54, 0xf6, 0x32, 0xf4, 0x32, 0xf4, 0x43, 0xf5, 0x53, 0xf6, 0x42, 0xf5,
    0x32, 0xf5, 0x32, 0xf4, 0x42, 0xf5, 0x32, 0xf4, 0x32, 0xf4, 0x54, 0xf6, 0x42, 0xf5, 0x53, 0xf6,
    0x32, 0xf5, 0x43, 0xf6, 0x32, 0xf3, 0x43, 0xf6, 0x42, 0xf5, 0x54, 0xf6, 0x43, 0xf5, 0x42, 0xf5,
    0x43, 0xf5, 0x42, 0xf6, 0x43, 0xf4, 0x21, 0xf3, 0x52, 0xf7, 0x53, 0xf7, 0x53, 0xf7, 0x86, 0xf9,
    0x42, 0xf5, 0x21, 0xf3, 0x42, 0xf5, 0x43, 0xf6, 0x43, 0xf6, 0x53, 0xf6, 0x53, 0xf6, 0x64, 0xf7,
    0x43, 0xf5, 0x54, 0xf6, 0x54, 0xf7, 0x54, 0xf7, 0x54, 0xf7, 0x53, 0xf6, 0x54, 0xf7, 0x42, 0xf5,
    0x32, 0xf4, 0x43, 0xf4, 0x32, 0xf3, 0x22, 0xf3, 0x43, 0xf4, 0x32, 0xf4, 0x22, 0xf3, 0x32, 0xf3,
    0x32, 0xf4, 0x32, 0xf4, 0x42, 0xf5, 0x32, 0xf5, 0x42, 0xf5, 0x53, 0xf6, 0x42, 0xf5, 0x42, 0xf5,
    0x42, 0xf5, 0x32, 0xf4, 0x53, 0xf6, 0x42, 0xf5, 0x32, 0xf4, 0x32, 0xf5, 0x32, 0xf4, 0x32, 0xf4,
    0x64, 0xf7, 0x43, 0xf5, 0x54, 0xf6, 0x32, 0xf4, 0x32, 0xf4, 0x43, 0xf5, 0x32, 0xf4, 0x43, 0xf6,
    0x43, 0xf5, 0x53, 0xf6, 0x32, 0xf5, 0x54, 0xf7, 0x53, 0xf6, 0x53, 0xf7, 0x64, 0xf8, 0x53, 0xf6,
    0x65, 0xf7, 0x43, 0xf5, 0x43, 0xf5, 0x43, 0xf5, 0x43, 0xf5, 0x32, 0xf4, 0x53, 0xf6, 0x43, 0xf5,
    0x43, 0xf5, 0x42, 0xf5, 0x32, 0xf5, 0x43, 0xf5, 0x53, 0xf6, 0x65, 0xf7, 0x32, 0xf4, 0x53, 0xf6,
    0x42, 0xf6, 0x54, 0xf6, 0x42, 0xf5, 0x42, 0xf5, 0x53, 0xf6, 0x42, 0xf5, 0x42, 0xf5, 0x43, 0xf5,
    0x42, 0xf6, 0x42, 0xf5, 0x42, 0xf5, 0x43, 0xf5, 0x43, 0xf5, 0x54, 0xf6, 0x54, 0xf5, 0x54, 0xf6,
    0x43, 0xf5, 0x43, 0xf5, 0x43, 0xf5, 0x53, 0xf6, 0x43, 0xf5, 0x53, 0xf6, 0x43, 0xf5, 0x32, 0xf4,
    0x43, 0xf5, 0x43, 0xf5, 0x43, 0xf5, 0x53, 0xf6, 0x54, 0xf6, 0x54, 0xf6, 0x53, 0xf6, 0x64, 0xf7,
    0x22, 0xf3, 0x22, 0xf3, 0x32, 0xf4, 0x32, 0xf4, 0x32, 0xf3, 0x32, 0xf4, 0x22, 0xf3, 0x21, 0xf3,
    0x31, 0xf5, 0x32, 0xf5, 0x42, 0xf5, 0x31, 0xf4, 0x21, 0xf3, 0x21, 0xf3, 0x31, 0xf4, 0x31, 0xf4,
    0x42, 0xf5, 0x42, 0xf6, 0x42, 0xf6, 0x42, 0xf6, 0x32, 0xf5, 0x32, 0xf4, 0x53, 0xf6, 0x64, 0xf8,
    0x32, 0xf5, 0x42, 0xf5, 0x31, 0xf4, 0x31, 0xf5, 0x53, 0xf6, 0x64, 0xf7, 0x42, 0xf6, 0x52, 0xf7,
    0x42, 0xf6, 0x42, 0xf6, 0x31, 0xf4, 0x42, 0xf6, 0x32, 0xf5, 0x53, 0xf6, 0x42, 0xf6, 0x42, 0xf5,
    0x31, 0xf4, 0x42, 0xf6, 0x21, 0xf4, 0x42, 0xf5, 0x42, 0xf6, 0x31, 0xf4, 0x42, 0xf6, 0x42, 0xf6,
    0x42, 0xf6, 0x42, 0xf6, 0x43, 0xf6, 0x32, 0xf5, 0x53, 0xf6, 0x42, 0xf6, 0x32, 0xf4, 0x31, 0xf4,
    0x42, 0xf5, 0x32, 0xf4, 0x43, 0xf6, 0x32, 0xf5, 0x32, 0xf4, 0x32, 0xf5, 0x32, 0xf4, 0x43, 0xf5,
    0x43, 0xf5, 0x43, 0xf5, 0x54, 0xf7, 0x43, 0xf5, 0x54, 0xf6, 0x54, 0xf6, 0x54, 0xf6, 0x54, 0xf6,
    0x64, 0xf8, 0x54, 0xf6, 0x54, 0xf6, 0x64, 0xf7, 0x54, 0xf6, 0x54, 0xf6, 0x53, 0xf6, 0x53, 0xf6,
    0x53, 0xf6, 0x53, 0xf6, 0x53, 0xf6, 0x54, 0xf6, 0x53, 0xf6, 0x54, 0xf6, 0x54, 0xf6, 0x43, 0xf5,
    0x53, 0xf6, 0x64, 0xf7, 0x54, 0xf6, 0x54, 0xf6, 0x53, 0xf6, 0x43, 0xf5, 0x54, 0xf7, 0x53, 0xf6,
    0x42, 0xf5, 0x53, 0xf6, 0x32, 0xf5, 0x53, 0xf6, 0x43, 0xf6, 0x54, 0xf6, 0x53, 0xf6, 0x54, 0xf6,
    0x53, 0xf6, 0x64, 0xf7, 0x64, 0xf7, 0x54, 0xf7, 0x43, 0xf6, 0x43, 0xf6, 0x42, 0xf6, 0x42, 0xf6,
    0x54, 0xf6, 0x64, 0xf7, 0x43, 0xf5, 0x43, 0xf5, 0x65, 0xf8, 0x43, 0xf6, 0x53, 0xf6, 0x43, 0xf5,
    0x32, 0xf4, 0x43, 0xf5, 0x42, 0xf6, 0x42, 0xf5, 0x32, 0xf4, 0x32, 0xf4, 0x32, 0xf4, 0x31, 0xf4,
    0x32, 0xf3, 0x32, 0xf4, 0x43, 0xf5, 0x32, 0xf4, 0x32, 0xf4, 0x42, 0xf4, 0x32, 0xf4, 0x43, 0xf5,
    0x32, 0xf4, 0x32, 0xf4, 0x32, 0xf4, 0x42, 0xf5, 0x42, 0xf5, 0x43, 0xf5, 0x53, 0xf6, 0x43, 0xf5,
    0x42, 0xf5, 0x65, 0xf7, 0x32, 0xf4, 0x43, 0xf5, 0x65, 0xf8, 0x54, 0xf6, 0x53, 0xf7, 0x53, 0xf6,
    0x32, 0xf4, 0x32, 0xf4, 0x43, 0xf5, 0x21, 0xf3, 0x42, 0xf6, 0x43, 0xf6, 0x21, 0xf3, 0x42, 0xf5,
    0x32, 0xf4, 0x32, 0xf4, 0x32, 0xf4, 0x32, 0xf4, 0x43, 0xf5, 0x43, 0xf5, 0x43, 0xf5, 0x43, 0xf5,
    0x43, 0xf5, 0x32, 0xf4, 0x54, 0xf6, 0x32, 0xf4, 0x32, 0xf4, 0x43, 0xf5, 0x43, 0xf5, 0x32, 0xf4,
    0x32, 0xf4, 0x21, 0xf3, 0x32, 0xf4, 0x32, 0xf4, 0x32, 0xf5, 0x42, 0xf5, 0x42, 0xf6, 0x42, 0xf5,
    0x32, 0xf4, 0x43, 0xf5, 0x32, 0xf4, 0x32, 0xf4, 0x32, 0xf4, 0x43, 0xf5, 0x32, 0xf4, 0x64, 0xf7,
    0x54, 0xf6, 0x53, 0xf6, 0x43, 0xf6, 0x43, 0xf6, 0x54, 0xf6, 0x64, 0xf7, 0x54, 0xf6, 0x43, 0xf5,
    0x53, 0xf6, 0x43, 0xf5, 0x43, 0xf5, 0x54, 0xf7, 0x54, 0xf6, 0x54, 0xf6, 0x64, 0xf8, 0x53, 0xf6,
    0x75, 0xf8, 0x43, 0xf5, 0x54, 0xf6, 0x32, 0xf4, 0x32, 0xf4, 0x42, 0xf6, 0x64, 0xf7, 0x53, 0xf6,
    0x43, 0xf5, 0x32, 0xf4, 0x32, 0xf4, 0x43, 0xf6, 0x43, 0xf6, 0x42, 0xf5, 0x42, 0xf5, 0x32, 0xf4,
    0x53, 0xf6, 0x53, 0xf6, 0x32, 0xf4, 0x32, 0xf4, 0x65, 0xf8, 0x54, 0xf6, 0x32, 0xf4, 0x42, 0xf5,
    0x32, 0xf5, 0x42, 0xf5, 0x53, 0xf6, 0x42, 0xf5, 0x42, 0xf5, 0x32, 0xf4, 0x53, 0xf6, 0x43, 0xf4,
    0x21, 0xf3, 0x32, 0xf4, 0x32, 0xf3, 0x43, 0xf4, 0x43, 0xf5, 0x32, 0xf3, 0x43, 0xf4, 0x32, 0xf3,
    0x43, 0xf4, 0x54, 0xf5, 0x33, 0xf4, 0x44, 0xf5, 0x43, 0xf4, 0x44, 0xf5, 0x43, 0xf4, 0x44, 0xf5,
    0x43, 0xf5, 0x43, 0xf5, 0x32, 0xf4, 0x43, 0xf5, 0x54, 0xf6, 0x43, 0xf5, 0x54, 0xf6, 0x43, 0xf5,
    0x32, 0xf4, 0x43, 0xf5, 0x42, 0xf5, 0x43, 0xf6, 0x43, 0xf6, 0x43, 0xf5, 0x42, 0xf5, 0x42, 0xf5,
    0x32, 0xf4, 0x32, 0xf4, 0x43, 0xf5, 0x53, 0xf6, 0x42, 0xf5, 0x32, 0xf4, 0x32, 0xf4, 0x31, 0xf4,
    0x53, 0xf6, 0x53, 0xf6, 0x43, 0xf5, 0x32, 0xf4, 0x32, 0xf5, 0x21, 0xf3, 0x32, 0xf4, 0x42, 0xf5,
    0x42, 0xf5, 0x43, 0xf6, 0x53, 0xf6, 0x53, 0xf6, 0x43, 0xf6, 0x32, 0xf4, 0x42, 0xf5, 0x32, 0xf5,
    0x42, 0xf5, 0x42, 0xf5, 0x42, 0xf5, 0x64, 0xf7, 0x42, 0xf6, 0x32, 0xf4, 0x53, 0xf6, 0x21, 0xf3,
    0x43, 0xf5, 0x54, 0xf6, 0x32, 0xf4, 0x32, 0xf4, 0x31, 0xf4, 0x64, 0xf7, 0x32, 0xf5, 0x54, 0xf6,
    0x22, 0xf3, 0x32, 0xf5, 0x32, 0xf4, 0x42, 0xf5, 0x43, 0xf6, 0x53, 0xf6, 0x54, 0xf6, 0x54, 0xf6,
    0x32, 0xf5, 0x43, 0xf5, 0x32, 0xf4, 0x32, 0xf4, 0x54, 0xf6, 0x54, 0xf6, 0x42, 0xf5, 0x42, 0xf5,
    0x32, 0xf4, 0x22, 0xf3, 0x42, 0xf5, 0x43, 0xf6, 0x32, 0xf4, 0x43, 0xf6, 0x75, 0xf8, 0x54, 0xf7,
    0x32, 0xf4, 0x32, 0xf4, 0x53, 0xf7, 0x32, 0xf4, 0x33, 0xf4, 0x32, 0xf3, 0x21, 0xf3, 0x42, 0xf5,
    0x53, 0xf6, 0x42, 0xf5, 0x64, 0xf7, 0x32, 0xf4, 0x32, 0xf5, 0x64, 0xf7, 0x42, 0xf5, 0x54, 0xf7,
    0x65, 0xf7, 0x52, 0xf7, 0x54, 0xf6, 0x32, 0xf5, 0x64, 0xf8, 0x64, 0xf7, 0x42, 0xf6, 0x53, 0xf6,
    0x43, 0xf5, 0x43, 0xf5, 0x54, 0xf6, 0x43, 0xf5, 0x42, 0xf5, 0x43, 0xf5, 0x54, 0xf6, 0x65, 0xf7,
    0x54, 0xf6, 0x21, 0xf2, 0x32, 0xf3, 0x32, 0xf4, 0x31, 0xf4, 0x52, 0xf7, 0x42, 0xf5, 0x63, 0xf8,
    0x43, 0xf5, 0x64, 0xf8, 0x53, 0xf6, 0x54, 0xf7, 0x43, 0xf6, 0x31, 0xf4, 0x43, 0xf6, 0x43, 0xf5,
    0x42, 0xf5, 0x42, 0xf6, 0x43, 0xf6, 0x42, 0xf6, 0x52, 0xf7, 0x42, 0xf5, 0x42, 0xf6, 0x43, 0xf5,
    0x43, 0xf5, 0x43, 0xf6, 0x32, 0xf4, 0x42, 0xf5, 0x53, 0xf6, 0x42, 0xf4, 0x43, 0xf6, 0x42, 0xf5,
    0x43, 0xf5, 0x42, 0xf5, 0x43, 0xf5, 0x42, 0xf5, 0x52, 0xf6, 0x42, 0xf5, 0x53, 0xf7, 0x42, 0xf6,
    0x43, 0xf5, 0x43, 0xf6, 0x64, 0xf8, 0x64, 0xf8, 0x42, 0xf6, 0x32, 0xf5, 0x32, 0xf5, 0x42, 0xf5,
    0x32, 0xf4, 0x42, 0xf6, 0x32, 0xf3, 0x42, 0xf5, 0x64, 0xf7, 0x75, 0xf8, 0x64, 0xf7, 0x75, 0xf9,
    0x32, 0xf5, 0x53, 0xf6, 0x43, 0xf6, 0x64, 0xf8, 0x64, 0xf8, 0x65, 0xf8, 0x53, 0xf7, 0x75, 0xf8,
    0x64, 0xf8, 0x75, 0xf8, 0x75, 0xf8, 0x75, 0xf8, 0x54, 0xf7, 0x42, 0xf5, 0x64, 0xf7, 0x42, 0xf5,
    0x86, 0xf9, 0x75, 0xf9, 0x76, 0xf9, 0x75, 0xf9, 0x86, 0xf9, 0x43, 0xf5, 0x76, 0xf9, 0x64, 0xf7,
    0x43, 0xf5, 0x54, 0xf6, 0x43, 0xf5, 0x64, 0xf7, 0x65, 0xf7, 0x86, 0xf9, 0x75, 0xf8, 0x75, 0xf8,
    0x32, 0xf4, 0x65, 0xf7, 0x32, 0xf4, 0x76, 0xf8, 0x75, 0xf8, 0x65, 0xf7, 0x76, 0xf8, 0x54, 0xf6,
    0x76, 0xf9, 0x76, 0xf8, 0x76, 0xf8, 0x75, 0xf8, 0x65, 0xf7, 0x65, 0xf7, 0x65, 0xf7, 0x65, 0xf7,
    0x75, 0xf8, 0x75, 0xf8, 0x65, 0xf7, 0x76, 0xf8, 0x76, 0xf8, 0x65, 0xf7, 0x86, 0xf9, 0x65, 0xf7,
    0x21, 0xf3, 0x54, 0xf6, 0x43, 0xf6, 0x42, 0xf5, 0x76, 0xf8, 0x54, 0xf6, 0x43, 0xf5, 0x65, 0xf8,
    0x31, 0xf4, 0x21, 0xf3, 0x32, 0xf4, 0x22, 0xf3, 0x21, 0xf3, 0x54, 0xf6, 0x32, 0xf4, 0x22, 0xf3,
    0x64, 0xf7, 0x76, 0xf8, 0x65, 0xf7, 0x64, 0xf7, 0x76, 0xf8, 0x54, 0xf6, 0x75, 0xf8, 0x65, 0xf7,
    0x54, 0xf6, 0x54, 0xf6, 0x22, 0xf3, 0x32, 0xf3, 0x65, 0xf7, 0x65, 0xf7, 0x32, 0xf4, 0x32, 0xf4,
    0x64, 0xf7, 0x65, 0xf8, 0x75, 0xf8, 0x76, 0xf9, 0x53, 0xf7, 0x64, 0xf8, 0x65, 0xf8, 0x64, 0xf8,
    0x75, 0xf8, 0x76, 0xf9, 0x65, 0xf8, 0x64, 0xf8, 0x65, 0xf8, 0x75, 0xf8, 0x64, 0xf7, 0x64, 0xf8,
    0x64, 0xf8, 0x86, 0xf9, 0x64, 0xf8, 0x75, 0xf8, 0x75, 0xf8, 0x64, 0xf7, 0x75, 0xf8, 0x76, 0xf9,
    0x53, 0xf6, 0x54, 0xf7, 0x64, 0xf7, 0x64, 0xf8, 0x75, 0xf8, 0x86, 0xf9, 0x75, 0xf8, 0x65, 0xf8,
    0x64, 0xf7, 0x75, 0xf8, 0x53, 0xf6, 0x53, 0xf6, 0x75, 0xf8, 0x75, 0xf8, 0x64, 0xf7, 0x86, 0xf9,
    0x42, 0xf6, 0x32, 0xf4, 0x53, 0xf7, 0x43, 0xf5, 0x42, 0xf5, 0x64, 0xf7, 0x43, 0xf5, 0x32, 0xf4,
    0x86, 0xf9, 0x64, 0xf8, 0x97, 0xfa, 0x86, 0xf9, 0x75, 0xf8, 0x65, 0xf8, 0x75, 0xf8, 0x75, 0xf8,
    0x75, 0xf8, 0x76, 0xf9, 0x32, 0xf5, 0x32, 0xf4, 0x75, 0xf8, 0x54, 0xf7, 0x32, 0xf4, 0x32, 0xf4,
    0x32, 0xf4, 0x32, 0xf4, 0x64, 0xf7, 0x32, 0xf4, 0x32, 0xf4, 0x32, 0xf4, 0x22, 0xf3, 0x32, 0xf4,
    0x86, 0xf9, 0x54, 0xf7, 0x64, 0xf8, 0x54, 0xf7, 0x32, 0xf4, 0x22, 0xf3, 0x32, 0xf4, 0x32, 0xf4,
    0x32, 0xf4, 0x32, 0xf4, 0x32, 0xf4, 0x42, 0xf5, 0x21, 0xf3, 0x32, 0xf4, 0x32, 0xf4, 0x32, 0xf5,
    0x32, 0xf4, 0x43, 0xf5, 0x32, 0xf4, 0x32, 0xf4, 0x54, 0xf6, 0x32, 0xf4, 0x32, 0xf4, 0x21, 0xf3,
    0x64, 0xf8, 0x53, 0xf6, 0x54, 0xf7, 0x31, 0xf4, 0x31, 0xf4, 0x53, 0xf6, 0x32, 0xf5, 0x32, 0xf5,
    0x32, 0xf4, 0x21, 0xf3, 0x75, 0xf8, 0x54, 0xf7, 0x42, 0xf5, 0x53, 0xf6, 0x64, 0xf7, 0x65, 0xf8,
    0x32, 0xf4, 0x32, 0xf5, 0x32, 0xf5, 0x32, 0xf5, 0x32, 0xf5, 0x21, 0xf3, 0x32, 0xf4, 0x21, 0xf2,
    0x43, 0xf6, 0x32, 0xf5, 0x64, 0xf7, 0x53, 0xf7, 0x32, 0xf5, 0x32, 0xf4, 0x43, 0xf6, 0x42, 0xf6,
    0x76, 0xf8, 0x75, 0xf8, 0x65, 0xf7, 0x65, 0xf7, 0x54, 0xf7, 0x53, 0xf6, 0x65, 0xf7, 0x43, 0xf4,
    0x54, 0xf6, 0x75, 0xf8, 0x54, 0xf6, 0x65, 0xf7, 0x76, 0xf8, 0x32, 0xf4, 0x54, 0xf6, 0x32, 0xf4,
    0x75, 0xf8, 0x54, 0xf6, 0x54, 0xf6, 0x54, 0xf6, 0x32, 0xf4, 0x54, 0xf7, 0x21, 0xf3, 0x53, 0xf6,
    0x43, 0xf5, 0x32, 0xf5, 0x43, 0xf5, 0x43, 0xf5, 0x31, 0xf4, 0x43, 0xf6, 0x32, 0xf3, 0x31, 0xf4,
    0x54, 0xf6, 0x75, 0xf8, 0x54, 0xf6, 0x65, 0xf7, 0x43, 0xf5, 0x21, 0xf2, 0x32, 0xf3, 0x11, 0xf2,
    0x43, 0xf5, 0x43, 0xf5, 0x43, 0xf4, 0x53, 0xf6, 0x32, 0xf4, 0x31, 0xf5, 0x63, 0xf8, 0x42, 0xf6,
    0x42, 0xf5, 0x43, 0xf5, 0x21, 0xf3, 0x43, 0xf5, 0x32, 0xf3, 0x32, 0xf4, 0x43, 0xf5, 0x32, 0xf4,
    0x32, 0xf4, 0x65, 0xf7, 0x43, 0xf5, 0x43, 0xf5, 0x86, 0xf8, 0x75, 0xf8, 0x65, 0xf7, 0x97, 0xf9,
    0x64, 0xf7, 0x54, 0xf6, 0x75, 0xf8, 0x54, 0xf6, 0x54, 0xf6, 0x54, 0xf6, 0x54, 0xf6, 0x43, 0xf5,
    0x76, 0xf9, 0x75, 0xf9, 0x54, 0xf6, 0x54, 0xf6, 0x54, 0xf6, 0x32, 0xf3, 0x32, 0xf4, 0x32, 0xf4,
    0x22, 0xf3, 0x42, 0xf5, 0x22, 0xf3, 0x43, 0xf4, 0x42, 0xf5, 0x43, 0xf6, 0x43, 0xf6, 0x54, 0xf6,
    0x21, 0xf3, 0x43, 0xf5, 0x32, 0xf5, 0x53, 0xf6, 0x43, 0xf6, 0x42, 0xf5, 0x64, 0xf8, 0x42, 0xf5,
    0x32, 0xf3, 0x32, 0xf4, 0x32, 0xf4, 0x42, 0xf5, 0x42, 0xf6, 0x42, 0xf6, 0x53, 0xf7, 0x42, 0xf6,
    0x53, 0xf6, 0x64, 0xf7, 0x75, 0xf8, 0x32, 0xf4, 0x64, 0xf7, 0x43, 0xf5, 0x53, 0xf6, 0x64, 0xf8,
    0x53, 0xf7, 0x43, 0xf5, 0x53, 0xf6, 0x42, 0xf5, 0x42, 0xf5, 0x32, 0xf4, 0x43, 0xf5, 0x32, 0xf5,
    0x32, 0xf4, 0x42, 0xf6, 0x64, 0xf7, 0x64, 0xf8, 0x42, 0xf5, 0x32, 0xf4, 0x43, 0xf6, 0x32, 0xf4,
    0x32, 0xf4, 0x42, 0xf5, 0x42, 0xf5, 0x65, 0xf7, 0x53, 0xf7, 0x43, 0xf6, 0x53, 0xf6, 0x32, 0xf5,
    0x32, 0xf3, 0x64, 0xf7, 0x54, 0xf5, 0x75, 0xf7, 0x32, 0xf4, 0x31, 0xf4, 0x42, 0xf5, 0x42, 0xf5,
    0x54, 0xf6, 0x54, 0xf5, 0x42, 0xf4, 0x76, 0xf8, 0x76, 0xf7, 0x97, 0xf9, 0x86, 0xf9, 0x65, 0xf7,
    0x32, 0xf4, 0x65, 0xf7, 0x41, 0xf5, 0x32, 0xf5, 0x65, 0xf7, 0x42, 0xf5, 0x32, 0xf5, 0x53, 0xf6,
    0x54, 0xf5, 0x43, 0xf5, 0x32, 0xf4, 0x53, 0xf6, 0x32, 0xf4, 0x64, 0xf8, 0x53, 0xf6, 0x64, 0xf7,
    0x64, 0xf7, 0x64, 0xf7, 0x53, 0xf7, 0x42, 0xf6, 0x53, 0xf6, 0x54, 0xf6, 0x42, 0xf5, 0x54, 0xf5,
    0x53, 0xf7, 0x32, 0xf4, 0x65, 0xf7, 0x43, 0xf5, 0x31, 0xf4, 0x64, 0xf7, 0x32, 0xf4, 0x42, 0xf5,
    0x43, 0xf5, 0x44, 0xf5, 0x44, 0xf5, 0x32, 0xf3, 0x43, 0xf4, 0x42, 0xf6, 0x42, 0xf6, 0x42, 0xf6,
    0x54, 0xf6, 0x22, 0xf3, 0x43, 0xf5, 0x32, 0xf4, 0x32, 0xf4, 0x53, 0xf7, 0x42, 0xf6, 0x42, 0xf6,
    0x32, 0xf4, 0x42, 0xf5, 0x53, 0xf6, 0x53, 0xf6, 0x42, 0xf5, 0x42, 0xf6, 0x43, 0xf5, 0x42, 0xf5,
    0x64, 0xf8, 0x53, 0xf6, 0x53, 0xf7, 0x53, 0xf6, 0x43, 0xf6, 0x74, 0xf8, 0x75, 0xf8, 0x75, 0xf9,
    0x53, 0xf7, 0x53, 0xf6, 0x53, 0xf7, 0x42, 0xf6, 0x53, 0xf6, 0x53, 0xf7, 0x31, 0xf4, 0x32, 0xf4,
    0x54, 0xf6, 0x32, 0xf4, 0x43, 0xf6, 0x42, 0xf5, 0x43, 0xf6, 0x53, 0xf6, 0x43, 0xf6, 0x43, 0xf5,
    0x53, 0xf7, 0x53, 0xf6, 0x42, 0xf5, 0x75, 0xf8, 0x54, 0xf6, 0x43, 0xf4, 0x54, 0xf6, 0x22, 0xf3,
    0x42, 0xf6, 0x42, 0xf6, 0x43, 0xf5, 0x53, 0xf7, 0x64, 0xf7, 0x54, 0xf6, 0x97, 0xfa, 0x43, 0xf6,
    0x32, 0xf4, 0x43, 0xf6, 0x32, 0xf4, 0x43, 0xf6, 0x53, 0xf6, 0x52, 0xf7, 0x53, 0xf7, 0x52, 0xf7,
    0x53, 0xf6, 0x43, 0xf5, 0x31, 0xf5, 0x43, 0xf5, 0x43, 0xf5, 0x42, 0xf5, 0x43, 0xf5, 0x32, 0xf4,
    0x31, 0xf4, 0x32, 0xf4, 0x53, 0xf6, 0x65, 0xf7, 0x43, 0xf5, 0x33, 0xf4, 0x65, 0xf7, 0x43, 0xf4,
    0x32, 0xf5, 0x32, 0xf3, 0x54, 0xf5, 0x43, 0xf4, 0x21, 0xf3, 0x33, 0xf4, 0x22, 0xf3, 0x32, 0xf4,
    0x55, 0xf5, 0x44, 0xf5, 0x54, 0xf5, 0x43, 0xf5, 0x32, 0xf4, 0x43, 0xf5, 0x32, 0xf4, 0x43, 0xf4,
    0x54, 0xf6, 0x54, 0xf5, 0x54, 0xf5, 0x43, 0xf5, 0x65, 0xf7, 0x54, 0xf5, 0x54, 0xf5, 0x54, 0xf6,
    0x54, 0xf5, 0x54, 0xf6, 0x54, 0xf6, 0x65, 0xf6, 0x54, 0xf5, 0x54, 0xf6, 0x54, 0xf5, 0x54, 0xf5,
    0x54, 0xf5, 0x43, 0xf5, 0x44, 0xf5, 0x44, 0xf5, 0x33, 0xf4, 0x33, 0xf4, 0x43, 0xf4, 0x33, 0xf4,
    0x44, 0xf5, 0x44, 0xf5, 0x54, 0xf5, 0x44, 0xf5, 0x32, 0xf3, 0x33, 0xf4, 0x32, 0xf3, 0x32, 0xf4,
    0x43, 0xf5, 0x43, 0xf6, 0x32, 0xf4, 0x42, 0xf6, 0x54, 0xf7, 0x64, 0xf7, 0x42, 0xf5, 0x65, 0xf8,
    0x53, 0xf6, 0x75, 0xf8, 0x43, 0xf5, 0x75, 0xf8, 0x75, 0xf8, 0x64, 0xf7, 0x65, 0xf8, 0x54, 0xf7,
    0x64, 0xf7, 0x75, 0xf8, 0x64, 0xf7, 0x64, 0xf7, 0x75, 0xf8, 0x43, 0xf6, 0x76, 0xf9, 0x75, 0xf8,
    0x64, 0xf7, 0x64, 0xf7, 0x64, 0xf8, 0x64, 0xf7, 0x64, 0xf7, 0x64, 0xf7, 0x64, 0xf8, 0x64, 0xf8,
    0x33, 0xf4, 0x65, 0xf7, 0x44, 0xf5, 0x54, 0xf6, 0x64, 0xf7, 0x64, 0xf7, 0x64, 0xf7, 0x32, 0xf4,
    0x43, 0xf5, 0x43, 0xf5, 0x43, 0xf5, 0x43, 0xf4, 0x43, 0xf5, 0x21, 0xf2, 0x32, 0xf3, 0x64, 0xf7,
    0x64, 0xf8, 0x64, 0xf8, 0x42, 0xf5, 0x64, 0xf8, 0x64, 0xf8, 0x53, 0xf7, 0x64, 0xf8, 0x53, 0xf7,
    0x21, 0xf3, 0x43, 0xf5, 0x53, 0xf6, 0x32, 0xf4, 0x43, 0xf6, 0x31, 0xf4, 0x32, 0xf4, 0x32, 0xf4,
    0x54, 0xf5, 0x65, 0xf6, 0x54, 0xf5, 0x55, 0xf6, 0x54, 0xf5, 0x43, 0xf4, 0x54, 0xf5, 0x43, 0xf4,
    0x55, 0xf6, 0x44, 0xf4, 0x54, 0xf5, 0x33, 0xf4, 0x55, 0xf6, 0x65, 0xf7, 0x54, 0xf5, 0x55, 0xf6,
    0x44, 0xf5, 0x44, 0xf5, 0x43, 0xf4, 0x54, 0xf5, 0x33, 0xf4, 0x43, 0xf5, 0x44, 0xf5, 0x43, 0xf4,
    0x54, 0xf5, 0x54, 0xf6, 0x55, 0xf6, 0x65, 0xf6, 0x54, 0xf5, 0x32, 0xf3, 0x55, 0xf6, 0x44, 0xf5,
    0x43, 0xf5, 0x33, 0xf4, 0x54, 0xf6, 0x33, 0xf4, 0x44, 0xf5, 0x54, 0xf5, 0x33, 0xf4, 0x54, 0xf5,
    0x54, 0xf5, 0x33, 0xf4, 0x43, 0xf5, 0x54, 0xf5, 0x43, 0xf4, 0x44, 0xf5, 0x54, 0xf5, 0x54, 0xf5,
    0x54, 0xf6, 0x65, 0xf6, 0x54, 0xf5, 0x54, 0xf6, 0x54, 0xf5, 0x43, 0xf5, 0x44, 0xf5, 0x54, 0xf5,
    0x43, 0xf4, 0x43, 0xf5, 0x43, 0xf5, 0x33, 0xf4, 0x32, 0xf4, 0x54, 0xf6, 0x21, 0xf3, 0x32, 0xf4,
    0x43, 0xf5, 0x43, 0xf4, 0x43, 0xf5, 0x43, 0xf5, 0x32, 0xf3, 0x21, 0xf3, 0x21, 0xf2, 0x42, 0xf5,
    0x33, 0xf4, 0x32, 0xf4, 0x32, 0xf3, 0x21, 0xf3, 0x32, 0xf3, 0x64, 0xf7, 0x32, 0xf3, 0x42, 0xf4,
    0x32, 0xf4, 0x42, 0xf5, 0x43, 0xf5, 0x32, 0xf4, 0x42, 0xf5, 0x64, 0xf7, 0x43, 0xf6, 0x42, 0xf5,
    0x54, 0xf6, 0x32, 0xf4, 0x43, 0xf5, 0x32, 0xf4, 0x43, 0xf5, 0x32, 0xf4, 0x42, 0xf5, 0x32, 0xf4,
    0x21, 0xf3, 0x21, 0xf3, 0x43, 0xf5, 0x21, 0xf4, 0x21, 0xf3, 0x32, 0xf3, 0x32, 0xf4, 0x32, 0xf4,
    0x43, 0xf5, 0x32, 0xf5, 0x42, 0xf5, 0x53, 0xf6, 0x32, 0xf4, 0x32, 0xf3, 0x43, 0xf5, 0x32, 0xf4,
    0x32, 0xf4, 0x32, 0xf4, 0x32, 0xf4, 0x32, 0xf4, 0x32, 0xf4, 0x22, 0xf3, 0x42, 0xf4, 0x32, 0xf4,
    0x32, 0xf4, 0x32, 0xf5, 0x43, 0xf5, 0x32, 0xf5, 0x54, 0xf7, 0x53, 0xf6, 0x64, 0xf7, 0x53, 0xf6,
    0x42, 0xf6, 0x42, 0xf6, 0x42, 0xf5, 0x21, 0xf3, 0x42, 0xf5, 0x33, 0xf4, 0x21, 0xf3, 0x43, 0xf5,
    0x53, 0xf6, 0x21, 0xf3, 0x64, 0xf7, 0x64, 0xf7, 0x31, 0xf4, 0x32, 0xf5, 0x31, 0xf4, 0x43, 0xf5,
    0x33, 0xf4, 0x42, 0xf7, 0x32, 0xf4, 0x53, 0xf6, 0x42, 0xf7, 0x42, 0xf5, 0x53, 0xf6, 0x32, 0xf5,
    0x32, 0xf5, 0x42, 0xf5, 0x42, 0xf6, 0x42, 0xf5, 0x42, 0xf5, 0x42, 0xf6, 0x42, 0xf5, 0x53, 0xf7,
    0x64, 0xf8, 0x75, 0xf8, 0x53, 0xf6, 0x42, 0xf5, 0x53, 0xf6, 0x54, 0xf6, 0x65, 0xf7, 0x43, 0xf5,
    0x21, 0xf4, 0x31, 0xf4, 0x32, 0xf5, 0x42, 0xf6, 0x53, 0xf6, 0x43, 0xf4, 0x52, 0xf6, 0x32, 0xf5,
    0x64, 0xf7, 0x43, 0xf5, 0x43, 0xf5, 0x42, 0xf4, 0x42, 0xf5, 0x65, 0xf7, 0x43, 0xf5, 0x65, 0xf7,
    0x21, 0xf3, 0x32, 0xf4, 0x53, 0xf7, 0x42, 0xf5, 0x43, 0xf5, 0x54, 0xf6, 0x21, 0xf3, 0x32, 0xf4,
    0x31, 0xf3, 0x75, 0xf8, 0x42, 0xf5, 0x53, 0xf6, 0x65, 0xf8, 0x42, 0xf5, 0x43, 0xf5, 0x43, 0xf5,
    0x53, 0xf7, 0x43, 0xf5, 0x65, 0xf7, 0x43, 0xf5, 0x43, 0xf4, 0x54, 0xf6, 0x43, 0xf5, 0x64, 0xf6,
    0x64, 0xf7, 0x43, 0xf6, 0x43, 0xf6, 0x31, 0xf5, 0x54, 0xf7, 0x42, 0xf6, 0x53, 0xf7, 0x54, 0xf6,
    0x32, 0xf4, 0x31, 0xf4, 0x43, 0xf4, 0x21, 0xf3, 0x52, 0xf7, 0x64, 0xf8, 0x42, 0xf6, 0x53, 0xf7,
    0x43, 0xf5, 0x43, 0xf5, 0x54, 0xf5, 0x53, 0xf5, 0x54, 0xf5, 0x54, 0xf6, 0x54, 0xf6, 0x43, 0xf5,
    0x54, 0xf5, 0x54, 0xf6, 0x32, 0xf4, 0x54, 0xf6, 0x54, 0xf6, 0x32, 0xf4, 0x43, 0xf5, 0x43, 0xf5,
    0x32, 0xf4, 0x31, 0xf4, 0x22, 0xf3, 0x43, 0xf6, 0x53, 0xf6, 0x53, 0xf7, 0x42, 0xf6, 0x63, 0xf7,
    0x32, 0xf4, 0x54, 0xf6, 0x21, 0xf3, 0x32, 0xf4, 0x42, 0xf5, 0x74, 0xf8, 0x53, 0xf6, 0x75, 0xf9,
    0x53, 0xf6, 0x42, 0xf6, 0x42, 0xf5, 0x32, 0xf5, 0x42, 0xf5, 0x32, 0xf4, 0x32, 0xf5, 0x54, 0xf6,
    0x42, 0xf5, 0x32, 0xf4, 0x42, 0xf5, 0x53, 0xf6, 0x32, 0xf4, 0x54, 0xf7, 0x32, 0xf5, 0x53, 0xf6,
    0x32, 0xf4, 0x32, 0xf4, 0x54, 0xf7, 0x42, 0xf5, 0x21, 0xf3, 0x32, 0xf3, 0x31, 0xf4, 0x21, 0xf3,
    0x54, 0xf7, 0x64, 0xf7, 0x64, 0xf8, 0x64, 0xf7, 0x65, 0xf8, 0x31, 0xf4, 0x64, 0xf8, 0x32, 0xf5,
    0x43, 0xf6, 0x64, 0xf8, 0x53, 0xf6, 0x64, 0xf8, 0x64, 0xf7, 0x86, 0xf9, 0x75, 0xf8, 0x75, 0xf8,
    0x42, 0xf6, 0x64, 0xf7, 0x53, 0xf6, 0x53, 0xf7, 0x65, 0xf8, 0x86, 0xf9, 0x53, 0xf7, 0x75, 0xf8,
    0x86, 0xfa, 0x75, 0xf8, 0x86, 0xf9, 0x64, 0xf7, 0x43, 0xf6, 0x43, 0xf6, 0x42, 0xf6, 0x53, 0xf7,
    0x76, 0xf9, 0x64, 0xf7, 0x53, 0xf6, 0x43, 0xf6, 0x43, 0xf6, 0x42, 0xf5, 0x53, 0xf6, 0x21, 0xf3,
    0x32, 0xf4, 0x32, 0xf3, 0x21, 0xf3, 0x32, 0xf4, 0x21, 0xf3, 0x32, 0xf4, 0x32, 0xf4, 0x54, 0xf6,
    0x21, 0xf3, 0x32, 0xf4, 0x31, 0xf4, 0x32, 0xf4, 0x43, 0xf5, 0x43, 0xf5, 0x65, 0xf6, 0x44, 0xf5,
    0x42, 0xf5, 0x43, 0xf6, 0x65, 0xf6, 0x54, 0xf6, 0x42, 0xf5, 0x42, 0xf5, 0x32, 0xf3, 0x43, 0xf5,
    0x43, 0xf4, 0x54, 0xf6, 0x44, 0xf5, 0x33, 0xf4, 0x32, 0xf4, 0x31, 0xf4, 0x21, 0xf3, 0x42, 0xf5,
    0x43, 0xf5, 0x21, 0xf3, 0x43, 0xf6, 0x21, 0xf2, 0x42, 0xf5, 0x43, 0xf5, 0x32, 0xf4, 0x32, 0xf4,
    0x43, 0xf6, 0x32, 0xf4, 0x21, 0xf3, 0x32, 0xf4, 0x54, 0xf5, 0x32, 0xf4, 0x32, 0xf4, 0x43, 0xf5,
    0x32, 0xf4, 0x21, 0xf3, 0x42, 0xf5, 0x32, 0xf4, 0x32, 0xf4, 0x43, 0xf6, 0x32, 0xf4, 0x43, 0xf5,
    0x43, 0xf5, 0x43, 0xf4, 0x54, 0xf5, 0x54, 0xf5, 0x43, 0xf4, 0x54, 0xf5, 0x44, 0xf5, 0x54, 0xf5,
    0x43, 0xf5, 0x32, 0xf5, 0x64, 0xf7, 0x43, 0xf6, 0x42, 0xf5, 0x42, 0xf6, 0x42, 0xf5, 0x42, 0xf6,
    0x32, 0xf4, 0x43, 0xf5, 0x42, 0xf5, 0x43, 0xf5, 0x43, 0xf5, 0x43, 0xf5, 0x43, 0xf5, 0x53, 0xf6,
    0x42, 0xf5, 0x42, 0xf6, 0x43, 0xf6, 0x42, 0xf5, 0x53, 0xf6, 0x64, 0xf8, 0x75, 0xf8, 0x64, 0xf7,
    0x43, 0xf5, 0x42, 0xf5, 0x43, 0xf5, 0x42, 0xf5, 0x43, 0xf6, 0x53, 0xf6, 0x53, 0xf6, 0x64, 0xf7,
    0x43, 0xf6, 0x42, 0xf5, 0x54, 0xf7, 0x53, 0xf6, 0x32, 0xf4, 0x43, 0xf5, 0x43, 0xf5, 0x43, 0xf5,
    0x43, 0xf5, 0x53, 0xf6, 0x43, 0xf6, 0x43, 0xf5, 0x54, 0xf6, 0x43, 0xf5, 0x43, 0xf5, 0x54, 0xf6,
    0x42, 0xf5, 0x43, 0xf6, 0x42, 0xf5, 0x53, 0xf6, 0x43, 0xf6, 0x53, 0xf7, 0x43, 0xf5, 0x54, 0xf7,
    0x43, 0xf5, 0x32, 0xf5, 0x53, 0xf6, 0x53, 0xf6, 0x42, 0xf5, 0x64, 0xf7, 0x53, 0xf6, 0x53, 0xf6,
    0x86, 0xf9, 0x64, 0xf7, 0x54, 0xf6, 0x32, 0xf4, 0x32, 0xf4, 0x43, 0xf5, 0x32, 0xf3, 0x21, 0xf3,
    0x53, 0xf6, 0x43, 0xf6, 0x54, 0xf6, 0x43, 0xf5, 0x32, 0xf4, 0x32, 0xf4, 0x43, 0xf5, 0x54, 0xf7,
    0x42, 0xf6, 0x64, 0xf8, 0x32, 0xf4, 0x64, 0xf7, 0x53, 0xf6, 0x32, 0xf4, 0x54, 0xf6, 0x64, 0xf7,
    0x43, 0xf5, 0x64, 0xf7, 0x53, 0xf7, 0x54, 0xf7, 0x43, 0xf5, 0x53, 0xf6, 0x32, 0xf4, 0x32, 0xf5,
    0x63, 0xf7, 0x64, 0xf8, 0x64, 0xf7, 0x64, 0xf8, 0x64, 0xf7, 0x53, 0xf6, 0x64, 0xf8, 0x53, 0xf6,
    0x65, 0xf7, 0x43, 0xf6, 0x32, 0xf5, 0x32, 0xf5, 0x42, 0xf6, 0x42, 0xf5, 0x42, 0xf5, 0x31, 0xf5,
    0x43, 0xf6, 0x32, 0xf4, 0x64, 0xf7, 0x43, 0xf5, 0x32, 0xf4, 0x42, 0xf6, 0x32, 0xf4, 0x42, 0xf6,
    0x75, 0xf8, 0x54, 0xf6, 0x53, 0xf7, 0x43, 0xf5, 0x21, 0xf3, 0x32, 0xf5, 0x32, 0xf4, 0x54, 0xf6,
    0x53, 0xf6, 0x42, 0xf5, 0x54, 0xf7, 0x42, 0xf5, 0x43, 0xf5, 0x53, 0xf6, 0x43, 0xf4, 0x42, 0xf5,
    0x65, 0xf8, 0x32, 0xf5, 0x32, 0xf5, 0x32, 0xf4, 0x32, 0xf4, 0x42, 0xf5, 0x32, 0xf4, 0x32, 0xf4,
    0x53, 0xf6, 0x64, 0xf7, 0x75, 0xf8, 0x53, 0xf6, 0x54, 0xf7, 0x32, 0xf5, 0x54, 0xf6, 0x42, 0xf5,
    0x65, 0xf7, 0x53, 0xf7, 0x31, 0xf4, 0x53, 0xf7, 0x43, 0xf5, 0x32, 0xf4, 0x53, 0xf7, 0x42, 0xf5,
    0x32, 0xf4, 0x21, 0xf3, 0x21, 0xf3, 0x32, 0xf4, 0x42, 0xf5, 0x64, 0xf7, 0x64, 0xf8, 0x65, 0xf8,
    0x53, 0xf7, 0x32, 0xf4, 0x42, 0xf7, 0x42, 0xf6, 0x64, 0xf7, 0x64, 0xf8, 0x64, 0xf7, 0x64, 0xf8,
    0x42, 0xf6, 0x53, 0xf8, 0x53, 0xf7, 0x74, 0xf8, 0x42, 0xf6, 0x42, 0xf5, 0x64, 0xf7, 0x42, 0xf6,
    0x53, 0xf7, 0x86, 0xf9, 0x53, 0xf7, 0x64, 0xf8, 0x75, 0xf9, 0x53, 0xf7, 0x43, 0xf6, 0x31, 0xf5,
    0x42, 0xf6, 0x52, 0xf6, 0x42, 0xf6, 0x42, 0xf7, 0x63, 0xf7, 0x43, 0xf6, 0x63, 0xf8, 0x53, 0xf7,
    0x42, 0xf5, 0x53, 0xf7, 0x76, 0xf8, 0x64, 0xf7, 0x64, 0xf7, 0x32, 0xf4, 0x54, 0xf6, 0x43, 0xf6,
    0x32, 0xf5, 0x42, 0xf5, 0x43, 0xf5, 0x53, 0xf6, 0x42, 0xf5, 0x32, 0xf5, 0x64, 0xf7, 0x53, 0xf6,
    0x32, 0xf5, 0x32, 0xf5, 0x32, 0xf5, 0x43, 0xf6, 0x53, 0xf7, 0x74, 0xf8, 0x42, 0xf5, 0x43, 0xf5,
    0x54, 0xf6, 0x65, 0xf8, 0x32, 0xf5, 0x54, 0xf6, 0x53, 0xf7, 0x74, 0xf9, 0x32, 0xf5, 0x53, 0xf7,
    0x31, 0xf5, 0x42, 0xf5, 0x31, 0xf4, 0x32, 0xf5, 0x42, 0xf6, 0x42, 0xf6, 0x42, 0xf6, 0x31, 0xf5,
    0x32, 0xf5, 0x42, 0xf5, 0x42, 0xf6, 0x52, 0xf7, 0x21, 0xf3, 0x43, 0xf5, 0x42, 0xf5, 0x43, 0xf5,
    0x32, 0xf5, 0x53, 0xf7, 0x76, 0xf8, 0x54, 0xf7, 0x64, 0xf8, 0x54, 0xf6, 0x32, 0xf5, 0x54, 0xf6,
    0x43, 0xf6, 0x54, 0xf6, 0x64, 0xf7, 0x42, 0xf6, 0x32, 0xf5, 0x32, 0xf5, 0x42, 0xf5, 0x53, 0xf6,
    0x65, 0xf8, 0x53, 0xf7, 0x64, 0xf7, 0x43, 0xf5, 0x43, 0xf5, 0x43, 0xf5, 0x32, 0xf4, 0x53, 0xf6,
    0x53, 0xf6, 0x43, 0xf6, 0x32, 0xf5, 0x64, 0xf7, 0x54, 0xf6, 0x43, 0xf6, 0x65, 0xf7, 0x32, 0xf3,
    0x31, 0xf4, 0x42, 0xf5, 0x32, 0xf4, 0x21, 0xf3, 0x32, 0xf4, 0x32, 0xf5, 0x64, 0xf7, 0x53, 0xf7,
    0x32, 0xf5, 0x11, 0xf2, 0x31, 0xf5, 0x21, 0xf3, 0x42, 0xf5, 0x65, 0xf8, 0x65, 0xf8, 0x43, 0xf5,
    0x42, 0xf6, 0x42, 0xf6, 0x43, 0xf5, 0x31, 0xf5, 0x53, 0xf7, 0x42, 0xf5, 0x75, 0xf8, 0x65, 0xf7,
    0x42, 0xf5, 0x32, 0xf4, 0x21, 0xf4, 0x32, 0xf5, 0x64, 0xf7, 0x42, 0xf6, 0x75, 0xf8, 0x54, 0xf7,
    0x32, 0xf4, 0x53, 0xf6, 0x43, 0xf6, 0x53, 0xf6, 0x63, 0xf7, 0x53, 0xf7, 0x53, 0xf6, 0x53, 0xf7,
    0x43, 0xf5, 0x32, 0xf4, 0x32, 0xf4, 0x32, 0xf4, 0x53, 0xf6, 0x54, 0xf7, 0x42, 0xf5, 0x53, 0xf6,
    0x43, 0xf6, 0x43, 0xf5, 0x43, 0xf5, 0x53, 0xf6, 0x42, 0xf5, 0x43, 0xf6, 0x43, 0xf5, 0x42, 0xf5,
    0x42, 0xf5, 0x32, 0xf5, 0x43, 0xf5, 0x53, 0xf7, 0x42, 0xf6, 0x42, 0xf4, 0x53, 0xf7, 0x32, 0xf4,
    0x65, 0xf8, 0x53, 0xf7, 0x64, 0xf7, 0x43, 0xf6, 0x42, 0xf6, 0x32, 0xf4, 0x53, 0xf6, 0x42, 0xf5,
    0x42, 0xf5, 0x42, 0xf5, 0x53, 0xf7, 0x43, 0xf6, 0x43, 0xf5, 0x54, 0xf7, 0x53, 0xf6, 0x43, 0xf6,
    0x42, 0xf6, 0x42, 0xf6, 0x53, 0xf7, 0x32, 0xf5, 0x42, 0xf5, 0x42, 0xf5, 0x64, 0xf7, 0x53, 0xf6,
    0x53, 0xf6, 0x43, 0xf5, 0x42, 0xf5, 0x43, 0xf5, 0x43, 0xf5, 0x42, 0xf6, 0x32, 0xf4, 0x42, 0xf6,
    0x64, 0xf7, 0x32, 0xf4, 0x42, 0xf5, 0x42, 0xf5, 0x42, 0xf5, 0x53, 0xf7, 0x42, 0xf5, 0x53, 0xf6,
    0x32, 0xf5, 0x54, 0xf6, 0x42, 0xf5, 0x32, 0xf4, 0x87, 0xf9, 0x86, 0xf9, 0x54, 0xf6, 0x76, 0xf8,
    0x53, 0xf6, 0x54, 0xf6, 0x75, 0xf8, 0x76, 0xf8, 0x54, 0xf6, 0x53, 0xf6, 0x75, 0xf7, 0x65, 0xf7,
    0x54, 0xf7, 0x42, 0xf5, 0x75, 0xf8, 0x76, 0xf8, 0x43, 0xf6, 0x42, 0xf6, 0x54, 0xf7, 0x53, 0xf6,
    0x65, 0xf7, 0x75, 0xf8, 0x65, 0xf7, 0x53, 0xf6, 0x53, 0xf6, 0x64, 0xf7, 0x53, 0xf6, 0x64, 0xf7,
    0x87, 0xf9, 0x76, 0xf7, 0x76, 0xf8, 0x86, 0xf8, 0x65, 0xf6, 0x75, 0xf7, 0x64, 0xf6, 0x65, 0xf7,
    0x64, 0xf6, 0x87, 0xf9, 0x65, 0xf7, 0x86, 0xf9, 0x65, 0xf7, 0x54, 0xf6, 0x65, 0xf7, 0x65, 0xf7,
    0x64, 0xf6, 0x65, 0xf7, 0x65, 0xf7, 0x76, 0xf8, 0x64, 0xf7, 0x64, 0xf7, 0x76, 0xf8, 0x65, 0xf7,
    0x75, 0xf8, 0x87, 0xf9, 0x75, 0xf8, 0x76, 0xf8, 0x86, 0xf9, 0x65, 0xf7, 0x97, 0xf9, 0x54, 0xf6,
    0x42, 0xf6, 0x54, 0xf7, 0x53, 0xf6, 0x65, 0xf8, 0x64, 0xf7, 0x42, 0xf5, 0x75, 0xf8, 0x65, 0xf7,
    0x53, 0xf6, 0x53, 0xf7, 0x64, 0xf7, 0x64, 0xf7, 0x75, 0xf9, 0x75, 0xf8, 0x53, 0xf6, 0x43, 0xf5,
    0x53, 0xf6, 0x53, 0xf6, 0x54, 0xf7, 0x53, 0xf7, 0x32, 0xf5, 0x43, 0xf5, 0x43, 0xf5, 0x54, 0xf5,
    0x43, 0xf5, 0x43, 0xf6, 0x42, 0xf5, 0x54, 0xf6, 0x44, 0xf5, 0x54, 0xf5, 0x43, 0xf5, 0x54, 0xf5,
    0x53, 0xf7, 0x53, 0xf6, 0x76, 0xf8, 0x65, 0xf7, 0x32, 0xf4, 0x21, 0xf3, 0x32, 0xf4, 0x21, 0xf2,
    0x76, 0xf8, 0x86, 0xf9, 0x54, 0xf6, 0x54, 0xf6, 0x54, 0xf6, 0x21, 0xf3, 0x54, 0xf7, 0x43, 0xf6,
    0x64, 0xf8, 0x64, 0xf6, 0x64, 0xf8, 0x65, 0xf8, 0x54, 0xf6, 0x54, 0xf5, 0x86, 0xf9, 0x54, 0xf6,
    0x85, 0xfa, 0x53, 0xf6, 0x42, 0xf5, 0x32, 0xf4, 0x32, 0xf4, 0x43, 0xf5, 0x42, 0xf5, 0x42, 0xf5,
    0x53, 0xf7, 0x42, 0xf6, 0x43, 0xf6, 0x53, 0xf7, 0x32, 0xf5, 0x64, 0xf8, 0x42, 0xf6, 0x53, 0xf7,
    0x42, 0xf6, 0x63, 0xf7, 0x64, 0xf8, 0x64, 0xf8, 0x53, 0xf7, 0x74, 0xf8, 0x64, 0xf8, 0x64, 0xf7,
    0x53, 0xf7, 0x53, 0xf6, 0x64, 0xf8, 0x53, 0xf7, 0x42, 0xf5, 0x53, 0xf6, 0x64, 0xf7, 0x53, 0xf7,
    0x75, 0xf9, 0x53, 0xf7, 0x64, 0xf8, 0x53, 0xf6, 0x75, 0xf9, 0x42, 0xf5, 0x64, 0xf8, 0x42, 0xf5,
    0x75, 0xf9, 0x74, 0xf8, 0x75, 0xf9, 0x64, 0xf8, 0x75, 0xf9, 0x75, 0xf8, 0x63, 0xf8, 0x64, 0xf8,
    0x64, 0xf8, 0x64, 0xf8, 0x64, 0xf8, 0x74, 0xf8, 0x74, 0xf9, 0x64, 0xf8, 0x75, 0xf9, 0x65, 0xf8,
    0x53, 0xf6, 0x53, 0xf7, 0x52, 0xf6, 0x86, 0xf9, 0x53, 0xf7, 0x32, 0xf5, 0x64, 0xf8, 0x31, 0xf4,
    0x53, 0xf6, 0x75, 0xf9, 0x42, 0xf5, 0x32, 0xf5, 0x65, 0xf8, 0x21, 0xf3, 0x21, 0xf3, 0x21, 0xf3,
    0x32, 0xf4, 0x31, 0xf4, 0x31, 0xf4, 0x42, 0xf5, 0x43, 0xf6, 0x32, 0xf4, 0x54, 0xf7, 0x86, 0xf9,
    0x31, 0xf4, 0x53, 0xf7, 0x21, 0xf3, 0x43, 0xf6, 0x86, 0xf9, 0x97, 0xfa, 0x87, 0xfa, 0x75, 0xf8,
    0x65, 0xf8, 0x32, 0xf4, 0x75, 0xf8, 0x42, 0xf4, 0x32, 0xf3, 0x54, 0xf6, 0x32, 0xf4, 0x64, 0xf7,
    0x65, 0xf7, 0x42, 0xf5, 0x43, 0xf5, 0x43, 0xf6, 0x32, 0xf4, 0x64, 0xf7, 0x42, 0xf5, 0x76, 0xf9,
    0x21, 0xf3, 0x53, 0xf6, 0x32, 0xf4, 0x32, 0xf4, 0x64, 0xf7, 0x54, 0xf6, 0x32, 0xf4, 0x32, 0xf4,
    0x32, 0xf4, 0x43, 0xf6, 0x32, 0xf4, 0x43, 0xf5, 0x43, 0xf6, 0x42, 0xf5, 0x43, 0xf5, 0x32, 0xf5,
    0x54, 0xf6, 0x42, 0xf5, 0x43, 0xf4, 0x32, 0xf4, 0x43, 0xf5, 0x87, 0xf9, 0x54, 0xf6, 0x65, 0xf8,
    0x32, 0xf4, 0x42, 0xf5, 0x86, 0xf9, 0x75, 0xf8, 0x64, 0xf8, 0x75, 0xf9, 0x64, 0xf7, 0x53, 0xf6,
    0x42, 0xf5, 0x42, 0xf6, 0x32, 0xf4, 0x31, 0xf4, 0x64, 0xf7, 0x32, 0xf4, 0x32, 0xf4, 0x21, 0xf3,
    0x21, 0xf4, 0x64, 0xf7, 0x42, 0xf5, 0x43, 0xf5, 0x75, 0xf8, 0x42, 0xf5, 0x43, 0xf5, 0x32, 0xf4,
    0x21, 0xf3, 0x31, 0xf4, 0x31, 0xf4, 0x43, 0xf5, 0x32, 0xf4, 0x32, 0xf5, 0x32, 0xf5, 0x43, 0xf5,
    0x32, 0xf4, 0x43, 0xf5, 0x32, 0xf4, 0x32, 0xf4, 0x32, 0xf4, 0x43, 0xf5, 0x32, 0xf4, 0x43, 0xf4,
    0x32, 0xf4, 0x32, 0xf3, 0x54, 0xf6, 0x54, 0xf5, 0x43, 0xf5, 0x44, 0xf5, 0x65, 0xf6, 0x65, 0xf6,
    0x55, 0xf6, 0x55, 0xf6, 0x44, 0xf5, 0x65, 0xf6, 0x76, 0xf8, 0x65, 0xf7, 0x66, 0xf7, 0x55, 0xf6,
    0x43, 0xf4, 0x32, 0xf3, 0x54, 0xf5, 0x43, 0xf4, 0x31, 0xf4, 0x43, 0xf5, 0x32, 0xf3, 0x32, 0xf4,
    0x54, 0xf5, 0x43, 0xf4, 0x55, 0xf6, 0x33, 0xf4, 0x33, 0xf4, 0x32, 0xf4, 0x33, 0xf4, 0x32, 0xf4,
    0x43, 0xf5, 0x21, 0xf3, 0x43, 0xf4, 0x43, 0xf5, 0x32, 0xf3, 0x42, 0xf5, 0x32, 0xf4, 0x32, 0xf4,
    0x54, 0xf5, 0x54, 0xf5, 0x33, 0xf4, 0x44, 0xf5, 0x43, 0xf4, 0x32, 0xf4, 0x32, 0xf4, 0x32, 0xf5,
    0x87, 0xf9, 0x54, 0xf7, 0x42, 0xf5, 0x52, 0xf7, 0x64, 0xf8, 0x64, 0xf7, 0x53, 0xf6, 0x65, 0xf8,
    0x43, 0xf5, 0x42, 0xf5, 0x43, 0xf5, 0x43, 0xf5, 0x32, 0xf4, 0x43, 0xf6, 0x43, 0xf5, 0x53, 0xf7,
    0x32, 0xf4, 0x32, 0xf4, 0x32, 0xf4, 0x32, 0xf3, 0x32, 0xf4, 0x43, 0xf5, 0x32, 0xf4, 0x32, 0xf4,
    0x32, 0xf4, 0x21, 0xf3, 0x21, 0xf3, 0x32, 0xf4, 0x32, 0xf4, 0x32, 0xf4, 0x43, 0xf5, 0x53, 0xf5,
    0x43, 0xf5, 0x43, 0xf5, 0x32, 0xf4, 0x42, 0xf5, 0x42, 0xf5, 0x43, 0xf6, 0x43, 0xf5, 0x43, 0xf5,
    0x53, 0xf6, 0x43, 0xf5, 0x54, 0xf6, 0x64, 0xf7, 0x53, 0xf7, 0x43, 0xf5, 0x53, 0xf7, 0x43, 0xf5,
    0x54, 0xf6, 0x54, 0xf6, 0x65, 0xf7, 0x54, 0xf6, 0x65, 0xf7, 0x75, 0xf8, 0x65, 0xf7, 0x76, 0xf8,
    0x75, 0xf8, 0x65, 0xf7, 0x97, 0xfa, 0x43, 0xf5, 0x76, 0xf8, 0x54, 0xf5, 0x54, 0xf6, 0x21, 0xf3,
    0x75, 0xf8, 0x86, 0xf9, 0x65, 0xf7, 0x43, 0xf5, 0x86, 0xf8, 0x32, 0xf4, 0x22, 0xf3, 0x32, 0xf4,
    0x32, 0xf4, 0x22, 0xf3, 0x43, 0xf5, 0x43, 0xf6, 0x22, 0xf3, 0x42, 0xf5, 0x32, 0xf5, 0x42, 0xf6,
    0x76, 0xf9, 0x43, 0xf5, 0x64, 0xf8, 0x64, 0xf7, 0x32, 0xf5, 0x53, 0xf7, 0x42, 0xf6, 0x31, 0xf5,
    0x64, 0xf7, 0x42, 0xf6, 0x43, 0xf6, 0x53, 0xf6, 0x53, 0xf7, 0x53, 0xf7, 0x75, 0xf9, 0x53, 0xf7,
    0x63, 0xf8, 0x32, 0xf4, 0x53, 0xf7, 0x32, 0xf4, 0x32, 0xf4, 0x53, 0xf6, 0x32, 0xf4, 0x42, 0xf6,
    0x31, 0xf4, 0x32, 0xf4, 0x21, 0xf3, 0x32, 0xf4, 0x32, 0xf4, 0x32, 0xf5, 0x43, 0xf5, 0x43, 0xf5,
    0x32, 0xf4, 0x42, 0xf6, 0x43, 0xf6, 0x32, 0xf5, 0x53, 0xf7, 0x43, 0xf5, 0x42, 0xf5, 0x54, 0xf6,
    0x64, 0xf8, 0x43, 0xf5, 0x54, 0xf7, 0x54, 0xf6, 0x31, 0xf4, 0x43, 0xf6, 0x43, 0xf6, 0x53, 0xf6,
    0x21, 0xf3, 0x43, 0xf5, 0x32, 0xf4, 0x44, 0xf5, 0x42, 0xf5, 0x53, 0xf7, 0x43, 0xf4, 0x42, 0xf5,
    0x42, 0xf5, 0x32, 0xf4, 0x53, 0xf6, 0x42, 0xf5, 0x43, 0xf5, 0x21, 0xf3, 0x21, 0xf3, 0x32, 0xf4,
    0x54, 0xf6, 0x43, 0xf5, 0x43, 0xf5, 0x54, 0xf6, 0x43, 0xf6, 0x53, 0xf6, 0x43, 0xf5, 0x43, 0xf5,
    0x32, 0xf4, 0x43, 0xf5, 0x54, 0xf6, 0x43, 0xf4, 0x43, 0xf5, 0x43, 0xf5, 0x43, 0xf5, 0x53, 0xf6,
    0x64, 0xf7, 0x43, 0xf5, 0x43, 0xf6, 0x43, 0xf5, 0x21, 0xf3, 0x42, 0xf6, 0x21, 0xf3, 0x42, 0xf6,
    0x53, 0xf6, 0x54, 0xf6, 0x54, 0xf6, 0x43, 0xf5, 0x32, 0xf4, 0x32, 0xf4, 0x32, 0xf4, 0x22, 0xf3,
    0x53, 0xf6, 0x53, 0xf7, 0x63, 0xf7, 0x53, 0xf7, 0x64, 0xf7, 0x21, 0xf4, 0x32, 0xf4, 0x42, 0xf6,
    0x64, 0xf7, 0x42, 0xf5, 0x42, 0xf6, 0x42, 0xf6, 0x21, 0xf3, 0x43, 0xf6, 0x21, 0xf3, 0x44, 0xf5,
    0x42, 0xf5, 0x42, 0xf5, 0x64, 0xf8, 0x43, 0xf6, 0x43, 0xf5, 0x43, 0xf5, 0x32, 0xf4, 0x43, 0xf5,
    0x32, 0xf4, 0x22, 0xf3, 0x43, 0xf4, 0x43, 0xf4, 0x43, 0xf4, 0x32, 0xf4, 0x54, 0xf5, 0x22, 0xf3,
    0x43, 0xf6, 0x43, 0xf5, 0x44, 0xf4, 0x43, 0xf4, 0x54, 0xf6, 0x65, 0xf7, 0x65, 0xf7, 0x76, 0xf8,
    0x54, 0xf5, 0x43, 0xf5, 0x55, 0xf6, 0x55, 0xf6, 0x43, 0xf5, 0x54, 0xf6, 0x54, 0xf6, 0x54, 0xf5,
    0x43, 0xf5, 0x54, 0xf5, 0x54, 0xf5, 0x54, 0xf6, 0x54, 0xf6, 0x32, 0xf3, 0x54, 0xf6, 0x32, 0xf3,
    0x54, 0xf6, 0x65, 0xf7, 0x54, 0xf6, 0x65, 0xf7, 0x43, 0xf5, 0x33, 0xf4, 0x43, 0xf5, 0x43, 0xf5,
    0x54, 0xf5, 0x32, 0xf4, 0x33, 0xf4, 0x32, 0xf4, 0x43, 0xf5, 0x54, 0xf6, 0x32, 0xf4, 0x32, 0xf4,
    0x22, 0xf3, 0x43, 0xf4, 0x22, 0xf3, 0x43, 0xf5, 0x33, 0xf4, 0x32, 0xf4, 0x32, 0xf4, 0x54, 0xf7,
    0x43, 0xf5, 0x32, 0xf4, 0x32, 0xf5, 0x32, 0xf4, 0x43, 0xf5, 0x32, 0xf4, 0x32, 0xf4, 0x32, 0xf5,
    0x31, 0xf4, 0x42, 0xf5, 0x43, 0xf5, 0x32, 0xf4, 0x42, 0xf5, 0x32, 0xf4, 0x53, 0xf6, 0x43, 0xf5,
    0x43, 0xf5, 0x54, 0xf7, 0x32, 0xf4, 0x43, 0xf5, 0x43, 0xf5, 0x86, 0xf9, 0x43, 0xf6, 0x65, 0xf8,
    0x32, 0xf4, 0x32, 0xf3, 0x32, 0xf3, 0x33, 0xf4, 0x53, 0xf7, 0x75, 0xf8, 0x43, 0xf5, 0x43, 0xf5,
    0x65, 0xf7, 0x54, 0xf6, 0x64, 0xf7, 0x54, 0xf6, 0x53, 0xf6, 0x42, 0xf5, 0x64, 0xf7, 0x21, 0xf3,
    0x54, 0xf5, 0x43, 0xf5, 0x43, 0xf4, 0x42, 0xf5, 0x53, 0xf6, 0x21, 0xf3, 0x32, 0xf4, 0x32, 0xf5,
    0x33, 0xf4, 0x32, 0xf4, 0x32, 0xf4, 0x32, 0xf4, 0x32, 0xf4, 0x32, 0xf4, 0x43, 0xf5, 0x32, 0xf4,
    0x32, 0xf4, 0x43, 0xf5, 0x32, 0xf4, 0x42, 0xf5, 0x32, 0xf4, 0x32, 0xf4, 0x32, 0xf4, 0x32, 0xf4,
    0x32, 0xf4, 0x32, 0xf4, 0x32, 0xf3, 0x32, 0xf4, 0x43, 0xf4, 0x33, 0xf4, 0x32, 0xf4, 0x32, 0xf3,
    0x32, 0xf4, 0x32, 0xf4, 0x43, 0xf5, 0x32, 0xf4, 0x32, 0xf4, 0x32, 0xf4, 0x32, 0xf4, 0x21, 0xf3,
    0x32, 0xf3, 0x32, 0xf4, 0x32, 0xf4, 0x21, 0xf3, 0x32, 0xf4, 0x43, 0xf5, 0x32, 0xf4, 0x43, 0xf5,
    0x32, 0xf5, 0x32, 0xf4, 0x32, 0xf4, 0x42, 0xf5, 0x42, 0xf5, 0x43, 0xf6, 0x42, 0xf5, 0x32, 0xf4,
    0x32, 0xf4, 0x32, 0xf4, 0x43, 0xf5, 0x43, 0xf6, 0x32, 0xf4, 0x32, 0xf4, 0x53, 0xf6, 0x43, 0xf5,
    0x43, 0xf6, 0x54, 0xf7, 0x32, 0xf4, 0x43, 0xf6, 0x43, 0xf5, 0x43, 0xf5, 0x43, 0xf5, 0x64, 0xf7,
    0x32, 0xf4, 0x42, 0xf5, 0x32, 0xf3, 0x21, 0xf3, 0x43, 0xf6, 0x43, 0xf6, 0x54, 0xf5, 0x54, 0xf6,
    0x21, 0xf3, 0x22, 0xf3, 0x32, 0xf4, 0x53, 0xf6, 0x65, 0xf7, 0x76, 0xf8, 0x64, 0xf7, 0x76, 0xf8,
    0x54, 0xf6, 0x54, 0xf6, 0x54, 0xf6, 0x54, 0xf6, 0x54, 0xf6, 0x65, 0xf7, 0x43, 0xf5, 0x64, 0xf6,
    0x65, 0xf7, 0x53, 0xf6, 0x75, 0xf8, 0x54, 0xf6, 0x54, 0xf6, 0x54, 0xf6, 0x53, 0xf6, 0x54, 0xf6,
    0x43, 0xf5, 0x54, 0xf7, 0x43, 0xf5, 0x65, 0xf7, 0x54, 0xf6, 0x64, 0xf6, 0x65, 0xf7, 0x54, 0xf6,
    0x43, 0xf5, 0x65, 0xf7, 0x65, 0xf7, 0x65, 0xf7, 0x65, 0xf7, 0x54, 0xf5, 0x65, 0xf7, 0x43, 0xf5,
    0x65, 0xf7, 0x64, 0xf7, 0x65, 0xf7, 0x65, 0xf7, 0x54, 0xf6, 0x54, 0xf6, 0x54, 0xf6, 0x54, 0xf6,
    0x53, 0xf6, 0x65, 0xf7, 0x54, 0xf6, 0x54, 0xf6, 0x54, 0xf6, 0x64, 0xf7, 0x54, 0xf6, 0x64, 0xf7,
    0x32, 0xf4, 0x42, 0xf5, 0x32, 0xf4, 0x42, 0xf5, 0x32, 0xf4, 0x32, 0xf5, 0x54, 0xf7, 0x65, 0xf7,
    0x43, 0xf5, 0x43, 0xf5, 0x53, 0xf6, 0x53, 0xf6, 0x54, 0xf6, 0x65, 0xf7, 0x42, 0xf5, 0x43, 0xf5,
    0x42, 0xf5, 0x43, 0xf5, 0x53, 0xf6, 0x32, 0xf4, 0x53, 0xf6, 0x54, 0xf6, 0x42, 0xf4, 0x32, 0xf4,
    0x53, 0xf6, 0x21, 0xf3, 0x32, 0xf5, 0x53, 0xf7, 0x53, 0xf6, 0x42, 0xf5, 0x65, 0xf8, 0x43, 0xf5,
    0x42, 0xf5, 0x43, 0xf6, 0x43, 0xf5, 0x32, 0xf4, 0x43, 0xf5, 0x43, 0xf5, 0x43, 0xf5, 0x42, 0xf5,
    0x42, 0xf5, 0x32, 0xf4, 0x42, 0xf5, 0x32, 0xf4, 0x32, 0xf5, 0x32, 0xf4, 0x32, 0xf4, 0x43, 0xf5,
    0x43, 0xf5, 0x65, 0xf8, 0x43, 0xf5, 0x54, 0xf6, 0x54, 0xf6, 0x43, 0xf5, 0x43, 0xf5, 0x32, 0xf4,
    0x54, 0xf6, 0x54, 0xf6, 0x54, 0xf6, 0x53, 0xf6, 0x43, 0xf6, 0x32, 0xf4, 0x54, 0xf7, 0x42, 0xf5,
    0x65, 0xf7, 0x54, 0xf6, 0x32, 0xf4, 0x32, 0xf4, 0x54, 0xf6, 0x43, 0xf5, 0x32, 0xf4, 0x32, 0xf4,
    0x32, 0xf4, 0x42, 0xf5, 0x32, 0xf4, 0x42, 0xf5, 0x42, 0xf5, 0x42, 0xf5, 0x42, 0xf6, 0x42, 0xf5,
    0x54, 0xf7, 0x64, 0xf7, 0x54, 0xf6, 0x76, 0xf8, 0x75, 0xf7, 0x53, 0xf6, 0x54, 0xf6, 0x64, 0xf7,
    0x42, 0xf5, 0x64, 0xf7, 0x53, 0xf6, 0x64, 0xf8, 0x54, 0xf7, 0x64, 0xf7, 0x64, 0xf7, 0x53, 0xf6,
    0x42, 0xf5, 0x32, 0xf4, 0x43, 0xf5, 0x42, 0xf5, 0x32, 0xf4, 0x42, 0xf5, 0x42, 0xf5, 0x32, 0xf5,
    0x43, 0xf5, 0x53, 0xf6, 0x32, 0xf4, 0x32, 0xf5, 0x43, 0xf5, 0x43, 0xf6, 0x32, 0xf5, 0x53, 0xf6,
    0x43, 0xf5, 0x53, 0xf6, 0x54, 0xf6, 0x32, 0xf4, 0x53, 0xf6, 0x53, 0xf7, 0x42, 0xf5, 0x53, 0xf7,
    0x65, 0xf8, 0x43, 0xf5, 0x75, 0xf8, 0x64, 0xf7, 0x42, 0xf5, 0x42, 0xf5, 0x43, 0xf5, 0x42, 0xf5,
    0x54, 0xf6, 0x43, 0xf5, 0x65, 0xf7, 0x43, 0xf5, 0x32, 0xf5, 0x43, 0xf5, 0x42, 0xf5, 0x64, 0xf7,
    0x54, 0xf6, 0x43, 0xf5, 0x43, 0xf5, 0x43, 0xf5, 0x43, 0xf5, 0x54, 0xf6, 0x43, 0xf4, 0x43, 0xf5,
    0x32, 0xf4, 0x43, 0xf5, 0x43, 0xf5, 0x32, 0xf4, 0x44, 0xf5, 0x43, 0xf5, 0x32, 0xf4, 0x32, 0xf4,
    0x54, 0xf6, 0x32, 0xf4, 0x43, 0xf5, 0x43, 0xf5, 0x43, 0xf6, 0x43, 0xf5, 0x43, 0xf5, 0x54, 0xf6,
    0x43, 0xf5, 0x32, 0xf4, 0x64, 0xf7, 0x54, 0xf6, 0x32, 0xf4, 0x43, 0xf5, 0x42, 0xf6, 0x53, 0xf6,
    0x75, 0xf8, 0x75, 0xf8, 0x65, 0xf8, 0x75, 0xf8, 0x43, 0xf6, 0x43, 0xf5, 0x43, 0xf5, 0x21, 0xf3,
    0x32, 0xf5, 0x65, 0xf7, 0x31, 0xf3, 0x32, 0xf4, 0x43, 0xf5, 0x54, 0xf6, 0x21, 0xf3, 0x43, 0xf4,
    0x21, 0xf3, 0x42, 0xf5, 0x32, 0xf4, 0x42, 0xf5, 0x32, 0xf4, 0x43, 0xf5, 0x42, 0xf5, 0x53, 0xf6,
    0x43, 0xf5, 0x21, 0xf3, 0x54, 0xf6, 0x65, 0xf7, 0x32, 0xf4, 0x54, 0xf6, 0x54, 0xf5, 0x65, 0xf6,
    0x65, 0xf7, 0x87, 0xf8, 0x76, 0xf8, 0x86, 0xf8, 0x65, 0xf7, 0x65, 0xf7, 0x76, 0xf8, 0x76, 0xf8,
    0x65, 0xf7, 0x76, 0xf8, 0x65, 0xf7, 0x65, 0xf7, 0x54, 0xf6, 0x43, 0xf5, 0x54, 0xf6, 0x76, 0xf8,
    0x76, 0xf7, 0x55, 0xf6, 0x65, 0xf7, 0x54, 0xf6, 0x54, 0xf6, 0x76, 0xf8, 0x65, 0xf7, 0x65, 0xf7,
    0x87, 0xf9, 0x76, 0xf7, 0x65, 0xf7, 0x76, 0xf7, 0x86, 0xf8, 0x76, 0xf7, 0x86, 0xf8, 0x76, 0xf7,
    0x54, 0xf6, 0x76, 0xf8, 0x54, 0xf6, 0x87, 0xf9, 0x65, 0xf7, 0x65, 0xf7, 0x65, 0xf6, 0x65, 0xf7,
    0x65, 0xf7, 0x65, 0xf7, 0x65, 0xf7, 0x76, 0xf8, 0x55, 0xf6, 0x65, 0xf6, 0x65, 0xf7, 0x66, 0xf7,
    0x65, 0xf7, 0x76, 0xf8, 0x75, 0xf7, 0x65, 0xf6, 0x54, 0xf5, 0x33, 0xf4, 0x33, 0xf4, 0x21, 0xf3,
    0x53, 0xf6, 0x64, 0xf7, 0x43, 0xf5, 0x54, 0xf7, 0x53, 0xf6, 0x21, 0xf3, 0x53, 0xf7, 0x42, 0xf5,
    0x32, 0xf4, 0x42, 0xf5, 0x21, 0xf3, 0x42, 0xf5, 0x53, 0xf6, 0x63, 0xf8, 0x63, 0xf7, 0x53, 0xf7,
    0x42, 0xf5, 0x53, 0xf6, 0x54, 0xf7, 0x43, 0xf5, 0x43, 0xf6, 0x52, 0xf6, 0x43, 0xf6, 0x53, 0xf6,
    0x53, 0xf6, 0x42, 0xf5, 0x32, 0xf4, 0x43, 0xf6, 0x64, 0xf7, 0x43, 0xf6, 0x54, 0xf6, 0x21, 0xf3,
    0x42, 0xf5, 0x53, 0xf6, 0x64, 0xf8, 0x42, 0xf6, 0x53, 0xf7, 0x42, 0xf5, 0x32, 0xf5, 0x43, 0xf6,
    0x64, 0xf7, 0x42, 0xf5, 0x42, 0xf5, 0x42, 0xf6, 0x53, 0xf6, 0x65, 0xf7, 0x64, 0xf8, 0x53, 0xf8,
    0x32, 0xf5, 0x42, 0xf5, 0x42, 0xf5, 0x53, 0xf7, 0x32, 0xf5, 0x42, 0xf5, 0x42, 0xf6, 0x42, 0xf5,
    0x43, 0xf5, 0x42, 0xf5, 0x53, 0xf7, 0x43, 0xf5, 0x32, 0xf4, 0x32, 0xf3, 0x43, 0xf5, 0x43, 0xf5,
    0x43, 0xf6, 0x64, 0xf7, 0x53, 0xf7, 0x42, 0xf6, 0x43, 0xf5, 0x43, 0xf5, 0x32, 0xf4, 0x22, 0xf3,
    0x65, 0xf7, 0x75, 0xf9, 0x32, 0xf4, 0x64, 0xf7, 0x32, 0xf4, 0x53, 0xf6, 0x53, 0xf7, 0x53, 0xf6,
    0x33, 0xf4, 0x32, 0xf3, 0x54, 0xf7, 0x64, 0xf7, 0x22, 0xf3, 0x21, 0xf2, 0x32, 0xf5, 0x54, 0xf6,
    0x74, 0xf8, 0x53, 0xf7, 0x42, 0xf5, 0x21, 0xf4, 0x42, 0xf5, 0x43, 0xf5, 0x53, 0xf6, 0x64, 0xf7,
    0x42, 0xf5, 0x64, 0xf8, 0x64, 0xf7, 0x76, 0xf9, 0x64, 0xf8, 0x53, 0xf7, 0x64, 0xf7, 0x64, 0xf7,
    0x53, 0xf6, 0x75, 0xf8, 0x53, 0xf7, 0x75, 0xf8, 0x75, 0xf8, 0x65, 0xf8, 0x65, 0xf7, 0x32, 0xf4,
    0x53, 0xf6, 0x31, 0xf4, 0x53, 0xf7, 0x32, 0xf5, 0x53, 0xf6, 0x64, 0xf7, 0x53, 0xf7, 0x42, 0xf5,
    0x42, 0xf5, 0x31, 0xf4, 0x21, 0xf3, 0x32, 0xf4, 0x42, 0xf5, 0x42, 0xf5, 0x53, 0xf6, 0x32, 0xf5,
    0x42, 0xf5, 0x42, 0xf5, 0x54, 0xf6, 0x43, 0xf4, 0x32, 0xf4, 0x43, 0xf5, 0x32, 0xf4, 0x32, 0xf4,
    0x65, 0xf7, 0x65, 0xf6, 0x65, 0xf7, 0x66, 0xf7, 0x32, 0xf4, 0x43, 0xf5, 0x54, 0xf5, 0x43, 0xf4,
    0x32, 0xf4, 0x43, 0xf6, 0x31, 0xf4, 0x32, 0xf4, 0x43, 0xf6, 0x64, 0xf7, 0x32, 0xf4, 0x64, 0xf8,
    0x21, 0xf3, 0x21, 0xf3, 0x33, 0xf4, 0x32, 0xf5, 0x32, 0xf4, 0x53, 0xf6, 0x42, 0xf5, 0x53, 0xf6,
    0x65, 0xf7, 0x65, 0xf7, 0x55, 0xf6, 0x43, 0xf5, 0x65, 0xf6, 0x43, 0xf4, 0x65, 0xf6, 0x65, 0xf7,
    0x76, 0xf7, 0x54, 0xf5, 0x76, 0xf7, 0x55, 0xf6, 0x65, 0xf6, 0x65, 0xf7, 0x54, 0xf6, 0x65, 0xf6,
    0x43, 0xf4, 0x31, 0xf4, 0x43, 0xf4, 0x43, 0xf5, 0x42, 0xf5, 0x43, 0xf6, 0x32, 0xf4, 0x42, 0xf5,
    0x54, 0xf6, 0x43, 0xf5, 0x54, 0xf6, 0x43, 0xf5, 0x32, 0xf4, 0x42, 0xf6, 0x43, 0xf5, 0x32, 0xf4,
    0x32, 0xf5, 0x32, 0xf5, 0x43, 0xf6, 0x42, 0xf5, 0x42, 0xf5, 0x32, 0xf5, 0x42, 0xf5, 0x42, 0xf5,
    0x53, 0xf6, 0x42, 0xf6, 0x53, 0xf7, 0x42, 0xf6, 0x43, 0xf6, 0x32, 0xf4, 0x42, 0xf6, 0x32, 0xf4,
    0x42, 0xf5, 0x32, 0xf4, 0x42, 0xf5, 0x43, 0xf5, 0x43, 0xf5, 0x42, 0xf5, 0x43, 0xf6, 0x42, 0xf5,
    0x54, 0xf6, 0x65, 0xf7, 0x43, 0xf6, 0x53, 0xf6, 0x64, 0xf7, 0x42, 0xf6, 0x64, 0xf8, 0x43, 0xf6,
    0x43, 0xf6, 0x42, 0xf5, 0x42, 0xf5, 0x32, 0xf4, 0x42, 0xf5, 0x42, 0xf6, 0x53, 0xf6, 0x53, 0xf6,
    0x43, 0xf6, 0x43, 0xf6, 0x42, 0xf5, 0x43, 0xf5, 0x64, 0xf7, 0x43, 0xf5, 0x53, 0xf6, 0x64, 0xf7,
    0x42, 0xf5, 0x43, 0xf5, 0x32, 0xf5, 0x32, 0xf5, 0x53, 0xf6, 0x53, 0xf6, 0x42, 0xf5, 0x42, 0xf6,
    0x32, 0xf5, 0x31, 0xf4, 0x53, 0xf6, 0x42, 0xf5, 0x53, 0xf6, 0x75, 0xf8, 0x42, 0xf5, 0x64, 0xf7,
    0x65, 0xf7, 0x76, 0xf7, 0x65, 0xf7, 0x76, 0xf7, 0x65, 0xf7, 0x54, 0xf6, 0x65, 0xf7, 0x65, 0xf6,
    0x65, 0xf6, 0x55, 0xf6, 0x54, 0xf5, 0x54, 0xf5, 0x65, 0xf6, 0x66, 0xf7, 0x54, 0xf5, 0x65, 0xf6,
    0x54, 0xf5, 0x54, 0xf5, 0x54, 0xf6, 0x54, 0xf6, 0x54, 0xf5, 0x32, 0xf4, 0x54, 0xf6, 0x32, 0xf4,
    0x65, 0xf6, 0x54, 0xf6, 0x54, 0xf6, 0x32, 0xf3, 0x32, 0xf3, 0x32, 0xf4, 0x31, 0xf4, 0x42, 0xf5,
    0x43, 0xf4, 0x44, 0xf5, 0x54, 0xf5, 0x43, 0xf4, 0x54, 0xf5, 0x43, 0xf4, 0x43, 0xf4, 0x33, 0xf4,
    0x66, 0xf7, 0x43, 0xf4, 0x54, 0xf6, 0x43, 0xf4, 0x54, 0xf5, 0x32, 0xf5, 0x42, 0xf5, 0x30, 0xf5,
    0x32, 0xf3, 0x21, 0xf2, 0x21, 0xf3, 0x53, 0xf6, 0x42, 0xf5, 0x53, 0xf6, 0x75, 0xf9, 0x86, 0xf9,
    0x42, 0xf5, 0x64, 0xf7, 0x32, 0xf4, 0x64, 0xf7, 0x53, 0xf6, 0x54, 0xf6, 0x54, 0xf6, 0x43, 0xf5,
    0x31, 0xf4, 0x64, 0xf7, 0x42, 0xf5, 0x65, 0xf7, 0x54, 0xf6, 0x64, 0xf7, 0x53, 0xf6, 0x32, 0xf4,
    0x43, 0xf6, 0x32, 0xf4, 0x42, 0xf5, 0x43, 0xf5, 0x32, 0xf4, 0x32, 0xf4, 0x53, 0xf6, 0x75, 0xf8,
    0x43, 0xf5, 0x42, 0xf6, 0x21, 0xf4, 0x64, 0xf8, 0x53, 0xf6, 0x43, 0xf5, 0x53, 0xf6, 0x42, 0xf5,
    0x42, 0xf5, 0x43, 0xf6, 0x43, 0xf6, 0x43, 0xf5, 0x53, 0xf7, 0x75, 0xf8, 0x75, 0xf8, 0x65, 0xf8,
    0x75, 0xf8, 0x65, 0xf7, 0x86, 0xf9, 0x43, 0xf5, 0x32, 0xf4, 0x64, 0xf8, 0x10, 0xf2, 0x53, 0xf6,
    0x53, 0xf6, 0x53, 0xf6, 0x42, 0xf5, 0x75, 0xf8, 0x32, 0xf4, 0x32, 0xf4, 0x43, 0xf5, 0x21, 0xf2,
    0x65, 0xf8, 0x64, 0xf7, 0x65, 0xf8, 0x75, 0xf8, 0x75, 0xf9, 0x75, 0xf8, 0x64, 0xf8, 0x75, 0xf9,
    0x54, 0xf7, 0x53, 0xf7, 0x32, 0xf4, 0x43, 0xf6, 0x53, 0xf7, 0x75, 0xf8, 0x43, 0xf6, 0x53, 0xf6,
    0x32, 0xf5, 0x42, 0xf6, 0x31, 0xf4, 0x42, 0xf5, 0x63, 0xf8, 0x53, 0xf8, 0x54, 0xf7, 0x43, 0xf6,
    0x32, 0xf4, 0x42, 0xf5, 0x42, 0xf6, 0x42, 0xf6, 0x42, 0xf6, 0x31, 0xf4, 0x42, 0xf6, 0x32, 0xf5,
    0x75, 0xf8, 0x64, 0xf7, 0x43, 0xf5, 0x43, 0xf5, 0x54, 0xf6, 0x42, 0xf5, 0x43, 0xf5, 0x54, 0xf6,
    0x43, 0xf5, 0x65, 0xf8, 0x54, 0xf7, 0x65, 0xf8, 0x76, 0xf9, 0x76, 0xf8, 0x64, 0xf7, 0x53, 0xf6,
    0x53, 0xf6, 0x43, 0xf6, 0x53, 0xf7, 0x76, 0xf9, 0x53, 0xf6, 0x53, 0xf7, 0x54, 0xf7, 0x64, 0xf7,
    0x65, 0xf8, 0x53, 0xf6, 0x53, 0xf6, 0x32, 0xf4, 0x54, 0xf7, 0x53, 0xf7, 0x75, 0xf8, 0x53, 0xf6,
    0x64, 0xf7, 0x64, 0xf7, 0x43, 0xf6, 0x53, 0xf7, 0x64, 0xf7, 0x54, 0xf6, 0x64, 0xf8, 0x75, 0xf8,
    0x42, 0xf5, 0x54, 0xf7, 0x53, 0xf7, 0x64, 0xf7, 0x54, 0xf7, 0x75, 0xf8, 0x53, 0xf6, 0x43, 0xf6,
    0x43, 0xf6, 0x32, 0xf4, 0x75, 0xf8, 0x42, 0xf5, 0x21, 0xf3, 0x21, 0xf3, 0x53, 0xf6, 0x42, 0xf5,
    0x43, 0xf5, 0x42, 0xf5, 0x32, 0xf5, 0x53, 0xf6, 0x53, 0xf7, 0x43, 0xf5, 0x54, 0xf6, 0x54, 0xf6,
    0x32, 0xf4, 0x43, 0xf5, 0x32, 0xf4, 0x54, 0xf6, 0x42, 0xf4, 0x21, 0xf3, 0x32, 0xf4, 0x32, 0xf4,
    0x43, 0xf5, 0x43, 0xf5, 0x54, 0xf6, 0x32, 0xf4, 0x32, 0xf4, 0x42, 0xf5, 0x32, 0xf4, 0x64, 0xf7,
    0x42, 0xf6, 0x53, 0xf7, 0x54, 0xf7, 0x53, 0xf7, 0x53, 0xf6, 0x43, 0xf5, 0x42, 0xf5, 0x31, 0xf4,
    0x54, 0xf7, 0x32, 0xf5, 0x32, 0xf5, 0x42, 0xf5, 0x42, 0xf6, 0x43, 0xf5, 0x43, 0xf6, 0x43, 0xf5,
    0x43, 0xf5, 0x32, 0xf3, 0x43, 0xf6, 0x32, 0xf5, 0x32, 0xf4, 0x53, 0xf7, 0x43, 0xf5, 0x32, 0xf4,
    0x32, 0xf4, 0x42, 0xf5, 0x21, 0xf3, 0x43, 0xf5, 0x54, 0xf5, 0x32, 0xf4, 0x53, 0xf6, 0x53, 0xf6,
    0x42, 0xf5, 0x43, 0xf5, 0x75, 0xf8, 0x54, 0xf7, 0x64, 0xf7, 0x54, 0xf7, 0x53, 0xf6, 0x43, 0xf5,
    0x75, 0xf9, 0x76, 0xf9, 0x65, 0xf8, 0x86, 0xf9, 0x76, 0xf9, 0x53, 0xf6, 0x86, 0xf9, 0x75, 0xf8,
    0x64, 0xf8, 0x64, 0xf8, 0x43, 0xf6, 0x53, 0xf7, 0x53, 0xf6, 0x43, 0xf5, 0x42, 0xf5, 0x43, 0xf6,
    0x42, 0xf6, 0x32, 0xf5, 0x53, 0xf6, 0x32, 0xf5, 0x31, 0xf4, 0x64, 0xf7, 0x42, 0xf5, 0x53, 0xf7,
    0x75, 0xf8, 0x76, 0xf9, 0x75, 0xf8, 0x64, 0xf8, 0x43, 0xf6, 0x42, 0xf5, 0x64, 0xf8, 0x53, 0xf6,
    0x75, 0xf8, 0x64, 0xf7, 0x53, 0xf6, 0x43, 0xf6, 0x53, 0xf6, 0x53, 0xf6, 0x53, 0xf7, 0x54, 0xf7,
    0x43, 0xf5, 0x65, 0xf8, 0x42, 0xf6, 0x64, 0xf7, 0x64, 0xf8, 0x42, 0xf6, 0x65, 0xf8, 0x32, 0xf5,
    0x53, 0xf6, 0x54, 0xf7, 0x53, 0xf7, 0x43, 0xf5, 0x54, 0xf6, 0x42, 0xf5, 0x32, 0xf4, 0x32, 0xf5,
    0x53, 0xf6, 0x42, 0xf5, 0x54, 0xf7, 0x42, 0xf5, 0x43, 0xf5, 0x42, 0xf5, 0x32, 0xf4, 0x42, 0xf5,
    0x65, 0xf8, 0x54, 0xf6, 0x43, 0xf6, 0x64, 0xf7, 0x43, 0xf5, 0x43, 0xf5, 0x32, 0xf4, 0x32, 0xf4,
    0x43, 0xf4, 0x54, 0xf6, 0x43, 0xf5, 0x54, 0xf7, 0x53, 0xf7, 0x64, 0xf7, 0x53, 0xf7, 0x64, 0xf7,
    0x43, 0xf5, 0x53, 0xf6, 0x43, 0xf5, 0x43, 0xf5, 0x53, 0xf7, 0x53, 0xf6, 0x43, 0xf5, 0x53, 0xf6,
    0x42, 0xf5, 0x43, 0xf5, 0x52, 0xf7, 0x42, 0xf5, 0x32, 0xf3, 0x43, 0xf5, 0x32, 0xf4, 0x54, 0xf6,
    0x42, 0xf5, 0x32, 0xf4, 0x32, 0xf4, 0x42, 0xf5, 0x43, 0xf5, 0x54, 0xf6, 0x42, 0xf5, 0x64, 0xf7,
    0x53, 0xf6, 0x32, 0xf4, 0x43, 0xf5, 0x54, 0xf5, 0x32, 0xf4, 0x43, 0xf5, 0x54, 0xf6, 0x43, 0xf5,
    0x54, 0xf5, 0x65, 0xf7, 0x65, 0xf6, 0x65, 0xf7, 0x66, 0xf7, 0x54, 0xf6, 0x65, 0xf7, 0x43, 0xf5,
    0x65, 0xf8, 0x63, 0xf7, 0x87, 0xf8, 0x55, 0xf6, 0x42, 0xf5, 0x32, 0xf4, 0x43, 0xf5, 0x22, 0xf3,
    0x54, 0xf5, 0x54, 0xf5, 0x54, 0xf5, 0x55, 0xf6, 0x55, 0xf6, 0x21, 0xf2, 0x87, 0xf8, 0x32, 0xf3,
    0x42, 0xf5, 0x54, 0xf6, 0x42, 0xf5, 0x76, 0xf7, 0x54, 0xf6, 0x43, 0xf5, 0x65, 0xf7, 0x65, 0xf7,
    0x21, 0xf3, 0x65, 0xf7, 0x32, 0xf4, 0x43, 0xf5, 0x54, 0xf6, 0x43, 0xf5, 0x32, 0xf4, 0x31, 0xf4,
    0x54, 0xf6, 0x43, 0xf5, 0x65, 0xf6, 0x22, 0xf2, 0x43, 0xf4, 0x32, 0xf4, 0x21, 0xf2, 0x32, 0xf4,
    0x32, 0xf3, 0x32, 0xf3, 0x32, 0xf4, 0x43, 0xf5, 0x43, 0xf5, 0x32, 0xf4, 0x64, 0xf7, 0x42, 0xf5,
    0x42, 0xf6, 0x54, 0xf6, 0x53, 0xf7, 0x43, 0xf5, 0x43, 0xf4, 0x21, 0xf3, 0x43, 0xf5, 0x43, 0xf5,
    0x42, 0xf5, 0x32, 0xf4, 0x32, 0xf4, 0x32, 0xf4, 0x54, 0xf6, 0x54, 0xf6, 0x32, 0xf4, 0x42, 0xf5,
    0x53, 0xf7, 0x54, 0xf7, 0x53, 0xf6, 0x54, 0xf7, 0x43, 0xf5, 0x43, 0xf5, 0x53, 0xf6, 0x43, 0xf5,
    0x43, 0xf5, 0x43, 0xf6, 0x42, 0xf5, 0x43, 0xf5, 0x53, 0xf7, 0x64, 0xf8, 0x43, 0xf6, 0x42, 0xf5,
    0x43, 0xf5, 0x42, 0xf5, 0x32, 0xf4, 0x21, 0xf3, 0x43, 0xf6, 0x43, 0xf6, 0x53, 0xf6, 0x64, 0xf8,
    0x32, 0xf4, 0x32, 0xf4, 0x42, 0xf5, 0x32, 0xf4, 0x53, 0xf6, 0x53, 0xf7, 0x31, 0xf4, 0x32, 0xf4,
    0x32, 0xf3, 0x54, 0xf6, 0x32, 0xf4, 0x32, 0xf3, 0x53, 0xf6, 0x54, 0xf5, 0x43, 0xf5, 0x76, 0xf8,
    0x43, 0xf5, 0x43, 0xf5, 0x53, 0xf6, 0x53, 0xf6, 0x65, 0xf7, 0x65, 0xf7, 0x65, 0xf6, 0x66, 0xf7,
    0x65, 0xf7, 0x66, 0xf7, 0x76, 0xf7, 0x76, 0xf8, 0x54, 0xf6, 0x65, 0xf6, 0x76, 0xf7, 0x76, 0xf7,
    0x65, 0xf7, 0x65, 0xf7, 0x65, 0xf7, 0x76, 0xf7, 0x54, 0xf6, 0x65, 0xf6, 0x65, 0xf6, 0x65, 0xf6,
    0x43, 0xf6, 0x42, 0xf5, 0x43, 0xf5, 0x53, 0xf6, 0x53, 0xf7, 0x43, 0xf5, 0x53, 0xf6, 0x32, 0xf4,
    0x42, 0xf5, 0x53, 0xf6, 0x21, 0xf2, 0x32, 0xf4, 0x32, 0xf4, 0x32, 0xf5, 0x42, 0xf5, 0x42, 0xf6,
    0x32, 0xf3, 0x43, 0xf5, 0x53, 0xf6, 0x42, 0xf6, 0x32, 0xf5, 0x32, 0xf4, 0x42, 0xf6, 0x42, 0xf5,
    0x53, 0xf7, 0x42, 0xf7, 0x63, 0xf8, 0x63, 0xf8, 0x75, 0xf9, 0x53, 0xf7, 0x53, 0xf7, 0x52, 0xf7,
    0x42, 0xf5, 0x52, 0xf7, 0x53, 0xf7, 0x42, 0xf6, 0x64, 0xf7, 0x64, 0xf8, 0x53, 0xf6, 0x64, 0xf8,
    0x53, 0xf6, 0x42, 0xf5, 0x53, 0xf6, 0x43, 0xf5, 0x53, 0xf6, 0x75, 0xf8, 0x32, 0xf4, 0x32, 0xf4,
    0x53, 0xf7, 0x53, 0xf8, 0x53, 0xf7, 0x64, 0xf8, 0x64, 0xf8, 0x64, 0xf8, 0x53, 0xf7, 0x53, 0xf7,
    0x64, 0xf8, 0x53, 0xf7, 0x42, 0xf5, 0x42, 0xf6, 0x52, 0xf7, 0x53, 0xf7, 0x53, 0xf7, 0x53, 0xf7,
    0x42, 0xf5, 0x42, 0xf5, 0x64, 0xf7, 0x54, 0xf7, 0x54, 0xf6, 0x66, 0xf7, 0x64, 0xf8, 0x65, 0xf7,
    0x42, 0xf5, 0x42, 0xf5, 0x42, 0xf6, 0x21, 0xf3, 0x32, 0xf4, 0x54, 0xf5, 0x31, 0xf5, 0x53, 0xf6,
    0x76, 0xf7, 0x66, 0xf7, 0x65, 0xf6, 0x54, 0xf5, 0x76, 0xf7, 0x65, 0xf6, 0x55, 0xf6, 0x65, 0xf7,
    0x54, 0xf5, 0x54, 0xf6, 0x53, 0xf5, 0x65, 0xf6, 0x76, 0xf7, 0x76, 0xf8, 0x76, 0xf7, 0x87, 0xf8,
    0x31, 0xf4, 0x42, 0xf5, 0x42, 0xf6, 0x74, 0xf8, 0x53, 0xf6, 0x43, 0xf6, 0x54, 0xf6, 0x32, 0xf4,
    0x42, 0xf7, 0x64, 0xf8, 0x42, 0xf5, 0x32, 0xf4, 0x42, 0xf5, 0x21, 0xf3, 0x21, 0xf3, 0x32, 0xf4,
    0x64, 0xf8, 0x54, 0xf5, 0x64, 0xf7, 0x32, 0xf5, 0x76, 0xf8, 0x76, 0xf7, 0x64, 0xf6, 0x32, 0xf4,
    0x53, 0xf6, 0x64, 0xf7, 0x54, 0xf7, 0x86, 0xf9, 0x64, 0xf7, 0x32, 0xf4, 0x75, 0xf8, 0x43, 0xf5,
    0x43, 0xf6, 0x43, 0xf5, 0x53, 0xf7, 0x32, 0xf4, 0x53, 0xf6, 0x65, 0xf7, 0x43, 0xf5, 0x43, 0xf5,
    0x32, 0xf4, 0x21, 0xf2, 0x43, 0xf4, 0x54, 0xf6, 0x42, 0xf5, 0x42, 0xf5, 0x65, 0xf7, 0x32, 0xf5,
    0x43, 0xf5, 0x32, 0xf4, 0x43, 0xf4, 0x65, 0xf7, 0x64, 0xf7, 0x54, 0xf6, 0x65, 0xf7, 0x43, 0xf4,
    0x43, 0xf5, 0x65, 0xf7, 0x32, 0xf5, 0x32, 0xf4, 0x54, 0xf6, 0x54, 0xf5, 0x32, 0xf4, 0x42, 0xf5,
    0x65, 0xf6, 0x76, 0xf7, 0x65, 0xf6, 0x76, 0xf8, 0x76, 0xf7, 0x65, 0xf6, 0x66, 0xf7, 0x76, 0xf8,
    0x55, 0xf6, 0x76, 0xf7, 0x65, 0xf6, 0x65, 0xf7, 0x66, 0xf7, 0x65, 0xf6, 0x65, 0xf6, 0x44, 0xf5,
    0x54, 0xf5, 0x21, 0xf3, 0x43, 0xf5, 0x32, 0xf4, 0x32, 0xf4, 0x43, 0xf5, 0x43, 0xf6, 0x31, 0xf4,
    0x32, 0xf3, 0x42, 0xf5, 0x22, 0xf2, 0x32, 0xf4, 0x53, 0xf7, 0x53, 0xf6, 0x53, 0xf7, 0x53, 0xf7,
    0x43, 0xf5, 0x43, 0xf5, 0x32, 0xf4, 0x32, 0xf4, 0x43, 0xf4, 0x65, 0xf7, 0x54, 0xf6, 0x65, 0xf7,
    0x43, 0xf4, 0x32, 0xf4, 0x32, 0xf4, 0x32, 0xf4, 0x64, 0xf8, 0x85, 0xfa, 0x53, 0xf6, 0x64, 0xf8,
    0x65, 0xf7, 0x43, 0xf5, 0x54, 0xf6, 0x33, 0xf4, 0x54, 0xf7, 0x64, 0xf7, 0x43, 0xf5, 0x54, 0xf6,
    0x64, 0xf7, 0x43, 0xf5, 0x43, 0xf6, 0x42, 0xf5, 0x33, 0xf4, 0x54, 0xf6, 0x43, 0xf6, 0x43, 0xf5,
    0x53, 0xf6, 0x64, 0xf6, 0x54, 0xf6, 0x76, 0xf8, 0x76, 0xf8, 0x76, 0xf8, 0x65, 0xf7, 0x54, 0xf6,
    0x76, 0xf8, 0x75, 0xf8, 0x76, 0xf8, 0x65, 0xf7, 0x54, 0xf6, 0x32, 0xf4, 0x54, 0xf6, 0x54, 0xf6,
    0x43, 0xf5, 0x43, 0xf5, 0x43, 0xf5, 0x32, 0xf4, 0x75, 0xf9, 0x53, 0xf6, 0x64, 0xf8, 0x54, 0xf7,
    0x43, 0xf5, 0x43, 0xf5, 0x64, 0xf7, 0x43, 0xf5, 0x32, 0xf4, 0x42, 0xf5, 0x31, 0xf4, 0x53, 0xf6,
    0x65, 0xf7, 0x76, 0xf7, 0x65, 0xf7, 0x66, 0xf7, 0x76, 0xf7, 0x33, 0xf4, 0x65, 0xf7, 0x43, 0xf4,
    0x76, 0xf8, 0x54, 0xf6, 0x65, 0xf7, 0x43, 0xf5, 0x65, 0xf7, 0x43, 0xf5, 0x54, 0xf6, 0x43, 0xf5,
    0x32, 0xf4, 0x42, 0xf5, 0x43, 0xf5, 0x64, 0xf7, 0x42, 0xf5, 0x32, 0xf4, 0x65, 0xf7, 0x32, 0xf4,
    0x53, 0xf6, 0x53, 0xf7, 0x32, 0xf4, 0x43, 0xf5, 0x54, 0xf6, 0x32, 0xf4, 0x42, 0xf5, 0x21, 0xf4,
    0x33, 0xf4, 0x43, 0xf5, 0x32, 0xf4, 0x64, 0xf7, 0x53, 0xf6, 0x32, 0xf4, 0x64, 0xf8, 0x54, 0xf7,
    0x43, 0xf5, 0x53, 0xf6, 0x54, 0xf5, 0x43, 0xf5, 0x75, 0xf8, 0x75, 0xf8, 0x64, 0xf7, 0x64, 0xf8,
    0x54, 0xf6, 0x64, 0xf7, 0x53, 0xf6, 0x53, 0xf7, 0x52, 0xf6, 0x53, 0xf7, 0x64, 0xf8, 0x75, 0xf9,
    0x53, 0xf7, 0x64, 0xf8, 0x64, 0xf8, 0x64, 0xf7, 0x64, 0xf8, 0x75, 0xf9, 0x52, 0xf7, 0x43, 0xf6,
    0x54, 0xf6, 0x53, 0xf5, 0x32, 0xf4, 0x32, 0xf4, 0x64, 0xf7, 0x65, 0xf7, 0x54, 0xf6, 0x65, 0xf7,
    0x32, 0xf4, 0x42, 0xf5, 0x21, 0xf3, 0x43, 0xf6, 0x43, 0xf5, 0x32, 0xf3, 0x65, 0xf7, 0x43, 0xf5,
    0x64, 0xf6, 0x32, 0xf4, 0x42, 0xf4, 0x42, 0xf5, 0x52, 0xf7, 0x53, 0xf7, 0x53, 0xf7, 0x53, 0xf6,
    0x42, 0xf5, 0x53, 0xf6, 0x75, 0xf8, 0x86, 0xf9, 0x32, 0xf5, 0x75, 0xf8, 0x64, 0xf8, 0x65, 0xf8,
    0x53, 0xf7, 0x43, 0xf6, 0x64, 0xf7, 0x63, 0xf7, 0x54, 0xf7, 0x76, 0xf8, 0x53, 0xf6, 0x65, 0xf7,
    0x43, 0xf6, 0x43, 0xf5, 0x53, 0xf8, 0x52, 0xf7, 0x32, 0xf5, 0x21, 0xf3, 0x64, 0xf8, 0x85, 0xf9,
    0x75, 0xf8, 0x54, 0xf6, 0x53, 0xf6, 0x43, 0xf5, 0x64, 0xf7, 0x64, 0xf8, 0x43, 0xf6, 0x53, 0xf7,
    0x32, 0xf4, 0x32, 0xf4, 0x42, 0xf6, 0x42, 0xf5, 0x53, 0xf6, 0x53, 0xf6, 0x64, 0xf7, 0x53, 0xf7,
    0x32, 0xf4, 0x43, 0xf5, 0x43, 0xf5, 0x54, 0xf5, 0x32, 0xf4, 0x32, 0xf4, 0x32, 0xf4, 0x32, 0xf4,
    0x54, 0xf6, 0x54, 0xf6, 0x76, 0xf8, 0x43, 0xf5, 0x43, 0xf5, 0x32, 0xf4, 0x21, 0xf3, 0x22, 0xf3,
    0x21, 0xf2, 0x43, 0xf6, 0x21, 0xf4, 0x42, 0xf5, 0x64, 0xf7, 0x32, 0xf5, 0x32, 0xf4, 0x21, 0xf4,
    0x43, 0xf5, 0x43, 0xf5, 0x43, 0xf5, 0x54, 0xf6, 0x21, 0xf3, 0x32, 0xf4, 0x44, 0xf5, 0x32, 0xf4,
    0x64, 0xf7, 0x32, 0xf4, 0x32, 0xf4, 0x32, 0xf4, 0x21, 0xf2, 0x43, 0xf5, 0x32, 0xf4, 0x53, 0xf6,
    0x32, 0xf3, 0x43, 0xf5, 0x32, 0xf4, 0x43, 0xf5, 0x32, 0xf4, 0x32, 0xf4, 0x43, 0xf5, 0x21, 0xf3,
    0x32, 0xf4, 0x54, 0xf5, 0x32, 0xf4, 0x21, 0xf3, 0x44, 0xf5, 0x32, 0xf4, 0x32, 0xf4, 0x32, 0xf5,
    0x32, 0xf5, 0x32, 0xf3, 0x32, 0xf4, 0x31, 0xf4, 0x43, 0xf6, 0x53, 0xf7, 0x43, 0xf6, 0x65, 0xf7,
    0x21, 0xf4, 0x31, 0xf4, 0x42, 0xf5, 0x53, 0xf6, 0x42, 0xf5, 0x53, 0xf6, 0x42, 0xf5, 0x32, 0xf4,
    0x43, 0xf5, 0x32, 0xf5, 0x43, 0xf5, 0x42, 0xf5, 0x32, 0xf4, 0x32, 0xf4, 0x42, 0xf5, 0x42, 0xf5,
    0x76, 0xf8, 0x87, 0xfa, 0x54, 0xf6, 0x76, 0xf8, 0x75, 0xf9, 0x54, 0xf6, 0x54, 0xf6, 0x32, 0xf4,
    0x32, 0xf4, 0x43, 0xf5, 0x42, 0xf5, 0x43, 0xf5, 0x64, 0xf7, 0x54, 0xf6, 0x75, 0xf8, 0x86, 0xf9,
    0x43, 0xf5, 0x43, 0xf6, 0x43, 0xf5, 0x53, 0xf6, 0x65, 0xf8, 0x32, 0xf5, 0x64, 0xf8, 0x32, 0xf5,
    0x42, 0xf6, 0x31, 0xf5, 0x53, 0xf6, 0x42, 0xf5, 0x31, 0xf5, 0x43, 0xf6, 0x53, 0xf7, 0x42, 0xf6,
    0x32, 0xf4, 0x53, 0xf6, 0x54, 0xf6, 0x53, 0xf6, 0x64, 0xf7, 0x64, 0xf7, 0x64, 0xf7, 0x54, 0xf6,
    0x75, 0xf8, 0x65, 0xf7, 0x75, 0xf8, 0x75, 0xf8, 0x54, 0xf7, 0x54, 0xf7, 0x43, 0xf6, 0x76, 0xf8,
    0x32, 0xf4, 0x32, 0xf4, 0x43, 0xf5, 0x32, 0xf4, 0x44, 0xf5, 0x32, 0xf3, 0x32, 0xf4, 0x32, 0xf4,
    0x42, 0xf5, 0x43, 0xf5, 0x43, 0xf6, 0x42, 0xf6, 0x22, 0xf3, 0x31, 0xf4, 0x21, 0xf3, 0x21, 0xf3,
    0x32, 0xf5, 0x32, 0xf5, 0x42, 0xf5, 0x42, 0xf5, 0x54, 0xf6, 0x54, 0xf6, 0x43, 0xf5, 0x54, 0xf6,
    0x42, 0xf6, 0x42, 0xf5, 0x32, 0xf4, 0x43, 0xf5, 0x21, 0xf3, 0x32, 0xf4, 0x42, 0xf5, 0x43, 0xf6,
    0x42, 0xf5, 0x53, 0xf7, 0x43, 0xf4, 0x42, 0xf5, 0x21, 0xf3, 0x22, 0xf3, 0x21, 0xf3, 0x42, 0xf5,
    0x32, 0xf4, 0x32, 0xf5, 0x54, 0xf6, 0x32, 0xf4, 0x31, 0xf4, 0x32, 0xf4, 0x43, 0xf5, 0x53, 0xf6,
    0x43, 0xf6, 0x65, 0xf8, 0x64, 0xf8, 0x54, 0xf6, 0x42, 0xf5, 0x32, 0xf4, 0x32, 0xf4, 0x53, 0xf6,
    0x43, 0xf5, 0x54, 0xf6, 0x53, 0xf6, 0x64, 0xf7, 0x64, 0xf7, 0x53, 0xf6, 0x53, 0xf6, 0x43, 0xf5,
    0x64, 0xf7, 0x53, 0xf7, 0x75, 0xf8, 0x53, 0xf7, 0x64, 0xf8, 0x31, 0xf4, 0x42, 0xf5, 0x32, 0xf3,
    0x42, 0xf5, 0x32, 0xf4, 0x43, 0xf5, 0x32, 0xf4, 0x43, 0xf5, 0x43, 0xf5, 0x21, 0xf3, 0x53, 0xf6,
    0x53, 0xf6, 0x64, 0xf7, 0x43, 0xf5, 0x54, 0xf6, 0x65, 0xf7, 0x97, 0xfa, 0x75, 0xf8, 0x87, 0xf9,
    0x43, 0xf6, 0x54, 0xf7, 0x53, 0xf7, 0x42, 0xf5, 0x64, 0xf7, 0x76, 0xf8, 0x43, 0xf5, 0x53, 0xf6,
    0x32, 0xf4, 0x54, 0xf7, 0x32, 0xf4, 0x43, 0xf5, 0x32, 0xf4, 0x43, 0xf5, 0x33, 0xf4, 0x53, 0xf6,
    0x32, 0xf5, 0x31, 0xf4, 0x43, 0xf6, 0x53, 0xf6, 0x43, 0xf5, 0x64, 0xf8, 0x54, 0xf7, 0x64, 0xf8,
    0x53, 0xf6, 0x53, 0xf6, 0x53, 0xf6, 0x43, 0xf6, 0x32, 0xf4, 0x21, 0xf3, 0x32, 0xf4, 0x32, 0xf5,
    0x64, 0xf7, 0x32, 0xf5, 0x65, 0xf8, 0x43, 0xf5, 0x32, 0xf4, 0x53, 0xf7, 0x42, 0xf5, 0x53, 0xf8,
    0x55, 0xf6, 0x53, 0xf6, 0x32, 0xf4, 0x64, 0xf7, 0x53, 0xf7, 0x53, 0xf7, 0x53, 0xf7, 0x64, 0xf8,
    0x64, 0xf7, 0x75, 0xf8, 0x97, 0xfa, 0x86, 0xfa, 0x42, 0xf5, 0x42, 0xf5, 0x43, 0xf5, 0x32, 0xf4,
    0x53, 0xf7, 0x63, 0xf8, 0x63, 0xf8, 0x74, 0xf9, 0x52, 0xf7, 0x32, 0xf4, 0x63, 0xf8, 0x31, 0xf4,
    0x53, 0xf7, 0x53, 0xf7, 0x42, 0xf5, 0x41, 0xf6, 0x74, 0xf8, 0x53, 0xf6, 0x53, 0xf7, 0x53, 0xf6,
    0x64, 0xf7, 0x53, 0xf6, 0x43, 0xf6, 0x75, 0xf8, 0x53, 0xf6, 0x32, 0xf4, 0x75, 0xf8, 0x75, 0xf8,
    0x53, 0xf6, 0x65, 0xf8, 0x64, 0xf7, 0x64, 0xf7, 0x75, 0xf8, 0x53, 0xf6, 0x64, 0xf7, 0x21, 0xf3,
    0x43, 0xf5, 0x53, 0xf6, 0x54, 0xf7, 0x53, 0xf6, 0x42, 0xf6, 0x42, 0xf5, 0x64, 0xf7, 0x53, 0xf7,
    0x32, 0xf5, 0x42, 0xf6, 0x53, 0xf7, 0x64, 0xf8, 0x86, 0xf9, 0x43, 0xf5, 0x42, 0xf5, 0x32, 0xf5,
    0x64, 0xf8, 0x74, 0xf9, 0x53, 0xf7, 0x42, 0xf6, 0x63, 0xf8, 0x64, 0xf8, 0x63, 0xf8, 0x52, 0xf7,
    0x42, 0xf6, 0x42, 0xf6, 0x43, 0xf6, 0x52, 0xf7, 0x53, 0xf6, 0x53, 0xf7, 0x42, 0xf5, 0x42, 0xf5,
    0x43, 0xf5, 0x53, 0xf6, 0x53, 0xf6, 0x53, 0xf6, 0x64, 0xf8, 0x43, 0xf5, 0x42, 0xf5, 0x42, 0xf6,
    0x42, 0xf6, 0x42, 0xf6, 0x53, 0xf7, 0x53, 0xf8, 0x52, 0xf7, 0x53, 0xf6, 0x64, 0xf8, 0x53, 0xf7,
    0x75, 0xf9, 0x74, 0xfa, 0x74, 0xf9, 0x64, 0xf8, 0x42, 0xf6, 0x52, 0xf6, 0x32, 0xf5, 0x64, 0xf8,
    0x42, 0xf5, 0x65, 0xf8, 0x43, 0xf5, 0x43, 0xf5, 0x54, 0xf7, 0x53, 0xf8, 0x43, 0xf5, 0x53, 0xf7,
    0x63, 0xf8, 0x63, 0xf7, 0x42, 0xf6, 0x53, 0xf7, 0x63, 0xf8, 0x63, 0xf8, 0x53, 0xf7, 0x74, 0xf8,
    0x52, 0xf7, 0x52, 0xf7, 0x64, 0xf9, 0x74, 0xf9, 0x52, 0xf7, 0x64, 0xf8, 0x63, 0xf8, 0x63, 0xf8,
    0x76, 0xf8, 0x43, 0xf6, 0x86, 0xf9, 0x32, 0xf4, 0x53, 0xf6, 0x31, 0xf4, 0x42, 0xf5, 0x42, 0xf6,
    0x65, 0xf7, 0x32, 0xf4, 0x31, 0xf4, 0x42, 0xf6, 0x31, 0xf4, 0x42, 0xf6, 0x32, 0xf5, 0x63, 0xf8,
    0x54, 0xf7, 0x64, 0xf8, 0x43, 0xf6, 0x43, 0xf5, 0x64, 0xf8, 0x42, 0xf6, 0x42, 0xf5, 0x42, 0xf5,
    0x42, 0xf5, 0x42, 0xf5, 0x53, 0xf7, 0x32, 0xf3, 0x21, 0xf3, 0x44, 0xf5, 0x43, 0xf4, 0x43, 0xf5,
    0x31, 0xf4, 0x53, 0xf7, 0x42, 0xf5, 0x32, 0xf5, 0x42, 0xf5, 0x32, 0xf5, 0x32, 0xf4, 0x32, 0xf4,
    0x42, 0xf6, 0x31, 0xf4, 0x43, 0xf6, 0x21, 0xf3, 0x32, 0xf4, 0x32, 0xf4, 0x32, 0xf4, 0x33, 0xf4,
    0x43, 0xf6, 0x43, 0xf4, 0x42, 0xf5, 0x65, 0xf7, 0x54, 0xf6, 0x54, 0xf5, 0x54, 0xf6, 0x54, 0xf5,
    0x32, 0xf4, 0x53, 0xf6, 0x21, 0xf3, 0x32, 0xf4, 0x54, 0xf6, 0x54, 0xf6, 0x43, 0xf5, 0x54, 0xf6,
    0x32, 0xf4, 0x22, 0xf3, 0x32, 0xf4, 0x33, 0xf4, 0x21, 0xf3, 0x31, 0xf4, 0x44, 0xf5, 0x32, 0xf3,
    0x54, 0xf6, 0x43, 0xf5, 0x54, 0xf6, 0x55, 0xf6, 0x44, 0xf5, 0x33, 0xf4, 0x65, 0xf6, 0x32, 0xf3,
    0x53, 0xf7, 0x63, 0xf8, 0x53, 0xf7, 0x74, 0xf9, 0x63, 0xf8, 0x53, 0xf7, 0x53, 0xf7, 0x64, 0xf8,
    0x53, 0xf6, 0x42, 0xf5, 0x21, 0xf3, 0x65, 0xf7, 0x42, 0xf5, 0x53, 0xf6, 0x54, 0xf5, 0x32, 0xf5,
    0x54, 0xf6, 0x65, 0xf6, 0x75, 0xf7, 0x54, 0xf6, 0x65, 0xf7, 0x32, 0xf3, 0x43, 0xf4, 0x32, 0xf3,
    0x65, 0xf7, 0x43, 0xf5, 0x54, 0xf6, 0x32, 0xf3, 0x53, 0xf5, 0x32, 0xf3, 0x43, 0xf5, 0x43, 0xf5,
    0x32, 0xf4, 0x43, 0xf5, 0x32, 0xf4, 0x64, 0xf7, 0x44, 0xf5, 0x53, 0xf6, 0x64, 0xf7, 0x22, 0xf3,
    0x43, 0xf4, 0x53, 0xf6, 0x43, 0xf5, 0x42, 0xf5, 0x54, 0xf7, 0x43, 0xf4, 0x65, 0xf7, 0x65, 0xf6,
    0x32, 0xf4, 0x32, 0xf3, 0x32, 0xf4, 0x32, 0xf4, 0x31, 0xf4, 0x31, 0xf5, 0x32, 0xf4, 0x32, 0xf4,
    0x21, 0xf3, 0x42, 0xf5, 0x54, 0xf5, 0x64, 0xf7, 0x43, 0xf5, 0x21, 0xf3, 0x64, 0xf8, 0x42, 0xf6,
    0x53, 0xf6, 0x75, 0xf8, 0x43, 0xf5, 0x54, 0xf6, 0x54, 0xf7, 0x53, 0xf6, 0x53, 0xf6, 0x53, 0xf6,
    0x21, 0xf3, 0x32, 0xf3, 0x31, 0xf4, 0x32, 0xf4, 0x43, 0xf5, 0x42, 0xf5, 0x32, 0xf4, 0x43, 0xf5,
    0x76, 0xf8, 0x65, 0xf7, 0x43, 0xf4, 0x43, 0xf5, 0x53, 0xf7, 0x53, 0xf6, 0x64, 0xf7, 0x53, 0xf6,
    0x21, 0xf2, 0x21, 0xf3, 0x32, 0xf3, 0x11, 0xf2, 0x43, 0xf5, 0x43, 0xf5, 0x21, 0xf3, 0x42, 0xf5,
    0x31, 0xf4, 0x43, 0xf4, 0x21, 0xf3, 0x21, 0xf3, 0x42, 0xf5, 0x54, 0xf7, 0x32, 0xf4, 0x32, 0xf5,
    0x43, 0xf4, 0x21, 0xf3, 0x43, 0xf5, 0x42, 0xf6, 0x42, 0xf5, 0x75, 0xf8, 0x53, 0xf7, 0x64, 0xf8,
    0x43, 0xf5, 0x64, 0xf7, 0x32, 0xf4, 0x32, 0xf4, 0x32, 0xf4, 0x32, 0xf4, 0x32, 0xf5, 0x53, 0xf6,
    0x32, 0xf4, 0x32, 0xf5, 0x42, 0xf5, 0x43, 0xf5, 0x42, 0xf5, 0x53, 0xf6, 0x32, 0xf5, 0x32, 0xf5,
    0x43, 0xf5, 0x42, 0xf5, 0x43, 0xf6, 0x32, 0xf3, 0x43, 0xf6, 0x42, 0xf6, 0x43, 0xf5, 0x32, 0xf4,
    0x43, 0xf6, 0x32, 0xf5, 0x32, 0xf4, 0x74, 0xf9, 0x42, 0xf5, 0x53, 0xf6, 0x53, 0xf7, 0x64, 0xf8,
    0x32, 0xf4, 0x32, 0xf4, 0x31, 0xf4, 0x21, 0xf3, 0x43, 0xf5, 0x43, 0xf5, 0x32, 0xf4, 0x32, 0xf4,
    0x63, 0xf7, 0x31, 0xf5, 0x75, 0xf9, 0x75, 0xf8, 0x21, 0xf3, 0x21, 0xf3, 0x42, 0xf6, 0x21, 0xf3,
    0x32, 0xf5, 0x63, 0xf8, 0x42, 0xf6, 0x64, 0xf8, 0x42, 0xf6, 0x42, 0xf6, 0x53, 0xf6, 0x42, 0xf5,
    0x32, 0xf4, 0x53, 0xf7, 0x32, 0xf4, 0x21, 0xf3, 0x64, 0xf8, 0x42, 0xf5, 0x53, 0xf6, 0x42, 0xf6,
    0x43, 0xf4, 0x22, 0xf3, 0x32, 0xf4, 0x32, 0xf4, 0x43, 0xf5, 0x43, 0xf6, 0x32, 0xf5, 0x42, 0xf5,
    0x42, 0xf5, 0x32, 0xf4, 0x63, 0xf8, 0x32, 0xf4, 0x32, 0xf4, 0x32, 0xf5, 0x32, 0xf4, 0x43, 0xf6,
    0x53, 0xf6, 0x53, 0xf6, 0x42, 0xf5, 0x54, 0xf7, 0x42, 0xf5, 0x63, 0xf7, 0x43, 0xf5, 0x53, 0xf7,
    0x42, 0xf5, 0x64, 0xf8, 0x42, 0xf5, 0x42, 0xf5, 0x54, 0xf7, 0x42, 0xf5, 0x32, 0xf4, 0x42, 0xf5,
    0x53, 0xf6, 0x21, 0xf3, 0x31, 0xf4, 0x32, 0xf4, 0x43, 0xf5, 0x65, 0xf7, 0x54, 0xf6, 0x54, 0xf6,
    0x53, 0xf7, 0x54, 0xf7, 0x32, 0xf4, 0x53, 0xf6, 0x54, 0xf6, 0x43, 0xf5, 0x43, 0xf5, 0x32, 0xf4,
    0x32, 0xf4, 0x32, 0xf4, 0x21, 0xf3, 0x53, 0xf6, 0x53, 0xf6, 0x64, 0xf8, 0x85, 0xfa, 0x64, 0xf7,
    0x32, 0xf4, 0x42, 0xf5, 0x43, 0xf5, 0x32, 0xf5, 0x63, 0xf8, 0x42, 0xf6, 0x31, 0xf4, 0x43, 0xf6,
    0x63, 0xf7, 0x75, 0xf8, 0x53, 0xf6, 0x53, 0xf6, 0x43, 0xf6, 0x21, 0xf3, 0x21, 0xf3, 0x32, 0xf3,
    0x53, 0xf6, 0x31, 0xf4, 0x64, 0xf8, 0x21, 0xf3, 0x32, 0xf4, 0x65, 0xf7, 0x53, 0xf6, 0x64, 0xf7,
    0x32, 0xf4, 0x32, 0xf4, 0x32, 0xf4, 0x22, 0xf3, 0x32, 0xf4, 0x32, 0xf4, 0x32, 0xf3, 0x43, 0xf5,
    0x42, 0xf5, 0x42, 0xf4, 0x43, 0xf5, 0x53, 0xf6, 0x43, 0xf4, 0x32, 0xf4, 0x32, 0xf4, 0x32, 0xf4,
    0x65, 0xf8, 0x21, 0xf3, 0x53, 0xf6, 0x31, 0xf4, 0x43, 0xf5, 0x65, 0xf8, 0x42, 0xf5, 0x42, 0xf5,
    0x53, 0xf7, 0x64, 0xf7, 0x64, 0xf8, 0x75, 0xf8, 0x86, 0xf9, 0x43, 0xf5, 0x86, 0xf9, 0x53, 0xf6,
    0x53, 0xf6, 0x43, 0xf5, 0x21, 0xf3, 0x32, 0xf4, 0x32, 0xf4, 0x32, 0xf4, 0x32, 0xf4, 0x32, 0xf4,
    0x21, 0xf3, 0x21, 0xf3, 0x42, 0xf5, 0x31, 0xf4, 0x21, 0xf3, 0x32, 0xf4, 0x32, 0xf4, 0x42, 0xf5,
    0x53, 0xf7, 0x53, 0xf6, 0x42, 0xf5, 0x53, 0xf7, 0x64, 0xf8, 0x53, 0xf6, 0x42, 0xf6, 0x64, 0xf8,
    0x43, 0xf6, 0x42, 0xf5, 0x64, 0xf7, 0x42, 0xf5, 0x42, 0xf6, 0x75, 0xf9, 0x21, 0xf4, 0x32, 0xf4,
    0x42, 0xf5, 0x42, 0xf5, 0x43, 0xf5, 0x32, 0xf4, 0x21, 0xf3, 0x32, 0xf4, 0x31, 0xf4, 0x53, 0xf6,
    0x43, 0xf5, 0x21, 0xf3, 0x32, 0xf4, 0x32, 0xf4, 0x53, 0xf6, 0x75, 0xf8, 0x76, 0xf8, 0x54, 0xf6,
    0x42, 0xf6, 0x42, 0xf6, 0x53, 0xf7, 0x86, 0xf9, 0x21, 0xf3, 0x42, 0xf5, 0x42, 0xf5, 0x53, 0xf6,
    0x53, 0xf7, 0x43, 0xf6, 0x31, 0xf4, 0x21, 0xf3, 0x31, 0xf4, 0x43, 0xf6, 0x31, 0xf4, 0x32, 0xf4,
    0x42, 0xf6, 0x54, 0xf6, 0x42, 0xf6, 0x21, 0xf3, 0x65, 0xf8, 0x53, 0xf6, 0x54, 0xf6, 0x43, 0xf5,
    0x32, 0xf4, 0x21, 0xf3, 0x32, 0xf3, 0x32, 0xf4, 0x31, 0xf4, 0x43, 0xf6, 0x32, 0xf4, 0x32, 0xf4,
    0x43, 0xf5, 0x32, 0xf4, 0x65, 0xf7, 0x64, 0xf7, 0x53, 0xf6, 0x53, 0xf6, 0x43, 0xf5, 0x32, 0xf5,
    0x43, 0xf6, 0x43, 0xf5, 0x43, 0xf6, 0x64, 0xf7, 0x21, 0xf3, 0x32, 0xf4, 0x43, 0xf5, 0x43, 0xf5,
    0x54, 0xf6, 0x65, 0xf7, 0x32, 0xf4, 0x43, 0xf5, 0x54, 0xf6, 0x43, 0xf5, 0x54, 0xf6, 0x32, 0xf4,
    0x42, 0xf5, 0x31, 0xf4, 0x53, 0xf6, 0x65, 0xf7, 0x32, 0xf4, 0x31, 0xf4, 0x42, 0xf6, 0x42, 0xf6,
    0x53, 0xf6, 0x53, 0xf6, 0x43, 0xf5, 0x32, 0xf4, 0x32, 0xf4, 0x42, 0xf5, 0x42, 0xf5, 0x32, 0xf5,
    0x32, 0xf4, 0x42, 0xf5, 0x32, 0xf4, 0x42, 0xf5, 0x54, 0xf7, 0x42, 0xf5, 0x42, 0xf6, 0x64, 0xf8,
    0x65, 0xf7, 0x65, 0xf6, 0x32, 0xf4, 0x31, 0xf3, 0x32, 0xf5, 0x53, 0xf7, 0x42, 0xf5, 0x43, 0xf5,
    0x64, 0xf7, 0x53, 0xf6, 0x75, 0xf8, 0x53, 0xf7, 0x64, 0xf8, 0x42, 0xf5, 0x53, 0xf7, 0x53, 0xf7,
    0x32, 0xf4, 0x31, 0xf4, 0x43, 0xf6, 0x42, 0xf5, 0x42, 0xf5, 0x43, 0xf4, 0x32, 0xf4, 0x32, 0xf4,
    0x32, 0xf4, 0x32, 0xf3, 0x43, 0xf5, 0x32, 0xf4, 0x32, 0xf3, 0x32, 0xf3, 0x33, 0xf4, 0x21, 0xf3,
    0x32, 0xf3, 0x32, 0xf5, 0x32, 0xf4, 0x43, 0xf6, 0x42, 0xf5, 0x43, 0xf5, 0x42, 0xf6, 0x32, 0xf5,
    0x54, 0xf6, 0x53, 0xf5, 0x53, 0xf6, 0x54, 0xf6, 0x43, 0xf5, 0x32, 0xf4, 0x43, 0xf5, 0x43, 0xf5,
    0x43, 0xf4, 0x54, 0xf5, 0x33, 0xf4, 0x54, 0xf5, 0x32, 0xf4, 0x53, 0xf6, 0x32, 0xf3, 0x53, 0xf6,
    0x43, 0xf5, 0x43, 0xf5, 0x32, 0xf4, 0x43, 0xf5, 0x43, 0xf5, 0x32, 0xf4, 0x43, 0xf5, 0x43, 0xf5,
    0x64, 0xf7, 0x53, 0xf6, 0x75, 0xf8, 0x54, 0xf6, 0x43, 0xf6, 0x43, 0xf5, 0x54, 0xf7, 0x32, 0xf4,
    0x53, 0xf7, 0x53, 0xf7, 0x43, 0xf5, 0x43, 0xf5, 0x43, 0xf6, 0x42, 0xf5, 0x42, 0xf5, 0x22, 0xf3,
    0x43, 0xf5, 0x42, 0xf5, 0x42, 0xf5, 0x32, 0xf5, 0x42, 0xf5, 0x64, 0xf8, 0x52, 0xf6, 0x64, 0xf8,
    0x31, 0xf4, 0x31, 0xf5, 0x21, 0xf3, 0x32, 0xf5, 0x42, 0xf6, 0x54, 0xf7, 0x42, 0xf6, 0x64, 0xf7,
    0x65, 0xf7, 0x32, 0xf5, 0x64, 0xf7, 0x53, 0xf6, 0x54, 0xf7, 0x65, 0xf8, 0x53, 0xf7, 0x54, 0xf6,
    0x75, 0xf8, 0x53, 0xf7, 0x54, 0xf7, 0x64, 0xf8, 0x74, 0xf9, 0x53, 0xf7, 0x75, 0xf9, 0x64, 0xf7,
    0x42, 0xf5, 0x53, 0xf6, 0x54, 0xf6, 0x43, 0xf6, 0x32, 0xf5, 0x54, 0xf7, 0x31, 0xf4, 0x32, 0xf5,
    0x42, 0xf5, 0x31, 0xf4, 0x42, 0xf5, 0x32, 0xf4, 0x31, 0xf4, 0x32, 0xf4, 0x44, 0xf5, 0x54, 0xf6,
    0x64, 0xf7, 0x75, 0xf8, 0x64, 0xf7, 0x64, 0xf7, 0x53, 0xf6, 0x53, 0xf6, 0x32, 0xf5, 0x43, 0xf5,
    0x43, 0xf5, 0x54, 0xf6, 0x32, 0xf4, 0x54, 0xf6, 0x43, 0xf5, 0x53, 0xf6, 0x32, 0xf4, 0x32, 0xf5,
    0x42, 0xf6, 0x52, 0xf7, 0x42, 0xf5, 0x53, 0xf6, 0x32, 0xf4, 0x32, 0xf4, 0x42, 0xf5, 0x42, 0xf5,
    0x32, 0xf4, 0x53, 0xf6, 0x43, 0xf5, 0x43, 0xf5, 0x32, 0xf4, 0x42, 0xf5, 0x42, 0xf5, 0x43, 0xf6,
    0x64, 0xf7, 0x53, 0xf6, 0x53, 0xf6, 0x75, 0xf8, 0x32, 0xf5, 0x54, 0xf7, 0x65, 0xf8, 0x75, 0xf8,
    0x42, 0xf5, 0x75, 0xf9, 0x32, 0xf4, 0x53, 0xf7, 0x86, 0xfa, 0x75, 0xf9, 0x85, 0xf9, 0x75, 0xf9,
    0x42, 0xf6, 0x32, 0xf5, 0x32, 0xf5, 0x32, 0xf5, 0x43, 0xf5, 0x43, 0xf5, 0x32, 0xf4, 0x32, 0xf4,
    0x32, 0xf5, 0x43, 0xf6, 0x53, 0xf6, 0x64, 0xf7, 0x43, 0xf6, 0x32, 0xf4, 0x64, 0xf8, 0x42, 0xf5,
    0x33, 0xf4, 0x43, 0xf5, 0x32, 0xf5, 0x43, 0xf5, 0x64, 0xf8, 0x74, 0xf8, 0x64, 0xf7, 0x86, 0xf9,
    0x42, 0xf6, 0x43, 0xf6, 0x42, 0xf5, 0x53, 0xf6, 0x53, 0xf7, 0x54, 0xf7, 0x43, 0xf5, 0x42, 0xf5,
    0x54, 0xf7, 0x76, 0xf9, 0x64, 0xf8, 0x75, 0xf9, 0x87, 0xf9, 0x53, 0xf7, 0x75, 0xf8, 0x64, 0xf7,
    0x64, 0xf8, 0x64, 0xf8, 0x64, 0xf8, 0x75, 0xf8, 0x64, 0xf8, 0x75, 0xf9, 0x64, 0xf8, 0x75, 0xf9,
    0x64, 0xf8, 0x64, 0xf7, 0x75, 0xf8, 0x54, 0xf6, 0x43, 0xf6, 0x54, 0xf6, 0x21, 0xf3, 0x32, 0xf4,
    0x75, 0xf8, 0x21, 0xf3, 0x54, 0xf6, 0x11, 0xf2, 0x32, 0xf4, 0x22, 0xf3, 0x32, 0xf4, 0x33, 0xf4,
    0x75, 0xf9, 0x86, 0xf9, 0x75, 0xf9, 0x53, 0xf7, 0x64, 0xf7, 0x54, 0xf7, 0x42, 0xf5, 0x53, 0xf6,
    0x53, 0xf6, 0x31, 0xf4, 0x42, 0xf6, 0x53, 0xf6, 0x42, 0xf5, 0x42, 0xf5, 0x42, 0xf5, 0x32, 0xf5,
    0x31, 0xf4, 0x21, 0xf3, 0x32, 0xf4, 0x32, 0xf3, 0x42, 0xf5, 0x32, 0xf4, 0x32, 0xf4, 0x32, 0xf4,
    0x32, 0xf3, 0x43, 0xf4, 0x32, 0xf4, 0x54, 0xf5, 0x33, 0xf4, 0x32, 0xf4, 0x44, 0xf5, 0x32, 0xf4,
    0x43, 0xf5, 0x64, 0xf8, 0x42, 0xf5, 0x32, 0xf4, 0x42, 0xf6, 0x42, 0xf5, 0x32, 0xf4, 0x43, 0xf6,
    0x53, 0xf7, 0x31, 0xf4, 0x53, 0xf7, 0x32, 0xf4, 0x32, 0xf5, 0x43, 0xf5, 0x32, 0xf4, 0x32, 0xf4,
    0x32, 0xf4, 0x43, 0xf5, 0x53, 0xf6, 0x43, 0xf5, 0x43, 0xf5, 0x42, 0xf5, 0x43, 0xf5, 0x32, 0xf4,
    0x42, 0xf5, 0x43, 0xf5, 0x32, 0xf4, 0x43, 0xf5, 0x54, 0xf7, 0x32, 0xf4, 0x53, 0xf6, 0x53, 0xf6,
    0x32, 0xf4, 0x32, 0xf4, 0x32, 0xf4, 0x42, 0xf5, 0x32, 0xf5, 0x32, 0xf4, 0x32, 0xf4, 0x42, 0xf6,
    0x43, 0xf5, 0x43, 0xf5, 0x53, 0xf6, 0x43, 0xf6, 0x43, 0xf5, 0x53, 0xf7, 0x32, 0xf4, 0x43, 0xf5,
    0x32, 0xf4, 0x43, 0xf5, 0x42, 0xf5, 0x32, 0xf4, 0x32, 0xf4, 0x53, 0xf6, 0x32, 0xf4, 0x43, 0xf5,
    0x53, 0xf7, 0x21, 0xf3, 0x32, 0xf5, 0x31, 0xf4, 0x32, 0xf4, 0x43, 0xf5, 0x54, 0xf6, 0x32, 0xf4,
    0x53, 0xf7, 0x75, 0xf8, 0x54, 0xf7, 0x43, 0xf5, 0x43, 0xf6, 0x32, 0xf4, 0x32, 0xf4, 0x32, 0xf4,
    0x32, 0xf4, 0x22, 0xf3, 0x32, 0xf4, 0x32, 0xf4, 0x43, 0xf5, 0x43, 0xf5, 0x53, 0xf6, 0x43, 0xf5,
    0x43, 0xf5, 0x43, 0xf5, 0x32, 0xf5, 0x43, 0xf5, 0x43, 0xf4, 0x32, 0xf3, 0x43, 0xf5, 0x43, 0xf5,
    0x32, 0xf4, 0x43, 0xf5, 0x43, 0xf5, 0x43, 0xf5, 0x54, 0xf6, 0x65, 0xf6, 0x43, 0xf5, 0x65, 0xf6,
    0x43, 0xf5, 0x53, 0xf6, 0x32, 0xf4, 0x43, 0xf5, 0x53, 0xf6, 0x21, 0xf3, 0x32, 0xf5, 0x21, 0xf3,
    0x32, 0xf4, 0x32, 0xf4, 0x32, 0xf5, 0x32, 0xf4, 0x21, 0xf3, 0x32, 0xf4, 0x32, 0xf4, 0x32, 0xf4,
    0x43, 0xf5, 0x43, 0xf5, 0x22, 0xf3, 0x43, 0xf4, 0x43, 0xf4, 0x55, 0xf6, 0x43, 0xf4, 0x54, 0xf5,
    0x32, 0xf4, 0x43, 0xf5, 0x33, 0xf4, 0x65, 0xf6, 0x43, 0xf5, 0x43, 0xf5, 0x54, 0xf5, 0x43, 0xf5,
    0x32, 0xf3, 0x32, 0xf4, 0x32, 0xf4, 0x43, 0xf5, 0x32, 0xf4, 0x33, 0xf4, 0x32, 0xf4, 0x54, 0xf6,
    0x33, 0xf4, 0x43, 0xf4, 0x43, 0xf4, 0x32, 0xf3, 0x32, 0xf4, 0x43, 0xf5, 0x32, 0xf4, 0x43, 0xf5,
    0x32, 0xf4, 0x53, 0xf6, 0x32, 0xf4, 0x32, 0xf4, 0x32, 0xf4, 0x21, 0xf4, 0x43, 0xf5, 0x64, 0xf7,
    0x32, 0xf4, 0x31, 0xf5, 0x32, 0xf5, 0x32, 0xf4, 0x42, 0xf5, 0x53, 0xf6, 0x43, 0xf6, 0x75, 0xf8,
    0x33, 0xf4, 0x32, 0xf4, 0x32, 0xf4, 0x43, 0xf5, 0x43, 0xf5, 0x32, 0xf4, 0x32, 0xf4, 0x32, 0xf4,
    0x32, 0xf4, 0x32, 0xf4, 0x32, 0xf4, 0x43, 0xf4, 0x32, 0xf4, 0x32, 0xf3, 0x43, 0xf4, 0x33, 0xf4,
    0x42, 0xf5, 0x32, 0xf5, 0x32, 0xf4, 0x33, 0xf4, 0x54, 0xf6, 0x65, 0xf7, 0x43, 0xf5, 0x33, 0xf4,
    0x32, 0xf3, 0x43, 0xf5, 0x33, 0xf4, 0x54, 0xf6, 0x54, 0xf5, 0x44, 0xf5, 0x54, 0xf5, 0x44, 0xf5,
    0x54, 0xf7, 0x55, 0xf6, 0x65, 0xf8, 0x55, 0xf6, 0x54, 0xf5, 0x65, 0xf6, 0x44, 0xf5, 0x54, 0xf5,
    0x43, 0xf5, 0x54, 0xf6, 0x43, 0xf5, 0x43, 0xf5, 0x43, 0xf5, 0x54, 0xf5, 0x54, 0xf5, 0x54, 0xf6,
    0x54, 0xf6, 0x21, 0xf3, 0x66, 0xf7, 0x32, 0xf3, 0x32, 0xf4, 0x53, 0xf7, 0x54, 0xf7, 0x53, 0xf7,
    0x54, 0xf6, 0x32, 0xf5, 0x21, 0xf3, 0x42, 0xf5, 0x53, 0xf7, 0x31, 0xf5, 0x32, 0xf5, 0x42, 0xf5,
    0x32, 0xf4, 0x32, 0xf3, 0x21, 0xf3, 0x21, 0xf2, 0x43, 0xf5, 0x32, 0xf4, 0x53, 0xf6, 0x64, 0xf7,
    0x33, 0xf4, 0x22, 0xf3, 0x43, 0xf4, 0x32, 0xf3, 0x64, 0xf7, 0x54, 0xf7, 0x32, 0xf4, 0x43, 0xf5,
    0x32, 0xf4, 0x53, 0xf6, 0x42, 0xf5, 0x53, 0xf7, 0x43, 0xf6, 0x52, 0xf6, 0x53, 0xf6, 0x42, 0xf6,
    0x32, 0xf5, 0x53, 0xf7, 0x64, 0xf7, 0x53, 0xf7, 0x53, 0xf7, 0x32, 0xf4, 0x42, 0xf5, 0x53, 0xf6,
    0x32, 0xf4, 0x43, 0xf4, 0x43, 0xf5, 0x43, 0xf4, 0x54, 0xf5, 0x65, 0xf7, 0x43, 0xf4, 0x55, 0xf6,
    0x54, 0xf6, 0x43, 0xf4, 0x65, 0xf7, 0x54, 0xf6, 0x44, 0xf5, 0x54, 0xf6, 0x43, 0xf5, 0x43, 0xf4,
    0x54, 0xf6, 0x65, 0xf7, 0x76, 0xf7, 0x54, 0xf5, 0x65, 0xf6, 0x54, 0xf5, 0x54, 0xf6, 0x54, 0xf5,
    0x65, 0xf7, 0x55, 0xf6, 0x55, 0xf6, 0x54, 0xf6, 0x54, 0xf6, 0x33, 0xf4, 0x54, 0xf6, 0x43, 0xf4,
    0x65, 0xf6, 0x65, 0xf6, 0x65, 0xf6, 0x65, 0xf6, 0x54, 0xf6, 0x33, 0xf4, 0x54, 0xf6, 0x54, 0xf6,
    0x54, 0xf5, 0x54, 0xf6, 0x43, 0xf5, 0x43, 0xf4, 0x54, 0xf5, 0x54, 0xf5, 0x54, 0xf6, 0x54, 0xf5,
    0x33, 0xf4, 0x54, 0xf5, 0x43, 0xf4, 0x54, 0xf5, 0x54, 0xf6, 0x44, 0xf5, 0x54, 0xf5, 0x54, 0xf5,
    0x55, 0xf6, 0x55, 0xf6, 0x54, 0xf5, 0x55, 0xf6, 0x43, 0xf5, 0x65, 0xf7, 0x65, 0xf7, 0x75, 0xf7,
    0x43, 0xf4, 0x43, 0xf4, 0x43, 0xf4, 0x43, 0xf5, 0x43, 0xf5, 0x32, 0xf3, 0x32, 0xf4, 0x43, 0xf4,
    0x43, 0xf4, 0x54, 0xf6, 0x44, 0xf5, 0x65, 0xf7, 0x32, 0xf4, 0x32, 0xf3, 0x54, 0xf6, 0x33, 0xf4,
    0x43, 0xf6, 0x64, 0xf8, 0x21, 0xf3, 0x31, 0xf4, 0x53, 0xf7, 0x64, 0xf7, 0x43, 0xf6, 0x53, 0xf7,
    0x32, 0xf3, 0x21, 0xf3, 0x32, 0xf4, 0x32, 0xf4, 0x31, 0xf4, 0x32, 0xf5, 0x31, 0xf4, 0x53, 0xf6,
    0x54, 0xf6, 0x65, 0xf7, 0x65, 0xf6, 0x65, 0xf7, 0x65, 0xf7, 0x65, 0xf6, 0x65, 0xf7, 0x65, 0xf6,
    0x65, 0xf7, 0x65, 0xf7, 0x65, 0xf6, 0x55, 0xf6, 0x65, 0xf7, 0x54, 0xf5, 0x55, 0xf6, 0x54, 0xf5,
    0x32, 0xf3, 0x32, 0xf3, 0x21, 0xf2, 0x32, 0xf4, 0x43, 0xf5, 0x54, 0xf6, 0x32, 0xf4, 0x32, 0xf4,
    0x32, 0xf3, 0x22, 0xf3, 0x54, 0xf5, 0x43, 0xf4, 0x32, 0xf3, 0x22, 0xf3, 0x32, 0xf3, 0x32, 0xf3,
    0x65, 0xf7, 0x21, 0xf3, 0x43, 0xf5, 0x21, 0xf3, 0x42, 0xf5, 0x64, 0xf7, 0x53, 0xf6, 0x53, 0xf6,
    0x53, 0xf6, 0x64, 0xf7, 0x63, 0xf7, 0x53, 0xf6, 0x43, 0xf5, 0x32, 0xf4, 0x32, 0xf4, 0x32, 0xf4,
    0x65, 0xf8, 0x76, 0xf8, 0x64, 0xf7, 0x86, 0xf9, 0x64, 0xf7, 0x32, 0xf4, 0x65, 0xf7, 0x65, 0xf7,
    0x43, 0xf4, 0x53, 0xf6, 0x32, 0xf3, 0x32, 0xf5, 0x42, 0xf6, 0x65, 0xf7, 0x42, 0xf6, 0x53, 0xf6,
    0x53, 0xf7, 0x42, 0xf6, 0x54, 0xf7, 0x53, 0xf6, 0x31, 0xf4, 0x53, 0xf6, 0x42, 0xf6, 0x75, 0xf8,
    0x32, 0xf4, 0x32, 0xf4, 0x32, 0xf5, 0x43, 0xf5, 0x64, 0xf7, 0x65, 0xf7, 0x75, 0xf8, 0x65, 0xf7,
    0x43, 0xf5, 0x42, 0xf5, 0x65, 0xf7, 0x65, 0xf7, 0x42, 0xf6, 0x32, 0xf4, 0x64, 0xf7, 0x32, 0xf5,
    0x64, 0xf7, 0x65, 0xf7, 0x76, 0xf8, 0x65, 0xf7, 0x64, 0xf7, 0x53, 0xf7, 0x54, 0xf7, 0x53, 0xf7,
    0x32, 0xf5, 0x43, 0xf6, 0x54, 0xf6, 0x31, 0xf4, 0x75, 0xf9, 0x75, 0xf9, 0x53, 0xf7, 0x64, 0xf8,
    0x65, 0xf7, 0x53, 0xf6, 0x43, 0xf5, 0x21, 0xf3, 0x64, 0xf7, 0x32, 0xf5, 0x43, 0xf5, 0x31, 0xf4,
    0x42, 0xf5, 0x32, 0xf3, 0x42, 0xf5, 0x21, 0xf3, 0x43, 0xf6, 0x53, 0xf7, 0x53, 0xf6, 0x64, 0xf8,
    0x32, 0xf5, 0x53, 0xf6, 0x43, 0xf6, 0x64, 0xf7, 0x42, 0xf5, 0x42, 0xf6, 0x42, 0xf6, 0x42, 0xf5,
    0x43, 0xf5, 0x54, 0xf6, 0x32, 0xf4, 0x53, 0xf6, 0x32, 0xf4, 0x22, 0xf3, 0x53, 0xf6, 0x54, 0xf6,
    0x42, 0xf5, 0x42, 0xf6, 0x53, 0xf6, 0x32, 0xf5, 0x64, 0xf7, 0x54, 0xf6, 0x53, 0xf7, 0x53, 0xf6,
    0x31, 0xf4, 0x42, 0xf5, 0x32, 0xf4, 0x43, 0xf5, 0x53, 0xf7, 0x64, 0xf7, 0x42, 0xf6, 0x42, 0xf5,
    0x32, 0xf4, 0x32, 0xf4, 0x42, 0xf5, 0x42, 0xf6, 0x42, 0xf6, 0x31, 0xf4, 0x42, 0xf6, 0x43, 0xf5,
    0x32, 0xf4, 0x54, 0xf7, 0x31, 0xf4, 0x42, 0xf6, 0x64, 0xf7, 0x54, 0xf6, 0x43, 0xf5, 0x43, 0xf5,
    0x53, 0xf7, 0x53, 0xf7, 0x32, 0xf5, 0x53, 0xf7, 0x43, 0xf6, 0x32, 0xf4, 0x42, 0xf5, 0x42, 0xf5,
    0x54, 0xf6, 0x43, 0xf5, 0x54, 0xf6, 0x43, 0xf5, 0x53, 0xf6, 0x74, 0xf9, 0x64, 0xf7, 0x64, 0xf8,
    0x53, 0xf6, 0x43, 0xf5, 0x64, 0xf7, 0x43, 0xf5, 0x42, 0xf5, 0x53, 0xf7, 0x53, 0xf6, 0x54, 0xf6,
    0x54, 0xf7, 0x64, 0xf7, 0x53, 0xf6, 0x53, 0xf7, 0x42, 0xf5, 0x42, 0xf6, 0x42, 0xf6, 0x64, 0xf8,
    0x53, 0xf6, 0x53, 0xf7, 0x63, 0xf8, 0x64, 0xf8, 0x64, 0xf8, 0x54, 0xf6, 0x64, 0xf8, 0x64, 0xf7,
    0x53, 0xf6, 0x32, 0xf5, 0x64, 0xf7, 0x21, 0xf4, 0x64, 0xf7, 0x43, 0xf6, 0x21, 0xf4, 0x32, 0xf4,
    0x53, 0xf6, 0x42, 0xf5, 0x42, 0xf5, 0x32, 0xf4, 0x43, 0xf6, 0x42, 0xf5, 0x43, 0xf6, 0x32, 0xf4,
    0x53, 0xf7, 0x42, 0xf5, 0x42, 0xf6, 0x42, 0xf6, 0x53, 0xf6, 0x42, 0xf5, 0x42, 0xf6, 0x64, 0xf8,
    0x42, 0xf6, 0x42, 0xf7, 0x32, 0xf5, 0x41, 0xf6, 0x54, 0xf7, 0x64, 0xf8, 0x76, 0xf9, 0x54, 0xf7,
    0x53, 0xf6, 0x42, 0xf5, 0x42, 0xf6, 0x21, 0xf3, 0x42, 0xf5, 0x43, 0xf5, 0x32, 0xf4, 0x32, 0xf4,
    0x31, 0xf5, 0x32, 0xf5, 0x32, 0xf5, 0x42, 0xf5, 0x42, 0xf6, 0x32, 0xf4, 0x42, 0xf6, 0x54, 0xf7,
    0x31, 0xf4, 0x53, 0xf7, 0x42, 0xf5, 0x54, 0xf7, 0x75, 0xf8, 0x53, 0xf6, 0x43, 0xf5, 0x53, 0xf6,
    0x33, 0xf4, 0x43, 0xf5, 0x32, 0xf4, 0x43, 0xf5, 0x32, 0xf4, 0x42, 0xf5, 0x53, 0xf6, 0x32, 0xf4,
    0x53, 0xf6, 0x64, 0xf8, 0x53, 0xf6, 0x75, 0xf8, 0x53, 0xf7, 0x64, 0xf7, 0x53, 0xf7, 0x52, 0xf7,
    0x42, 0xf6, 0x53, 0xf6, 0x53, 0xf6, 0x42, 0xf6, 0x53, 0xf7, 0x42, 0xf6, 0x42, 0xf6, 0x32, 0xf4,
    0x53, 0xf7, 0x31, 0xf5, 0x53, 0xf7, 0x31, 0xf5, 0x22, 0xf3, 0x32, 0xf3, 0x21, 0xf4, 0x32, 0xf4,
    0x42, 0xf5, 0x31, 0xf5, 0x32, 0xf5, 0x42, 0xf6, 0x32, 0xf5, 0x32, 0xf4, 0x54, 0xf6, 0x32, 0xf4,
    0x21, 0xf3, 0x32, 0xf4, 0x21, 0xf3, 0x32, 0xf4, 0x32, 0xf4, 0x43, 0xf5, 0x42, 0xf5, 0x42, 0xf5,
    0x32, 0xf3, 0x42, 0xf5, 0x32, 0xf4, 0x43, 0xf5, 0x42, 0xf5, 0x32, 0xf4, 0x32, 0xf4, 0x43, 0xf5,
    0x42, 0xf6, 0x42, 0xf6, 0x42, 0xf5, 0x42, 0xf5, 0x54, 0xf6, 0x32, 0xf4, 0x42, 0xf5, 0x21, 0xf3,
    0x43, 0xf5, 0x53, 0xf6, 0x43, 0xf4, 0x32, 0xf4, 0x43, 0xf5, 0x32, 0xf4, 0x43, 0xf4, 0x43, 0xf4,
    0x42, 0xf5, 0x65, 0xf7, 0x32, 0xf4, 0x31, 0xf4, 0x32, 0xf4, 0x43, 0xf5, 0x32, 0xf4, 0x53, 0xf6,
    0x32, 0xf3, 0x32, 0xf4, 0x54, 0xf5, 0x54, 0xf5, 0x31, 0xf4, 0x42, 0xf5, 0x54, 0xf5, 0x53, 0xf6,
    0x54, 0xf6, 0x21, 0xf3, 0x43, 0xf5, 0x32, 0xf4, 0x32, 0xf3, 0x32, 0xf4, 0x53, 0xf6, 0x43, 0xf6,
    0x54, 0xf6, 0x42, 0xf5, 0x42, 0xf5, 0x32, 0xf5, 0x43, 0xf5, 0x43, 0xf5, 0x32, 0xf4, 0x32, 0xf4,
    0x32, 0xf4, 0x43, 0xf5, 0x42, 0xf4, 0x43, 0xf4, 0x65, 0xf6, 0x55, 0xf6, 0x54, 0xf6, 0x65, 0xf7,
    0x32, 0xf4, 0x43, 0xf5, 0x32, 0xf4, 0x54, 0xf6, 0x54, 0xf6, 0x65, 0xf6, 0x76, 0xf7, 0x55, 0xf6,
    0x43, 0xf5, 0x32, 0xf4, 0x32, 0xf4, 0x31, 0xf4, 0x32, 0xf4, 0x32, 0xf4, 0x32, 0xf4, 0x32, 0xf4,
    0x32, 0xf4, 0x32, 0xf4, 0x32, 0xf5, 0x32, 0xf4, 0x42, 0xf5, 0x43, 0xf5, 0x32, 0xf4, 0x32, 0xf4,
    0x32, 0xf4, 0x44, 0xf5, 0x43, 0xf5, 0x33, 0xf4, 0x55, 0xf6, 0x55, 0xf6, 0x43, 0xf4, 0x44, 0xf5,
    0x43, 0xf5, 0x21, 0xf3, 0x21, 0xf2, 0x31, 0xf4, 0x33, 0xf4, 0x43, 0xf5, 0x43, 0xf6, 0x54, 0xf5,
    0x32, 0xf4, 0x32, 0xf4, 0x43, 0xf5, 0x32, 0xf4, 0x55, 0xf6, 0x43, 0xf5, 0x65, 0xf7, 0x54, 0xf6,
    0x43, 0xf5, 0x32, 0xf4, 0x64, 0xf7, 0x32, 0xf4, 0x55, 0xf6, 0x65, 0xf6, 0x65, 0xf6, 0x65, 0xf6,
    0x65, 0xf7, 0x54, 0xf6, 0x43, 0xf5, 0x65, 0xf6, 0x54, 0xf6, 0x65, 0xf7, 0x55, 0xf6, 0x54, 0xf6,
    0x54, 0xf6, 0x65, 0xf7, 0x44, 0xf5, 0x54, 0xf6, 0x65, 0xf7, 0x65, 0xf7, 0x76, 0xf7, 0x76, 0xf7,
    0x54, 0xf6, 0x32, 0xf4, 0x42, 0xf5, 0x43, 0xf5, 0x65, 0xf7, 0x65, 0xf7, 0x65, 0xf6, 0x65, 0xf6,
    0x32, 0xf4, 0x54, 0xf5, 0x32, 0xf4, 0x65, 0xf7, 0x55, 0xf6, 0x65, 0xf6, 0x54, 0xf5, 0x65, 0xf6,
    0x65, 0xf6, 0x54, 0xf5, 0x65, 0xf6, 0x54, 0xf5, 0x54, 0xf6, 0x65, 0xf6, 0x55, 0xf6, 0x65, 0xf7,
    0x65, 0xf7, 0x54, 0xf6, 0x76, 0xf7, 0x65, 0xf7, 0x66, 0xf7, 0x76, 0xf7, 0x76, 0xf8, 0x76, 0xf8,
    0x53, 0xf6, 0x42, 0xf5, 0x65, 0xf7, 0x43, 0xf5, 0x43, 0xf5, 0x32, 0xf4, 0x54, 0xf6, 0x54, 0xf6,
    0x65, 0xf7, 0x54, 0xf6, 0x65, 0xf6, 0x54, 0xf6, 0x65, 0xf7, 0x54, 0xf6, 0x65, 0xf6, 0x54, 0xf6,
    0x21, 0xf3, 0x43, 0xf6, 0x43, 0xf6, 0x53, 0xf7, 0x53, 0xf7, 0x43, 0xf4, 0x43, 0xf6, 0x32, 0xf3,
    0x43, 0xf5, 0x43, 0xf5, 0x43, 0xf5, 0x43, 0xf5, 0x43, 0xf5, 0x22, 0xf3, 0x43, 0xf5, 0x32, 0xf4,
    0x54, 0xf6, 0x54, 0xf6, 0x54, 0xf5, 0x54, 0xf5, 0x65, 0xf7, 0x65, 0xf7, 0x54, 0xf6, 0x64, 0xf7,
    0x65, 0xf6, 0x54, 0xf6, 0x76, 0xf7, 0x65, 0xf6, 0x54, 0xf6, 0x54, 0xf6, 0x54, 0xf5, 0x54, 0xf5,
    0x43, 0xf5, 0x33, 0xf4, 0x43, 0xf5, 0x32, 0xf3, 0x44, 0xf5, 0x32, 0xf4, 0x44, 0xf5, 0x43, 0xf5,
    0x54, 0xf6, 0x54, 0xf5, 0x55, 0xf6, 0x65, 0xf6, 0x54, 0xf5, 0x43, 0xf5, 0x55, 0xf6, 0x43, 0xf5,
    0x63, 0xf8, 0x53, 0xf7, 0x53, 0xf7, 0x64, 0xf8, 0x75, 0xf8, 0x64, 0xf7, 0x75, 0xf8, 0x64, 0xf7,
    0x53, 0xf7, 0x64, 0xf8, 0x54, 0xf7, 0x43, 0xf6, 0x53, 0xf7, 0x53, 0xf7, 0x64, 0xf7, 0x64, 0xf7,
    0x64, 0xf7, 0x43, 0xf6, 0x64, 0xf7, 0x53, 0xf7, 0x53, 0xf6, 0x32, 0xf4, 0x53, 0xf7, 0x42, 0xf5,
    0x64, 0xf7, 0x52, 0xf7, 0x64, 0xf7, 0x64, 0xf8, 0x31, 0xf4, 0x32, 0xf4, 0x32, 0xf5, 0x53, 0xf7,
    0x42, 0xf6, 0x42, 0xf5, 0x32, 0xf4, 0x32, 0xf4, 0x64, 0xf7, 0x53, 0xf7, 0x64, 0xf7, 0x53, 0xf6,
    0x32, 0xf3, 0x42, 0xf5, 0x53, 0xf6, 0x43, 0xf6, 0x42, 0xf5, 0x32, 0xf5, 0x32, 0xf4, 0x42, 0xf4,
    0x42, 0xf6, 0x42, 0xf6, 0x42, 0xf5, 0x32, 0xf5, 0x53, 0xf6, 0x63, 0xf7, 0x53, 0xf6, 0x64, 0xf8,
    0x42, 0xf5, 0x43, 0xf5, 0x42, 0xf5, 0x43, 0xf6, 0x43, 0xf6, 0x53, 0xf6, 0x43, 0xf6, 0x42, 0xf6,
    0x32, 0xf4, 0x43, 0xf5, 0x42, 0xf5, 0x32, 0xf4, 0x42, 0xf5, 0x42, 0xf5, 0x32, 0xf4, 0x43, 0xf6,
    0x32, 0xf4, 0x43, 0xf5, 0x43, 0xf5, 0x32, 0xf4, 0x32, 0xf4, 0x32, 0xf4, 0x22, 0xf3, 0x42, 0xf5,
    0x42, 0xf5, 0x43, 0xf6, 0x74, 0xf8, 0x64, 0xf8, 0x65, 0xf8, 0x32, 0xf4, 0x75, 0xf8, 0x43, 0xf4,
    0x63, 0xf7, 0x64, 0xf8, 0x43, 0xf5, 0x22, 0xf3, 0x53, 0xf6, 0x53, 0xf6, 0x54, 0xf6, 0x64, 0xf7,
    0x65, 0xf8, 0x43, 0xf5, 0x54, 0xf7, 0x43, 0xf6, 0x31, 0xf4, 0x43, 0xf5, 0x32, 0xf4, 0x44, 0xf5,
    0x53, 0xf6, 0x42, 0xf6, 0x53, 0xf6, 0x64, 0xf7, 0x33, 0xf4, 0x43, 0xf5, 0x66, 0xf7, 0x44, 0xf5,
    0x55, 0xf6, 0x54, 0xf5, 0x44, 0xf5, 0x65, 0xf6, 0x43, 0xf4, 0x43, 0xf4, 0x77, 0xf8, 0x44, 0xf5,
    0x43, 0xf4, 0x65, 0xf7, 0x43, 0xf4, 0x54, 0xf6, 0x65, 0xf6, 0x33, 0xf4, 0x43, 0xf5, 0x32, 0xf3,
    0x42, 0xf5, 0x42, 0xf5, 0x31, 0xf4, 0x32, 0xf4, 0x32, 0xf4, 0x42, 0xf5, 0x32, 0xf4, 0x32, 0xf4,
    0x31, 0xf4, 0x43, 0xf4, 0x32, 0xf4, 0x22, 0xf3, 0x32, 0xf3, 0x32, 0xf4, 0x22, 0xf3, 0x32, 0xf4,
    0x32, 0xf4, 0x43, 0xf6, 0x32, 0xf4, 0x43, 0xf5, 0x53, 0xf6, 0x43, 0xf6, 0x43, 0xf6, 0x43, 0xf5,
    0x43, 0xf5, 0x43, 0xf5, 0x32, 0xf4, 0x43, 0xf5, 0x43, 0xf5, 0x43, 0xf5, 0x43, 0xf5, 0x43, 0xf5,
    0x32, 0xf4, 0x32, 0xf4, 0x32, 0xf3, 0x32, 0xf4, 0x33, 0xf4, 0x32, 0xf4, 0x43, 0xf5, 0x32, 0xf3,
    0x33, 0xf4, 0x33, 0xf4, 0x21, 0xf2, 0x22, 0xf3, 0x32, 0xf3, 0x32, 0xf4, 0x21, 0xf3, 0x32, 0xf4,
    0x32, 0xf4, 0x32, 0xf4, 0x32, 0xf4, 0x32, 0xf3, 0x43, 0xf5, 0x43, 0xf5, 0x42, 0xf5, 0x43, 0xf5,
    0x32, 0xf4, 0x32, 0xf4, 0x32, 0xf4, 0x32, 0xf4, 0x32, 0xf4, 0x43, 0xf5, 0x32, 0xf5, 0x43, 0xf5,
    0x43, 0xf6, 0x65, 0xf7, 0x43, 0xf6, 0x54, 0xf6, 0x87, 0xf9, 0x76, 0xf7, 0x76, 0xf7, 0x77, 0xf8,
    0x53, 0xf6, 0x53, 0xf6, 0x43, 0xf5, 0x43, 0xf5, 0x54, 0xf6, 0x76, 0xf7, 0x53, 0xf6, 0x43, 0xf5,
    0x33, 0xf4, 0x43, 0xf4, 0x65, 0xf6, 0x43, 0xf4, 0x54, 0xf5, 0x33, 0xf4, 0x54, 0xf5, 0x33, 0xf3,
    0x77, 0xf8, 0x43, 0xf4, 0x44, 0xf5, 0x22, 0xf2, 0x32, 0xf3, 0x21, 0xf3, 0x21, 0xf3, 0x32, 0xf5,
    0x42, 0xf5, 0x43, 0xf5, 0x53, 0xf6, 0x53, 0xf6, 0x53, 0xf7, 0x43, 0xf6, 0x43, 0xf6, 0x43, 0xf6,
    0x43, 0xf5, 0x43, 0xf5, 0x32, 0xf5, 0x43, 0xf5, 0x43, 0xf6, 0x42, 0xf5, 0x42, 0xf5, 0x42, 0xf6,
    0x32, 0xf5, 0x32, 0xf4, 0x32, 0xf5, 0x42, 0xf5, 0x32, 0xf4, 0x32, 0xf4, 0x42, 0xf6, 0x32, 0xf4,
    0x32, 0xf5, 0x43, 0xf5, 0x43, 0xf6, 0x54, 0xf6, 0x54, 0xf6, 0x43, 0xf5, 0x43, 0xf5, 0x43, 0xf5,
    0x43, 0xf4, 0x54, 0xf5, 0x33, 0xf4, 0x54, 0xf5, 0x44, 0xf5, 0x54, 0xf5, 0x54, 0xf6, 0x65, 0xf6,
    0x43, 0xf5, 0x65, 0xf6, 0x43, 0xf5, 0x65, 0xf7, 0x65, 0xf7, 0x77, 0xf8, 0x54, 0xf6, 0x65, 0xf6,
    0x65, 0xf7, 0x76, 0xf8, 0x65, 0xf7, 0x65, 0xf7, 0x75, 0xf8, 0x65, 0xf7, 0x65, 0xf6, 0x44, 0xf5,
    0x76, 0xf7, 0x66, 0xf7, 0x54, 0xf6, 0x43, 0xf5, 0x65, 0xf7, 0x54, 0xf5, 0x64, 0xf6, 0x54, 0xf5,
    0x32, 0xf3, 0x43, 0xf5, 0x21, 0xf2, 0x21, 0xf3, 0x32, 0xf4, 0x32, 0xf3, 0x32, 0xf4, 0x32, 0xf4,
    0x11, 0xf2, 0x22, 0xf3, 0x21, 0xf2, 0x32, 0xf4, 0x32, 0xf4, 0x54, 0xf6, 0x43, 0xf5, 0x54, 0xf6,
    0x43, 0xf4, 0x43, 0xf5, 0x43, 0xf5, 0x54, 0xf6, 0x54, 0xf6, 0x53, 0xf6, 0x64, 0xf6, 0x54, 0xf6,
    0x54, 0xf6, 0x54, 0xf7, 0x54, 0xf6, 0x54, 0xf6, 0x54, 0xf6, 0x43, 0xf5, 0x43, 0xf5, 0x43, 0xf5,
    0x54, 0xf5, 0x54, 0xf5, 0x43, 0xf4, 0x44, 0xf5, 0x44, 0xf5, 0x54, 0xf6, 0x44, 0xf5, 0x54, 0xf6,
    0x43, 0xf4, 0x43, 0xf5, 0x43, 0xf4, 0x53, 0xf6, 0x54, 0xf6, 0x75, 0xf8, 0x53, 0xf6, 0x65, 0xf7,
    0x55, 0xf6, 0x65, 0xf6, 0x65, 0xf6, 0x65, 0xf6, 0x65, 0xf6, 0x65, 0xf6, 0x55, 0xf6, 0x65, 0xf6,
    0x65, 0xf7, 0x55, 0xf6, 0x65, 0xf7, 0x54, 0xf6, 0x54, 0xf5, 0x55, 0xf6, 0x54, 0xf6, 0x55, 0xf6,
    0x43, 0xf5, 0x53, 0xf6, 0x54, 0xf6, 0x44, 0xf5, 0x43, 0xf5, 0x43, 0xf5, 0x43, 0xf5, 0x43, 0xf5,
    0x54, 0xf6, 0x54, 0xf6, 0x53, 0xf6, 0x54, 0xf6, 0x54, 0xf7, 0x43, 0xf6, 0x64, 0xf7, 0x43, 0xf6,
    0x54, 0xf6, 0x53, 0xf5, 0x54, 0xf6, 0x53, 0xf6, 0x54, 0xf6, 0x54, 0xf6, 0x53, 0xf6, 0x53, 0xf6,
    0x53, 0xf6, 0x43, 0xf5, 0x43, 0xf5, 0x43, 0xf4, 0x32, 0xf3, 0x42, 0xf4, 0x21, 0xf3, 0x32, 0xf4,
    0x21, 0xf3, 0x32, 0xf4, 0x21, 0xf3, 0x32, 0xf4, 0x43, 0xf5, 0x43, 0xf4, 0x43, 0xf5, 0x32, 0xf4,
    0x32, 0xf4, 0x43, 0xf5, 0x43, 0xf5, 0x54, 0xf5, 0x32, 0xf4, 0x32, 0xf3, 0x43, 0xf5, 0x42, 0xf5,
    0x43, 0xf5, 0x43, 0xf5, 0x31, 0xf4, 0x42, 0xf5, 0x32, 0xf4, 0x42, 0xf4, 0x32, 0xf4, 0x42, 0xf5,
    0x32, 0xf5, 0x52, 0xf7, 0x63, 0xf8, 0x53, 0xf8, 0x42, 0xf5, 0x42, 0xf5, 0x53, 0xf7, 0x42, 0xf6,
    0x42, 0xf5, 0x54, 0xf6, 0x42, 0xf5, 0x54, 0xf6, 0x43, 0xf5, 0x42, 0xf5, 0x32, 0xf4, 0x32, 0xf4,
    0x32, 0xf4, 0x32, 0xf4, 0x32, 0xf4, 0x33, 0xf4, 0x43, 0xf5, 0x32, 0xf3, 0x43, 0xf5, 0x44, 0xf5,
    0x53, 0xf7, 0x53, 0xf7, 0x32, 0xf4, 0x53, 0xf7, 0x52, 0xf6, 0x31, 0xf4, 0x42, 0xf6, 0x53, 0xf7,
    0x21, 0xf3, 0x32, 0xf4, 0x32, 0xf4, 0x42, 0xf5, 0x42, 0xf6, 0x52, 0xf6, 0x53, 0xf6, 0x63, 0xf8,
    0x43, 0xf5, 0x54, 0xf6, 0x53, 0xf6, 0x43, 0xf5, 0x64, 0xf7, 0x53, 0xf6, 0x54, 0xf6, 0x65, 0xf7,
    0x53, 0xf6, 0x42, 0xf6, 0x64, 0xf7, 0x63, 0xf8, 0x43, 0xf6, 0x53, 0xf7, 0x64, 0xf9, 0x64, 0xf8,
    0x43, 0xf5, 0x32, 0xf3, 0x43, 0xf5, 0x22, 0xf3, 0x32, 0xf3, 0x33, 0xf4, 0x32, 0xf4, 0x54, 0xf7,
    0x42, 0xf5, 0x31, 0xf4, 0x53, 0xf6, 0x32, 0xf3, 0x54, 0xf7, 0x76, 0xf9, 0x54, 0xf6, 0x43, 0xf5,
    0x42, 0xf5, 0x53, 0xf7, 0x42, 0xf6, 0x53, 0xf6, 0x42, 0xf5, 0x54, 0xf5, 0x32, 0xf4, 0x43, 0xf5,
    0x53, 0xf7, 0x65, 0xf8, 0x53, 0xf6, 0x65, 0xf7, 0x54, 0xf6, 0x65, 0xf7, 0x75, 0xf8, 0x76, 0xf8,
    0x76, 0xf7, 0x54, 0xf5, 0x65, 0xf7, 0x87, 0xf9, 0x32, 0xf3, 0x21, 0xf3, 0x75, 0xf7, 0x32, 0xf4,
    0x76, 0xf8, 0x65, 0xf7, 0x65, 0xf7, 0x64, 0xf7, 0x76, 0xf8, 0x43, 0xf4, 0x65, 0xf7, 0x32, 0xf4,
    0x54, 0xf6, 0x44, 0xf5, 0x65, 0xf8, 0x54, 0xf5, 0x44, 0xf5, 0x44, 0xf5, 0x43, 0xf5, 0x43, 0xf5,
    0x65, 0xf7, 0x54, 0xf5, 0x54, 0xf6, 0x43, 0xf5, 0x32, 0xf4, 0x32, 0xf4, 0x32, 0xf3, 0x22, 0xf3,
    0x54, 0xf5, 0x43, 0xf5, 0x43, 0xf5, 0x43, 0xf5, 0x21, 0xf2, 0x11, 0xf2, 0x32, 0xf4, 0x21, 0xf2,
    0x43, 0xf4, 0x42, 0xf5, 0x32, 0xf4, 0x42, 0xf6, 0x42, 0xf5, 0x22, 0xf3, 0x42, 0xf5, 0x32, 0xf4,
    0x44, 0xf5, 0x32, 0xf3, 0x32, 0xf3, 0x21, 0xf3, 0x21, 0xf3, 0x21, 0xf3, 0x32, 0xf4, 0x42, 0xf5,
    0x32, 0xf5, 0x65, 0xf7, 0x53, 0xf6, 0x64, 0xf7, 0x53, 0xf6, 0x42, 0xf5, 0x43, 0xf5, 0x32, 0xf5,
    0x43, 0xf5, 0x53, 0xf6, 0x54, 0xf7, 0x53, 0xf6, 0x32, 0xf4, 0x43, 0xf6, 0x31, 0xf4, 0x64, 0xf7,
    0x42, 0xf5, 0x31, 0xf4, 0x42, 0xf5, 0x43, 0xf5, 0x31, 0xf4, 0x42, 0xf6, 0x64, 0xf7, 0x53, 0xf6,
    0x42, 0xf5, 0x53, 0xf6, 0x22, 0xf3, 0x32, 0xf4, 0x43, 0xf5, 0x42, 0xf5, 0x43, 0xf5, 0x53, 0xf6,
    0x43, 0xf4, 0x43, 0xf5, 0x64, 0xf7, 0x43, 0xf5, 0x32, 0xf5, 0x42, 0xf5, 0x21, 0xf3, 0x32, 0xf5,
    0x32, 0xf4, 0x32, 0xf4, 0x21, 0xf3, 0x32, 0xf5, 0x64, 0xf8, 0x64, 0xf7, 0x53, 0xf6, 0x53, 0xf7,
    0x42, 0xf5, 0x32, 0xf4, 0x54, 0xf7, 0x43, 0xf5, 0x53, 0xf6, 0x42, 0xf6, 0x43, 0xf6, 0x32, 0xf5,
    0x64, 0xf7, 0x53, 0xf7, 0x65, 0xf8, 0x53, 0xf6, 0x32, 0xf4, 0x32, 0xf4, 0x42, 0xf5, 0x43, 0xf5,
    0x43, 0xf5, 0x32, 0xf5, 0x32, 0xf4, 0x32, 0xf5, 0x53, 0xf6, 0x64, 0xf7, 0x54, 0xf6, 0x54, 0xf7,
    0x53, 0xf6, 0x43, 0xf5, 0x64, 0xf8, 0x65, 0xf7, 0x43, 0xf6, 0x54, 0xf6, 0x64, 0xf7, 0x65, 0xf8,
    0x64, 0xf7, 0x54, 0xf7, 0x54, 0xf6, 0x54, 0xf7, 0x54, 0xf6, 0x54, 0xf6, 0x53, 0xf6, 0x53, 0xf6,
    0x43, 0xf5, 0x53, 0xf7, 0x75, 0xf8, 0x64, 0xf8, 0x86, 0xf9, 0x53, 0xf6, 0x75, 0xf8, 0x64, 0xf8,
    0x64, 0xf7, 0x54, 0xf7, 0x64, 0xf7, 0x74, 0xf9, 0x75, 0xf8, 0x53, 0xf7, 0x63, 0xf8, 0x53, 0xf7,
    0x42, 0xf6, 0x53, 0xf7, 0x53, 0xf7, 0x63, 0xf7, 0x53, 0xf6, 0x43, 0xf5, 0x42, 0xf5, 0x43, 0xf6,
    0x63, 0xf7, 0x64, 0xf8, 0x64, 0xf7, 0x53, 0xf6, 0x42, 0xf5, 0x21, 0xf3, 0x11, 0xf2, 0x42, 0xf5,
    0x64, 0xf8, 0x53, 0xf7, 0x53, 0xf7, 0x53, 0xf7, 0x53, 0xf7, 0x64, 0xf8, 0x75, 0xf9, 0x64, 0xf8,
    0x53, 0xf7, 0x53, 0xf6, 0x42, 0xf5, 0x21, 0xf3, 0x75, 0xf8, 0x64, 0xf8, 0x42, 0xf6, 0x53, 0xf7,
    0x53, 0xf7, 0x42, 0xf5, 0x53, 0xf7, 0x64, 0xf8, 0x21, 0xf3, 0x32, 0xf5, 0x42, 0xf5, 0x32, 0xf5,
    0x42, 0xf6, 0x42, 0xf5, 0x21, 0xf4, 0x22, 0xf3, 0x32, 0xf4, 0x32, 0xf4, 0x32, 0xf3, 0x43, 0xf4,
    0x43, 0xf6, 0x53, 0xf7, 0x75, 0xf8, 0x64, 0xf7, 0x64, 0xf7, 0x64, 0xf7, 0x75, 0xf8, 0x75, 0xf8,
    0x54, 0xf6, 0x64, 0xf7, 0x64, 0xf8, 0x42, 0xf5, 0x64, 0xf7, 0x64, 0xf7, 0x54, 0xf7, 0x64, 0xf7,
    0x54, 0xf6, 0x64, 0xf7, 0x54, 0xf6, 0x54, 0xf7, 0x64, 0xf7, 0x54, 0xf7, 0x64, 0xf7, 0x53, 0xf6,
    0x43, 0xf6, 0x53, 0xf6, 0x32, 0xf4, 0x32, 0xf5, 0x53, 0xf6, 0x43, 0xf5, 0x43, 0xf6, 0x53, 0xf6,
    0x53, 0xf6, 0x54, 0xf7, 0x32, 0xf5, 0x32, 0xf4, 0x53, 0xf6, 0x64, 0xf7, 0x43, 0xf5, 0x43, 0xf5,
    0x32, 0xf4, 0x32, 0xf4, 0x32, 0xf3, 0x32, 0xf4, 0x65, 0xf8, 0x65, 0xf8, 0x53, 0xf6, 0x53, 0xf6,
    0x43, 0xf5, 0x42, 0xf5, 0x53, 0xf6, 0x64, 0xf8, 0x32, 0xf4, 0x43, 0xf5, 0x43, 0xf5, 0x64, 0xf8,
    0x42, 0xf5, 0x75, 0xf9, 0x53, 0xf6, 0x53, 0xf6, 0x32, 0xf4, 0x54, 0xf7, 0x42, 0xf5, 0x32, 0xf5,
    0x42, 0xf5, 0x42, 0xf5, 0x32, 0xf4, 0x32, 0xf4, 0x64, 0xf7, 0x75, 0xf8, 0x32, 0xf4, 0x43, 0xf5,
    0x42, 0xf5, 0x42, 0xf5, 0x53, 0xf7, 0x32, 0xf4, 0x32, 0xf4, 0x32, 0xf5, 0x43, 0xf5, 0x64, 0xf8,
    0x64, 0xf7, 0x75, 0xf8, 0x54, 0xf7, 0x43, 0xf6, 0x42, 0xf5, 0x21, 0xf3, 0x31, 0xf4, 0x53, 0xf6,
    0x21, 0xf3, 0x21, 0xf3, 0x64, 0xf7, 0x42, 0xf5, 0x53, 0xf7, 0x53, 0xf6, 0x52, 0xf7, 0x42, 0xf5,
    0x54, 0xf6, 0x32, 0xf4, 0x53, 0xf6, 0x43, 0xf5, 0x43, 0xf5, 0x75, 0xf8, 0x43, 0xf5, 0x65, 0xf7,
    0x42, 0xf5, 0x43, 0xf6, 0x53, 0xf6, 0x75, 0xf8, 0x43, 0xf5, 0x32, 0xf4, 0x64, 0xf7, 0x32, 0xf4,
    0x65, 0xf7, 0x32, 0xf4, 0x32, 0xf4, 0x42, 0xf6, 0x32, 0xf4, 0x32, 0xf4, 0x32, 0xf5, 0x42, 0xf6,
    0x32, 0xf4, 0x42, 0xf5, 0x32, 0xf4, 0x43, 0xf5, 0x32, 0xf4, 0x53, 0xf6, 0x32, 0xf4, 0x53, 0xf6,
    0x42, 0xf5, 0x42, 0xf5, 0x74, 0xf8, 0x42, 0xf5, 0x54, 0xf6, 0x65, 0xf6, 0x54, 0xf6, 0x43, 0xf4,
    0x75, 0xf8, 0x43, 0xf5, 0x43, 0xf6, 0x43, 0xf5, 0x44, 0xf5, 0x44, 0xf5, 0x54, 0xf5, 0x54, 0xf5,
    0x55, 0xf6, 0x65, 0xf6, 0x54, 0xf5, 0x65, 0xf6, 0x44, 0xf5, 0x44, 0xf5, 0x54, 0xf5, 0x76, 0xf8,
    0x44, 0xf5, 0x54, 0xf5, 0x54, 0xf6, 0x65, 0xf6, 0x76, 0xf7, 0x76, 0xf8, 0x76, 0xf8, 0x65, 0xf7,
    0x32, 0xf4, 0x54, 0xf6, 0x43, 0xf6, 0x43, 0xf5, 0x54, 0xf6, 0x65, 0xf7, 0x55, 0xf6, 0x76, 0xf8,
    0x54, 0xf6, 0x32, 0xf4, 0x53, 0xf6, 0x53, 0xf7, 0x33, 0xf4, 0x43, 0xf4, 0x42, 0xf5, 0x32, 0xf4,
    0x76, 0xf9, 0x65, 0xf7, 0x65, 0xf6, 0x54, 0xf6, 0x65, 0xf7, 0x65, 0xf7, 0x65, 0xf7, 0x54, 0xf6,
    0x54, 0xf5, 0x54, 0xf7, 0x54, 0xf5, 0x65, 0xf6, 0x54, 0xf6, 0x43, 0xf4, 0x54, 0xf5, 0x43, 0xf5,
    0x54, 0xf6, 0x65, 0xf7, 0x65, 0xf7, 0x54, 0xf6, 0x75, 0xf8, 0x42, 0xf7, 0x32, 0xf4, 0x32, 0xf5,
    0x53, 0xf6, 0x64, 0xf7, 0x54, 0xf7, 0x53, 0xf6, 0x32, 0xf5, 0x32, 0xf5, 0x32, 0xf5, 0x42, 0xf5,
    0x32, 0xf5, 0x43, 0xf6, 0x21, 0xf4, 0x53, 0xf6, 0x64, 0xf8, 0x32, 0xf4, 0x64, 0xf8, 0x42, 0xf5,
    0x43, 0xf6, 0x53, 0xf6, 0x54, 0xf7, 0x43, 0xf5, 0x42, 0xf5, 0x42, 0xf5, 0x31, 0xf4, 0x43, 0xf5,
    0x32, 0xf4, 0x43, 0xf5, 0x42, 0xf5, 0x53, 0xf6, 0x53, 0xf6, 0x53, 0xf6, 0x54, 0xf7, 0x53, 0xf6,
    0x53, 0xf6, 0x32, 0xf5, 0x21, 0xf4, 0x42, 0xf5, 0x64, 0xf7, 0x53, 0xf6, 0x43, 0xf5, 0x53, 0xf6,
    0x42, 0xf6, 0x42, 0xf5, 0x42, 0xf5, 0x74, 0xf9, 0x52, 0xf6, 0x54, 0xf7, 0x53, 0xf7, 0x54, 0xf7,
    0x54, 0xf7, 0x86, 0xf9, 0x64, 0xf8, 0x53, 0xf6, 0x53, 0xf6, 0x53, 0xf6, 0x32, 0xf4, 0x42, 0xf5,
    0x43, 0xf5, 0x42, 0xf6, 0x43, 0xf5, 0x42, 0xf5, 0x53, 0xf6, 0x54, 0xf6, 0x54, 0xf7, 0x54, 0xf6,
    0x32, 0xf4, 0x64, 0xf6, 0x53, 0xf6, 0x54, 0xf6, 0x76, 0xf8, 0x75, 0xf8, 0x65, 0xf7, 0x76, 0xf8,
    0x54, 0xf5, 0x54, 0xf5, 0x64, 0xf8, 0x32, 0xf4, 0x32, 0xf4, 0x32, 0xf3, 0x32, 0xf4, 0x43, 0xf5,
    0x43, 0xf6, 0x43, 0xf6, 0x54, 0xf5, 0x32, 0xf4, 0x64, 0xf8, 0x54, 0xf7, 0x43, 0xf6, 0x42, 0xf5,
    0x54, 0xf6, 0x43, 0xf5, 0x54, 0xf7, 0x53, 0xf6, 0x54, 0xf6, 0x54, 0xf6, 0x54, 0xf6, 0x54, 0xf6,
    0x86, 0xf9, 0x86, 0xf9, 0x54, 0xf6, 0x97, 0xfa, 0x64, 0xf7, 0x43, 0xf6, 0x75, 0xf8, 0x43, 0xf5,
    0x43, 0xf4, 0x11, 0xf2, 0x43, 0xf5, 0x21, 0xf3, 0x32, 0xf4, 0x54, 0xf6, 0x54, 0xf6, 0x54, 0xf6,
    0x32, 0xf4, 0x32, 0xf5, 0x32, 0xf4, 0x32, 0xf5, 0x64, 0xf7, 0x65, 0xf6, 0x53, 0xf5, 0x54, 0xf5,
    0x42, 0xf5, 0x54, 0xf7, 0x53, 0xf6, 0x75, 0xf8, 0x42, 0xf5, 0x53, 0xf8, 0x43, 0xf5, 0x42, 0xf5,
    0x31, 0xf4, 0x21, 0xf3, 0x42, 0xf6, 0x32, 0xf5, 0x21, 0xf3, 0x32, 0xf4, 0x42, 0xf5, 0x32, 0xf4,
    0x42, 0xf5, 0x33, 0xf4, 0x32, 0xf3, 0x33, 0xf4, 0x33, 0xf4, 0x43, 0xf4, 0x54, 0xf5, 0x43, 0xf4,
    0x43, 0xf4, 0x55, 0xf6, 0x43, 0xf4, 0x43, 0xf4, 0x44, 0xf5, 0x32, 0xf3, 0x43, 0xf4, 0x33, 0xf4,
    0x52, 0xf7, 0x74, 0xf9, 0x63, 0xf8, 0x64, 0xf8, 0x74, 0xf8, 0x21, 0xf3, 0x63, 0xf7, 0x10, 0xf2,
    0x64, 0xf8, 0x53, 0xf7, 0x64, 0xf8, 0x42, 0xf5, 0x42, 0xf6, 0x32, 0xf5, 0x42, 0xf5, 0x53, 0xf7,
    0x22, 0xf3, 0x33, 0xf3, 0x21, 0xf3, 0x32, 0xf4, 0x44, 0xf4, 0x44, 0xf5, 0x33, 0xf4, 0x33, 0xf4,
    0x54, 0xf6, 0x43, 0xf5, 0x75, 0xf9, 0x42, 0xf5, 0x32, 0xf4, 0x32, 0xf4, 0x43, 0xf5, 0x55, 0xf6,
    0x32, 0xf3, 0x32, 0xf4, 0x33, 0xf4, 0x22, 0xf3, 0x53, 0xf6, 0x32, 0xf4, 0x21, 0xf3, 0x32, 0xf5,
    0x54, 0xf5, 0x33, 0xf4, 0x44, 0xf5, 0x33, 0xf4, 0x11, 0xf2, 0x53, 0xf6, 0x32, 0xf4, 0x43, 0xf5,
    0x32, 0xf5, 0x32, 0xf4, 0x53, 0xf6, 0x43, 0xf6, 0x32, 0xf4, 0x53, 0xf6, 0x32, 0xf5, 0x32, 0xf4,
    0x75, 0xf8, 0x43, 0xf6, 0x54, 0xf6, 0x43, 0xf5, 0x42, 0xf5, 0x42, 0xf6, 0x43, 0xf5, 0x43, 0xf6,
    0x33, 0xf4, 0x43, 0xf5, 0x21, 0xf3, 0x32, 0xf4, 0x53, 0xf7, 0x32, 0xf5, 0x42, 0xf5, 0x42, 0xf5,
    0x21, 0xf3, 0x32, 0xf5, 0x33, 0xf4, 0x32, 0xf4, 0x42, 0xf6, 0x42, 0xf6, 0x32, 0xf4, 0x42, 0xf5,
    0x53, 0xf6, 0x53, 0xf6, 0x43, 0xf5, 0x32, 0xf4, 0x53, 0xf6, 0x43, 0xf5, 0x32, 0xf4, 0x43, 0xf5,
    0x43, 0xf5, 0x32, 0xf4, 0x43, 0xf6, 0x42, 0xf5, 0x42, 0xf5, 0x32, 0xf4, 0x43, 0xf6, 0x32, 0xf4,
    0x53, 0xf7, 0x32, 0xf5, 0x53, 0xf6, 0x31, 0xf4, 0x42, 0xf5, 0x63, 0xf8, 0x42, 0xf6, 0x64, 0xf8,
    0x53, 0xf6, 0x21, 0xf3, 0x42, 0xf6, 0x32, 0xf4, 0x32, 0xf4, 0x54, 0xf5, 0x32, 0xf4, 0x43, 0xf4,
    0x53, 0xf7, 0x43, 0xf5, 0x43, 0xf5, 0x53, 0xf6, 0x54, 0xf5, 0x54, 0xf5, 0x54, 0xf6, 0x65, 0xf7,
    0x54, 0xf5, 0x54, 0xf6, 0x54, 0xf5, 0x54, 0xf6, 0x76, 0xf7, 0x76, 0xf7, 0x76, 0xf7, 0x55, 0xf6,
    0x42, 0xf5, 0x44, 0xf5, 0x32, 0xf3, 0x54, 0xf5, 0x43, 0xf5, 0x32, 0xf4, 0x54, 0xf6, 0x54, 0xf6,
    0x32, 0xf3, 0x43, 0xf4, 0x65, 0xf7, 0x54, 0xf6, 0x43, 0xf5, 0x65, 0xf6, 0x43, 0xf4, 0x44, 0xf5,
    0x43, 0xf5, 0x54, 0xf6, 0x43, 0xf5, 0x54, 0xf5, 0x76, 0xf8, 0x55, 0xf6, 0x66, 0xf7, 0x54, 0xf6,
    0x44, 0xf5, 0x54, 0xf5, 0x43, 0xf4, 0x55, 0xf6, 0x65, 0xf6, 0x54, 0xf5, 0x54, 0xf5, 0x44, 0xf5,
    0x65, 0xf7, 0x65, 0xf7, 0x76, 0xf8, 0x66, 0xf7, 0x32, 0xf4, 0x21, 0xf3, 0x54, 0xf6, 0x32, 0xf3,
    0x65, 0xf6, 0x44, 0xf4, 0x55, 0xf6, 0x54, 0xf5, 0x43, 0xf5, 0x65, 0xf7, 0x44, 0xf5, 0x54, 0xf6,
    0x32, 0xf5, 0x32, 0xf4, 0x33, 0xf4, 0x22, 0xf3, 0x43, 0xf6, 0x53, 0xf6, 0x32, 0xf4, 0x43, 0xf5,
    0x55, 0xf6, 0x55, 0xf6, 0x55, 0xf6, 0x65, 0xf7, 0x54, 0xf5, 0x54, 0xf5, 0x54, 0xf5, 0x44, 0xf5,
    0x54, 0xf6, 0x54, 0xf5, 0x54, 0xf5, 0x54, 0xf5, 0x65, 0xf6, 0x54, 0xf5, 0x65, 0xf6, 0x54, 0xf5,
    0x65, 0xf6, 0x65, 0xf6, 0x76, 0xf8, 0x76, 0xf7, 0x65, 0xf6, 0x54, 0xf5, 0x65, 0xf6, 0x55, 0xf6,
    0x54, 0xf6, 0x66, 0xf7, 0x44, 0xf5, 0x65, 0xf6, 0x44, 0xf4, 0x44, 0xf4, 0x55, 0xf6, 0x44, 0xf5,
    0x43, 0xf4, 0x54, 0xf5, 0x43, 0xf4, 0x44, 0xf5, 0x65, 0xf7, 0x43, 0xf4, 0x43, 0xf4, 0x32, 0xf3,
    0x42, 0xf5, 0x32, 0xf4, 0x32, 0xf4, 0x42, 0xf5, 0x32, 0xf4, 0x32, 0xf5, 0x53, 0xf6, 0x53, 0xf6,
    0x42, 0xf5, 0x42, 0xf5, 0x43, 0xf6, 0x43, 0xf6, 0x64, 0xf7, 0x43, 0xf6, 0x53, 0xf6, 0x42, 0xf6,
    0x42, 0xf5, 0x42, 0xf5, 0x43, 0xf5, 0x43, 0xf6, 0x43, 0xf5, 0x43, 0xf6, 0x43, 0xf5, 0x43, 0xf5,
    0x53, 0xf6, 0x43, 0xf6, 0x42, 0xf5, 0x43, 0xf5, 0x32, 0xf4, 0x32, 0xf4, 0x65, 0xf7, 0x32, 0xf4,
    0x43, 0xf6, 0x43, 0xf6, 0x53, 0xf6, 0x54, 0xf7, 0x43, 0xf5, 0x43, 0xf5, 0x42, 0xf5, 0x43, 0xf6,
    0x32, 0xf5, 0x43, 0xf5, 0x33, 0xf4, 0x43, 0xf5, 0x43, 0xf5, 0x42, 0xf5, 0x33, 0xf4, 0x32, 0xf4,
    0x32, 0xf5, 0x32, 0xf4, 0x43, 0xf6, 0x32, 0xf4, 0x43, 0xf5, 0x42, 0xf5, 0x43, 0xf5, 0x42, 0xf5,
    0x42, 0xf6, 0x42, 0xf5, 0x43, 0xf5, 0x43, 0xf5, 0x32, 0xf4, 0x21, 0xf3, 0x32, 0xf4, 0x52, 0xf6,
    0x21, 0xf3, 0x53, 0xf5, 0x32, 0xf4, 0x32, 0xf4, 0x43, 0xf6, 0x32, 0xf4, 0x32, 0xf5, 0x42, 0xf5,
    0x43, 0xf5, 0x43, 0xf5, 0x54, 0xf7, 0x75, 0xf8, 0x43, 0xf5, 0x42, 0xf5, 0x32, 0xf3, 0x32, 0xf4,
    0x42, 0xf5, 0x42, 0xf5, 0x43, 0xf5, 0x31, 0xf4, 0x32, 0xf4, 0x54, 0xf6, 0x32, 0xf4, 0x54, 0xf6,
    0x32, 0xf4, 0x32, 0xf3, 0x32, 0xf4, 0x33, 0xf4, 0x32, 0xf3, 0x32, 0xf4, 0x32, 0xf3, 0x32, 0xf4,
    0x53, 0xf6, 0x42, 0xf5, 0x32, 0xf4, 0x54, 0xf7, 0x32, 0xf4, 0x22, 0xf3, 0x42, 0xf6, 0x21, 0xf3,
    0x32, 0xf5, 0x63, 0xf7, 0x53, 0xf7, 0x64, 0xf8, 0x42, 0xf5, 0x53, 0xf6, 0x42, 0xf6, 0x53, 0xf7,
    0x22, 0xf3, 0x33, 0xf4, 0x31, 0xf4, 0x32, 0xf4, 0x43, 0xf4, 0x32, 0xf5, 0x32, 0xf5, 0x43, 0xf5,
    0x53, 0xf7, 0x32, 0xf5, 0x53, 0xf7, 0x31, 0xf4, 0x32, 0xf4, 0x32, 0xf4, 0x32, 0xf4, 0x21, 0xf3,
    0x32, 0xf4, 0x43, 0xf5, 0x32, 0xf4, 0x32, 0xf4, 0x32, 0xf3, 0x32, 0xf4, 0x32, 0xf4, 0x32, 0xf4,
    0x33, 0xf4, 0x32, 0xf4, 0x44, 0xf5, 0x32, 0xf3, 0x53, 0xf7, 0x54, 0xf7, 0x75, 0xf8, 0x43, 0xf5,
    0x43, 0xf4, 0x32, 0xf3, 0x32, 0xf4, 0x53, 0xf6, 0x32, 0xf5, 0x53, 0xf8, 0x42, 0xf5, 0x52, 0xf7,
    0x42, 0xf5, 0x54, 0xf7, 0x32, 0xf5, 0x42, 0xf5, 0x42, 0xf6, 0x42, 0xf6, 0x31, 0xf4, 0x42, 0xf6,
    0x54, 0xf5, 0x33, 0xf4, 0x22, 0xf2, 0x42, 0xf5, 0x64, 0xf7, 0x21, 0xf3, 0x64, 0xf7, 0x32, 0xf4,
    0x21, 0xf2, 0x53, 0xf6, 0x31, 0xf4, 0x21, 0xf3, 0x42, 0xf6, 0x32, 0xf4, 0x21, 0xf3, 0x32, 0xf4,
    0x42, 0xf5, 0x53, 0xf6, 0x43, 0xf5, 0x53, 0xf6, 0x53, 0xf6, 0x43, 0xf5, 0x53, 0xf6, 0x53, 0xf6,
    0x32, 0xf5, 0x43, 0xf6, 0x53, 0xf7, 0x42, 0xf5, 0x42, 0xf5, 0x42, 0xf5, 0x32, 0xf4, 0x43, 0xf5,
    0x64, 0xf8, 0x53, 0xf7, 0x42, 0xf7, 0x53, 0xf7, 0x42, 0xf5, 0x63, 0xf7, 0x43, 0xf6, 0x53, 0xf6,
    0x52, 0xf7, 0x53, 0xf7, 0x42, 0xf5, 0x53, 0xf7, 0x63, 0xf8, 0x42, 0xf6, 0x42, 0xf6, 0x42, 0xf6,
    0x42, 0xf6, 0x21, 0xf3, 0x21, 0xf3, 0x54, 0xf6, 0x32, 0xf4, 0x43, 0xf5, 0x43, 0xf4, 0x32, 0xf4,
    0x21, 0xf2, 0x43, 0xf5, 0x42, 0xf5, 0x44, 0xf5, 0x54, 0xf6, 0x33, 0xf4, 0x54, 0xf5, 0x44, 0xf5,
    0x43, 0xf5, 0x42, 0xf5, 0x43, 0xf6, 0x42, 0xf5, 0x31, 0xf3, 0x53, 0xf7, 0x43, 0xf6, 0x53, 0xf6,
    0x32, 0xf4, 0x43, 0xf5, 0x43, 0xf5, 0x53, 0xf6, 0x43, 0xf6, 0x32, 0xf5, 0x43, 0xf6, 0x32, 0xf4,
    0x64, 0xf7, 0x44, 0xf5, 0x53, 0xf6, 0x44, 0xf5, 0x44, 0xf5, 0x44, 0xf5, 0x44, 0xf5, 0x54, 0xf5,
    0x54, 0xf6, 0x55, 0xf6, 0x43, 0xf5, 0x44, 0xf5, 0x54, 0xf6, 0x54, 0xf6, 0x65, 0xf7, 0x65, 0xf6,
    0x54, 0xf5, 0x65, 0xf7, 0x54, 0xf6, 0x65, 0xf6, 0x65, 0xf6, 0x54, 0xf5, 0x54, 0xf5, 0x44, 0xf4,
    0x54, 0xf6, 0x54, 0xf5, 0x44, 0xf5, 0x54, 0xf5, 0x55, 0xf5, 0x65, 0xf6, 0x66, 0xf7, 0x65, 0xf7,
    0x44, 0xf4, 0x44, 0xf5, 0x44, 0xf5, 0x55, 0xf6, 0x43, 0xf4, 0x32, 0xf3, 0x55, 0xf6, 0x22, 0xf3,
    0x76, 0xf7, 0x76, 0xf7, 0x76, 0xf7, 0x65, 0xf7, 0x43, 0xf4, 0x32, 0xf3, 0x33, 0xf4, 0x33, 0xf4,
    0x54, 0xf5, 0x54, 0xf5, 0x54, 0xf5, 0x55, 0xf6, 0x66, 0xf7, 0x65, 0xf7, 0x55, 0xf6, 0x65, 0xf6,
    0x54, 0xf6, 0x54, 0xf5, 0x54, 0xf5, 0x54, 0xf6, 0x55, 0xf6, 0x43, 0xf5, 0x44, 0xf5, 0x32, 0xf3,
    0x76, 0xf7, 0x54, 0xf5, 0x65, 0xf6, 0x33, 0xf4, 0x33, 0xf4, 0x43, 0xf4, 0x33, 0xf4, 0x43, 0xf4,
    0x22, 0xf3, 0x22, 0xf3, 0x32, 0xf3, 0x22, 0xf3, 0x22, 0xf3, 0x32, 0xf3, 0x21, 0xf3, 0x43, 0xf6,
    0x32, 0xf3, 0x32, 0xf4, 0x32, 0xf4, 0x32, 0xf4, 0x43, 0xf5, 0x43, 0xf5, 0x42, 0xf5, 0x32, 0xf4,
    0x32, 0xf3, 0x21, 0xf3, 0x33, 0xf4, 0x32, 0xf3, 0x32, 0xf4, 0x32, 0xf4, 0x32, 0xf4, 0x32, 0xf4,
    0x43, 0xf5, 0x43, 0xf5, 0x32, 0xf4, 0x32, 0xf4, 0x43, 0xf5, 0x44, 0xf5, 0x32, 0xf4, 0x54, 0xf5,
    0x32, 0xf5, 0x42, 0xf5, 0x22, 0xf3, 0x32, 0xf4, 0x42, 0xf5, 0x54, 0xf5, 0x42, 0xf6, 0x43, 0xf5,
    0x54, 0xf6, 0x33, 0xf4, 0x32, 0xf3, 0x21, 0xf4, 0x22, 0xf3, 0x32, 0xf4, 0x53, 0xf6, 0x42, 0xf5,
    0x32, 0xf4, 0x32, 0xf4, 0x42, 0xf5, 0x43, 0xf5, 0x43, 0xf5, 0x32, 0xf4, 0x43, 0xf5, 0x32, 0xf5,
    0x22, 0xf3, 0x43, 0xf5, 0x32, 0xf5, 0x43, 0xf5, 0x42, 0xf5, 0x32, 0xf5, 0x32, 0xf5, 0x32, 0xf4,
    0x53, 0xf6, 0x43, 0xf6, 0x53, 0xf6, 0x43, 0xf6, 0x42, 0xf5, 0x32, 0xf4, 0x43, 0xf5, 0x43, 0xf5,
    0x33, 0xf4, 0x33, 0xf4, 0x53, 0xf5, 0x42, 0xf5, 0x21, 0xf3, 0x21, 0xf2, 0x32, 0xf4, 0x32, 0xf3,
    0x65, 0xf7, 0x54, 0xf6, 0x65, 0xf6, 0x54, 0xf6, 0x65, 0xf7, 0x32, 0xf4, 0x53, 0xf6, 0x64, 0xf7,
    0x32, 0xf4, 0x32, 0xf4, 0x32, 0xf4, 0x32, 0xf4, 0x42, 0xf5, 0x43, 0xf6, 0x42, 0xf5, 0x32, 0xf5,
    0x43, 0xf4, 0x33, 0xf4, 0x43, 0xf5, 0x43, 0xf5, 0x32, 0xf4, 0x32, 0xf4, 0x43, 0xf5, 0x43, 0xf5,
    0x65, 0xf7, 0x65, 0xf7, 0x65, 0xf6, 0x65, 0xf7, 0x43, 0xf5, 0x65, 0xf7, 0x54, 0xf6, 0x54, 0xf6,
    0x54, 0xf6, 0x54, 0xf6, 0x54, 0xf6, 0x54, 0xf6, 0x65, 0xf7, 0x54, 0xf6, 0x54, 0xf6, 0x43, 0xf5,
    0x54, 0xf6, 0x43, 0xf5, 0x32, 0xf4, 0x53, 0xf6, 0x54, 0xf6, 0x43, 0xf5, 0x43, 0xf5, 0x43, 0xf5,
    0x43, 0xf5, 0x54, 0xf6, 0x32, 0xf4, 0x43, 0xf5, 0x54, 0xf6, 0x43, 0xf4, 0x43, 0xf5, 0x32, 0xf3,
    0x32, 0xf5, 0x54, 0xf6, 0x32, 0xf4, 0x43, 0xf5, 0x33, 0xf4, 0x42, 0xf5, 0x32, 0xf4, 0x42, 0xf5,
    0x54, 0xf6, 0x32, 0xf4, 0x43, 0xf5, 0x43, 0xf5, 0x32, 0xf4, 0x53, 0xf7, 0x42, 0xf5, 0x42, 0xf6,
    0x64, 0xf7, 0x54, 0xf7, 0x42, 0xf5, 0x43, 0xf6, 0x43, 0xf5, 0x64, 0xf7, 0x54, 0xf7, 0x65, 0xf8,
    0x53, 0xf6, 0x53, 0xf7, 0x42, 0xf6, 0x42, 0xf6, 0x64, 0xf8, 0x43, 0xf6, 0x64, 0xf8, 0x43, 0xf6,
    0x43, 0xf4, 0x43, 0xf5, 0x33, 0xf4, 0x32, 0xf4, 0x43, 0xf5, 0x42, 0xf5, 0x43, 0xf5, 0x32, 0xf4,
    0x22, 0xf3, 0x53, 0xf6, 0x32, 0xf3, 0x43, 0xf5, 0x54, 0xf6, 0x43, 0xf4, 0x43, 0xf5, 0x53, 0xf6,
    0x42, 0xf5, 0x42, 0xf6, 0x32, 0xf4, 0x43, 0xf5, 0x42, 0xf6, 0x42, 0xf5, 0x42, 0xf5, 0x32, 0xf5,
    0x54, 0xf6, 0x65, 0xf7, 0x65, 0xf7, 0x65, 0xf7, 0x54, 0xf6, 0x32, 0xf3, 0x54, 0xf6, 0x21, 0xf3,
    0x55, 0xf6, 0x66, 0xf7, 0x55, 0xf6, 0x65, 0xf6, 0x65, 0xf6, 0x54, 0xf6, 0x76, 0xf7, 0x76, 0xf8,
    0x55, 0xf6, 0x54, 0xf5, 0x55, 0xf6, 0x44, 0xf5, 0x76, 0xf8, 0x65, 0xf7, 0x54, 0xf6, 0x55, 0xf6,
    0x65, 0xf7, 0x54, 0xf5, 0x54, 0xf5, 0x44, 0xf5, 0x43, 0xf5, 0x54, 0xf5, 0x43, 0xf5, 0x44, 0xf5,
    0x44, 0xf5, 0x44, 0xf5, 0x55, 0xf6, 0x43, 0xf5, 0x33, 0xf4, 0x43, 0xf4, 0x32, 0xf4, 0x43, 0xf4,
    0x43, 0xf5, 0x44, 0xf5, 0x32, 0xf4, 0x33, 0xf4, 0x55, 0xf6, 0x65, 0xf6, 0x44, 0xf5, 0x55, 0xf6,
    0x42, 0xf5, 0x32, 0xf4, 0x32, 0xf4, 0x42, 0xf5, 0x32, 0xf3, 0x33, 0xf4, 0x42, 0xf6, 0x32, 0xf5,
    0x54, 0xf5, 0x32, 0xf4, 0x54, 0xf5, 0x43, 0xf4, 0x43, 0xf4, 0x43, 0xf4, 0x43, 0xf4, 0x43, 0xf4,
    0x33, 0xf4, 0x43, 0xf5, 0x22, 0xf3, 0x32, 0xf4, 0x54, 0xf6, 0x43, 0xf5, 0x44, 0xf5, 0x33, 0xf4,
    0x32, 0xf3, 0x32, 0xf4, 0x44, 0xf5, 0x33, 0xf4, 0x32, 0xf3, 0x21, 0xf3, 0x32, 0xf4, 0x43, 0xf6,
    0x44, 0xf5, 0x44, 0xf5, 0x43, 0xf4, 0x54, 0xf5, 0x43, 0xf4, 0x33, 0xf4, 0x43, 0xf4, 0x22, 0xf3,
    0x43, 0xf5, 0x32, 0xf4, 0x65, 0xf7, 0x32, 0xf5, 0x32, 0xf5, 0x42, 0xf6, 0x32, 0xf5, 0x64, 0xf7,
    0x42, 0xf5, 0x42, 0xf5, 0x21, 0xf3, 0x32, 0xf5, 0x53, 0xf6, 0x76, 0xf8, 0x76, 0xf8, 0x86, 0xf9,
    0x43, 0xf5, 0x54, 0xf6, 0x44, 0xf5, 0x54, 0xf5, 0x44, 0xf5, 0x22, 0xf3, 0x54, 0xf5, 0x44, 0xf5,
    0x54, 0xf5, 0x43, 0xf5, 0x54, 0xf5, 0x43, 0xf4, 0x43, 0xf4, 0x43, 0xf5, 0x33, 0xf3, 0x32, 0xf4,
    0x42, 0xf5, 0x75, 0xf7, 0x65, 0xf7, 0x75, 0xf7, 0x65, 0xf7, 0x65, 0xf7, 0x64, 0xf6, 0x43, 0xf5,
    0x42, 0xf5, 0x43, 0xf5, 0x53, 0xf6, 0x43, 0xf6, 0x65, 0xf7, 0x43, 0xf5, 0x76, 0xf8, 0x65, 0xf7,
    0x54, 0xf7, 0x32, 0xf4, 0x64, 0xf8, 0x42, 0xf5, 0x42, 0xf5, 0x42, 0xf5, 0x32, 0xf5, 0x32, 0xf4,
    0x53, 0xf7, 0x42, 0xf5, 0x32, 0xf4, 0x32, 0xf4, 0x32, 0xf5, 0x42, 0xf6, 0x32, 0xf5, 0x53, 0xf8,
    0x32, 0xf4, 0x32, 0xf5, 0x42, 0xf6, 0x42, 0xf6, 0x22, 0xf3, 0x32, 0xf4, 0x42, 0xf5, 0x42, 0xf6,
    0x42, 0xf7, 0x42, 0xf5, 0x63, 0xf8, 0x32, 0xf5, 0x32, 0xf4, 0x42, 0xf5, 0x32, 0xf3, 0x43, 0xf5,
    0x32, 0xf4, 0x42, 0xf5, 0x42, 0xf5, 0x42, 0xf5, 0x42, 0xf6, 0x42, 0xf7, 0x43, 0xf6, 0x42, 0xf6,
    0x32, 0xf4, 0x43, 0xf5, 0x22, 0xf3, 0x43, 0xf6, 0x53, 0xf6, 0x32, 0xf5, 0x42, 0xf6, 0x53, 0xf6,
    0x42, 0xf6, 0x32, 0xf4, 0x31, 0xf4, 0x32, 0xf5, 0x43, 0xf6, 0x54, 0xf7, 0x43, 0xf6, 0x53, 0xf6,
    0x32, 0xf4, 0x43, 0xf6, 0x43, 0xf6, 0x53, 0xf6, 0x53, 0xf7, 0x64, 0xf8, 0x64, 0xf7, 0x64, 0xf8,
    0x43, 0xf5, 0x32, 0xf4, 0x43, 0xf4, 0x21, 0xf2, 0x21, 0xf3, 0x32, 0xf4, 0x53, 0xf6, 0x32, 0xf4,
    0x43, 0xf5, 0x32, 0xf4, 0x43, 0xf6, 0x42, 0xf5, 0x43, 0xf5, 0x64, 0xf7, 0x43, 0xf5, 0x75, 0xf8,
    0x65, 0xf8, 0x43, 0xf5, 0x43, 0xf5, 0x43, 0xf5, 0x43, 0xf6, 0x43, 0xf5, 0x32, 0xf5, 0x42, 0xf5,
    0x33, 0xf4, 0x43, 0xf4, 0x54, 0xf6, 0x54, 0xf5, 0x54, 0xf6, 0x42, 0xf5, 0x44, 0xf5, 0x42, 0xf5,
    0x43, 0xf6, 0x32, 0xf4, 0x64, 0xf8, 0x53, 0xf7, 0x31, 0xf4, 0x43, 0xf6, 0x42, 0xf5, 0x32, 0xf5,
    0x53, 0xf6, 0x54, 0xf7, 0x64, 0xf8, 0x64, 0xf8, 0x54, 0xf7, 0x32, 0xf5, 0x64, 0xf7, 0x32, 0xf4,
    0x43, 0xf5, 0x54, 0xf6, 0x43, 0xf6, 0x43, 0xf5, 0x32, 0xf3, 0x43, 0xf5, 0x54, 0xf6, 0x32, 0xf4,
    0x42, 0xf6, 0x42, 0xf5, 0x42, 0xf5, 0x42, 0xf6, 0x43, 0xf5, 0x42, 0xf5, 0x32, 0xf5, 0x32, 0xf4,
    0x54, 0xf6, 0x54, 0xf6, 0x54, 0xf6, 0x54, 0xf6, 0x43, 0xf5, 0x43, 0xf4, 0x43, 0xf5, 0x43, 0xf5,
    0x32, 0xf4, 0x55, 0xf6, 0x32, 0xf4, 0x32, 0xf3, 0x54, 0xf5, 0x43, 0xf4, 0x43, 0xf5, 0x32, 0xf4,
    0x43, 0xf5, 0x43, 0xf5, 0x53, 0xf6, 0x32, 0xf4, 0x32, 0xf4, 0x21, 0xf3, 0x43, 0xf5, 0x21, 0xf3,
    0x32, 0xf4, 0x32, 0xf4, 0x32, 0xf3, 0x43, 0xf5, 0x32, 0xf4, 0x21, 0xf3, 0x32, 0xf4, 0x43, 0xf5,
    0x42, 0xf5, 0x32, 0xf4, 0x43, 0xf5, 0x32, 0xf4, 0x32, 0xf4, 0x54, 0xf6, 0x54, 0xf6, 0x76, 0xf7,
    0x43, 0xf5, 0x44, 0xf5, 0x32, 0xf4, 0x54, 0xf6, 0x76, 0xf7, 0x65, 0xf6, 0x54, 0xf5, 0x65, 0xf7,
    0x32, 0xf4, 0x32, 0xf3, 0x54, 0xf6, 0x33, 0xf4, 0x32, 0xf4, 0x42, 0xf5, 0x21, 0xf3, 0x21, 0xf3,
    0x54, 0xf6, 0x54, 0xf6, 0x54, 0xf6, 0x44, 0xf5, 0x32, 0xf4, 0x22, 0xf3, 0x33, 0xf4, 0x32, 0xf3,
    0x21, 0xf3, 0x42, 0xf5, 0x21, 0xf3, 0x43, 0xf5, 0x43, 0xf5, 0x43, 0xf5, 0x32, 0xf4, 0x43, 0xf5,
    0x32, 0xf4, 0x43, 0xf5, 0x33, 0xf4, 0x32, 0xf4, 0x22, 0xf3, 0x32, 0xf4, 0x32, 0xf4, 0x43, 0xf5,
    0x54, 0xf6, 0x54, 0xf6, 0x54, 0xf6, 0x43, 0xf5, 0x43, 0xf5, 0x43, 0xf4, 0x53, 0xf5, 0x32, 0xf4,
    0x43, 0xf5, 0x43, 0xf5, 0x53, 0xf6, 0x53, 0xf7, 0x54, 0xf6, 0x42, 0xf5, 0x43, 0xf5, 0x53, 0xf5,
    0x32, 0xf4, 0x32, 0xf5, 0x32, 0xf4, 0x42, 0xf5, 0x43, 0xf5, 0x54, 0xf6, 0x54, 0xf6, 0x65, 0xf7,
    0x32, 0xf4, 0x42, 0xf6, 0x43, 0xf5, 0x53, 0xf7, 0x53, 0xf6, 0x65, 0xf7, 0x53, 0xf7, 0x54, 0xf6,
    0x43, 0xf5, 0x43, 0xf6, 0x54, 0xf6, 0x43, 0xf5, 0x43, 0xf5, 0x43, 0xf5, 0x43, 0xf5, 0x32, 0xf4,
    0x54, 0xf6, 0x42, 0xf5, 0x43, 0xf5, 0x32, 0xf4, 0x53, 0xf6, 0x43, 0xf5, 0x32, 0xf4, 0x43, 0xf6,
    0x32, 0xf5, 0x43, 0xf4, 0x32, 0xf4, 0x32, 0xf4, 0x43, 0xf4, 0x43, 0xf4, 0x33, 0xf4, 0x44, 0xf4,
    0x32, 0xf3, 0x32, 0xf3, 0x32, 0xf3, 0x22, 0xf3, 0x21, 0xf3, 0x43, 0xf4, 0x64, 0xf7, 0x64, 0xf7,
    0x44, 0xf5, 0x65, 0xf7, 0x33, 0xf4, 0x65, 0xf7, 0x76, 0xf7, 0x54, 0xf6, 0x54, 0xf6, 0x44, 0xf5,
    0x43, 0xf5, 0x32, 0xf4, 0x64, 0xf7, 0x53, 0xf6, 0x54, 0xf6, 0x65, 0xf7, 0x43, 0xf5, 0x54, 0xf6,
    0x54, 0xf6, 0x32, 0xf3, 0x55, 0xf6, 0x33, 0xf4, 0x54, 0xf7, 0x54, 0xf7, 0x32, 0xf4, 0x54, 0xf6,
    0x54, 0xf5, 0x43, 0xf4, 0x33, 0xf3, 0x43, 0xf5, 0x43, 0xf5, 0x54, 0xf6, 0x54, 0xf7, 0x54, 0xf6,
    0x42, 0xf4, 0x32, 0xf4, 0x43, 0xf5, 0x32, 0xf3, 0x53, 0xf6, 0x65, 0xf7, 0x54, 0xf6, 0x65, 0xf8,
    0x64, 0xf7, 0x43, 0xf5, 0x54, 0xf6, 0x54, 0xf6, 0x43, 0xf5, 0x53, 0xf6, 0x43, 0xf5, 0x43, 0xf5,
    0x32, 0xf4, 0x43, 0xf5, 0x43, 0xf4, 0x43, 0xf4, 0x53, 0xf6, 0x32, 0xf4, 0x54, 0xf6, 0x53, 0xf6,
    0x64, 0xf7, 0x43, 0xf5, 0x65, 0xf7, 0x64, 0xf7, 0x43, 0xf5, 0x54, 0xf6, 0x43, 0xf5, 0x43, 0xf5,
    0x32, 0xf4, 0x32, 0xf3, 0x33, 0xf4, 0x43, 0xf5, 0x32, 0xf4, 0x42, 0xf5, 0x32, 0xf4, 0x32, 0xf4,
    0x54, 0xf6, 0x65, 0xf7, 0x53, 0xf6, 0x65, 0xf7, 0x33, 0xf4, 0x43, 0xf5, 0x32, 0xf4, 0x65, 0xf7,
    0x65, 0xf7, 0x64, 0xf7, 0x76, 0xf8, 0x65, 0xf7, 0x54, 0xf6, 0x64, 0xf7, 0x65, 0xf7, 0x64, 0xf6,
    0x65, 0xf7, 0x65, 0xf7, 0x43, 0xf5, 0x54, 0xf6, 0x64, 0xf7, 0x65, 0xf7, 0x64, 0xf7, 0x65, 0xf8,
    0x53, 0xf6, 0x64, 0xf7, 0x43, 0xf5, 0x43, 0xf4, 0x22, 0xf3, 0x54, 0xf6, 0x32, 0xf3, 0x65, 0xf6,
    0x54, 0xf6, 0x32, 0xf3, 0x54, 0xf6, 0x22, 0xf3, 0x21, 0xf2, 0x32, 0xf4, 0x32, 0xf4, 0x22, 0xf3,
    0x32, 0xf4, 0x42, 0xf5, 0x32, 0xf5, 0x53, 0xf6, 0x53, 0xf6, 0x54, 0xf6, 0x53, 0xf6, 0x32, 0xf4,
    0x64, 0xf8, 0x64, 0xf7, 0x64, 0xf7, 0x64, 0xf7, 0x43, 0xf6, 0x42, 0xf5, 0x42, 0xf5, 0x53, 0xf7,
    0x65, 0xf7, 0x54, 0xf7, 0x64, 0xf7, 0x75, 0xf9, 0x53, 0xf6, 0x74, 0xf9, 0x52, 0xf7, 0x63, 0xf8,
    0x42, 0xf6, 0x64, 0xf8, 0x53, 0xf6, 0x52, 0xf7, 0x64, 0xf8, 0x63, 0xf8, 0x64, 0xf8, 0x53, 0xf7,
    0x53, 0xf6, 0x75, 0xf8, 0x53, 0xf6, 0x76, 0xf9, 0x64, 0xf7, 0x53, 0xf7, 0x65, 0xf8, 0x53, 0xf7,
    0x64, 0xf7, 0x65, 0xf8, 0x75, 0xf8, 0x75, 0xf8, 0x65, 0xf8, 0x76, 0xf9, 0x75, 0xf8, 0x75, 0xf8,
    0x64, 0xf7, 0x75, 0xf9, 0x64, 0xf7, 0x75, 0xf8, 0x54, 0xf7, 0x53, 0xf7, 0x86, 0xf9, 0x53, 0xf6,
    0x64, 0xf8, 0x64, 0xf8, 0x75, 0xf8, 0x75, 0xf8, 0x75, 0xf8, 0x43, 0xf6, 0x64, 0xf7, 0x53, 0xf6,
    0x64, 0xf9, 0x65, 0xf8, 0x75, 0xf8, 0x54, 0xf6, 0x43, 0xf6, 0x42, 0xf5, 0x42, 0xf5, 0x53, 0xf6,
    0x53, 0xf7, 0x43, 0xf6, 0x53, 0xf7, 0x53, 0xf6, 0x64, 0xf7, 0x53, 0xf6, 0x32, 0xf4, 0x43, 0xf6,
    0x42, 0xf6, 0x53, 0xf7, 0x53, 0xf6, 0x75, 0xf8, 0x64, 0xf8, 0x53, 0xf6, 0x75, 0xf8, 0x43, 0xf6,
    0x54, 0xf7, 0x75, 0xf8, 0x64, 0xf8, 0x64, 0xf8, 0x53, 0xf6, 0x42, 0xf5, 0x42, 0xf6, 0x32, 0xf5,
    0x65, 0xf8, 0x64, 0xf7, 0x65, 0xf8, 0x87, 0xf9, 0x75, 0xf8, 0x43, 0xf6, 0x86, 0xf9, 0x42, 0xf5,
    0x65, 0xf8, 0x75, 0xf8, 0x53, 0xf7, 0x75, 0xf9, 0x64, 0xf8, 0x53, 0xf7, 0x53, 0xf7, 0x53, 0xf7,
    0x54, 0xf7, 0x64, 0xf7, 0x43, 0xf6, 0x43, 0xf6, 0x53, 0xf6, 0x53, 0xf7, 0x53, 0xf6, 0x64, 0xf8,
    0x64, 0xf7, 0x54, 0xf7, 0x53, 0xf7, 0x65, 0xf7, 0x43, 0xf6, 0x75, 0xf8, 0x54, 0xf7, 0x65, 0xf8,
    0x64, 0xf8, 0x76, 0xf8, 0x64, 0xf7, 0x65, 0xf8, 0x75, 0xf8, 0x76, 0xf8, 0x86, 0xf9, 0x65, 0xf7,
    0x64, 0xf7, 0x75, 0xf8, 0x65, 0xf6, 0x65, 0xf7, 0x86, 0xf9, 0x65, 0xf8, 0x75, 0xf8, 0x65, 0xf8,
    0x75, 0xf8, 0x86, 0xf9, 0x64, 0xf7, 0x54, 0xf7, 0x64, 0xf7, 0x75, 0xf8, 0x64, 0xf7, 0x75, 0xf8,
    0x64, 0xf7, 0x64, 0xf7, 0x75, 0xf8, 0x64, 0xf7, 0x75, 0xf8, 0x75, 0xf8, 0x75, 0xf8, 0x86, 0xf9,
    0x43, 0xf5, 0x32, 0xf4, 0x43, 0xf5, 0x32, 0xf4, 0x54, 0xf6, 0x75, 0xf8, 0x21, 0xf3, 0x43, 0xf5,
    0x33, 0xf4, 0x32, 0xf4, 0x43, 0xf5, 0x43, 0xf6, 0x42, 0xf5, 0x32, 0xf4, 0x43, 0xf5, 0x43, 0xf6,
    0x65, 0xf8, 0x75, 0xf8, 0x64, 0xf7, 0x76, 0xf9, 0x76, 0xf9, 0x86, 0xf9, 0x86, 0xf9, 0x75, 0xf8,
    0x43, 0xf6, 0x64, 0xf7, 0x43, 0xf5, 0x53, 0xf6, 0x86, 0xf9, 0x87, 0xfa, 0x64, 0xf7, 0x75, 0xf8,
    0x64, 0xf7, 0x64, 0xf7, 0x53, 0xf6, 0x54, 0xf7, 0x42, 0xf6, 0x64, 0xf8, 0x54, 0xf7, 0x64, 0xf8,
    0x43, 0xf6, 0x64, 0xf7, 0x64, 0xf7, 0x64, 0xf7, 0x75, 0xf8, 0x32, 0xf5, 0x65, 0xf8, 0x53, 0xf6,
    0x64, 0xf8, 0x53, 0xf7, 0x64, 0xf7, 0x64, 0xf7, 0x43, 0xf6, 0x65, 0xf8, 0x43, 0xf6, 0x53, 0xf6,
    0x53, 0xf6, 0x64, 0xf7, 0x42, 0xf6, 0x43, 0xf6, 0x42, 0xf5, 0x42, 0xf5, 0x42, 0xf5, 0x53, 0xf6,
    0x64, 0xf7, 0x75, 0xf8, 0x75, 0xf8, 0x75, 0xf8, 0x43, 0xf6, 0x64, 0xf7, 0x64, 0xf7, 0x32, 0xf4,
    0x65, 0xf8, 0x75, 0xf8, 0x54, 0xf7, 0x43, 0xf5, 0x64, 0xf7, 0x43, 0xf5, 0x42, 0xf5, 0x32, 0xf5,
    0x43, 0xf5, 0x32, 0xf4, 0x21, 0xf3, 0x32, 0xf3, 0x32, 0xf4, 0x32, 0xf4, 0x43, 0xf5, 0x32, 0xf4,
    0x32, 0xf4, 0x21, 0xf3, 0x32, 0xf5, 0x43, 0xf5, 0x32, 0xf4, 0x32, 0xf5, 0x43, 0xf4, 0x32, 0xf3,
    0x65, 0xf6, 0x65, 0xf7, 0x55, 0xf6, 0x55, 0xf6, 0x54, 0xf5, 0x55, 0xf6, 0x44, 0xf4, 0x54, 0xf5,
    0x55, 0xf6, 0x54, 0xf5, 0x54, 0xf5, 0x44, 0xf5, 0x44, 0xf4, 0x54, 0xf5, 0x55, 0xf6, 0x54, 0xf5,
    0x54, 0xf5, 0x54, 0xf6, 0x54, 0xf5, 0x54, 0xf5, 0x54, 0xf5, 0x55, 0xf6, 0x44, 0xf5, 0x55, 0xf6,
    0x55, 0xf6, 0x44, 0xf5, 0x54, 0xf5, 0x54, 0xf5, 0x54, 0xf5, 0x66, 0xf7, 0x54, 0xf5, 0x44, 0xf5,
    0x54, 0xf5, 0x55, 0xf6, 0x54, 0xf5, 0x55, 0xf5, 0x55, 0xf5, 0x54, 0xf5, 0x44, 0xf4, 0x44, 0xf5,
    0x54, 0xf5, 0x55, 0xf5, 0x54, 0xf6, 0x55, 0xf5, 0x43, 0xf4, 0x44, 0xf5, 0x43, 0xf4, 0x54, 0xf5,
    0x55, 0xf6, 0x55, 0xf6, 0x65, 0xf6, 0x55, 0xf5, 0x54, 0xf5, 0x44, 0xf5, 0x55, 0xf6, 0x33, 0xf4,
    0x65, 0xf6, 0x65, 0xf6, 0x66, 0xf7, 0x65, 0xf6, 0x43, 0xf4, 0x32, 0xf3, 0x32, 0xf3, 0x22, 0xf3,
    0x65, 0xf6, 0x65, 0xf6, 0x55, 0xf6, 0x54, 0xf5, 0x66, 0xf7, 0x65, 0xf6, 0x65, 0xf7, 0x55, 0xf6,
    0x65, 0xf6, 0x54, 0xf5, 0x44, 0xf5, 0x33, 0xf4, 0x54, 0xf6, 0x22, 0xf3, 0x32, 0xf3, 0x33, 0xf3,
    0x44, 0xf4, 0x32, 0xf3, 0x32, 0xf3, 0x22, 0xf3, 0x22, 0xf2, 0x42, 0xf6, 0x21, 0xf3, 0x63, 0xf7,
    0x32, 0xf3, 0x22, 0xf3, 0x32, 0xf3, 0x21, 0xf3, 0x31, 0xf4, 0x75, 0xf8, 0x31, 0xf4, 0x42, 0xf6,
    0x32, 0xf3, 0x32, 0xf3, 0x33, 0xf4, 0x43, 0xf4, 0x33, 0xf4, 0x32, 0xf4, 0x32, 0xf4, 0x31, 0xf5,
    0x43, 0xf4, 0x33, 0xf3, 0x32, 0xf3, 0x43, 0xf5, 0x31, 0xf4, 0x42, 0xf5, 0x54, 0xf6, 0x54, 0xf6,
    0x42, 0xf5, 0x32, 0xf4, 0x31, 0xf4, 0x21, 0xf3, 0x21, 0xf3, 0x52, 0xf6, 0x22, 0xf3, 0x42, 0xf5,
    0x43, 0xf4, 0x21, 0xf2, 0x54, 0xf6, 0x42, 0xf4, 0x32, 0xf4, 0x43, 0xf5, 0x31, 0xf4, 0x42, 0xf5,
    0x54, 0xf6, 0x55, 0xf6, 0x43, 0xf4, 0x65, 0xf7, 0x44, 0xf5, 0x44, 0xf4, 0x43, 0xf4, 0x32, 0xf3,
    0x22, 0xf3, 0x43, 0xf4, 0x32, 0xf4, 0x32, 0xf4, 0x32, 0xf3, 0x22, 0xf3, 0x21, 0xf3, 0x32, 0xf5,
    0x44, 0xf5, 0x43, 0xf5, 0x43, 0xf4, 0x32, 0xf4, 0x32, 0xf3, 0x31, 0xf4, 0x43, 0xf6, 0x53, 0xf6,
    0x32, 0xf5, 0x31, 0xf5, 0x32, 0xf5, 0x42, 0xf5, 0x64, 0xf7, 0x43, 0xf4, 0x32, 0xf4, 0x21, 0xf3,
    0x53, 0xf6, 0x43, 0xf6, 0x32, 0xf5, 0x32, 0xf5, 0x32, 0xf4, 0x32, 0xf5, 0x31, 0xf4, 0x32, 0xf5,
    0x31, 0xf5, 0x31, 0xf4, 0x32, 0xf5, 0x32, 0xf5, 0x32, 0xf4, 0x42, 0xf5, 0x32, 0xf4, 0x32, 0xf4,
    0x21, 0xf3, 0x32, 0xf4, 0x32, 0xf4, 0x43, 0xf5, 0x32, 0xf4, 0x42, 0xf5, 0x42, 0xf5, 0x43, 0xf6,
    0x32, 0xf4, 0x54, 0xf6, 0x32, 0xf4, 0x32, 0xf4, 0x53, 0xf6, 0x42, 0xf5, 0x32, 0xf4, 0x32, 0xf4,
    0x42, 0xf6, 0x75, 0xf8, 0x42, 0xf6, 0x64, 0xf7, 0x54, 0xf6, 0x54, 0xf6, 0x54, 0xf6, 0x64, 0xf7,
    0x31, 0xf4, 0x53, 0xf6, 0x42, 0xf5, 0x32, 0xf5, 0x64, 0xf7, 0x53, 0xf6, 0x53, 0xf6, 0x32, 0xf4,
    0x54, 0xf6, 0x54, 0xf6, 0x54, 0xf6, 0x53, 0xf6, 0x43, 0xf5, 0x42, 0xf5, 0x42, 0xf5, 0x42, 0xf5,
    0x43, 0xf5, 0x42, 0xf5, 0x32, 0xf4, 0x42, 0xf5, 0x21, 0xf3, 0x42, 0xf5, 0x42, 0xf5, 0x43, 0xf5,
    0x32, 0xf4, 0x54, 0xf6, 0x43, 0xf5, 0x76, 0xf8, 0x32, 0xf4, 0x32, 0xf5, 0x43, 0xf5, 0x42, 0xf6,
    0x42, 0xf5, 0x32, 0xf4, 0x53, 0xf6, 0x43, 0xf6, 0x54, 0xf7, 0x42, 0xf6, 0x53, 0xf6, 0x53, 0xf7,
    0x32, 0xf5, 0x42, 0xf5, 0x43, 0xf6, 0x43, 0xf5, 0x53, 0xf6, 0x53, 0xf6, 0x43, 0xf4, 0x43, 0xf5,
    0x43, 0xf6, 0x32, 0xf4, 0x32, 0xf4, 0x32, 0xf5, 0x43, 0xf5, 0x43, 0xf5, 0x42, 0xf5, 0x42, 0xf5,
    0x42, 0xf6, 0x32, 0xf4, 0x54, 0xf6, 0x54, 0xf6, 0x54, 0xf6, 0x43, 0xf5, 0x54, 0xf6, 0x32, 0xf4,
    0x54, 0xf6, 0x53, 0xf6, 0x42, 0xf5, 0x53, 0xf6, 0x65, 0xf7, 0x53, 0xf5, 0x64, 0xf7, 0x33, 0xf4,
    0x42, 0xf5, 0x42, 0xf5, 0x32, 0xf4, 0x43, 0xf6, 0x42, 0xf5, 0x43, 0xf5, 0x53, 0xf7, 0x43, 0xf5,
    0x21, 0xf3, 0x42, 0xf5, 0x43, 0xf5, 0x42, 0xf5, 0x43, 0xf6, 0x43, 0xf5, 0x43, 0xf6, 0x43, 0xf6,
    0x42, 0xf6, 0x42, 0xf6, 0x42, 0xf5, 0x42, 0xf5, 0x32, 0xf4, 0x21, 0xf3, 0x32, 0xf4, 0x32, 0xf5,
    0x43, 0xf5, 0x42, 0xf5, 0x42, 0xf5, 0x32, 0xf5, 0x43, 0xf6, 0x53, 0xf7, 0x43, 0xf6, 0x53, 0xf7,
    0x43, 0xf6, 0x42, 0xf5, 0x53, 0xf7, 0x64, 0xf7, 0x43, 0xf6, 0x43, 0xf6, 0x32, 0xf4, 0x43, 0xf5,
    0x53, 0xf7, 0x43, 0xf5, 0x43, 0xf6, 0x43, 0xf6, 0x32, 0xf4, 0x43, 0xf5, 0x43, 0xf5, 0x43, 0xf5,
    0x42, 0xf5, 0x32, 0xf4, 0x32, 0xf5, 0x32, 0xf4, 0x53, 0xf6, 0x43, 0xf6, 0x43, 0xf5, 0x43, 0xf5,
    0x43, 0xf5, 0x43, 0xf5, 0x42, 0xf5, 0x43, 0xf6, 0x43, 0xf5, 0x53, 0xf6, 0x43, 0xf5, 0x43, 0xf5,
    0x32, 0xf4, 0x64, 0xf7, 0x53, 0xf6, 0x64, 0xf7, 0x54, 0xf6, 0x43, 0xf5, 0x32, 0xf4, 0x42, 0xf5,
    0x53, 0xf6, 0x53, 0xf7, 0x43, 0xf6, 0x53, 0xf6, 0x42, 0xf5, 0x53, 0xf6, 0x53, 0xf6, 0x65, 0xf7,
    0x32, 0xf4, 0x43, 0xf5, 0x43, 0xf5, 0x43, 0xf5, 0x32, 0xf5, 0x53, 0xf6, 0x43, 0xf5, 0x43, 0xf5,
    0x43, 0xf6, 0x53, 0xf7, 0x54, 0xf7, 0x64, 0xf7, 0x53, 0xf6, 0x32, 0xf3, 0x53, 0xf7, 0x43, 0xf5,
    0x53, 0xf6, 0x53, 0xf6, 0x32, 0xf4, 0x53, 0xf7, 0x43, 0xf6, 0x65, 0xf7, 0x32, 0xf5, 0x54, 0xf6,
    0x32, 0xf4, 0x43, 0xf6, 0x65, 0xf7, 0x32, 0xf5, 0x32, 0xf4, 0x43, 0xf5, 0x42, 0xf5, 0x43, 0xf5,
    0x53, 0xf7, 0x53, 0xf6, 0x42, 0xf5, 0x43, 0xf5, 0x42, 0xf5, 0x53, 0xf7, 0x42, 0xf5, 0x43, 0xf6,
    0x32, 0xf5, 0x42, 0xf5, 0x42, 0xf5, 0x43, 0xf5, 0x43, 0xf5, 0x42, 0xf6, 0x43, 0xf5, 0x53, 0xf6,
    0x53, 0xf6, 0x64, 0xf7, 0x53, 0xf6, 0x53, 0xf6, 0x65, 0xf7, 0x43, 0xf5, 0x43, 0xf5, 0x43, 0xf5,
    0x53, 0xf6, 0x64, 0xf7, 0x43, 0xf5, 0x53, 0xf6, 0x64, 0xf7, 0x54, 0xf6, 0x54, 0xf7, 0x43, 0xf5,
    0x63, 0xf8, 0x53, 0xf7, 0x54, 0xf7, 0x42, 0xf6, 0x43, 0xf6, 0x64, 0xf7, 0x63, 0xf8, 0x54, 0xf7,
    0x64, 0xf7, 0x43, 0xf6, 0x54, 0xf7, 0x53, 0xf6, 0x53, 0xf7, 0x53, 0xf6, 0x42, 0xf5, 0x42, 0xf5,
    0x43, 0xf5, 0x43, 0xf5, 0x43, 0xf5, 0x32, 0xf4, 0x54, 0xf6, 0x64, 0xf7, 0x32, 0xf5, 0x54, 0xf6,
    0x42, 0xf5, 0x32, 0xf4, 0x43, 0xf6, 0x32, 0xf5, 0x32, 0xf4, 0x32, 0xf5, 0x32, 0xf5, 0x42, 0xf6,
    0x43, 0xf5, 0x64, 0xf7, 0x43, 0xf6, 0x43, 0xf6, 0x54, 0xf6, 0x53, 0xf6, 0x53, 0xf6, 0x53, 0xf6,
    0x43, 0xf5, 0x42, 0xf5, 0x43, 0xf4, 0x32, 0xf4, 0x53, 0xf6, 0x87, 0xf9, 0x42, 0xf5, 0x64, 0xf7,
    0x64, 0xf7, 0x53, 0xf6, 0x54, 0xf7, 0x43, 0xf6, 0x53, 0xf7, 0x53, 0xf6, 0x43, 0xf5, 0x43, 0xf5,
    0x64, 0xf7, 0x32, 0xf4, 0x53, 0xf7, 0x32, 0xf4, 0x43, 0xf5, 0x43, 0xf6, 0x43, 0xf5, 0x86, 0xf9,
    0x65, 0xf7, 0x42, 0xf5, 0x76, 0xf8, 0x54, 0xf7, 0x54, 0xf7, 0x64, 0xf7, 0x76, 0xf8, 0x64, 0xf7,
    0x53, 0xf6, 0x43, 0xf5, 0x63, 0xf7, 0x64, 0xf7, 0x53, 0xf7, 0x64, 0xf8, 0x64, 0xf8, 0x75, 0xf8,
    0x53, 0xf7, 0x43, 0xf5, 0x64, 0xf8, 0x75, 0xf9, 0x32, 0xf3, 0x53, 0xf6, 0x64, 0xf7, 0x53, 0xf6,
    0x64, 0xf7, 0x75, 0xf8, 0x75, 0xf8, 0x65, 0xf8, 0x75, 0xf9, 0x76, 0xf9, 0x75, 0xf9, 0x64, 0xf8,
    0x33, 0xf4, 0x32, 0xf4, 0x43, 0xf4, 0x32, 0xf4, 0x32, 0xf4, 0x31, 0xf3, 0x32, 0xf5, 0x21, 0xf3,
    0x43, 0xf5, 0x54, 0xf6, 0x43, 0xf5, 0x54, 0xf7, 0x42, 0xf5, 0x32, 0xf3, 0x43, 0xf5, 0x32, 0xf4,
    0x43, 0xf5, 0x43, 0xf4, 0x32, 0xf4, 0x32, 0xf4, 0x32, 0xf4, 0x32, 0xf3, 0x32, 0xf4, 0x32, 0xf4,
    0x21, 0xf3, 0x32, 0xf4, 0x21, 0xf3, 0x21, 0xf3, 0x32, 0xf4, 0x32, 0xf5, 0x32, 0xf4, 0x33, 0xf4,
    0x32, 0xf4, 0x42, 0xf5, 0x43, 0xf5, 0x54, 0xf6, 0x43, 0xf5, 0x21, 0xf3, 0x32, 0xf4, 0x21, 0xf3,
    0x54, 0xf6, 0x43, 0xf4, 0x32, 0xf4, 0x43, 0xf6, 0x32, 0xf4, 0x21, 0xf4, 0x42, 0xf6, 0x32, 0xf4,
    0x21, 0xf3, 0x32, 0xf4, 0x42, 0xf5, 0x32, 0xf5, 0x32, 0xf4, 0x65, 0xf7, 0x32, 0xf4, 0x43, 0xf5,
    0x32, 0xf4, 0x32, 0xf5, 0x33, 0xf4, 0x43, 0xf5, 0x32, 0xf4, 0x21, 0xf3, 0x43, 0xf5, 0x42, 0xf5,
    0x32, 0xf5, 0x54, 0xf7, 0x32, 0xf5, 0x53, 0xf7, 0x54, 0xf6, 0x65, 0xf8, 0x53, 0xf7, 0x53, 0xf6,
    0x32, 0xf4, 0x54, 0xf6, 0x32, 0xf3, 0x32, 0xf4, 0x42, 0xf5, 0x32, 0xf4, 0x32, 0xf5, 0x31, 0xf4,
    0x53, 0xf7, 0x43, 0xf6, 0x53, 0xf6, 0x43, 0xf5, 0x43, 0xf6, 0x32, 0xf5, 0x54, 0xf7, 0x43, 0xf5,
    0x42, 0xf7, 0x42, 0xf5, 0x53, 0xf7, 0x42, 0xf5, 0x53, 0xf6, 0x64, 0xf7, 0x43, 0xf5, 0x54, 0xf6,
    0x43, 0xf5, 0x32, 0xf4, 0x32, 0xf4, 0x22, 0xf3, 0x42, 0xf6, 0x32, 0xf5, 0x32, 0xf5, 0x43, 0xf5,
    0x21, 0xf3, 0x32, 0xf3, 0x32, 0xf5, 0x42, 0xf5, 0x43, 0xf5, 0x33, 0xf4, 0x43, 0xf4, 0x32, 0xf3,
    0x42, 0xf6, 0x43, 0xf6, 0x31, 0xf4, 0x42, 0xf6, 0x53, 0xf6, 0x43, 0xf5, 0x42, 0xf6, 0x42, 0xf6,
    0x43, 0xf5, 0x42, 0xf5, 0x32, 0xf4, 0x32, 0xf4, 0x31, 0xf5, 0x53, 0xf7, 0x32, 0xf5, 0x43, 0xf5,
    0x22, 0xf3, 0x32, 0xf5, 0x43, 0xf5, 0x21, 0xf4, 0x53, 0xf7, 0x54, 0xf6, 0x64, 0xf7, 0x54, 0xf6,
    0x43, 0xf6, 0x31, 0xf4, 0x32, 0xf5, 0x32, 0xf4, 0x54, 0xf7, 0x53, 0xf6, 0x54, 0xf6, 0x64, 0xf7,
    0x43, 0xf5, 0x43, 0xf5, 0x43, 0xf5, 0x43, 0xf5, 0x64, 0xf7, 0x43, 0xf6, 0x54, 0xf6, 0x43, 0xf5,
    0x43, 0xf5, 0x54, 0xf6, 0x42, 0xf5, 0x54, 0xf7, 0x64, 0xf7, 0x43, 0xf5, 0x86, 0xfa, 0x43, 0xf5,
    0x32, 0xf4, 0x32, 0xf3, 0x32, 0xf3, 0x43, 0xf5, 0x32, 0xf3, 0x54, 0xf7, 0x53, 0xf6, 0x32, 0xf5,
    0x32, 0xf4, 0x75, 0xf8, 0x32, 0xf4, 0x53, 0xf7, 0x53, 0xf6, 0x64, 0xf7, 0x64, 0xf7, 0x65, 0xf7,
    0x54, 0xf7, 0x43, 0xf6, 0x32, 0xf4, 0x21, 0xf3, 0x42, 0xf5, 0x21, 0xf3, 0x32, 0xf5, 0x42, 0xf6,
    0x43, 0xf4, 0x21, 0xf3, 0x33, 0xf4, 0x32, 0xf4, 0x42, 0xf6, 0x52, 0xf7, 0x64, 0xf7, 0x42, 0xf6,
    0x32, 0xf4, 0x42, 0xf5, 0x21, 0xf3, 0x32, 0xf5, 0x43, 0xf5, 0x43, 0xf5, 0x43, 0xf5, 0x55, 0xf6,
    0x43, 0xf5, 0x31, 0xf4, 0x42, 0xf5, 0x42, 0xf5, 0x32, 0xf4, 0x43, 0xf5, 0x43, 0xf5, 0x53, 0xf6,
    0x43, 0xf4, 0x32, 0xf4, 0x43, 0xf5, 0x32, 0xf4, 0x42, 0xf6, 0x42, 0xf5, 0x42, 0xf6, 0x53, 0xf7,
    0x43, 0xf5, 0x32, 0xf4, 0x42, 0xf6, 0x43, 0xf5, 0x31, 0xf4, 0x53, 0xf6, 0x42, 0xf5, 0x42, 0xf6,
    0x53, 0xf6, 0x54, 0xf6, 0x43, 0xf6, 0x33, 0xf4, 0x53, 0xf6, 0x64, 0xf8, 0x32, 0xf4, 0x64, 0xf7,
    0x42, 0xf6, 0x43, 0xf4, 0x32, 0xf4, 0x32, 0xf5, 0x21, 0xf3, 0x65, 0xf8, 0x42, 0xf5, 0x75, 0xf8,
    0x43, 0xf5, 0x43, 0xf5, 0x42, 0xf5, 0x42, 0xf5, 0x42, 0xf6, 0x64, 0xf7, 0x64, 0xf7, 0x87, 0xf9,
    0x43, 0xf6, 0x53, 0xf6, 0x42, 0xf5, 0x42, 0xf6, 0x75, 0xf8, 0x86, 0xf9, 0x64, 0xf7, 0x64, 0xf7,
    0x32, 0xf5, 0x42, 0xf6, 0x32, 0xf4, 0x42, 0xf5, 0x42, 0xf6, 0x43, 0xf5, 0x53, 0xf7, 0x53, 0xf6,
    0x32, 0xf4, 0x53, 0xf6, 0x43, 0xf6, 0x64, 0xf7, 0x75, 0xf8, 0x64, 0xf7, 0x64, 0xf7, 0x54, 0xf6,
    0x43, 0xf5, 0x43, 0xf6, 0x43, 0xf6, 0x43, 0xf6, 0x43, 0xf6, 0x43, 0xf6, 0x42, 0xf5, 0x42, 0xf5,
    0x43, 0xf5, 0x42, 0xf5, 0x43, 0xf5, 0x43, 0xf5, 0x43, 0xf5, 0x43, 0xf6, 0x43, 0xf5, 0x43, 0xf6,
    0x53, 0xf6, 0x42, 0xf6, 0x53, 0xf7, 0x43, 0xf5, 0x42, 0xf5, 0x64, 0xf7, 0x32, 0xf5, 0x64, 0xf7,
    0x63, 0xf7, 0x53, 0xf6, 0x64, 0xf7, 0x53, 0xf6, 0x42, 0xf5, 0x54, 0xf6, 0x42, 0xf6, 0x53, 0xf6,
    0x54, 0xf7, 0x53, 0xf7, 0x54, 0xf6, 0x53, 0xf6, 0x43, 0xf6, 0x43, 0xf6, 0x43, 0xf5, 0x32, 0xf4,
    0x54, 0xf6, 0x43, 0xf5, 0x54, 0xf6, 0x43, 0xf5, 0x43, 0xf5, 0x32, 0xf4, 0x43, 0xf5, 0x43, 0xf5,
    0x64, 0xf7, 0x43, 0xf6, 0x53, 0xf6, 0x42, 0xf5, 0x64, 0xf7, 0x86, 0xf9, 0x32, 0xf4, 0x54, 0xf7,
    0x43, 0xf6, 0x32, 0xf5, 0x42, 0xf5, 0x32, 0xf4, 0x32, 0xf4, 0x43, 0xf6, 0x32, 0xf4, 0x43, 0xf6,
    0x86, 0xf9, 0x75, 0xf8, 0x86, 0xf9, 0x75, 0xf8, 0x64, 0xf8, 0x75, 0xf8, 0x64, 0xf7, 0x53, 0xf7,
    0x76, 0xf9, 0x64, 0xf7, 0x64, 0xf7, 0x64, 0xf7, 0x53, 0xf7, 0x53, 0xf6, 0x64, 0xf7, 0x64, 0xf8,
    0x42, 0xf5, 0x54, 0xf7, 0x32, 0xf4, 0x43, 0xf5, 0x43, 0xf5, 0x42, 0xf5, 0x43, 0xf5, 0x43, 0xf5,
    0x43, 0xf5, 0x43, 0xf5, 0x53, 0xf6, 0x43, 0xf5, 0x43, 0xf5, 0x54, 0xf6, 0x43, 0xf5, 0x43, 0xf5,
    0x43, 0xf5, 0x53, 0xf7, 0x32, 0xf4, 0x32, 0xf4, 0x64, 0xf8, 0x64, 0xf7, 0x53, 0xf6, 0x64, 0xf7,
    0x43, 0xf4, 0x32, 0xf3, 0x43, 0xf5, 0x32, 0xf4, 0x32, 0xf4, 0x54, 0xf7, 0x32, 0xf4, 0x43, 0xf5,
    0x53, 0xf6, 0x64, 0xf8, 0x63, 0xf7, 0x64, 0xf8, 0x42, 0xf6, 0x42, 0xf5, 0x64, 0xf7, 0x32, 0xf4,
    0x52, 0xf7, 0x63, 0xf8, 0x42, 0xf5, 0x42, 0xf5, 0x75, 0xf8, 0x42, 0xf5, 0x75, 0xf9, 0x43, 0xf6,
    0x43, 0xf5, 0x43, 0xf4, 0x32, 0xf4, 0x43, 0xf5, 0x42, 0xf5, 0x43, 0xf5, 0x43, 0xf5, 0x43, 0xf5,
    0x32, 0xf4, 0x33, 0xf4, 0x33, 0xf4, 0x42, 0xf5, 0x43, 0xf5, 0x43, 0xf5, 0x43, 0xf5, 0x43, 0xf5,
    0x64, 0xf7, 0x31, 0xf3, 0x86, 0xf9, 0x64, 0xf7, 0x64, 0xf7, 0x43, 0xf5, 0x54, 0xf6, 0x33, 0xf4,
    0x86, 0xf9, 0x54, 0xf6, 0x65, 0xf8, 0x53, 0xf6, 0x65, 0xf7, 0x43, 0xf5, 0x64, 0xf8, 0x64, 0xf8,
    0x32, 0xf4, 0x32, 0xf4, 0x32, 0xf3, 0x43, 0xf6, 0x43, 0xf6, 0x43, 0xf5, 0x43, 0xf6, 0x43, 0xf5,
    0x32, 0xf4, 0x53, 0xf6, 0x54, 0xf6, 0x21, 0xf4, 0x42, 0xf5, 0x32, 0xf4, 0x42, 0xf6, 0x64, 0xf8,
    0x43, 0xf5, 0x43, 0xf5, 0x54, 0xf6, 0x43, 0xf5, 0x43, 0xf5, 0x54, 0xf6, 0x43, 0xf5, 0x53, 0xf6,
    0x43, 0xf5, 0x54, 0xf6, 0x42, 0xf5, 0x54, 0xf6, 0x54, 0xf6, 0x54, 0xf6, 0x54, 0xf7, 0x54, 0xf6,
    0x54, 0xf6, 0x32, 0xf4, 0x43, 0xf5, 0x43, 0xf5, 0x32, 0xf4, 0x22, 0xf3, 0x43, 0xf5, 0x32, 0xf4,
    0x43, 0xf5, 0x32, 0xf4, 0x42, 0xf5, 0x32, 0xf4, 0x43, 0xf6, 0x32, 0xf4, 0x43, 0xf5, 0x32, 0xf4,
    0x32, 0xf4, 0x43, 0xf6, 0x42, 0xf5, 0x43, 0xf5, 0x54, 0xf6, 0x43, 0xf5, 0x43, 0xf5, 0x43, 0xf5,
    0x53, 0xf7, 0x53, 0xf7, 0x53, 0xf6, 0x42, 0xf5, 0x43, 0xf6, 0x43, 0xf6, 0x42, 0xf6, 0x53, 0xf6,
    0x43, 0xf6, 0x43, 0xf5, 0x54, 0xf6, 0x43, 0xf5, 0x54, 0xf6, 0x32, 0xf4, 0x32, 0xf4, 0x32, 0xf4,
    0x43, 0xf5, 0x43, 0xf6, 0x32, 0xf4, 0x43, 0xf6, 0x43, 0xf5, 0x53, 0xf6, 0x76, 0xf8, 0x75, 0xf9,
    0x42, 0xf4, 0x53, 0xf6, 0x53, 0xf6, 0x54, 0xf6, 0x54, 0xf7, 0x54, 0xf6, 0x54, 0xf6, 0x65, 0xf7,
    0x65, 0xf7, 0x54, 0xf6, 0x65, 0xf7, 0x54, 0xf6, 0x54, 0xf6, 0x54, 0xf6, 0x54, 0xf6, 0x54, 0xf6,
    0x65, 0xf7, 0x75, 0xf8, 0x65, 0xf7, 0x75, 0xf8, 0x64, 0xf7, 0x54, 0xf6, 0x65, 0xf7, 0x65, 0xf7,
    0x64, 0xf7, 0x75, 0xf8, 0x64, 0xf7, 0x54, 0xf7, 0x64, 0xf7, 0x75, 0xf8, 0x65, 0xf7, 0x64, 0xf7,
    0x65, 0xf7, 0x54, 0xf6, 0x65, 0xf7, 0x54, 0xf6, 0x54, 0xf6, 0x75, 0xf8, 0x43, 0xf5, 0x54, 0xf6,
    0x54, 0xf6, 0x53, 0xf6, 0x54, 0xf6, 0x43, 0xf6, 0x53, 0xf5, 0x54, 0xf6, 0x54, 0xf6, 0x65, 0xf7,
    0x65, 0xf7, 0x54, 0xf6, 0x65, 0xf7, 0x54, 0xf7, 0x64, 0xf7, 0x64, 0xf7, 0x54, 0xf7, 0x65, 0xf7,
    0x64, 0xf7, 0x54, 0xf7, 0x65, 0xf8, 0x64, 0xf7, 0x53, 0xf7, 0x64, 0xf7, 0x64, 0xf7, 0x65, 0xf7,
    0x53, 0xf6, 0x43, 0xf5, 0x64, 0xf6, 0x43, 0xf5, 0x64, 0xf6, 0x54, 0xf6, 0x53, 0xf5, 0x32, 0xf3,
    0x65, 0xf7, 0x65, 0xf6, 0x64, 0xf7, 0x64, 0xf7, 0x43, 0xf5, 0x43, 0xf4, 0x54, 0xf6, 0x33, 0xf4,
    0x33, 0xf4, 0x21, 0xf3, 0x33, 0xf3, 0x32, 0xf3, 0x53, 0xf6, 0x54, 0xf6, 0x53, 0xf6, 0x54, 0xf6,
    0x43, 0xf4, 0x21, 0xf3, 0x32, 0xf4, 0x32, 0xf4, 0x32, 0xf4, 0x32, 0xf5, 0x32, 0xf3, 0x32, 0xf4,
    0x54, 0xf6, 0x64, 0xf7, 0x64, 0xf7, 0x54, 0xf6, 0x54, 0xf5, 0x22, 0xf3, 0x43, 0xf4, 0x22, 0xf3,
    0x65, 0xf7, 0x43, 0xf5, 0x54, 0xf5, 0x32, 0xf4, 0x32, 0xf3, 0x21, 0xf3, 0x33, 0xf4, 0x32, 0xf4,
    0x32, 0xf5, 0x32, 0xf5, 0x31, 0xf5, 0x32, 0xf4, 0x32, 0xf3, 0x32, 0xf4, 0x43, 0xf5, 0x43, 0xf5,
    0x43, 0xf6, 0x43, 0xf4, 0x54, 0xf6, 0x43, 0xf5, 0x32, 0xf4, 0x54, 0xf6, 0x32, 0xf3, 0x32, 0xf4,
    0x54, 0xf6, 0x53, 0xf6, 0x53, 0xf6, 0x54, 0xf6, 0x64, 0xf7, 0x65, 0xf8, 0x64, 0xf7, 0x64, 0xf7,
    0x43, 0xf5, 0x43, 0xf5, 0x64, 0xf7, 0x54, 0xf6, 0x64, 0xf7, 0x64, 0xf7, 0x43, 0xf5, 0x43, 0xf4,
    0x54, 0xf7, 0x54, 0xf7, 0x64, 0xf7, 0x43, 0xf5, 0x53, 0xf6, 0x43, 0xf5, 0x32, 0xf4, 0x32, 0xf4,
    0x54, 0xf6, 0x32, 0xf4, 0x22, 0xf3, 0x32, 0xf3, 0x32, 0xf4, 0x32, 0xf4, 0x32, 0xf4, 0x21, 0xf4,
    0x53, 0xf6, 0x54, 0xf6, 0x64, 0xf7, 0x65, 0xf8, 0x43, 0xf5, 0x32, 0xf5, 0x75, 0xf9, 0x75, 0xf9,
    0x97, 0xfa, 0x64, 0xf7, 0x65, 0xf8, 0x54, 0xf7, 0x32, 0xf5, 0x64, 0xf8, 0x65, 0xf7, 0x31, 0xf4,
    0x42, 0xf5, 0x32, 0xf4, 0x52, 0xf7, 0x32, 0xf5, 0x75, 0xf8, 0x53, 0xf6, 0x64, 0xf7, 0x64, 0xf7,
    0x42, 0xf5, 0x32, 0xf5, 0x31, 0xf4, 0x32, 0xf5, 0x64, 0xf8, 0x53, 0xf6, 0x43, 0xf6, 0x42, 0xf5,
    0x32, 0xf4, 0x32, 0xf4, 0x32, 0xf4, 0x32, 0xf5, 0x32, 0xf4, 0x32, 0xf4, 0x32, 0xf4, 0x32, 0xf4,
    0x42, 0xf5, 0x53, 0xf6, 0x32, 0xf5, 0x42, 0xf5, 0x43, 0xf5, 0x53, 0xf6, 0x53, 0xf6, 0x53, 0xf7,
    0x43, 0xf5, 0x42, 0xf5, 0x43, 0xf5, 0x53, 0xf6, 0x53, 0xf6, 0x64, 0xf7, 0x53, 0xf7, 0x54, 0xf7,
    0x43, 0xf6, 0x53, 0xf6, 0x53, 0xf7, 0x65, 0xf7, 0x53, 0xf6, 0x22, 0xf3, 0x43, 0xf5, 0x32, 0xf3,
    0x32, 0xf5, 0x42, 0xf5, 0x42, 0xf6, 0x53, 0xf7, 0x42, 0xf5, 0x42, 0xf5, 0x31, 0xf4, 0x42, 0xf6,
    0x42, 0xf6, 0x64, 0xf7, 0x32, 0xf4, 0x32, 0xf5, 0x31, 0xf4, 0x42, 0xf6, 0x42, 0xf7, 0x74, 0xf8,
    0x42, 0xf6, 0x32, 0xf5, 0x53, 0xf7, 0x43, 0xf6, 0x32, 0xf4, 0x42, 0xf6, 0x42, 0xf5, 0x42, 0xf6,
    0x53, 0xf7, 0x42, 0xf6, 0x53, 0xf7, 0x42, 0xf7, 0x42, 0xf5, 0x42, 0xf6, 0x53, 0xf7, 0x53, 0xf6,
    0x64, 0xf7, 0x43, 0xf5, 0x54, 0xf6, 0x54, 0xf6, 0x43, 0xf5, 0x42, 0xf5, 0x54, 0xf7, 0x43, 0xf5,
    0x53, 0xf7, 0x43, 0xf5, 0x43, 0xf5, 0x53, 0xf6, 0x43, 0xf5, 0x43, 0xf5, 0x32, 0xf4, 0x43, 0xf5,
    0x53, 0xf6, 0x54, 0xf6, 0x32, 0xf5, 0x54, 0xf7, 0x42, 0xf5, 0x32, 0xf4, 0x43, 0xf5, 0x32, 0xf4,
    0x43, 0xf6, 0x54, 0xf6, 0x65, 0xf8, 0x75, 0xf8, 0x54, 0xf6, 0x43, 0xf5, 0x43, 0xf5, 0x53, 0xf6,
    0x32, 0xf5, 0x43, 0xf5, 0x42, 0xf5, 0x43, 0xf5, 0x32, 0xf4, 0x43, 0xf6, 0x32, 0xf5, 0x43, 0xf5,
    0x32, 0xf3, 0x32, 0xf5, 0x22, 0xf3, 0x32, 0xf4, 0x42, 0xf5, 0x43, 0xf5, 0x42, 0xf5, 0x43, 0xf5,
    0x64, 0xf7, 0x65, 0xf8, 0x43, 0xf6, 0x43, 0xf5, 0x54, 0xf7, 0x53, 0xf6, 0x43, 0xf6, 0x42, 0xf5,
    0x43, 0xf5, 0x42, 0xf5, 0x32, 0xf4, 0x42, 0xf6, 0x42, 0xf5, 0x42, 0xf5, 0x43, 0xf6, 0x42, 0xf5,
    0x54, 0xf7, 0x43, 0xf5, 0x43, 0xf5, 0x43, 0xf5, 0x32, 0xf4, 0x32, 0xf4, 0x42, 0xf6, 0x42, 0xf5,
    0x53, 0xf6, 0x43, 0xf6, 0x43, 0xf6, 0x43, 0xf5, 0x43, 0xf6, 0x42, 0xf5, 0x43, 0xf6, 0x42, 0xf6,
    0x32, 0xf4, 0x42, 0xf5, 0x53, 0xf6, 0x43, 0xf5, 0x33, 0xf4, 0x32, 0xf3, 0x32, 0xf4, 0x32, 0xf4,
    0x43, 0xf6, 0x32, 0xf4, 0x54, 0xf6, 0x43, 0xf5, 0x31, 0xf4, 0x42, 0xf6, 0x54, 0xf7, 0x65, 0xf8,
    0x54, 0xf6, 0x43, 0xf6, 0x43, 0xf6, 0x42, 0xf6, 0x53, 0xf6, 0x43, 0xf6, 0x42, 0xf6, 0x64, 0xf7,
    0x42, 0xf7, 0x52, 0xf7, 0x42, 0xf6, 0x42, 0xf6, 0x43, 0xf5, 0x43, 0xf5, 0x43, 0xf6, 0x54, 0xf7,
    0x75, 0xf8, 0x43, 0xf5, 0x54, 0xf7, 0x42, 0xf5, 0x86, 0xf9, 0x87, 0xf9, 0x75, 0xf8, 0x86, 0xf9,
    0x32, 0xf5, 0x32, 0xf4, 0x32, 0xf4, 0x43, 0xf5, 0x75, 0xf8, 0x75, 0xf8, 0x54, 0xf6, 0x64, 0xf7,
    0x42, 0xf5, 0x32, 0xf5, 0x32, 0xf4, 0x43, 0xf5, 0x43, 0xf5, 0x42, 0xf5, 0x54, 0xf6, 0x43, 0xf5,
    0x32, 0xf3, 0x32, 0xf4, 0x43, 0xf5, 0x32, 0xf4, 0x32, 0xf4, 0x32, 0xf4, 0x32, 0xf5, 0x42, 0xf5,
    0x43, 0xf5, 0x53, 0xf6, 0x42, 0xf5, 0x43, 0xf5, 0x42, 0xf6, 0x43, 0xf5, 0x32, 0xf5, 0x43, 0xf6,
    0x32, 0xf4, 0x53, 0xf6, 0x43, 0xf5, 0x54, 0xf7, 0x32, 0xf5, 0x32, 0xf4, 0x42, 0xf5, 0x42, 0xf5,
    0x32, 0xf4, 0x43, 0xf5, 0x32, 0xf5, 0x43, 0xf6, 0x43, 0xf5, 0x32, 0xf4, 0x43, 0xf5, 0x32, 0xf4,
    0x42, 0xf5, 0x32, 0xf5, 0x32, 0xf5, 0x32, 0xf4, 0x32, 0xf4, 0x32, 0xf4, 0x42, 0xf5, 0x32, 0xf4,
    0x32, 0xf4, 0x53, 0xf6, 0x32, 0xf4, 0x32, 0xf4, 0x42, 0xf5, 0x64, 0xf7, 0x43, 0xf6, 0x75, 0xf8,
    0x43, 0xf5, 0x32, 0xf4, 0x32, 0xf4, 0x32, 0xf4, 0x42, 0xf5, 0x64, 0xf7, 0x43, 0xf5, 0x43, 0xf5,
    0x42, 0xf5, 0x32, 0xf5, 0x43, 0xf5, 0x21, 0xf3, 0x32, 0xf5, 0x21, 0xf3, 0x43, 0xf5, 0x43, 0xf5,
    0x32, 0xf4, 0x43, 0xf5, 0x53, 0xf6, 0x54, 0xf6, 0x65, 0xf7, 0x54, 0xf6, 0x65, 0xf7, 0x54, 0xf7,
    0x43, 0xf5, 0x32, 0xf4, 0x32, 0xf3, 0x32, 0xf4, 0x21, 0xf3, 0x42, 0xf5, 0x32, 0xf4, 0x42, 0xf4,
    0x43, 0xf5, 0x32, 0xf4, 0x54, 0xf6, 0x32, 0xf4, 0x32, 0xf4, 0x42, 0xf5, 0x32, 0xf4, 0x32, 0xf4,
    0x54, 0xf7, 0x65, 0xf7, 0x64, 0xf7, 0x54, 0xf6, 0x64, 0xf7, 0x43, 0xf5, 0x43, 0xf5, 0x43, 0xf5,
    0x65, 0xf8, 0x65, 0xf7, 0x54, 0xf6, 0x76, 0xf8, 0x43, 0xf5, 0x43, 0xf6, 0x75, 0xf8, 0x53, 0xf6,
    0x54, 0xf6, 0x43, 0xf4, 0x64, 0xf7, 0x32, 0xf4, 0x32, 0xf4, 0x32, 0xf4, 0x53, 0xf6, 0x42, 0xf6,
    0x64, 0xf7, 0x54, 0xf6, 0x43, 0xf5, 0x43, 0xf5, 0x75, 0xf8, 0x53, 0xf7, 0x75, 0xf8, 0x54, 0xf6,
    0x53, 0xf6, 0x64, 0xf7, 0x53, 0xf7, 0x64, 0xf7, 0x64, 0xf7, 0x21, 0xf3, 0x43, 0xf5, 0x32, 0xf4,
    0x64, 0xf7, 0x65, 0xf8, 0x64, 0xf7, 0x64, 0xf8, 0x32, 0xf5, 0x43, 0xf6, 0x42, 0xf5, 0x43, 0xf5,
    0x54, 0xf6, 0x32, 0xf4, 0x54, 0xf6, 0x64, 0xf7, 0x32, 0xf5, 0x42, 0xf5, 0x43, 0xf6, 0x53, 0xf6,
    0x43, 0xf5, 0x54, 0xf7, 0x42, 0xf5, 0x32, 0xf4, 0x53, 0xf6, 0x54, 0xf6, 0x43, 0xf6, 0x54, 0xf6,
    0x54, 0xf7, 0x75, 0xf8, 0x65, 0xf8, 0x65, 0xf8, 0x42, 0xf4, 0x43, 0xf5, 0x43, 0xf5, 0x43, 0xf5,
    0x64, 0xf7, 0x53, 0xf6, 0x53, 0xf6, 0x42, 0xf5, 0x64, 0xf8, 0x43, 0xf5, 0x53, 0xf6, 0x43, 0xf5,
    0x43, 0xf6, 0x43, 0xf5, 0x32, 0xf4, 0x33, 0xf4, 0x32, 0xf4, 0x43, 0xf5, 0x43, 0xf5, 0x53, 0xf6,
    0x43, 0xf5, 0x43, 0xf5, 0x32, 0xf4, 0x43, 0xf5, 0x42, 0xf5, 0x43, 0xf6, 0x43, 0xf5, 0x53, 0xf6,
    0x42, 0xf5, 0x31, 0xf4, 0x43, 0xf6, 0x43, 0xf6, 0x53, 0xf7, 0x75, 0xf8, 0x54, 0xf7, 0x64, 0xf7,
    0x43, 0xf6, 0x54, 0xf7, 0x43, 0xf6, 0x64, 0xf8, 0x64, 0xf7, 0x53, 0xf6, 0x53, 0xf6, 0x43, 0xf6,
    0x53, 0xf7, 0x63, 0xf8, 0x53, 0xf7, 0x53, 0xf7, 0x53, 0xf7, 0x53, 0xf7, 0x53, 0xf6, 0x53, 0xf6,
    0x64, 0xf8, 0x65, 0xf8, 0x64, 0xf8, 0x53, 0xf6, 0x53, 0xf6, 0x42, 0xf6, 0x53, 0xf6, 0x42, 0xf5,
    0x43, 0xf6, 0x43, 0xf5, 0x53, 0xf6, 0x42, 0xf5, 0x43, 0xf5, 0x53, 0xf6, 0x54, 0xf7, 0x64, 0xf7,
    0x43, 0xf6, 0x53, 0xf6, 0x53, 0xf6, 0x42, 0xf6, 0x42, 0xf5, 0x43, 0xf5, 0x32, 0xf4, 0x32, 0xf5,
    0x43, 0xf6, 0x43, 0xf6, 0x42, 0xf5, 0x53, 0xf6, 0x42, 0xf5, 0x43, 0xf5, 0x42, 0xf5, 0x43, 0xf6,
    0x43, 0xf5, 0x42, 0xf5, 0x54, 0xf6, 0x43, 0xf5, 0x43, 0xf6, 0x53, 0xf7, 0x42, 0xf5, 0x53, 0xf6,
    0x65, 0xf7, 0x54, 0xf6, 0x32, 0xf4, 0x32, 0xf4, 0x32, 0xf5, 0x43, 0xf5, 0x53, 0xf6, 0x64, 0xf7,
    0x32, 0xf4, 0x32, 0xf4, 0x21, 0xf3, 0x32, 0xf5, 0x42, 0xf5, 0x42, 0xf5, 0x53, 0xf7, 0x52, 0xf6,
    0x32, 0xf4, 0x32, 0xf3, 0x54, 0xf6, 0x32, 0xf4, 0x42, 0xf5, 0x43, 0xf6, 0x32, 0xf4, 0x42, 0xf5,
    0x32, 0xf4, 0x32, 0xf4, 0x42, 0xf6, 0x42, 0xf6, 0x64, 0xf7, 0x53, 0xf6, 0x53, 0xf7, 0x32, 0xf4,
    0x32, 0xf4, 0x63, 0xf8, 0x53, 0xf7, 0x63, 0xf9, 0x64, 0xf8, 0x74, 0xf9, 0x75, 0xf9, 0x53, 0xf7,
    0x63, 0xf8, 0x63, 0xf8, 0x64, 0xf9, 0x63, 0xf8, 0x53, 0xf8, 0x63, 0xf8, 0x53, 0xf7, 0x63, 0xf8,
    0x85, 0xfa, 0x63, 0xf8, 0x75, 0xf9, 0x53, 0xf7, 0x31, 0xf4, 0x21, 0xf3, 0x32, 0xf5, 0x32, 0xf5,
    0x64, 0xf8, 0x53, 0xf7, 0x74, 0xf9, 0x63, 0xf8, 0x53, 0xf7, 0x42, 0xf6, 0x63, 0xf7, 0x53, 0xf6,
    0x42, 0xf5, 0x42, 0xf6, 0x43, 0xf5, 0x32, 0xf5, 0x43, 0xf6, 0x32, 0xf4, 0x54, 0xf6, 0x43, 0xf5,
    0x33, 0xf4, 0x43, 0xf4, 0x33, 0xf4, 0x43, 0xf4, 0x43, 0xf5, 0x32, 0xf4, 0x42, 0xf5, 0x32, 0xf5,
    0x43, 0xf5, 0x43, 0xf5, 0x32, 0xf5, 0x43, 0xf5, 0x42, 0xf5, 0x53, 0xf6, 0x43, 0xf5, 0x42, 0xf5,
    0x32, 0xf4, 0x32, 0xf4, 0x43, 0xf5, 0x54, 0xf5, 0x22, 0xf3, 0x32, 0xf4, 0x32, 0xf3, 0x32, 0xf4,
    0x32, 0xf4, 0x43, 0xf5, 0x43, 0xf5, 0x53, 0xf6, 0x32, 0xf4, 0x32, 0xf4, 0x43, 0xf5, 0x44, 0xf5,
    0x75, 0xf8, 0x64, 0xf8, 0x75, 0xf8, 0x54, 0xf7, 0x64, 0xf8, 0x54, 0xf6, 0x53, 0xf7, 0x54, 0xf6,
    0x43, 0xf5, 0x55, 0xf6, 0x44, 0xf5, 0x55, 0xf6, 0x76, 0xf7, 0x65, 0xf6, 0x86, 0xf8, 0x65, 0xf7,
    0x44, 0xf5, 0x65, 0xf7, 0x76, 0xf8, 0x76, 0xf8, 0x76, 0xf8, 0x54, 0xf6, 0x44, 0xf5, 0x44, 0xf5,
    0x53, 0xf6, 0x43, 0xf5, 0x42, 0xf6, 0x42, 0xf5, 0x43, 0xf5, 0x42, 0xf5, 0x53, 0xf6, 0x54, 0xf7,
    0x42, 0xf6, 0x32, 0xf4, 0x43, 0xf6, 0x53, 0xf6, 0x54, 0xf7, 0x53, 0xf6, 0x43, 0xf6, 0x43, 0xf6,
    0x42, 0xf5, 0x32, 0xf4, 0x42, 0xf6, 0x42, 0xf5, 0x32, 0xf4, 0x32, 0xf4, 0x43, 0xf5, 0x32, 0xf4,
    0x42, 0xf5, 0x43, 0xf5, 0x32, 0xf5, 0x53, 0xf6, 0x54, 0xf5, 0x32, 0xf4, 0x43, 0xf4, 0x22, 0xf3,
    0x42, 0xf5, 0x43, 0xf6, 0x43, 0xf6, 0x53, 0xf6, 0x53, 0xf7, 0x64, 0xf8, 0x54, 0xf6, 0x64, 0xf8,
    0x42, 0xf5, 0x54, 0xf7, 0x53, 0xf6, 0x43, 0xf6, 0x64, 0xf7, 0x64, 0xf7, 0x42, 0xf5, 0x42, 0xf6,
    0x53, 0xf7, 0x64, 0xf8, 0x53, 0xf6, 0x42, 0xf5, 0x43, 0xf5, 0x21, 0xf3, 0x32, 0xf4, 0x32, 0xf4,
    0x64, 0xf7, 0x53, 0xf6, 0x53, 0xf6, 0x54, 0xf7, 0x42, 0xf6, 0x32, 0xf4, 0x53, 0xf7, 0x53, 0xf7,
    0x43, 0xf5, 0x75, 0xf8, 0x43, 0xf5, 0x43, 0xf5, 0x65, 0xf7, 0x32, 0xf3, 0x32, 0xf3, 0x21, 0xf3,
    0x75, 0xf8, 0x54, 0xf7, 0x32, 0xf4, 0x43, 0xf5, 0x42, 0xf5, 0x43, 0xf5, 0x53, 0xf6, 0x64, 0xf7,
    0x53, 0xf6, 0x43, 0xf6, 0x65, 0xf8, 0x64, 0xf7, 0x32, 0xf5, 0x53, 0xf6, 0x54, 0xf5, 0x65, 0xf6,
    0x32, 0xf4, 0x43, 0xf5, 0x42, 0xf6, 0x43, 0xf5, 0x55, 0xf6, 0x54, 0xf6, 0x65, 0xf6, 0x55, 0xf6,
    0x32, 0xf4, 0x43, 0xf5, 0x32, 0xf4, 0x54, 0xf7, 0x54, 0xf6, 0x65, 0xf7, 0x53, 0xf6, 0x64, 0xf7,
    0x32, 0xf4, 0x43, 0xf5, 0x42, 0xf5, 0x43, 0xf5, 0x32, 0xf4, 0x53, 0xf6, 0x43, 0xf5, 0x32, 0xf4,
    0x54, 0xf6, 0x55, 0xf6, 0x53, 0xf6, 0x55, 0xf6, 0x54, 0xf6, 0x65, 0xf7, 0x65, 0xf6, 0x65, 0xf7,
    0x53, 0xf7, 0x43, 0xf5, 0x64, 0xf8, 0x32, 0xf5, 0x33, 0xf4, 0x43, 0xf4, 0x32, 0xf4, 0x32, 0xf5,
    0x43, 0xf5, 0x53, 0xf6, 0x53, 0xf6, 0x54, 0xf7, 0x43, 0xf6, 0x54, 0xf7, 0x43, 0xf6, 0x53, 0xf6,
    0x54, 0xf6, 0x53, 0xf7, 0x32, 0xf3, 0x42, 0xf5, 0x32, 0xf5, 0x32, 0xf4, 0x53, 0xf7, 0x32, 0xf5,
    0x53, 0xf6, 0x43, 0xf6, 0x75, 0xf8, 0x54, 0xf6, 0x42, 0xf6, 0x43, 0xf5, 0x32, 0xf4, 0x32, 0xf3,
    0x53, 0xf6, 0x43, 0xf6, 0x32, 0xf4, 0x32, 0xf4, 0x43, 0xf5, 0x32, 0xf4, 0x32, 0xf4, 0x32, 0xf4,
    0x44, 0xf5, 0x43, 0xf5, 0x65, 0xf7, 0x43, 0xf4, 0x53, 0xf6, 0x42, 0xf6, 0x32, 0xf4, 0x53, 0xf6,
    0x44, 0xf5, 0x32, 0xf3, 0x54, 0xf5, 0x22, 0xf3, 0x21, 0xf3, 0x32, 0xf5, 0x43, 0xf5, 0x53, 0xf6,
    0x21, 0xf3, 0x42, 0xf5, 0x43, 0xf5, 0x43, 0xf5, 0x42, 0xf6, 0x42, 0xf5, 0x42, 0xf6, 0x43, 0xf5,
    0x75, 0xf8, 0x54, 0xf6, 0x42, 0xf5, 0x42, 0xf5, 0x42, 0xf5, 0x54, 0xf5, 0x43, 0xf6, 0x43, 0xf5,
    0x43, 0xf5, 0x32, 0xf4, 0x43, 0xf5, 0x32, 0xf4, 0x43, 0xf5, 0x43, 0xf5, 0x32, 0xf4, 0x53, 0xf6,
    0x33, 0xf4, 0x43, 0xf4, 0x43, 0xf5, 0x54, 0xf5, 0x32, 0xf5, 0x32, 0xf5, 0x32, 0xf4, 0x42, 0xf5,
    0x32, 0xf4, 0x32, 0xf5, 0x32, 0xf4, 0x64, 0xf7, 0x32, 0xf4, 0x42, 0xf5, 0x53, 0xf6, 0x32, 0xf4,
    0x32, 0xf4, 0x64, 0xf8, 0x54, 0xf7, 0x32, 0xf4, 0x53, 0xf7, 0x32, 0xf4, 0x42, 0xf5, 0x43, 0xf6,
    0x43, 0xf5, 0x43, 0xf4, 0x43, 0xf5, 0x32, 0xf4, 0x32, 0xf4, 0x63, 0xf7, 0x32, 0xf4, 0x53, 0xf6,
    0x43, 0xf5, 0x54, 0xf6, 0x43, 0xf5, 0x44, 0xf5, 0x33, 0xf4, 0x32, 0xf5, 0x32, 0xf4, 0x32, 0xf5,
    0x54, 0xf6, 0x22, 0xf3, 0x43, 0xf5, 0x43, 0xf6, 0x32, 0xf5, 0x42, 0xf5, 0x53, 0xf6, 0x32, 0xf4,
    0x32, 0xf5, 0x64, 0xf7, 0x53, 0xf6, 0x43, 0xf5, 0x65, 0xf8, 0x32, 0xf5, 0x43, 0xf5, 0x42, 0xf5,
    0x53, 0xf7, 0x42, 0xf5, 0x53, 0xf7, 0x42, 0xf5, 0x32, 0xf4, 0x32, 0xf4, 0x21, 0xf3, 0x42, 0xf5,
    0x53, 0xf7, 0x42, 0xf6, 0x53, 0xf7, 0x53, 0xf7, 0x32, 0xf4, 0x42, 0xf5, 0x21, 0xf3, 0x42, 0xf5,
    0x43, 0xf5, 0x32, 0xf4, 0x53, 0xf6, 0x32, 0xf4, 0x42, 0xf6, 0x53, 0xf7, 0x43, 0xf6, 0x53, 0xf7,
    0x42, 0xf6, 0x42, 0xf5, 0x42, 0xf6, 0x43, 0xf5, 0x53, 0xf6, 0x54, 0xf7, 0x54, 0xf6, 0x54, 0xf7,
    0x63, 0xf8, 0x42, 0xf6, 0x64, 0xf8, 0x31, 0xf4, 0x21, 0xf3, 0x42, 0xf6, 0x21, 0xf3, 0x53, 0xf7,
    0x63, 0xf8, 0x21, 0xf3, 0x42, 0xf6, 0x21, 0xf2, 0x32, 0xf4, 0x64, 0xf8, 0x42, 0xf5, 0x52, 0xf7,
    0x42, 0xf6, 0x42, 0xf5, 0x53, 0xf6, 0x31, 0xf4, 0x43, 0xf6, 0x53, 0xf6, 0x42, 0xf5, 0x32, 0xf4,
    0x64, 0xf8, 0x53, 0xf6, 0x42, 0xf6, 0x32, 0xf4, 0x32, 0xf4, 0x21, 0xf3, 0x42, 0xf5, 0x43, 0xf6,
    0x42, 0xf5, 0x32, 0xf4, 0x42, 0xf6, 0x32, 0xf3, 0x54, 0xf6, 0x43, 0xf4, 0x44, 0xf5, 0x43, 0xf5,
    0x52, 0xf6, 0x42, 0xf5, 0x42, 0xf6, 0x32, 0xf5, 0x32, 0xf4, 0x42, 0xf5, 0x32, 0xf4, 0x43, 0xf5,
    0x42, 0xf5, 0x42, 0xf6, 0x32, 0xf4, 0x43, 0xf5, 0x32, 0xf5, 0x64, 0xf7, 0x54, 0xf6, 0x64, 0xf7,
    0x32, 0xf4, 0x44, 0xf5, 0x43, 0xf4, 0x43, 0xf4, 0x44, 0xf5, 0x54, 0xf6, 0x43, 0xf5, 0x54, 0xf6,
    0x33, 0xf4, 0x32, 0xf3, 0x32, 0xf4, 0x33, 0xf4, 0x42, 0xf5, 0x42, 0xf5, 0x32, 0xf3, 0x42, 0xf5,
    0x32, 0xf4, 0x32, 0xf4, 0x32, 0xf4, 0x32, 0xf4, 0x22, 0xf2, 0x43, 0xf5, 0x43, 0xf5, 0x43, 0xf5,
    0x43, 0xf5, 0x43, 0xf5, 0x54, 0xf7, 0x53, 0xf6, 0x43, 0xf5, 0x42, 0xf5, 0x43, 0xf5, 0x64, 0xf7,
    0x53, 0xf6, 0x54, 0xf6, 0x54, 0xf6, 0x65, 0xf7, 0x53, 0xf6, 0x65, 0xf7, 0x65, 0xf7, 0x54, 0xf6,
    0x31, 0xf4, 0x32, 0xf4, 0x53, 0xf7, 0x53, 0xf7, 0x42, 0xf5, 0x42, 0xf6, 0x42, 0xf5, 0x32, 0xf4,
    0x53, 0xf6, 0x64, 0xf7, 0x54, 0xf7, 0x54, 0xf6, 0x64, 0xf7, 0x43, 0xf5, 0x43, 0xf5, 0x43, 0xf5,
    0x42, 0xf5, 0x21, 0xf3, 0x32, 0xf4, 0x32, 0xf4, 0x54, 0xf6, 0x65, 0xf7, 0x53, 0xf6, 0x65, 0xf7,
    0x42, 0xf5, 0x53, 0xf6, 0x54, 0xf6, 0x43, 0xf5, 0x42, 0xf6, 0x43, 0xf6, 0x42, 0xf6, 0x42, 0xf6,
    0x54, 0xf6, 0x53, 0xf5, 0x65, 0xf7, 0x53, 0xf5, 0x54, 0xf6, 0x54, 0xf6, 0x54, 0xf6, 0x53, 0xf6,
    0x32, 0xf4, 0x53, 0xf6, 0x31, 0xf4, 0x32, 0xf4, 0x54, 0xf6, 0x43, 0xf5, 0x32, 0xf4, 0x32, 0xf4,
    0x54, 0xf6, 0x21, 0xf3, 0x43, 0xf6, 0x32, 0xf4, 0x32, 0xf5, 0x43, 0xf6, 0x65, 0xf7, 0x54, 0xf6,
    0x42, 0xf5, 0x75, 0xf8, 0x43, 0xf5, 0x54, 0xf6, 0x54, 0xf6, 0x42, 0xf5, 0x42, 0xf5, 0x32, 0xf4,
    0x32, 0xf4, 0x43, 0xf5, 0x43, 0xf5, 0x64, 0xf7, 0x54, 0xf7, 0x53, 0xf6, 0x43, 0xf6, 0x54, 0xf6,
    0x42, 0xf5, 0x43, 0xf5, 0x43, 0xf5, 0x42, 0xf5, 0x53, 0xf6, 0x54, 0xf7, 0x54, 0xf7, 0x75, 0xf8,
    0x64, 0xf6, 0x65, 0xf7, 0x65, 0xf7, 0x75, 0xf7, 0x76, 0xf7, 0x75, 0xf7, 0x75, 0xf8, 0x76, 0xf8,
    0x53, 0xf5, 0x65, 0xf7, 0x43, 0xf5, 0x43, 0xf5, 0x65, 0xf8, 0x65, 0xf8, 0x32, 0xf4, 0x21, 0xf3,
    0x42, 0xf5, 0x43, 0xf6, 0x32, 0xf5, 0x32, 0xf4, 0x42, 0xf5, 0x32, 0xf4, 0x43, 0xf5, 0x54, 0xf6,
    0x43, 0xf5, 0x53, 0xf6, 0x64, 0xf7, 0x64, 0xf7, 0x54, 0xf6, 0x65, 0xf6, 0x54, 0xf6, 0x65, 0xf7,
    0x42, 0xf5, 0x32, 0xf4, 0x54, 0xf6, 0x65, 0xf8, 0x43, 0xf6, 0x32, 0xf4, 0x64, 0xf7, 0x54, 0xf7,
    0x76, 0xf8, 0x75, 0xf8, 0x65, 0xf7, 0x65, 0xf7, 0x42, 0xf5, 0x32, 0xf4, 0x32, 0xf3, 0x21, 0xf3,
    0x65, 0xf7, 0x32, 0xf5, 0x75, 0xf8, 0x43, 0xf5, 0x42, 0xf6, 0x31, 0xf4, 0x32, 0xf5, 0x21, 0xf3,
    0x76, 0xf8, 0x54, 0xf6, 0x54, 0xf6, 0x43, 0xf5, 0x53, 0xf6, 0x43, 0xf5, 0x43, 0xf5, 0x65, 0xf6,
    0x55, 0xf6, 0x76, 0xf7, 0x33, 0xf4, 0x66, 0xf7, 0x65, 0xf7, 0x65, 0xf6, 0x65, 0xf7, 0x65, 0xf6,
    0x32, 0xf4, 0x32, 0xf4, 0x43, 0xf4, 0x21, 0xf2, 0x54, 0xf5, 0x65, 0xf7, 0x32, 0xf3, 0x54, 0xf5,
    0x42, 0xf6, 0x43, 0xf5, 0x64, 0xf7, 0x43, 0xf5, 0x43, 0xf5, 0x54, 0xf6, 0x32, 0xf4, 0x43, 0xf5,
    0x76, 0xf8, 0x75, 0xf8, 0x65, 0xf8, 0x75, 0xf8, 0x64, 0xf7, 0x54, 0xf6, 0x54, 0xf6, 0x32, 0xf4,
    0x32, 0xf4, 0x21, 0xf4, 0x21, 0xf3, 0x53, 0xf6, 0x42, 0xf6, 0x42, 0xf6, 0x65, 0xf8, 0x42, 0xf5,
    0x21, 0xf2, 0x42, 0xf5, 0x21, 0xf3, 0x32, 0xf4, 0x43, 0xf5, 0x32, 0xf3, 0x33, 0xf4, 0x43, 0xf4,
    0x65, 0xf6, 0x65, 0xf6, 0x65, 0xf7, 0x65, 0xf7, 0x65, 0xf6, 0x55, 0xf6, 0x65, 0xf6, 0x55, 0xf6,
    0x76, 0xf7, 0x66, 0xf7, 0x76, 0xf7, 0x65, 0xf7, 0x65, 0xf7, 0x65, 0xf7, 0x66, 0xf7, 0x44, 0xf5,
    0x54, 0xf6, 0x76, 0xf7, 0x66, 0xf7, 0x76, 0xf7, 0x87, 0xf9, 0x65, 0xf7, 0x76, 0xf8, 0x54, 0xf6,
    0x66, 0xf7, 0x76, 0xf7, 0x54, 0xf6, 0x54, 0xf6, 0x65, 0xf6, 0x43, 0xf4, 0x43, 0xf4, 0x44, 0xf5,
    0x43, 0xf5, 0x54, 0xf5, 0x32, 0xf4, 0x33, 0xf4, 0x65, 0xf7, 0x65, 0xf6, 0x43, 0xf4, 0x65, 0xf6,
    0x43, 0xf4, 0x32, 0xf4, 0x33, 0xf4, 0x32, 0xf4, 0x32, 0xf4, 0x65, 0xf7, 0x42, 0xf6, 0x53, 0xf6,
    0x65, 0xf7, 0x65, 0xf6, 0x76, 0xf8, 0x54, 0xf5, 0x54, 0xf6, 0x54, 0xf6, 0x54, 0xf6, 0x54, 0xf6,
    0x66, 0xf7, 0x55, 0xf6, 0x43, 0xf5, 0x32, 0xf3, 0x54, 0xf5, 0x54, 0xf7, 0x44, 0xf5, 0x65, 0xf8,
    0x64, 0xf7, 0x64, 0xf7, 0x64, 0xf7, 0x65, 0xf7, 0x32, 0xf4, 0x11, 0xf2, 0x32, 0xf4, 0x21, 0xf3,
    0x54, 0xf7, 0x32, 0xf4, 0x21, 0xf3, 0x32, 0xf5, 0x32, 0xf4, 0x31, 0xf5, 0x42, 0xf5, 0x31, 0xf5,
    0x32, 0xf4, 0x32, 0xf4, 0x21, 0xf3, 0x21, 0xf3, 0x32, 0xf4, 0x32, 0xf4, 0x32, 0xf4, 0x32, 0xf4,
    0x42, 0xf5, 0x43, 0xf5, 0x32, 0xf5, 0x53, 0xf6, 0x43, 0xf5, 0x54, 0xf5, 0x42, 0xf5, 0x43, 0xf5,
    0x31, 0xf4, 0x42, 0xf5, 0x32, 0xf4, 0x32, 0xf4, 0x43, 0xf5, 0x32, 0xf4, 0x43, 0xf5, 0x42, 0xf5,
    0x32, 0xf5, 0x42, 0xf5, 0x42, 0xf5, 0x42, 0xf5, 0x42, 0xf5, 0x54, 0xf6, 0x43, 0xf5, 0x55, 0xf6,
    0x32, 0xf4, 0x43, 0xf5, 0x54, 0xf6, 0x43, 0xf5, 0x32, 0xf4, 0x32, 0xf3, 0x32, 0xf5, 0x32, 0xf4,
    0x54, 0xf6, 0x42, 0xf5, 0x54, 0xf5, 0x43, 0xf4, 0x43, 0xf6, 0x54, 0xf7, 0x32, 0xf4, 0x42, 0xf5,
    0x32, 0xf4, 0x32, 0xf5, 0x43, 0xf5, 0x54, 0xf6, 0x53, 0xf6, 0x42, 0xf6, 0x65, 0xf6, 0x32, 0xf4,
    0x65, 0xf6, 0x76, 0xf8, 0x65, 0xf7, 0x65, 0xf7, 0x54, 0xf5, 0x21, 0xf3, 0x32, 0xf4, 0x32, 0xf4,
    0x32, 0xf5, 0x32, 0xf4, 0x42, 0xf5, 0x42, 0xf5, 0x33, 0xf4, 0x44, 0xf5, 0x42, 0xf6, 0x32, 0xf4,
    0x54, 0xf7, 0x42, 0xf6, 0x64, 0xf8, 0x64, 0xf8, 0x53, 0xf7, 0x64, 0xf8, 0x76, 0xf9, 0x43, 0xf6,
    0x43, 0xf5, 0x43, 0xf5, 0x53, 0xf6, 0x43, 0xf5, 0x32, 0xf4, 0x43, 0xf5, 0x76, 0xf8, 0x65, 0xf6,
    0x64, 0xf8, 0x64, 0xf7, 0x43, 0xf6, 0x54, 0xf6, 0x65, 0xf7, 0x54, 0xf6, 0x54, 0xf6, 0x64, 0xf7,
    0x54, 0xf6, 0x53, 0xf6, 0x32, 0xf4, 0x42, 0xf5, 0x53, 0xf7, 0x42, 0xf5, 0x64, 0xf7, 0x54, 0xf7,
    0x54, 0xf6, 0x54, 0xf7, 0x54, 0xf6, 0x42, 0xf5, 0x43, 0xf5, 0x43, 0xf6, 0x53, 0xf5, 0x54, 0xf6,
    0x42, 0xf5, 0x32, 0xf4, 0x43, 0xf5, 0x32, 0xf4, 0x43, 0xf5, 0x54, 0xf6, 0x64, 0xf6, 0x76, 0xf8,
    0x32, 0xf4, 0x43, 0xf5, 0x32, 0xf4, 0x32, 0xf4, 0x32, 0xf4, 0x54, 0xf5, 0x42, 0xf5, 0x43, 0xf5,
    0x43, 0xf5, 0x53, 0xf6, 0x53, 0xf5, 0x54, 0xf6, 0x54, 0xf6, 0x43, 0xf6, 0x53, 0xf5, 0x43, 0xf5,
    0x65, 0xf7, 0x53, 0xf5, 0x54, 0xf6, 0x54, 0xf6, 0x43, 0xf5, 0x43, 0xf5, 0x87, 0xf9, 0x54, 0xf6,
    0x33, 0xf4, 0x32, 0xf3, 0x32, 0xf3, 0x43, 0xf4, 0x32, 0xf4, 0x43, 0xf6, 0x32, 0xf4, 0x43, 0xf5,
    0x54, 0xf5, 0x44, 0xf5, 0x54, 0xf5, 0x33, 0xf4, 0x32, 0xf4, 0x32, 0xf4, 0x31, 0xf4, 0x32, 0xf4,
    0x43, 0xf5, 0x54, 0xf6, 0x43, 0xf5, 0x54, 0xf6, 0x86, 0xf9, 0x64, 0xf8, 0x75, 0xf8, 0x43, 0xf6,
    0x32, 0xf4, 0x65, 0xf7, 0x32, 0xf4, 0x54, 0xf6, 0x54, 0xf6, 0x54, 0xf5, 0x54, 0xf5, 0x54, 0xf6,
    0x53, 0xf6, 0x43, 0xf6, 0x43, 0xf6, 0x53, 0xf6, 0x54, 0xf7, 0x54, 0xf6, 0x54, 0xf6, 0x65, 0xf7,
    0x43, 0xf6, 0x65, 0xf7, 0x43, 0xf6, 0x54, 0xf7, 0x54, 0xf6, 0x65, 0xf7, 0x54, 0xf7, 0x76, 0xf8,
    0x54, 0xf6, 0x65, 0xf7, 0x65, 0xf7, 0x65, 0xf7, 0x43, 0xf5, 0x21, 0xf3, 0x54, 0xf6, 0x32, 0xf4,
    0x65, 0xf7, 0x65, 0xf7, 0x76, 0xf8, 0x65, 0xf7, 0x65, 0xf7, 0x42, 0xf5, 0x43, 0xf5, 0x53, 0xf6,
    0x53, 0xf6, 0x54, 0xf6, 0x43, 0xf5, 0x65, 0xf8, 0x65, 0xf7, 0x76, 0xf8, 0x76, 0xf8, 0x86, 0xf9,
    0x54, 0xf5, 0x54, 0xf6, 0x65, 0xf7, 0x64, 0xf6, 0x65, 0xf7, 0x76, 0xf8, 0x64, 0xf7, 0x65, 0xf7,
    0x75, 0xf8, 0x43, 0xf5, 0x76, 0xf7, 0x43, 0xf5, 0x42, 0xf5, 0x54, 0xf7, 0x53, 0xf6, 0x53, 0xf6,
    0x64, 0xf7, 0x42, 0xf5, 0x53, 0xf6, 0x53, 0xf6, 0x54, 0xf6, 0x53, 0xf6, 0x65, 0xf7, 0x64, 0xf7,
    0x32, 0xf4, 0x32, 0xf4, 0x32, 0xf5, 0x42, 0xf5, 0x32, 0xf5, 0x32, 0xf5, 0x32, 0xf4, 0x53, 0xf6,
    0x42, 0xf5, 0x54, 0xf7, 0x65, 0xf7, 0x75, 0xf8, 0x64, 0xf7, 0x43, 0xf5, 0x54, 0xf7, 0x21, 0xf3,
    0x32, 0xf4, 0x54, 0xf6, 0x42, 0xf5, 0x43, 0xf6, 0x55, 0xf6, 0x54, 0xf6, 0x54, 0xf6, 0x65, 0xf6,
    0x42, 0xf6, 0x42, 0xf5, 0x43, 0xf5, 0x32, 0xf4, 0x55, 0xf6, 0x65, 0xf7, 0x54, 0xf6, 0x65, 0xf7,
    0x53, 0xf6, 0x53, 0xf6, 0x53, 0xf7, 0x64, 0xf7, 0x32, 0xf4, 0x21, 0xf3, 0x32, 0xf4, 0x32, 0xf4,
    0x42, 0xf6, 0x75, 0xf9, 0x53, 0xf7, 0x63, 0xf8, 0x63, 0xf7, 0x42, 0xf6, 0x64, 0xf8, 0x53, 0xf7,
    0x32, 0xf5, 0x32, 0xf4, 0x43, 0xf5, 0x42, 0xf5, 0x43, 0xf5, 0x65, 0xf7, 0x42, 0xf5, 0x54, 0xf6,
    0x75, 0xf9, 0x42, 0xf5, 0x64, 0xf8, 0x64, 0xf7, 0x32, 0xf4, 0x54, 0xf6, 0x32, 0xf4, 0x43, 0xf5,
    0x64, 0xf7, 0x54, 0xf6, 0x54, 0xf6, 0x54, 0xf6, 0x54, 0xf6, 0x54, 0xf6, 0x65, 0xf6, 0x54, 0xf6,
    0x65, 0xf7, 0x65, 0xf7, 0x65, 0xf7, 0x65, 0xf7, 0x65, 0xf7, 0x43, 0xf5, 0x76, 0xf7, 0x43, 0xf5,
    0x43, 0xf5, 0x53, 0xf7, 0x43, 0xf5, 0x54, 0xf6, 0x53, 0xf6, 0x43, 0xf5, 0x43, 0xf5, 0x53, 0xf6,
    0x54, 0xf6, 0x64, 0xf7, 0x54, 0xf6, 0x54, 0xf6, 0x43, 0xf5, 0x43, 0xf5, 0x21, 0xf3, 0x32, 0xf4,
    0x65, 0xf6, 0x65, 0xf7, 0x54, 0xf6, 0x43, 0xf5, 0x54, 0xf5, 0x43, 0xf5, 0x32, 0xf4, 0x43, 0xf5,
    0x43, 0xf5, 0x43, 0xf4, 0x42, 0xf5, 0x32, 0xf4, 0x43, 0xf4, 0x43, 0xf5, 0x32, 0xf4, 0x64, 0xf7,
    0x54, 0xf6, 0x43, 0xf5, 0x43, 0xf5, 0x32, 0xf4, 0x21, 0xf3, 0x32, 0xf4, 0x53, 0xf6, 0x32, 0xf4,
    0x43, 0xf5, 0x32, 0xf4, 0x64, 0xf7, 0x32, 0xf4, 0x43, 0xf6, 0x32, 0xf4, 0x43, 0xf5, 0x32, 0xf4,
    0x32, 0xf4, 0x42, 0xf5, 0x42, 0xf6, 0x42, 0xf5, 0x32, 0xf4, 0x43, 0xf5, 0x32, 0xf4, 0x32, 0xf5,
    0x52, 0xf7, 0x42, 0xf5, 0x54, 0xf6, 0x42, 0xf5, 0x32, 0xf4, 0x32, 0xf4, 0x42, 0xf5, 0x65, 0xf7,
    0x44, 0xf5, 0x32, 0xf3, 0x32, 0xf4, 0x32, 0xf4, 0x32, 0xf4, 0x43, 0xf5, 0x21, 0xf3, 0x32, 0xf4,
    0x42, 0xf5, 0x32, 0xf4, 0x64, 0xf7, 0x31, 0xf4, 0x54, 0xf6, 0x53, 0xf6, 0x64, 0xf7, 0x65, 0xf7,
    0x64, 0xf7, 0x32, 0xf4, 0x54, 0xf6, 0x21, 0xf3, 0x32, 0xf5, 0x43, 0xf5, 0x32, 0xf4, 0x32, 0xf4,
    0x53, 0xf6, 0x43, 0xf6, 0x43, 0xf6, 0x42, 0xf5, 0x64, 0xf8, 0x65, 0xf7, 0x64, 0xf7, 0x65, 0xf7,
    0x65, 0xf7, 0x54, 0xf7, 0x42, 0xf5, 0x64, 0xf7, 0x32, 0xf5, 0x42, 0xf5, 0x43, 0xf6, 0x42, 0xf5,
    0x43, 0xf6, 0x64, 0xf7, 0x64, 0xf8, 0x64, 0xf8, 0x42, 0xf5, 0x32, 0xf4, 0x32, 0xf4, 0x53, 0xf6,
    0x32, 0xf4, 0x31, 0xf4, 0x53, 0xf6, 0x43, 0xf6, 0x53, 0xf6, 0x43, 0xf6, 0x53, 0xf6, 0x54, 0xf7,
    0x65, 0xf8, 0x65, 0xf8, 0x54, 0xf6, 0x65, 0xf7, 0x53, 0xf7, 0x64, 0xf7, 0x43, 0xf6, 0x53, 0xf6,
    0x43, 0xf5, 0x22, 0xf3, 0x76, 0xf8, 0x65, 0xf6, 0x54, 0xf6, 0x65, 0xf6, 0x65, 0xf7, 0x65, 0xf7,
    0x75, 0xf7, 0x54, 0xf6, 0x65, 0xf7, 0x65, 0xf7, 0x54, 0xf6, 0x87, 0xf9, 0x65, 0xf7, 0x76, 0xf8,
    0x32, 0xf4, 0x44, 0xf5, 0x43, 0xf5, 0x43, 0xf5, 0x43, 0xf5, 0x42, 0xf6, 0x54, 0xf6, 0x65, 0xf7,
    0x42, 0xf5, 0x53, 0xf6, 0x52, 0xf7, 0x53, 0xf6, 0x53, 0xf7, 0x53, 0xf6, 0x63, 0xf8, 0x42, 0xf6,
    0x43, 0xf5, 0x86, 0xf8, 0x43, 0xf5, 0x65, 0xf7, 0x76, 0xf8, 0x54, 0xf6, 0x54, 0xf6, 0x65, 0xf7,
    0x53, 0xf6, 0x53, 0xf7, 0x42, 0xf5, 0x64, 0xf9, 0x53, 0xf6, 0x43, 0xf5, 0x43, 0xf6, 0x32, 0xf3,
    0x53, 0xf6, 0x64, 0xf7, 0x64, 0xf7, 0x53, 0xf6, 0x42, 0xf5, 0x43, 0xf6, 0x42, 0xf5, 0x65, 0xf8,
    0x33, 0xf4, 0x32, 0xf4, 0x43, 0xf4, 0x54, 0xf6, 0x42, 0xf5, 0x53, 0xf5, 0x43, 0xf5, 0x43, 0xf5,
    0x53, 0xf7, 0x54, 0xf7, 0x64, 0xf7, 0x54, 0xf6, 0x43, 0xf6, 0x54, 0xf6, 0x43, 0xf5, 0x43, 0xf5,
    0x43, 0xf5, 0x43, 0xf5, 0x43, 0xf5, 0x43, 0xf5, 0x42, 0xf6, 0x42, 0xf5, 0x43, 0xf5, 0x54, 0xf7,
    0x43, 0xf5, 0x43, 0xf5, 0x43, 0xf5, 0x32, 0xf4, 0x43, 0xf5, 0x32, 0xf4, 0x32, 0xf4, 0x43, 0xf5,
    0x33, 0xf4, 0x43, 0xf5, 0x32, 0xf4, 0x43, 0xf5, 0x43, 0xf5, 0x53, 0xf6, 0x43, 0xf5, 0x32, 0xf4,
    0x43, 0xf5, 0x43, 0xf5, 0x43, 0xf5, 0x54, 0xf7, 0x43, 0xf5, 0x54, 0xf6, 0x65, 0xf7, 0x42, 0xf5,
    0x42, 0xf5, 0x54, 0xf7, 0x53, 0xf6, 0x64, 0xf7, 0x64, 0xf7, 0x54, 0xf7, 0x64, 0xf7, 0x64, 0xf7,
    0x42, 0xf5, 0x64, 0xf8, 0x43, 0xf6, 0x53, 0xf7, 0x64, 0xf8, 0x31, 0xf4, 0x64, 0xf8, 0x53, 0xf6,
    0x53, 0xf6, 0x63, 0xf7, 0x54, 0xf7, 0x74, 0xf8, 0x64, 0xf8, 0x75, 0xf8, 0x64, 0xf7, 0x54, 0xf7,
    0x21, 0xf3, 0x43, 0xf5, 0x42, 0xf5, 0x32, 0xf4, 0x55, 0xf6, 0x43, 0xf5, 0x33, 0xf4, 0x32, 0xf4,
    0x74, 0xf9, 0x42, 0xf5, 0x43, 0xf6, 0x32, 0xf5, 0x32, 0xf3, 0x32, 0xf4, 0x42, 0xf5, 0x43, 0xf5,
    0x43, 0xf5, 0x53, 0xf7, 0x32, 0xf4, 0x42, 0xf5, 0x63, 0xf8, 0x42, 0xf6, 0x42, 0xf6, 0x21, 0xf4,
    0x43, 0xf5, 0x53, 0xf6, 0x32, 0xf4, 0x43, 0xf5, 0x53, 0xf6, 0x43, 0xf5, 0x54, 0xf7, 0x64, 0xf7,
    0x42, 0xf6, 0x42, 0xf5, 0x42, 0xf6, 0x53, 0xf6, 0x43, 0xf5, 0x43, 0xf4, 0x32, 0xf4, 0x32, 0xf4,
    0x53, 0xf6, 0x54, 0xf6, 0x32, 0xf4, 0x42, 0xf5, 0x32, 0xf5, 0x32, 0xf4, 0x54, 0xf7, 0x54, 0xf7,
    0x55, 0xf6, 0x65, 0xf6, 0x66, 0xf7, 0x77, 0xf8, 0x76, 0xf7, 0x76, 0xf7, 0x65, 0xf6, 0x54, 0xf5,
    0x65, 0xf6, 0x65, 0xf6, 0x43, 0xf4, 0x54, 0xf5, 0x76, 0xf8, 0x54, 0xf6, 0x65, 0xf6, 0x54, 0xf7,
    0x76, 0xf7, 0x65, 0xf6, 0x44, 0xf5, 0x54, 0xf5, 0x32, 0xf3, 0x31, 0xf4, 0x43, 0xf4, 0x32, 0xf4,
    0x44, 0xf5, 0x44, 0xf5, 0x54, 0xf6, 0x43, 0xf4, 0x54, 0xf5, 0x54, 0xf6, 0x54, 0xf6, 0x43, 0xf5,
    0x54, 0xf6, 0x54, 0xf6, 0x54, 0xf6, 0x54, 0xf6, 0x55, 0xf6, 0x54, 0xf6, 0x65, 0xf6, 0x44, 0xf5,
    0x65, 0xf7, 0x54, 0xf6, 0x65, 0xf7, 0x54, 0xf6, 0x55, 0xf6, 0x55, 0xf6, 0x54, 0xf5, 0x54, 0xf6,
    0x54, 0xf6, 0x33, 0xf4, 0x54, 0xf5, 0x43, 0xf4, 0x32, 0xf4, 0x32, 0xf3, 0x22, 0xf3, 0x53, 0xf6,
    0x65, 0xf6, 0x32, 0xf3, 0x55, 0xf6, 0x22, 0xf3, 0x21, 0xf2, 0x64, 0xf7, 0x11, 0xf2, 0x31, 0xf5,
    0x32, 0xf4, 0x32, 0xf3, 0x31, 0xf4, 0x32, 0xf4, 0x43, 0xf5, 0x43, 0xf5, 0x43, 0xf4, 0x43, 0xf5,
    0x32, 0xf5, 0x21, 0xf4, 0x32, 0xf4, 0x64, 0xf7, 0x42, 0xf5, 0x32, 0xf4, 0x64, 0xf8, 0x31, 0xf5,
    0x43, 0xf5, 0x76, 0xf8, 0x43, 0xf5, 0x65, 0xf7, 0x54, 0xf6, 0x32, 0xf4, 0x53, 0xf6, 0x21, 0xf3,
    0x31, 0xf4, 0x54, 0xf6, 0x31, 0xf5, 0x43, 0xf5, 0x43, 0xf5, 0x32, 0xf4, 0x54, 0xf5, 0x32, 0xf4,
    0x31, 0xf4, 0x53, 0xf7, 0x53, 0xf7, 0x54, 0xf7, 0x65, 0xf8, 0x64, 0xf8, 0x54, 0xf7, 0x64, 0xf7,
    0x64, 0xf8, 0x53, 0xf6, 0x42, 0xf6, 0x42, 0xf5, 0x43, 0xf6, 0x53, 0xf6, 0x32, 0xf4, 0x43, 0xf6,
    0x53, 0xf7, 0x42, 0xf5, 0x64, 0xf8, 0x75, 0xf8, 0x32, 0xf3, 0x43, 0xf5, 0x32, 0xf4, 0x43, 0xf5,
    0x53, 0xf7, 0x64, 0xf8, 0x43, 0xf6, 0x42, 0xf5, 0x21, 0xf3, 0x32, 0xf3, 0x32, 0xf4, 0x32, 0xf5,
    0x54, 0xf6, 0x54, 0xf5, 0x32, 0xf3, 0x43, 0xf4, 0x44, 0xf5, 0x54, 0xf6, 0x54, 0xf5, 0x65, 0xf6,
    0x32, 0xf5, 0x32, 0xf5, 0x42, 0xf6, 0x42, 0xf6, 0x32, 0xf4, 0x33, 0xf4, 0x42, 0xf5, 0x32, 0xf4,
    0x44, 0xf5, 0x22, 0xf3, 0x44, 0xf5, 0x22, 0xf3, 0x32, 0xf4, 0x42, 0xf6, 0x32, 0xf3, 0x32, 0xf5,
    0x22, 0xf3, 0x32, 0xf3, 0x43, 0xf4, 0x44, 0xf5, 0x33, 0xf4, 0x33, 0xf4, 0x43, 0xf5, 0x43, 0xf4,
    0x42, 0xf6, 0x42, 0xf6, 0x42, 0xf6, 0x43, 0xf5, 0x42, 0xf5, 0x32, 0xf4, 0x32, 0xf4, 0x32, 0xf4,
    0x43, 0xf5, 0x32, 0xf4, 0x54, 0xf6, 0x43, 0xf4, 0x32, 0xf4, 0x42, 0xf5, 0x32, 0xf4, 0x32, 0xf4,
    0x43, 0xf4, 0x44, 0xf5, 0x32, 0xf4, 0x44, 0xf5, 0x54, 0xf5, 0x43, 0xf4, 0x54, 0xf5, 0x32, 0xf3,
    0x32, 0xf4, 0x43, 0xf4, 0x32, 0xf4, 0x42, 0xf5, 0x32, 0xf4, 0x42, 0xf4, 0x32, 0xf4, 0x64, 0xf8,
    0x53, 0xf6, 0x43, 0xf6, 0x53, 0xf6, 0x43, 0xf6, 0x31, 0xf4, 0x53, 0xf6, 0x53, 0xf7, 0x64, 0xf8,
    0x21, 0xf3, 0x21, 0xf2, 0x22, 0xf3, 0x44, 0xf5, 0x43, 0xf5, 0x43, 0xf5, 0x43, 0xf5, 0x21, 0xf3,
    0x43, 0xf6, 0x42, 0xf5, 0x53, 0xf6, 0x64, 0xf8, 0x53, 0xf7, 0x53, 0xf6, 0x53, 0xf6, 0x54, 0xf6,
    0x32, 0xf4, 0x43, 0xf6, 0x32, 0xf4, 0x32, 0xf4, 0x33, 0xf4, 0x65, 0xf7, 0x32, 0xf3, 0x65, 0xf7,
    0x21, 0xf3, 0x54, 0xf6, 0x21, 0xf3, 0x53, 0xf6, 0x43, 0xf6, 0x32, 0xf4, 0x53, 0xf6, 0x53, 0xf6,
    0x53, 0xf6, 0x53, 0xf6, 0x74, 0xf9, 0x43, 0xf6, 0x43, 0xf6, 0x53, 0xf6, 0x53, 0xf6, 0x53, 0xf5,
    0x43, 0xf5, 0x43, 0xf5, 0x54, 0xf6, 0x43, 0xf5, 0x43, 0xf4, 0x65, 0xf7, 0x43, 0xf6, 0x65, 0xf7,
    0x64, 0xf7, 0x54, 0xf6, 0x54, 0xf5, 0x54, 0xf5, 0x65, 0xf7, 0x76, 0xf7, 0x65, 0xf7, 0x66, 0xf7,
    0x43, 0xf5, 0x43, 0xf4, 0x42, 0xf5, 0x42, 0xf6, 0x32, 0xf3, 0x33, 0xf4, 0x21, 0xf3, 0x21, 0xf3,
    0x43, 0xf6, 0x65, 0xf8, 0x42, 0xf5, 0x65, 0xf7, 0x43, 0xf6, 0x53, 0xf6, 0x65, 0xf7, 0x43, 0xf6,
    0x32, 0xf4, 0x32, 0xf4, 0x42, 0xf5, 0x32, 0xf5, 0x43, 0xf5, 0x43, 0xf5, 0x43, 0xf5, 0x32, 0xf4,
    0x42, 0xf5, 0x43, 0xf6, 0x43, 0xf6, 0x75, 0xf9, 0x65, 0xf8, 0x42, 0xf5, 0x87, 0xf9, 0x43, 0xf5,
    0x32, 0xf4, 0x43, 0xf5, 0x43, 0xf6, 0x42, 0xf5, 0x64, 0xf7, 0x42, 0xf6, 0x53, 0xf7, 0x42, 0xf5,
    0x31, 0xf4, 0x43, 0xf5, 0x32, 0xf4, 0x54, 0xf5, 0x54, 0xf6, 0x32, 0xf4, 0x33, 0xf4, 0x32, 0xf3,
    0x43, 0xf6, 0x76, 0xf9, 0x53, 0xf7, 0x64, 0xf7, 0x54, 0xf6, 0x53, 0xf6, 0x54, 0xf7, 0x53, 0xf7,
    0x43, 0xf5, 0x64, 0xf8, 0x32, 0xf4, 0x53, 0xf6, 0x53, 0xf6, 0x21, 0xf3, 0x64, 0xf8, 0x43, 0xf6,
    0x32, 0xf4, 0x42, 0xf5, 0x21, 0xf3, 0x43, 0xf5, 0x32, 0xf4, 0x32, 0xf4, 0x54, 0xf7, 0x53, 0xf7,
    0x42, 0xf5, 0x64, 0xf8, 0x53, 0xf7, 0x64, 0xf7, 0x64, 0xf8, 0x53, 0xf7, 0x54, 0xf7, 0x64, 0xf7,
    0x32, 0xf4, 0x32, 0xf4, 0x32, 0xf5, 0x43, 0xf5, 0x53, 0xf6, 0x43, 0xf6, 0x42, 0xf5, 0x43, 0xf5,
    0x54, 0xf7, 0x64, 0xf8, 0x64, 0xf7, 0x64, 0xf8, 0x42, 0xf5, 0x31, 0xf4, 0x54, 0xf7, 0x32, 0xf5,
    0x64, 0xf8, 0x53, 0xf7, 0x75, 0xf9, 0x64, 0xf8, 0x64, 0xf8, 0x64, 0xf7, 0x53, 0xf7, 0x64, 0xf8,
    0x53, 0xf7, 0x53, 0xf6, 0x42, 0xf5, 0x53, 0xf7, 0x42, 0xf5, 0x64, 0xf8, 0x42, 0xf5, 0x54, 0xf7,
    0x64, 0xf7, 0x64, 0xf8, 0x53, 0xf7, 0x53, 0xf6, 0x64, 0xf8, 0x42, 0xf5, 0x53, 0xf6, 0x32, 0xf4,
    0x53, 0xf7, 0x64, 0xf8, 0x65, 0xf8, 0x64, 0xf7, 0x64, 0xf8, 0x21, 0xf3, 0x43, 0xf5, 0x21, 0xf3,
    0x54, 0xf6, 0x55, 0xf6, 0x65, 0xf6, 0x65, 0xf7, 0x55, 0xf6, 0x43, 0xf4, 0x65, 0xf7, 0x54, 0xf5,
    0x65, 0xf7, 0x65, 0xf7, 0x66, 0xf7, 0x54, 0xf6, 0x54, 0xf6, 0x44, 0xf5, 0x54, 0xf5, 0x65, 0xf6,
    0x33, 0xf4, 0x32, 0xf4, 0x54, 0xf6, 0x53, 0xf6, 0x42, 0xf5, 0x53, 0xf6, 0x31, 0xf4, 0x53, 0xf6,
    0x65, 0xf7, 0x65, 0xf6, 0x76, 0xf8, 0x65, 0xf6, 0x33, 0xf4, 0x54, 0xf6, 0x43, 0xf4, 0x43, 0xf5,
    0x66, 0xf7, 0x65, 0xf6, 0x65, 0xf6, 0x66, 0xf7, 0x55, 0xf6, 0x66, 0xf7, 0x55, 0xf6, 0x65, 0xf6,
    0x66, 0xf7, 0x65, 0xf6, 0x55, 0xf6, 0x55, 0xf6, 0x55, 0xf6, 0x65, 0xf7, 0x54, 0xf6, 0x66, 0xf7,
    0x65, 0xf7, 0x65, 0xf6, 0x65, 0xf7, 0x65, 0xf7, 0x54, 0xf6, 0x55, 0xf6, 0x54, 0xf6, 0x54, 0xf6,
    0x76, 0xf7, 0x55, 0xf6, 0x55, 0xf6, 0x54, 0xf6, 0x44, 0xf5, 0x54, 0xf6, 0x66, 0xf7, 0x65, 0xf7,
    0x42, 0xf5, 0x32, 0xf4, 0x32, 0xf4, 0x32, 0xf4, 0x42, 0xf5, 0x53, 0xf6, 0x21, 0xf3, 0x32, 0xf4,
    0x43, 0xf5, 0x42, 0xf5, 0x43, 0xf5, 0x32, 0xf4, 0x22, 0xf3, 0x22, 0xf3, 0x53, 0xf6, 0x54, 0xf5,
    0x64, 0xf7, 0x64, 0xf7, 0x43, 0xf6, 0x43, 0xf6, 0x31, 0xf4, 0x21, 0xf3, 0x32, 0xf5, 0x32, 0xf4,
    0x22, 0xf3, 0x21, 0xf3, 0x32, 0xf4, 0x21, 0xf3, 0x31, 0xf4, 0x53, 0xf6, 0x42, 0xf5, 0x54, 0xf7,
    0x43, 0xf5, 0x43, 0xf5, 0x32, 0xf3, 0x43, 0xf4, 0x43, 0xf5, 0x53, 0xf6, 0x32, 0xf4, 0x32, 0xf4,
    0x44, 0xf5, 0x33, 0xf4, 0x65, 0xf7, 0x44, 0xf5, 0x32, 0xf3, 0x32, 0xf4, 0x32, 0xf3, 0x33, 0xf4,
    0x32, 0xf4, 0x43, 0xf5, 0x42, 0xf5, 0x64, 0xf7, 0x64, 0xf7, 0x54, 0xf6, 0x64, 0xf7, 0x43, 0xf6,
    0x32, 0xf5, 0x43, 0xf5, 0x21, 0xf3, 0x22, 0xf3, 0x64, 0xf7, 0x65, 0xf7, 0x54, 0xf6, 0x86, 0xf9,
    0x87, 0xf9, 0x76, 0xf8, 0x87, 0xf9, 0x87, 0xf9, 0x54, 0xf6, 0x32, 0xf4, 0x76, 0xf8, 0x43, 0xf6,
    0x86, 0xf9, 0x76, 0xf8, 0x54, 0xf6, 0x65, 0xf7, 0x54, 0xf6, 0x32, 0xf4, 0x76, 0xf7, 0x32, 0xf4,
    0x63, 0xf8, 0x74, 0xf9, 0x53, 0xf8, 0x63, 0xf8, 0x63, 0xf8, 0x52, 0xf6, 0x75, 0xf9, 0x64, 0xf7,
    0x53, 0xf7, 0x64, 0xf9, 0x42, 0xf5, 0x64, 0xf8, 0x53, 0xf7, 0x53, 0xf7, 0x53, 0xf7, 0x53, 0xf6,
    0x65, 0xf6, 0x65, 0xf7, 0x54, 0xf6, 0x33, 0xf4, 0x54, 0xf6, 0x43, 0xf5, 0x32, 0xf4, 0x53, 0xf6,
    0x43, 0xf4, 0x32, 0xf4, 0x43, 0xf5, 0x32, 0xf5, 0x53, 0xf6, 0x42, 0xf5, 0x54, 0xf6, 0x43, 0xf6,
    0x53, 0xf6, 0x43, 0xf5, 0x64, 0xf7, 0x43, 0xf6, 0x43, 0xf6, 0x43, 0xf5, 0x53, 0xf6, 0x42, 0xf5,
    0x32, 0xf4, 0x32, 0xf4, 0x32, 0xf4, 0x43, 0xf5, 0x32, 0xf4, 0x32, 0xf5, 0x54, 0xf7, 0x54, 0xf6,
    0x53, 0xf7, 0x64, 0xf7, 0x54, 0xf6, 0x54, 0xf6, 0x54, 0xf6, 0x54, 0xf6, 0x54, 0xf5, 0x64, 0xf7,
    0x54, 0xf6, 0x54, 0xf6, 0x44, 0xf5, 0x54, 0xf6, 0x43, 0xf4, 0x65, 0xf7, 0x65, 0xf7, 0x76, 0xf7,
    0x54, 0xf6, 0x54, 0xf6, 0x65, 0xf6, 0x65, 0xf7, 0x54, 0xf5, 0x54, 0xf5, 0x55, 0xf6, 0x43, 0xf5,
    0x76, 0xf8, 0x65, 0xf7, 0x65, 0xf6, 0x54, 0xf6, 0x65, 0xf6, 0x43, 0xf5, 0x54, 0xf6, 0x54, 0xf6,
    0x44, 0xf5, 0x76, 0xf7, 0x54, 0xf6, 0x76, 0xf7, 0x87, 0xf9, 0x65, 0xf6, 0x65, 0xf7, 0x44, 0xf5,
    0x32, 0xf4, 0x22, 0xf3, 0x32, 0xf4, 0x32, 0xf4, 0x22, 0xf3, 0x32, 0xf4, 0x42, 0xf5, 0x42, 0xf5,
    0x54, 0xf5, 0x64, 0xf7, 0x54, 0xf6, 0x75, 0xf8, 0x54, 0xf7, 0x64, 0xf7, 0x65, 0xf7, 0x65, 0xf7,
    0x53, 0xf6, 0x54, 0xf7, 0x53, 0xf6, 0x53, 0xf6, 0x53, 0xf6, 0x76, 0xf8, 0x42, 0xf5, 0x54, 0xf6,
    0x43, 0xf5, 0x43, 0xf4, 0x43, 0xf5, 0x43, 0xf5, 0x54, 0xf6, 0x54, 0xf6, 0x32, 0xf4, 0x32, 0xf4,
    0x44, 0xf5, 0x43, 0xf5, 0x43, 0xf4, 0x43, 0xf4, 0x43, 0xf5, 0x32, 0xf4, 0x32, 0xf4, 0x32, 0xf4,
    0x54, 0xf6, 0x76, 0xf8, 0x54, 0xf6, 0x86, 0xf9, 0x65, 0xf7, 0x76, 0xf8, 0x76, 0xf8, 0x76, 0xf8,
    0x43, 0xf6, 0x75, 0xf8, 0x32, 0xf4, 0x43, 0xf6, 0x75, 0xf8, 0x75, 0xf8, 0x53, 0xf6, 0x43, 0xf5,
    0x43, 0xf4, 0x32, 0xf4, 0x43, 0xf5, 0x43, 0xf5, 0x43, 0xf5, 0x42, 0xf5, 0x32, 0xf4, 0x43, 0xf5,
    0x43, 0xf5, 0x43, 0xf5, 0x33, 0xf4, 0x43, 0xf4, 0x33, 0xf4, 0x43, 0xf5, 0x43, 0xf4, 0x43, 0xf5,
    0x43, 0xf5, 0x32, 0xf4, 0x43, 0xf5, 0x43, 0xf5, 0x21, 0xf3, 0x21, 0xf3, 0x43, 0xf6, 0x32, 0xf4,
    0x43, 0xf5, 0x43, 0xf5, 0x53, 0xf6, 0x43, 0xf5, 0x54, 0xf6, 0x65, 0xf8, 0x43, 0xf6, 0x76, 0xf8,
    0x65, 0xf7, 0x53, 0xf6, 0x76, 0xf8, 0x54, 0xf6, 0x42, 0xf5, 0x43, 0xf5, 0x21, 0xf3, 0x32, 0xf4,
    0x53, 0xf5, 0x21, 0xf3, 0x21, 0xf3, 0x32, 0xf4, 0x32, 0xf4, 0x43, 0xf5, 0x32, 0xf4, 0x43, 0xf5,
    0x32, 0xf4, 0x42, 0xf5, 0x43, 0xf6, 0x75, 0xf8, 0x43, 0xf6, 0x21, 0xf4, 0x32, 0xf4, 0x32, 0xf4,
    0x43, 0xf5, 0x43, 0xf5, 0x43, 0xf5, 0x32, 0xf5, 0x43, 0xf5, 0x43, 0xf4, 0x32, 0xf4, 0x32, 0xf4,
    0x32, 0xf4, 0x32, 0xf5, 0x42, 0xf5, 0x43, 0xf5, 0x43, 0xf5, 0x43, 0xf5, 0x32, 0xf4, 0x32, 0xf4,
    0x32, 0xf4, 0x32, 0xf4, 0x32, 0xf4, 0x32, 0xf4, 0x21, 0xf3, 0x43, 0xf5, 0x32, 0xf4, 0x43, 0xf5,
    0x53, 0xf6, 0x32, 0xf4, 0x32, 0xf4, 0x42, 0xf5, 0x42, 0xf5, 0x54, 0xf6, 0x75, 0xf8, 0x64, 0xf7,
    0x43, 0xf5, 0x43, 0xf6, 0x32, 0xf4, 0x42, 0xf5, 0x76, 0xf9, 0x54, 0xf7, 0x76, 0xf9, 0x75, 0xf8,
    0x54, 0xf6, 0x55, 0xf6, 0x43, 0xf5, 0x55, 0xf6, 0x65, 0xf6, 0x65, 0xf7, 0x54, 0xf6, 0x55, 0xf6,
    0x54, 0xf5, 0x54, 0xf6, 0x76, 0xf7, 0x54, 0xf6, 0x54, 0xf6, 0x54, 0xf6, 0x54, 0xf6, 0x43, 0xf5,
    0x54, 0xf5, 0x54, 0xf5, 0x76, 0xf7, 0x65, 0xf6, 0x65, 0xf6, 0x65, 0xf7, 0x65, 0xf6, 0x55, 0xf6,
    0x54, 0xf6, 0x54, 0xf6, 0x43, 0xf4, 0x43, 0xf4, 0x65, 0xf6, 0x54, 0xf5, 0x44, 0xf5, 0x54, 0xf6,
    0x65, 0xf7, 0x43, 0xf5, 0x65, 0xf7, 0x65, 0xf7, 0x65, 0xf7, 0x54, 0xf6, 0x65, 0xf7, 0x54, 0xf6,
    0x76, 0xf8, 0x54, 0xf6, 0x43, 0xf4, 0x32, 0xf3, 0x55, 0xf6, 0x54, 0xf5, 0x33, 0xf4, 0x32, 0xf4,
    0x42, 0xf5, 0x43, 0xf5, 0x43, 0xf5, 0x43, 0xf6, 0x43, 0xf4, 0x33, 0xf4, 0x43, 0xf5, 0x43, 0xf4,
    0x43, 0xf5, 0x43, 0xf5, 0x32, 0xf4, 0x32, 0xf3, 0x42, 0xf5, 0x32, 0xf4, 0x32, 0xf3, 0x32, 0xf3,
    0x65, 0xf6, 0x43, 0xf5, 0x44, 0xf5, 0x44, 0xf5, 0x33, 0xf4, 0x32, 0xf4, 0x54, 0xf5, 0x44, 0xf5,
    0x54, 0xf6, 0x54, 0xf6, 0x54, 0xf6, 0x55, 0xf6, 0x55, 0xf6, 0x43, 0xf5, 0x54, 0xf6, 0x44, 0xf5,
    0x32, 0xf3, 0x31, 0xf4, 0x32, 0xf4, 0x32, 0xf5, 0x43, 0xf5, 0x54, 0xf6, 0x32, 0xf4, 0x42, 0xf5,
    0x22, 0xf3, 0x32, 0xf4, 0x43, 0xf4, 0x32, 0xf5, 0x42, 0xf5, 0x32, 0xf5, 0x42, 0xf5, 0x43, 0xf5,
    0x43, 0xf4, 0x44, 0xf5, 0x44, 0xf5, 0x54, 0xf5, 0x44, 0xf5, 0x44, 0xf5, 0x43, 0xf4, 0x32, 0xf4,
    0x43, 0xf5, 0x43, 0xf4, 0x32, 0xf4, 0x32, 0xf3, 0x32, 0xf4, 0x42, 0xf6, 0x53, 0xf6, 0x75, 0xf9,
    0x32, 0xf4, 0x43, 0xf6, 0x21, 0xf3, 0x42, 0xf5, 0x54, 0xf7, 0x75, 0xf8, 0x42, 0xf6, 0x43, 0xf6,
    0x53, 0xf7, 0x42, 0xf6, 0x64, 0xf8, 0x43, 0xf6, 0x43, 0xf6, 0x53, 0xf7, 0x53, 0xf6, 0x53, 0xf6,
    0x21, 0xf2, 0x32, 0xf4, 0x32, 0xf4, 0x42, 0xf6, 0x33, 0xf4, 0x22, 0xf3, 0x42, 0xf6, 0x32, 0xf4,
    0x32, 0xf4, 0x42, 0xf6, 0x32, 0xf4, 0x43, 0xf5, 0x53, 0xf7, 0x32, 0xf5, 0x53, 0xf6, 0x43, 0xf6,
    0x32, 0xf3, 0x32, 0xf4, 0x32, 0xf4, 0x42, 0xf5, 0x32, 0xf4, 0x43, 0xf4, 0x32, 0xf4, 0x54, 0xf5,
    0x31, 0xf4, 0x21, 0xf3, 0x32, 0xf5, 0x32, 0xf4, 0x32, 0xf3, 0x33, 0xf4, 0x21, 0xf3, 0x32, 0xf4,
    0x54, 0xf7, 0x54, 0xf6, 0x64, 0xf7, 0x65, 0xf7, 0x64, 0xf7, 0x75, 0xf8, 0x64, 0xf7, 0x76, 0xf8,
    0x54, 0xf6, 0x64, 0xf7, 0x53, 0xf6, 0x54, 0xf7, 0x54, 0xf7, 0x65, 0xf7, 0x64, 0xf7, 0x64, 0xf7,
    0x76, 0xf9, 0x75, 0xf8, 0x76, 0xf8, 0x65, 0xf8, 0x32, 0xf4, 0x32, 0xf4, 0x43, 0xf6, 0x21, 0xf4,
    0x64, 0xf7, 0x54, 0xf7, 0x64, 0xf7, 0x53, 0xf6, 0x32, 0xf4, 0x31, 0xf5, 0x21, 0xf3, 0x42, 0xf6,
    0x43, 0xf5, 0x42, 0xf5, 0x54, 0xf5, 0x32, 0xf4, 0x53, 0xf6, 0x75, 0xf9, 0x42, 0xf6, 0x64, 0xf8,
    0x32, 0xf3, 0x31, 0xf5, 0x54, 0xf5, 0x42, 0xf6, 0x53, 0xf7, 0x52, 0xf6, 0x43, 0xf6, 0x53, 0xf7,
    0x53, 0xf7, 0x63, 0xf7, 0x52, 0xf7, 0x52, 0xf7, 0x53, 0xf6, 0x53, 0xf7, 0x64, 0xf7, 0x64, 0xf8,
    0x42, 0xf6, 0x64, 0xf7, 0x64, 0xf8, 0x75, 0xf9, 0x75, 0xf9, 0x42, 0xf5, 0x64, 0xf9, 0x53, 0xf7,
    0x42, 0xf5, 0x42, 0xf5, 0x42, 0xf6, 0x54, 0xf6, 0x42, 0xf5, 0x53, 0xf7, 0x32, 0xf4, 0x53, 0xf6,
    0x64, 0xf8, 0x32, 0xf5, 0x63, 0xf7, 0x32, 0xf5, 0x32, 0xf5, 0x53, 0xf6, 0x43, 0xf6, 0x42, 0xf5,
    0x64, 0xf8, 0x63, 0xf7, 0x42, 0xf6, 0x42, 0xf5, 0x53, 0xf6, 0x53, 0xf7, 0x53, 0xf6, 0x64, 0xf8,
    0x42, 0xf6, 0x42, 0xf6, 0x42, 0xf6, 0x53, 0xf6, 0x53, 0xf6, 0x64, 0xf8, 0x42, 0xf6, 0x53, 0xf6,
    0x42, 0xf5, 0x64, 0xf8, 0x21, 0xf3, 0x53, 0xf6, 0x64, 0xf8, 0x64, 0xf8, 0x64, 0xf8, 0x53, 0xf7,
    0x21, 0xf3, 0x53, 0xf7, 0x32, 0xf3, 0x65, 0xf7, 0x64, 0xf8, 0x53, 0xf7, 0x64, 0xf7, 0x64, 0xf8,
    0x54, 0xf7, 0x75, 0xf8, 0x54, 0xf7, 0x43, 0xf6, 0x22, 0xf3, 0x32, 0xf3, 0x21, 0xf3, 0x32, 0xf4,
    0x64, 0xf8, 0x64, 0xf7, 0x75, 0xf9, 0x76, 0xf9, 0x42, 0xf5, 0x21, 0xf3, 0x64, 0xf7, 0x43, 0xf5,
    0x43, 0xf6, 0x32, 0xf4, 0x64, 0xf7, 0x43, 0xf4, 0x32, 0xf5, 0x75, 0xf9, 0x31, 0xf4, 0x43, 0xf5,
    0x64, 0xf7, 0x54, 0xf6, 0x43, 0xf6, 0x43, 0xf5, 0x64, 0xf8, 0x32, 0xf4, 0x42, 0xf5, 0x32, 0xf3,
    0x64, 0xf7, 0x21, 0xf3, 0x31, 0xf4, 0x31, 0xf4, 0x31, 0xf4, 0x54, 0xf6, 0x31, 0xf4, 0x42, 0xf5,
    0x21, 0xf4, 0x53, 0xf6, 0x33, 0xf4, 0x43, 0xf5, 0x53, 0xf6, 0x32, 0xf4, 0x53, 0xf6, 0x32, 0xf4,
    0x43, 0xf6, 0x43, 0xf5, 0x43, 0xf5, 0x43, 0xf5, 0x32, 0xf4, 0x43, 0xf5, 0x32, 0xf3, 0x21, 0xf3,
    0x43, 0xf5, 0x55, 0xf5, 0x44, 0xf5, 0x43, 0xf4, 0x44, 0xf5, 0x33, 0xf4, 0x54, 0xf5, 0x54, 0xf5,
    0x42, 0xf5, 0x21, 0xf3, 0x22, 0xf3, 0x32, 0xf4, 0x21, 0xf3, 0x32, 0xf4, 0x42, 0xf5, 0x32, 0xf3,
    0x32, 0xf3, 0x43, 0xf5, 0x54, 0xf5, 0x76, 0xf7, 0x54, 0xf6, 0x44, 0xf5, 0x65, 0xf7, 0x54, 0xf6,
    0x54, 0xf6, 0x33, 0xf3, 0x54, 0xf6, 0x33, 0xf4, 0x54, 0xf5, 0x55, 0xf6, 0x44, 0xf5, 0x54, 0xf5,
    0x54, 0xf6, 0x43, 0xf5, 0x54, 0xf5, 0x43, 0xf5, 0x43, 0xf4, 0x54, 0xf5, 0x33, 0xf4, 0x44, 0xf5,
    0x65, 0xf7, 0x65, 0xf7, 0x55, 0xf6, 0x54, 0xf5, 0x54, 0xf5, 0x54, 0xf5, 0x54, 0xf5, 0x54, 0xf5,
    0x55, 0xf6, 0x54, 0xf5, 0x54, 0xf5, 0x54, 0xf5, 0x55, 0xf6, 0x55, 0xf6, 0x54, 0xf5, 0x55, 0xf6,
    0x43, 0xf5, 0x54, 0xf6, 0x65, 0xf6, 0x76, 0xf7, 0x55, 0xf6, 0x43, 0xf4, 0x76, 0xf7, 0x32, 0xf4,
    0x65, 0xf7, 0x65, 0xf7, 0x54, 0xf5, 0x54, 0xf6, 0x65, 0xf7, 0x22, 0xf3, 0x65, 0xf6, 0x33, 0xf4,
    0x32, 0xf4, 0x32, 0xf4, 0x32, 0xf4, 0x42, 0xf5, 0x53, 0xf7, 0x53, 0xf6, 0x53, 0xf6, 0x53, 0xf6,
    0x42, 0xf5, 0x53, 0xf6, 0x32, 0xf4, 0x42, 0xf5, 0x32, 0xf4, 0x43, 0xf5, 0x32, 0xf4, 0x33, 0xf4,
    0x44, 0xf5, 0x65, 0xf7, 0x54, 0xf6, 0x54, 0xf5, 0x54, 0xf5, 0x22, 0xf3, 0x32, 0xf3, 0x32, 0xf4,
    0x54, 0xf6, 0x32, 0xf3, 0x42, 0xf5, 0x32, 0xf4, 0x21, 0xf3, 0x53, 0xf6, 0x42, 0xf5, 0x64, 0xf7,
    0x32, 0xf4, 0x42, 0xf5, 0x42, 0xf6, 0x43, 0xf5, 0x54, 0xf6, 0x54, 0xf6, 0x43, 0xf5, 0x54, 0xf6,
    0x43, 0xf6, 0x43, 0xf5, 0x43, 0xf5, 0x43, 0xf5, 0x54, 0xf6, 0x54, 0xf6, 0x43, 0xf5, 0x64, 0xf7,
    0x43, 0xf5, 0x43, 0xf4, 0x43, 0xf5, 0x43, 0xf5, 0x43, 0xf4, 0x33, 0xf4, 0x33, 0xf4, 0x43, 0xf4,
    0x43, 0xf5, 0x43, 0xf5, 0x32, 0xf3, 0x43, 0xf5, 0x44, 0xf5, 0x44, 0xf5, 0x44, 0xf5, 0x43, 0xf4,
    0x43, 0xf4, 0x44, 0xf5, 0x44, 0xf5, 0x43, 0xf4, 0x54, 0xf5, 0x66, 0xf7, 0x44, 0xf4, 0x65, 0xf6,
    0x44, 0xf4, 0x44, 0xf5, 0x43, 0xf4, 0x54, 0xf5, 0x54, 0xf5, 0x44, 0xf4, 0x55, 0xf6, 0x54, 0xf5,
    0x33, 0xf4, 0x44, 0xf5, 0x54, 0xf5, 0x44, 0xf5, 0x44, 0xf5, 0x33, 0xf4, 0x54, 0xf5, 0x54, 0xf5,
    0x65, 0xf6, 0x44, 0xf5, 0x65, 0xf8, 0x64, 0xf6, 0x54, 0xf5, 0x54, 0xf5, 0x44, 0xf5, 0x43, 0xf4,
    0x54, 0xf5, 0x54, 0xf5, 0x43, 0xf5, 0x43, 0xf4, 0x54, 0xf5, 0x55, 0xf6, 0x44, 0xf5, 0x54, 0xf5,
    0x54, 0xf6, 0x43, 0xf4, 0x43, 0xf4, 0x43, 0xf4, 0x44, 0xf5, 0x44, 0xf5, 0x43, 0xf4, 0x43, 0xf5,
    0x22, 0xf3, 0x32, 0xf4, 0x32, 0xf3, 0x43, 0xf4, 0x42, 0xf5, 0x42, 0xf5, 0x33, 0xf4, 0x32, 0xf4,
    0x43, 0xf4, 0x44, 0xf5, 0x43, 0xf4, 0x43, 0xf4, 0x54, 0xf6, 0x54, 0xf6, 0x65, 0xf7, 0x55, 0xf6,
    0x42, 0xf5, 0x32, 0xf4, 0x32, 0xf4, 0x33, 0xf4, 0x43, 0xf6, 0x42, 0xf5, 0x43, 0xf5, 0x43, 0xf5,
    0x43, 0xf4, 0x43, 0xf5, 0x43, 0xf4, 0x54, 0xf5, 0x54, 0xf5, 0x54, 0xf5, 0x54, 0xf5, 0x54, 0xf5,
    0x54, 0xf5, 0x54, 0xf5, 0x55, 0xf6, 0x54, 0xf5, 0x43, 0xf4, 0x43, 0xf4, 0x43, 0xf4, 0x54, 0xf5,
    0x43, 0xf4, 0x43, 0xf4, 0x54, 0xf5, 0x44, 0xf5, 0x54, 0xf5, 0x65, 0xf6, 0x55, 0xf6, 0x55, 0xf6,
    0x54, 0xf5, 0x55, 0xf6, 0x65, 0xf6, 0x55, 0xf6, 0x54, 0xf6, 0x54, 0xf6, 0x54, 0xf6, 0x54, 0xf6,
    0x55, 0xf6, 0x44, 0xf5, 0x54, 0xf5, 0x44, 0xf5, 0x54, 0xf6, 0x65, 0xf6, 0x54, 0xf6, 0x54, 0xf5,
    0x43, 0xf5, 0x43, 0xf5, 0x44, 0xf5, 0x43, 0xf4, 0x43, 0xf6, 0x31, 0xf4, 0x32, 0xf4, 0x32, 0xf4,
    0x43, 0xf4, 0x54, 0xf5, 0x54, 0xf5, 0x54, 0xf5, 0x32, 0xf3, 0x32, 0xf4, 0x43, 0xf5, 0x43, 0xf5,
    0x32, 0xf4, 0x43, 0xf5, 0x32, 0xf4, 0x43, 0xf5, 0x65, 0xf7, 0x65, 0xf7, 0x54, 0xf6, 0x43, 0xf5,
    0x32, 0xf4, 0x32, 0xf4, 0x32, 0xf4, 0x32, 0xf4, 0x43, 0xf5, 0x43, 0xf6, 0x43, 0xf5, 0x43, 0xf5,
    0x43, 0xf5, 0x44, 0xf5, 0x44, 0xf5, 0x54, 0xf5, 0x54, 0xf5, 0x43, 0xf4, 0x43, 0xf4, 0x32, 0xf3,
    0x43, 0xf4, 0x43, 0xf5, 0x43, 0xf5, 0x43, 0xf5, 0x33, 0xf4, 0x32, 0xf3, 0x33, 0xf4, 0x43, 0xf5,
    0x22, 0xf3, 0x42, 0xf5, 0x32, 0xf4, 0x42, 0xf6, 0x53, 0xf6, 0x32, 0xf4, 0x42, 0xf5, 0x32, 0xf4,
    0x32, 0xf4, 0x43, 0xf5, 0x32, 0xf4, 0x43, 0xf4, 0x32, 0xf4, 0x21, 0xf3, 0x32, 0xf4, 0x32, 0xf3,
    0x54, 0xf5, 0x55, 0xf5, 0x54, 0xf5, 0x55, 0xf6, 0x55, 0xf6, 0x44, 0xf5, 0x55, 0xf6, 0x54, 0xf5,
    0x55, 0xf5, 0x55, 0xf6, 0x54, 0xf5, 0x44, 0xf4, 0x65, 0xf6, 0x54, 0xf6, 0x54, 0xf6, 0x54, 0xf6,
    0x65, 0xf6, 0x54, 0xf5, 0x54, 0xf5, 0x54, 0xf5, 0x44, 0xf5, 0x43, 0xf5, 0x54, 0xf6, 0x44, 0xf5,
    0x44, 0xf5, 0x54, 0xf5, 0x65, 0xf7, 0x65, 0xf6, 0x54, 0xf6, 0x54, 0xf6, 0x65, 0xf6, 0x54, 0xf5,
    0x44, 0xf5, 0x43, 0xf4, 0x55, 0xf6, 0x54, 0xf5, 0x54, 0xf6, 0x43, 0xf5, 0x54, 0xf5, 0x43, 0xf5,
    0x55, 0xf6, 0x54, 0xf5, 0x54, 0xf6, 0x54, 0xf6, 0x54, 0xf5, 0x44, 0xf5, 0x54, 0xf6, 0x54, 0xf5,
    0x65, 0xf6, 0x55, 0xf6, 0x54, 0xf6, 0x54, 0xf6, 0x54, 0xf6, 0x55, 0xf6, 0x54, 0xf6, 0x54, 0xf6,
    0x44, 0xf5, 0x55, 0xf6, 0x43, 0xf5, 0x65, 0xf7, 0x54, 0xf5, 0x54, 0xf6, 0x44, 0xf5, 0x55, 0xf6,
    0x54, 0xf5, 0x44, 0xf5, 0x44, 0xf5, 0x55, 0xf6, 0x55, 0xf6, 0x65, 0xf6, 0x65, 0xf7, 0x54, 0xf6,
    0x54, 0xf6, 0x65, 0xf6, 0x54, 0xf6, 0x54, 0xf6, 0x54, 0xf6, 0x54, 0xf6, 0x54, 0xf6, 0x55, 0xf6,
    0x32, 0xf4, 0x43, 0xf4, 0x22, 0xf3, 0x32, 0xf4, 0x32, 0xf4, 0x32, 0xf4, 0x43, 0xf4, 0x32, 0xf3,
    0x54, 0xf5, 0x32, 0xf4, 0x65, 0xf7, 0x54, 0xf5, 0x43, 0xf5, 0x32, 0xf4, 0x43, 0xf5, 0x32, 0xf4,
    0x55, 0xf6, 0x54, 0xf6, 0x54, 0xf5, 0x44, 0xf5, 0x54, 0xf5, 0x55, 0xf6, 0x44, 0xf5, 0x54, 0xf5,
    0x54, 0xf5, 0x54, 0xf5, 0x54, 0xf6, 0x54, 0xf5, 0x54, 0xf6, 0x54, 0xf6, 0x65, 0xf6, 0x55, 0xf6,
    0x65, 0xf6, 0x54, 0xf6, 0x65, 0xf7, 0x54, 0xf6, 0x54, 0xf6, 0x32, 0xf4, 0x54, 0xf5, 0x43, 0xf4,
    0x65, 0xf7, 0x54, 0xf6, 0x54, 0xf6, 0x55, 0xf6, 0x43, 0xf5, 0x43, 0xf5, 0x43, 0xf5, 0x22, 0xf3,
    0x53, 0xf7, 0x42, 0xf6, 0x53, 0xf6, 0x43, 0xf6, 0x43, 0xf5, 0x54, 0xf6, 0x42, 0xf4, 0x43, 0xf5,
    0x43, 0xf5, 0x42, 0xf5, 0x53, 0xf5, 0x42, 0xf5, 0x32, 0xf4, 0x54, 0xf6, 0x53, 0xf6, 0x53, 0xf6,
    0x43, 0xf5, 0x44, 0xf5, 0x32, 0xf4, 0x32, 0xf4, 0x44, 0xf5, 0x43, 0xf5, 0x33, 0xf4, 0x43, 0xf5,
    0x76, 0xf8, 0x43, 0xf5, 0x65, 0xf6, 0x43, 0xf5, 0x32, 0xf4, 0x32, 0xf4, 0x54, 0xf6, 0x32, 0xf4,
    0x42, 0xf5, 0x32, 0xf4, 0x53, 0xf7, 0x42, 0xf5, 0x42, 0xf5, 0x43, 0xf5, 0x32, 0xf5, 0x64, 0xf7,
    0x42, 0xf6, 0x42, 0xf6, 0x21, 0xf4, 0x42, 0xf5, 0x53, 0xf7, 0x54, 0xf7, 0x64, 0xf7, 0x64, 0xf7,
    0x32, 0xf4, 0x21, 0xf3, 0x54, 0xf7, 0x42, 0xf6, 0x43, 0xf5, 0x32, 0xf4, 0x32, 0xf5, 0x31, 0xf4,
    0x64, 0xf7, 0x76, 0xf9, 0x64, 0xf7, 0x53, 0xf6, 0x75, 0xf9, 0x42, 0xf5, 0x64, 0xf7, 0x42, 0xf5,
    0x64, 0xf7, 0x75, 0xf8, 0x75, 0xf9, 0x75, 0xf9, 0x54, 0xf5, 0x43, 0xf4, 0x53, 0xf6, 0x43, 0xf4,
    0x43, 0xf5, 0x43, 0xf5, 0x32, 0xf3, 0x32, 0xf4, 0x42, 0xf4, 0x43, 0xf4, 0x32, 0xf4, 0x53, 0xf5,
    0x43, 0xf5, 0x43, 0xf4, 0x43, 0xf5, 0x44, 0xf5, 0x44, 0xf5, 0x54, 0xf5, 0x55, 0xf6, 0x54, 0xf5,
    0x33, 0xf4, 0x44, 0xf5, 0x33, 0xf4, 0x43, 0xf5, 0x44, 0xf5, 0x44, 0xf5, 0x44, 0xf5, 0x44, 0xf5,
    0x22, 0xf3, 0x32, 0xf4, 0x43, 0xf4, 0x44, 0xf5, 0x32, 0xf4, 0x53, 0xf6, 0x32, 0xf4, 0x42, 0xf5,
    0x32, 0xf4, 0x43, 0xf4, 0x11, 0xf2, 0x32, 0xf4, 0x32, 0xf4, 0x43, 0xf4, 0x32, 0xf4, 0x32, 0xf3,
    0x44, 0xf5, 0x54, 0xf6, 0x43, 0xf5, 0x64, 0xf7, 0x54, 0xf6, 0x43, 0xf4, 0x54, 0xf6, 0x55, 0xf6,
    0x43, 0xf5, 0x43, 0xf5, 0x32, 0xf3, 0x32, 0xf4, 0x54, 0xf6, 0x43, 0xf5, 0x32, 0xf4, 0x43, 0xf6,
    0x32, 0xf4, 0x32, 0xf5, 0x42, 0xf5, 0x32, 0xf4, 0x64, 0xf8, 0x64, 0xf7, 0x42, 0xf5, 0x43, 0xf6,
    0x33, 0xf4, 0x32, 0xf3, 0x32, 0xf4, 0x21, 0xf3, 0x32, 0xf5, 0x53, 0xf7, 0x21, 0xf3, 0x43, 0xf5,
    0x53, 0xf6, 0x42, 0xf5, 0x53, 0xf6, 0x53, 0xf7, 0x54, 0xf6, 0x32, 0xf4, 0x42, 0xf5, 0x21, 0xf3,
    0x43, 0xf6, 0x64, 0xf8, 0x53, 0xf7, 0x43, 0xf6, 0x42, 0xf6, 0x32, 0xf4, 0x42, 0xf5, 0x32, 0xf5,
    0x42, 0xf5, 0x32, 0xf4, 0x42, 0xf5, 0x43, 0xf5, 0x43, 0xf4, 0x33, 0xf4, 0x43, 0xf5, 0x43, 0xf5,
    0x42, 0xf5, 0x64, 0xf7, 0x52, 0xf6, 0x53, 0xf6, 0x53, 0xf5, 0x54, 0xf5, 0x43, 0xf5, 0x44, 0xf5,
    0x32, 0xf4, 0x32, 0xf4, 0x32, 0xf3, 0x32, 0xf4, 0x31, 0xf4, 0x65, 0xf7, 0x32, 0xf4, 0x43, 0xf5,
    0x43, 0xf5, 0x21, 0xf3, 0x33, 0xf4, 0x32, 0xf3, 0x21, 0xf3, 0x21, 0xf3, 0x32, 0xf4, 0x31, 0xf5,
    0x21, 0xf2, 0x32, 0xf3, 0x32, 0xf3, 0x32, 0xf3, 0x32, 0xf4, 0x32, 0xf3, 0x22, 0xf3, 0x32, 0xf3,
    0x44, 0xf5, 0x33, 0xf4, 0x32, 0xf4, 0x43, 0xf5, 0x33, 0xf4, 0x21, 0xf3, 0x43, 0xf5, 0x53, 0xf6,
    0x21, 0xf3, 0x42, 0xf5, 0x43, 0xf5, 0x53, 0xf6, 0x32, 0xf4, 0x43, 0xf5, 0x42, 0xf5, 0x43, 0xf5,
    0x43, 0xf5, 0x54, 0xf7, 0x54, 0xf7, 0x32, 0xf4, 0x32, 0xf5, 0x32, 0xf4, 0x32, 0xf5, 0x32, 0xf4,
    0x54, 0xf6, 0x32, 0xf4, 0x43, 0xf5, 0x43, 0xf6, 0x53, 0xf6, 0x86, 0xf9, 0x64, 0xf8, 0x53, 0xf7,
    0x42, 0xf6, 0x64, 0xf8, 0x53, 0xf7, 0x64, 0xf8, 0x74, 0xf9, 0x64, 0xf8, 0x74, 0xf8, 0x64, 0xf8,
    0x54, 0xf6, 0x43, 0xf5, 0x32, 0xf4, 0x43, 0xf5, 0x43, 0xf5, 0x32, 0xf4, 0x42, 0xf4, 0x32, 0xf3,
    0x53, 0xf6, 0x32, 0xf4, 0x75, 0xf8, 0x64, 0xf7, 0x32, 0xf5, 0x42, 0xf5, 0x64, 0xf7, 0x53, 0xf6,
    0x65, 0xf6, 0x65, 0xf6, 0x54, 0xf5, 0x44, 0xf4, 0x54, 0xf5, 0x54, 0xf5, 0x43, 0xf4, 0x43, 0xf4,
    0x33, 0xf4, 0x32, 0xf3, 0x43, 0xf4, 0x33, 0xf4, 0x33, 0xf4, 0x43, 0xf4, 0x43, 0xf4, 0x44, 0xf5,
    0x54, 0xf5, 0x43, 0xf4, 0x54, 0xf5, 0x43, 0xf4, 0x43, 0xf5, 0x54, 0xf6, 0x43, 0xf5, 0x44, 0xf5,
    0x44, 0xf5, 0x43, 0xf5, 0x44, 0xf5, 0x44, 0xf5, 0x43, 0xf5, 0x44, 0xf5, 0x44, 0xf5, 0x44, 0xf5,
    0x44, 0xf5, 0x44, 0xf5, 0x43, 0xf5, 0x44, 0xf5, 0x43, 0xf5, 0x44, 0xf5, 0x54, 0xf5, 0x54, 0xf6,
    0x43, 0xf4, 0x54, 0xf5, 0x53, 0xf6, 0x54, 0xf6, 0x54, 0xf5, 0x54, 0xf5, 0x65, 0xf6, 0x65, 0xf6,
    0x43, 0xf4, 0x54, 0xf5, 0x54, 0xf6, 0x54, 0xf6, 0x44, 0xf5, 0x43, 0xf4, 0x55, 0xf6, 0x43, 0xf5,
    0x65, 0xf6, 0x65, 0xf7, 0x54, 0xf6, 0x65, 0xf6, 0x65, 0xf6, 0x44, 0xf5, 0x54, 0xf5, 0x55, 0xf6,
    0x44, 0xf5, 0x43, 0xf5, 0x43, 0xf5, 0x54, 0xf5, 0x54, 0xf6, 0x55, 0xf6, 0x44, 0xf5, 0x54, 0xf6,
    0x33, 0xf4, 0x54, 0xf6, 0x43, 0xf4, 0x43, 0xf5, 0x54, 0xf6, 0x54, 0xf6, 0x54, 0xf6, 0x44, 0xf5,
    0x44, 0xf5, 0x65, 0xf6, 0x54, 0xf6, 0x55, 0xf6, 0x43, 0xf5, 0x21, 0xf2, 0x44, 0xf5, 0x21, 0xf3,
    0x65, 0xf7, 0x43, 0xf4, 0x44, 0xf5, 0x33, 0xf4, 0x22, 0xf3, 0x32, 0xf4, 0x32, 0xf5, 0x42, 0xf5,
    0x43, 0xf5, 0x43, 0xf5, 0x43, 0xf5, 0x43, 0xf5, 0x33, 0xf4, 0x43, 0xf4, 0x43, 0xf5, 0x43, 0xf5,
    0x44, 0xf5, 0x43, 0xf5, 0x54, 0xf6, 0x54, 0xf5, 0x43, 0xf5, 0x32, 0xf3, 0x43, 0xf5, 0x22, 0xf3,
    0x32, 0xf4, 0x64, 0xf7, 0x32, 0xf3, 0x42, 0xf5, 0x32, 0xf4, 0x42, 0xf5, 0x31, 0xf4, 0x21, 0xf3,
    0x21, 0xf3, 0x42, 0xf5, 0x42, 0xf5, 0x53, 0xf6, 0x53, 0xf6, 0x32, 0xf4, 0x43, 0xf5, 0x43, 0xf4,
    0x54, 0xf7, 0x65, 0xf7, 0x54, 0xf6, 0x75, 0xf8, 0x54, 0xf6, 0x54, 0xf6, 0x64, 0xf7, 0x54, 0xf6,
    0x32, 0xf4, 0x54, 0xf6, 0x32, 0xf4, 0x43, 0xf6, 0x65, 0xf7, 0x43, 0xf5, 0x53, 0xf6, 0x32, 0xf4,
    0x54, 0xf5, 0x55, 0xf6, 0x54, 0xf6, 0x65, 0xf6, 0x55, 0xf6, 0x54, 0xf6, 0x65, 0xf6, 0x54, 0xf6,
    0x54, 0xf6, 0x65, 0xf7, 0x32, 0xf4, 0x43, 0xf5, 0x65, 0xf7, 0x65, 0xf7, 0x43, 0xf5, 0x54, 0xf6,
    0x43, 0xf4, 0x53, 0xf6, 0x43, 0xf5, 0x53, 0xf7, 0x42, 0xf6, 0x42, 0xf6, 0x54, 0xf7, 0x42, 0xf5,
    0x42, 0xf6, 0x43, 0xf6, 0x43, 0xf6, 0x43, 0xf5, 0x42, 0xf5, 0x32, 0xf5, 0x43, 0xf6, 0x42, 0xf5,
    0x42, 0xf5, 0x32, 0xf4, 0x31, 0xf4, 0x42, 0xf5, 0x22, 0xf3, 0x21, 0xf3, 0x21, 0xf3, 0x31, 0xf4,
    0x43, 0xf5, 0x54, 0xf6, 0x32, 0xf4, 0x53, 0xf6, 0x32, 0xf4, 0x32, 0xf5, 0x32, 0xf4, 0x32, 0xf4,
    0x65, 0xf6, 0x65, 0xf7, 0x54, 0xf6, 0x65, 0xf6, 0x54, 0xf5, 0x32, 0xf4, 0x43, 0xf4, 0x42, 0xf5,
    0x54, 0xf6, 0x65, 0xf6, 0x54, 0xf6, 0x44, 0xf5, 0x43, 0xf4, 0x31, 0xf4, 0x22, 0xf3, 0x21, 0xf3,
    0x42, 0xf5, 0x53, 0xf6, 0x32, 0xf4, 0x32, 0xf4, 0x43, 0xf5, 0x43, 0xf4, 0x43, 0xf5, 0x43, 0xf4,
    0x31, 0xf4, 0x21, 0xf3, 0x32, 0xf4, 0x32, 0xf4, 0x32, 0xf4, 0x31, 0xf4, 0x43, 0xf5, 0x42, 0xf5,
    0x42, 0xf4, 0x32, 0xf4, 0x42, 0xf5, 0x43, 0xf4, 0x21, 0xf2, 0x32, 0xf3, 0x32, 0xf3, 0x33, 0xf4,
    0x53, 0xf6, 0x43, 0xf5, 0x64, 0xf7, 0x32, 0xf4, 0x33, 0xf4, 0x44, 0xf5, 0x32, 0xf4, 0x43, 0xf5,
    0x43, 0xf4, 0x32, 0xf4, 0x43, 0xf5, 0x32, 0xf4, 0x43, 0xf5, 0x43, 0xf6, 0x21, 0xf3, 0x42, 0xf5,
    0x54, 0xf5, 0x44, 0xf5, 0x43, 0xf5, 0x43, 0xf4, 0x22, 0xf3, 0x32, 0xf4, 0x32, 0xf4, 0x32, 0xf5,
    0x42, 0xf5, 0x32, 0xf4, 0x53, 0xf6, 0x42, 0xf6, 0x42, 0xf5, 0x43, 0xf6, 0x43, 0xf5, 0x43, 0xf5,
    0x75, 0xf8, 0x53, 0xf7, 0x53, 0xf6, 0x32, 0xf4, 0x32, 0xf4, 0x32, 0xf5, 0x43, 0xf5, 0x43, 0xf5,
    0x43, 0xf5, 0x43, 0xf5, 0x43, 0xf5, 0x43, 0xf5, 0x32, 0xf4, 0x43, 0xf5, 0x43, 0xf5, 0x43, 0xf5,
    0x32, 0xf4, 0x32, 0xf4, 0x43, 0xf5, 0x42, 0xf5, 0x43, 0xf5, 0x43, 0xf5, 0x43, 0xf5, 0x32, 0xf4,
    0x32, 0xf4, 0x22, 0xf3, 0x21, 0xf3, 0x32, 0xf3, 0x33, 0xf4, 0x43, 0xf5, 0x43, 0xf4, 0x43, 0xf5,
    0x32, 0xf4, 0x22, 0xf3, 0x22, 0xf3, 0x22, 0xf3, 0x43, 0xf4, 0x43, 0xf5, 0x32, 0xf4, 0x32, 0xf4,
    0x43, 0xf5, 0x43, 0xf5, 0x32, 0xf4, 0x43, 0xf5, 0x43, 0xf5, 0x32, 0xf3, 0x53, 0xf6, 0x43, 0xf5,
    0x32, 0xf4, 0x32, 0xf4, 0x42, 0xf5, 0x43, 0xf5, 0x65, 0xf7, 0x54, 0xf6, 0x43, 0xf5, 0x43, 0xf5,
    0x22, 0xf3, 0x32, 0xf5, 0x32, 0xf4, 0x32, 0xf4, 0x42, 0xf5, 0x42, 0xf5, 0x32, 0xf4, 0x43, 0xf6,
    0x32, 0xf4, 0x32, 0xf4, 0x43, 0xf5, 0x43, 0xf5, 0x43, 0xf5, 0x43, 0xf5, 0x43, 0xf6, 0x32, 0xf4,
    0x32, 0xf3, 0x43, 0xf5, 0x32, 0xf5, 0x42, 0xf5, 0x86, 0xf9, 0x98, 0xfa, 0x65, 0xf8, 0x97, 0xfa,
    0x43, 0xf5, 0x43, 0xf5, 0x32, 0xf4, 0x54, 0xf7, 0x53, 0xf6, 0x53, 0xf7, 0x65, 0xf7, 0x32, 0xf4,
    0x43, 0xf5, 0x54, 0xf6, 0x43, 0xf5, 0x53, 0xf6, 0x54, 0xf7, 0x32, 0xf4, 0x54, 0xf6, 0x54, 0xf6,
    0x43, 0xf5, 0x43, 0xf6, 0x43, 0xf5, 0x32, 0xf4, 0x53, 0xf6, 0x43, 0xf5, 0x43, 0xf5, 0x43, 0xf5,
    0x43, 0xf5, 0x53, 0xf6, 0x43, 0xf5, 0x54, 0xf6, 0x65, 0xf7, 0x32, 0xf4, 0x43, 0xf5, 0x43, 0xf5,
    0x43, 0xf5, 0x43, 0xf5, 0x43, 0xf5, 0x43, 0xf5, 0x43, 0xf5, 0x43, 0xf5, 0x43, 0xf6, 0x64, 0xf7,
    0x22, 0xf3, 0x32, 0xf3, 0x21, 0xf3, 0x32, 0xf3, 0x32, 0xf3, 0x32, 0xf4, 0x32, 0xf4, 0x32, 0xf4,
    0x32, 0xf4, 0x43, 0xf6, 0x32, 0xf4, 0x43, 0xf5, 0x32, 0xf4, 0x43, 0xf4, 0x32, 0xf4, 0x32, 0xf4,
    0x43, 0xf6, 0x43, 0xf6, 0x43, 0xf5, 0x43, 0xf5, 0x32, 0xf4, 0x43, 0xf5, 0x42, 0xf5, 0x43, 0xf5,
    0x33, 0xf4, 0x32, 0xf4, 0x32, 0xf4, 0x32, 0xf4, 0x43, 0xf5, 0x43, 0xf5, 0x42, 0xf5, 0x43, 0xf5,
    0x43, 0xf4, 0x32, 0xf3, 0x33, 0xf4, 0x22, 0xf3, 0x21, 0xf3, 0x32, 0xf4, 0x21, 0xf3, 0x32, 0xf4,
    0x32, 0xf3, 0x22, 0xf3, 0x22, 0xf3, 0x32, 0xf3, 0x32, 0xf4, 0x32, 0xf5, 0x32, 0xf4, 0x42, 0xf5,
    0x32, 0xf4, 0x43, 0xf5, 0x32, 0xf4, 0x64, 0xf7, 0x43, 0xf5, 0x42, 0xf5, 0x43, 0xf6, 0x42, 0xf5,
    0x43, 0xf6, 0x75, 0xf8, 0x64, 0xf7, 0x65, 0xf7, 0x43, 0xf5, 0x43, 0xf6, 0x54, 0xf7, 0x43, 0xf5,
    0x43, 0xf5, 0x53, 0xf6, 0x43, 0xf5, 0x54, 0xf6, 0x54, 0xf7, 0x43, 0xf5, 0x53, 0xf6, 0x43, 0xf6,
    0x43, 0xf5, 0x42, 0xf5, 0x43, 0xf6, 0x42, 0xf6, 0x53, 0xf6, 0x53, 0xf6, 0x43, 0xf6, 0x43, 0xf5,
    0x32, 0xf4, 0x42, 0xf5, 0x42, 0xf5, 0x53, 0xf6, 0x53, 0xf6, 0x64, 0xf7, 0x53, 0xf6, 0x54, 0xf7,
    0x53, 0xf6, 0x54, 0xf6, 0x43, 0xf6, 0x53, 0xf6, 0x42, 0xf5, 0x43, 0xf5, 0x43, 0xf5, 0x42, 0xf5,
    0x54, 0xf6, 0x43, 0xf6, 0x54, 0xf6, 0x43, 0xf6, 0x43, 0xf6, 0x43, 0xf5, 0x42, 0xf5, 0x32, 0xf4,
    0x54, 0xf7, 0x43, 0xf6, 0x53, 0xf6, 0x32, 0xf4, 0x42, 0xf5, 0x42, 0xf5, 0x43, 0xf5, 0x43, 0xf6,
    0x53, 0xf6, 0x65, 0xf8, 0x43, 0xf6, 0x54, 0xf7, 0x53, 0xf6, 0x42, 0xf5, 0x54, 0xf7, 0x43, 0xf6,
    0x42, 0xf5, 0x43, 0xf5, 0x42, 0xf5, 0x43, 0xf5, 0x54, 0xf6, 0x53, 0xf6, 0x53, 0xf6, 0x53, 0xf6,
    0x65, 0xf8, 0x54, 0xf6, 0x97, 0xfa, 0x75, 0xf8, 0x64, 0xf7, 0x75, 0xf8, 0x65, 0xf7, 0x43, 0xf5,
    0x64, 0xf7, 0x54, 0xf6, 0x21, 0xf3, 0x21, 0xf3, 0x32, 0xf4, 0x21, 0xf2, 0x32, 0xf4, 0x31, 0xf4,
    0x53, 0xf6, 0x42, 0xf5, 0x31, 0xf4, 0x32, 0xf5, 0x21, 0xf4, 0x53, 0xf7, 0x42, 0xf6, 0x64, 0xf8,
    0x31, 0xf4, 0x42, 0xf6, 0x43, 0xf5, 0x32, 0xf4, 0x42, 0xf6, 0x53, 0xf6, 0x32, 0xf4, 0x43, 0xf5,
    0x42, 0xf5, 0x42, 0xf5, 0x43, 0xf5, 0x64, 0xf6, 0x32, 0xf5, 0x32, 0xf5, 0x43, 0xf5, 0x32, 0xf4,
    0x53, 0xf6, 0x54, 0xf6, 0x65, 0xf7, 0x43, 0xf5, 0x43, 0xf5, 0x54, 0xf6, 0x43, 0xf5, 0x43, 0xf4,
    0x32, 0xf4, 0x42, 0xf5, 0x54, 0xf5, 0x32, 0xf4, 0x43, 0xf5, 0x43, 0xf6, 0x42, 0xf5, 0x42, 0xf6,
    0x54, 0xf6, 0x21, 0xf3, 0x76, 0xf8, 0x43, 0xf5, 0x32, 0xf4, 0x43, 0xf6, 0x44, 0xf5, 0x43, 0xf5,
    0x43, 0xf6, 0x53, 0xf6, 0x54, 0xf6, 0x43, 0xf6, 0x64, 0xf7, 0x43, 0xf6, 0x54, 0xf7, 0x65, 0xf7,
    0x64, 0xf7, 0x64, 0xf7, 0x54, 0xf7, 0x64, 0xf7, 0x65, 0xf8, 0x54, 0xf7, 0x53, 0xf6, 0x43, 0xf6,
    0x42, 0xf5, 0x53, 0xf7, 0x32, 0xf5, 0x43, 0xf5, 0x53, 0xf7, 0x53, 0xf7, 0x43, 0xf5, 0x53, 0xf6,
    0x32, 0xf4, 0x32, 0xf4, 0x42, 0xf5, 0x42, 0xf5, 0x43, 0xf5, 0x65, 0xf8, 0x42, 0xf5, 0x54, 0xf7,
    0x53, 0xf6, 0x54, 0xf7, 0x53, 0xf7, 0x64, 0xf7, 0x53, 0xf7, 0x53, 0xf7, 0x65, 0xf8, 0x53, 0xf7,
    0x53, 0xf7, 0x42, 0xf5, 0x54, 0xf6, 0x42, 0xf5, 0x43, 0xf6, 0x32, 0xf5, 0x32, 0xf4, 0x32, 0xf4,
    0x43, 0xf5, 0x42, 0xf6, 0x43, 0xf5, 0x43, 0xf5, 0x42, 0xf5, 0x43, 0xf5, 0x42, 0xf5, 0x43, 0xf5,
    0x43, 0xf6, 0x54, 0xf6, 0x43, 0xf5, 0x43, 0xf5, 0x32, 0xf4, 0x53, 0xf6, 0x42, 0xf5, 0x54, 0xf6,
    0x75, 0xf7, 0x54, 0xf6, 0x65, 0xf7, 0x54, 0xf6, 0x43, 0xf5, 0x32, 0xf4, 0x54, 0xf5, 0x32, 0xf4,
    0x43, 0xf6, 0x75, 0xf8, 0x32, 0xf4, 0x32, 0xf4, 0x32, 0xf4, 0x32, 0xf5, 0x42, 0xf5, 0x43, 0xf5,
    0x43, 0xf5, 0x32, 0xf4, 0x42, 0xf5, 0x42, 0xf5, 0x42, 0xf5, 0x32, 0xf4, 0x32, 0xf5, 0x43, 0xf5,
    0x64, 0xf8, 0x33, 0xf4, 0x43, 0xf5, 0x54, 0xf5, 0x43, 0xf4, 0x54, 0xf5, 0x44, 0xf5, 0x33, 0xf4,
    0x32, 0xf5, 0x32, 0xf5, 0x42, 0xf5, 0x43, 0xf5, 0x42, 0xf5, 0x42, 0xf5, 0x42, 0xf5, 0x32, 0xf4,
    0x32, 0xf4, 0x43, 0xf5, 0x43, 0xf5, 0x54, 0xf6, 0x43, 0xf5, 0x32, 0xf4, 0x54, 0xf6, 0x32, 0xf4,
    0x32, 0xf4, 0x55, 0xf6, 0x32, 0xf4, 0x33, 0xf4, 0x43, 0xf4, 0x43, 0xf5, 0x43, 0xf4, 0x65, 0xf7,
    0x32, 0xf4, 0x32, 0xf4, 0x32, 0xf5, 0x42, 0xf6, 0x43, 0xf4, 0x44, 0xf5, 0x32, 0xf4, 0x32, 0xf3,
    0x32, 0xf3, 0x21, 0xf2, 0x54, 0xf5, 0x55, 0xf6, 0x21, 0xf3, 0x32, 0xf4, 0x43, 0xf4, 0x32, 0xf3,
    0x54, 0xf5, 0x55, 0xf6, 0x43, 0xf4, 0x43, 0xf4, 0x65, 0xf7, 0x55, 0xf6, 0x55, 0xf6, 0x65, 0xf7,
    0x43, 0xf4, 0x42, 0xf5, 0x32, 0xf4, 0x43, 0xf5, 0x43, 0xf6, 0x54, 0xf6, 0x54, 0xf7, 0x53, 0xf7,
    0x32, 0xf3, 0x42, 0xf5, 0x22, 0xf3, 0x21, 0xf3, 0x53, 0xf6, 0x53, 0xf6, 0x32, 0xf4, 0x43, 0xf5,
    0x43, 0xf4, 0x54, 0xf5, 0x54, 0xf6, 0x54, 0xf5, 0x66, 0xf7, 0x54, 0xf5, 0x65, 0xf6, 0x33, 0xf4,
    0x65, 0xf7, 0x66, 0xf7, 0x54, 0xf6, 0x54, 0xf6, 0x54, 0xf5, 0x22, 0xf2, 0x22, 0xf3, 0x32, 0xf4,
    0x21, 0xf2, 0x32, 0xf4, 0x21, 0xf3, 0x52, 0xf7, 0x32, 0xf4, 0x54, 0xf6, 0x53, 0xf6, 0x54, 0xf6,
    0x32, 0xf5, 0x53, 0xf7, 0x74, 0xf9, 0x53, 0xf7, 0x53, 0xf6, 0x54, 0xf6, 0x64, 0xf7, 0x65, 0xf7,
    0x21, 0xf3, 0x32, 0xf4, 0x31, 0xf4, 0x31, 0xf4, 0x42, 0xf5, 0x53, 0xf7, 0x53, 0xf6, 0x75, 0xf8,
    0x31, 0xf5, 0x54, 0xf7, 0x53, 0xf7, 0x75, 0xf9, 0x75, 0xf8, 0x76, 0xf9, 0x65, 0xf8, 0x65, 0xf8,
    0x75, 0xf8, 0x76, 0xf8, 0x75, 0xf8, 0x75, 0xf8, 0x76, 0xf9, 0x54, 0xf6, 0x75, 0xf8, 0x76, 0xf9,
    0x75, 0xf8, 0x64, 0xf7, 0x75, 0xf8, 0x65, 0xf8, 0x64, 0xf7, 0x75, 0xf8, 0x64, 0xf8, 0x53, 0xf6,
    0x32, 0xf5, 0x54, 0xf7, 0x32, 0xf5, 0x53, 0xf6, 0x53, 0xf6, 0x64, 0xf7, 0x53, 0xf6, 0x54, 0xf7,
    0x43, 0xf5, 0x53, 0xf6, 0x54, 0xf6, 0x43, 0xf5, 0x64, 0xf7, 0x64, 0xf7, 0x32, 0xf4, 0x32, 0xf4,
    0x76, 0xf8, 0x87, 0xf9, 0x65, 0xf7, 0x86, 0xf9, 0x54, 0xf7, 0x53, 0xf6, 0x54, 0xf7, 0x64, 0xf7,
    0x43, 0xf5, 0x43, 0xf5, 0x32, 0xf4, 0x32, 0xf4, 0x43, 0xf5, 0x32, 0xf5, 0x53, 0xf6, 0x53, 0xf6,
    0x42, 0xf5, 0x32, 0xf3, 0x64, 0xf7, 0x21, 0xf3, 0x32, 0xf4, 0x32, 0xf5, 0x32, 0xf4, 0x32, 0xf5,
    0x54, 0xf6, 0x43, 0xf6, 0x54, 0xf7, 0x53, 0xf6, 0x43, 0xf6, 0x54, 0xf6, 0x53, 0xf6, 0x64, 0xf8,
    0x32, 0xf5, 0x42, 0xf5, 0x43, 0xf6, 0x42, 0xf5, 0x42, 0xf5, 0x64, 0xf8, 0x64, 0xf7, 0x75, 0xf8,
    0x54, 0xf7, 0x42, 0xf5, 0x53, 0xf6, 0x32, 0xf4, 0x64, 0xf8, 0x64, 0xf7, 0x54, 0xf7, 0x32, 0xf4,
    0x75, 0xf8, 0x75, 0xf8, 0x53, 0xf6, 0x42, 0xf5, 0x42, 0xf6, 0x42, 0xf6, 0x52, 0xf7, 0x42, 0xf5,
    0x32, 0xf5, 0x42, 0xf6, 0x54, 0xf7, 0x65, 0xf7, 0x63, 0xf7, 0x32, 0xf5, 0x53, 0xf6, 0x32, 0xf4,
    0x32, 0xf5, 0x32, 0xf4, 0x32, 0xf4, 0x32, 0xf4, 0x43, 0xf5, 0x32, 0xf4, 0x32, 0xf4, 0x43, 0xf6,
    0x43, 0xf5, 0x43, 0xf4, 0x32, 0xf4, 0x32, 0xf4, 0x32, 0xf4, 0x42, 0xf5, 0x43, 0xf6, 0x53, 0xf7,
    0x43, 0xf4, 0x43, 0xf4, 0x21, 0xf3, 0x32, 0xf4, 0x43, 0xf4, 0x32, 0xf4, 0x54, 0xf6, 0x54, 0xf6,
    0x54, 0xf7, 0x43, 0xf6, 0x53, 0xf6, 0x43, 0xf5, 0x42, 0xf5, 0x65, 0xf7, 0x54, 0xf6, 0x43, 0xf5,
    0x43, 0xf5, 0x43, 0xf5, 0x43, 0xf6, 0x42, 0xf5, 0x42, 0xf6, 0x42, 0xf6, 0x43, 0xf6, 0x53, 0xf6,
    0x53, 0xf6, 0x43, 0xf6, 0x64, 0xf7, 0x76, 0xf8, 0x53, 0xf6, 0x43, 0xf6, 0x65, 0xf8, 0x53, 0xf6,
    0x32, 0xf4, 0x53, 0xf6, 0x42, 0xf5, 0x64, 0xf7, 0x64, 0xf7, 0x53, 0xf6, 0x75, 0xf9, 0x43, 0xf6,
    0x53, 0xf7, 0x53, 0xf6, 0x65, 0xf8, 0x64, 0xf7, 0x53, 0xf6, 0x43, 0xf5, 0x42, 0xf5, 0x32, 0xf4,
    0x54, 0xf6, 0x65, 0xf7, 0x43, 0xf5, 0x65, 0xf7, 0x64, 0xf7, 0x53, 0xf6, 0x54, 0xf6, 0x54, 0xf7,
    0x42, 0xf5, 0x53, 0xf6, 0x54, 0xf6, 0x54, 0xf6, 0x65, 0xf7, 0x75, 0xf8, 0x75, 0xf8, 0x53, 0xf6,
    0x64, 0xf7, 0x97, 0xf9, 0x43, 0xf6, 0x54, 0xf6, 0x53, 0xf6, 0x43, 0xf5, 0x65, 0xf7, 0x64, 0xf7,
    0x32, 0xf4, 0x32, 0xf4, 0x32, 0xf4, 0x43, 0xf5, 0x43, 0xf5, 0x43, 0xf6, 0x54, 0xf7, 0x64, 0xf7,
    0x42, 0xf5, 0x43, 0xf5, 0x64, 0xf7, 0x75, 0xf8, 0x64, 0xf7, 0x54, 0xf6, 0x53, 0xf7, 0x42, 0xf5,
    0x54, 0xf7, 0x75, 0xf8, 0x43, 0xf6, 0x64, 0xf7, 0x54, 0xf7, 0x42, 0xf6, 0x43, 0xf5, 0x42, 0xf5,
    0x42, 0xf5, 0x43, 0xf6, 0x42, 0xf5, 0x43, 0xf6, 0x53, 0xf6, 0x64, 0xf8, 0x43, 0xf5, 0x65, 0xf8,
    0x53, 0xf7, 0x53, 0xf7, 0x64, 0xf9, 0x74, 0xf9, 0x42, 0xf5, 0x43, 0xf6, 0x63, 0xf8, 0x54, 0xf7,
    0x53, 0xf6, 0x54, 0xf6, 0x65, 0xf7, 0x64, 0xf7, 0x54, 0xf6, 0x42, 0xf6, 0x75, 0xf8, 0x42, 0xf6,
    0x64, 0xf8, 0x64, 0xf7, 0x75, 0xf8, 0x54, 0xf6, 0x43, 0xf5, 0x52, 0xf6, 0x43, 0xf5, 0x53, 0xf6,
    0x64, 0xf7, 0x75, 0xf8, 0x43, 0xf6, 0x64, 0xf8, 0x32, 0xf4, 0x32, 0xf4, 0x43, 0xf6, 0x64, 0xf8,
    0x42, 0xf5, 0x42, 0xf5, 0x32, 0xf5, 0x43, 0xf6, 0x64, 0xf8, 0x43, 0xf6, 0x42, 0xf5, 0x42, 0xf5,
    0x43, 0xf6, 0x42, 0xf6, 0x43, 0xf6, 0x54, 0xf6, 0x53, 0xf6, 0x32, 0xf4, 0x54, 0xf6, 0x42, 0xf6,
    0x53, 0xf5, 0x86, 0xf8, 0x65, 0xf7, 0x76, 0xf8, 0x76, 0xf8, 0x64, 0xf7, 0x65, 0xf8, 0x76, 0xf8,
    0x42, 0xf5, 0x53, 0xf7, 0x53, 0xf7, 0x53, 0xf6, 0x53, 0xf6, 0x54, 0xf6, 0x54, 0xf7, 0x64, 0xf7,
    0x53, 0xf7, 0x42, 0xf6, 0x42, 0xf6, 0x42, 0xf5, 0x53, 0xf6, 0x53, 0xf6, 0x65, 0xf7, 0x32, 0xf4,
    0x54, 0xf7, 0x64, 0xf7, 0x76, 0xf8, 0x54, 0xf7, 0x64, 0xf7, 0x53, 0xf6, 0x75, 0xf8, 0x43, 0xf5,
    0x64, 0xf7, 0x65, 0xf8, 0x43, 0xf5, 0x54, 0xf7, 0x75, 0xf8, 0x43, 0xf6, 0x53, 0xf6, 0x42, 0xf5,
    0x21, 0xf2, 0x32, 0xf4, 0x53, 0xf7, 0x53, 0xf7, 0x32, 0xf4, 0x63, 0xf7, 0x42, 0xf5, 0x53, 0xf7,
    0x63, 0xf8, 0x53, 0xf7, 0x64, 0xf7, 0x42, 0xf5, 0x42, 0xf5, 0x32, 0xf5, 0x43, 0xf5, 0x53, 0xf6,
    0x64, 0xf8, 0x64, 0xf7, 0x42, 0xf6, 0x32, 0xf5, 0x65, 0xf7, 0x65, 0xf7, 0x32, 0xf4, 0x43, 0xf5,
    0x31, 0xf4, 0x42, 0xf6, 0x31, 0xf4, 0x42, 0xf5, 0x53, 0xf6, 0x43, 0xf6, 0x43, 0xf6, 0x53, 0xf7,
    0x32, 0xf4, 0x32, 0xf3, 0x32, 0xf4, 0x42, 0xf5, 0x42, 0xf5, 0x65, 0xf8, 0x42, 0xf6, 0x64, 0xf7,
    0x32, 0xf4, 0x53, 0xf6, 0x53, 0xf7, 0x54, 0xf6, 0x43, 0xf6, 0x42, 0xf5, 0x43, 0xf4, 0x32, 0xf4,
    0x65, 0xf8, 0x42, 0xf5, 0x54, 0xf7, 0x54, 0xf6, 0x32, 0xf4, 0x32, 0xf4, 0x54, 0xf5, 0x43, 0xf4,
    0x43, 0xf5, 0x65, 0xf6, 0x43, 0xf4, 0x55, 0xf6, 0x65, 0xf6, 0x65, 0xf6, 0x65, 0xf6, 0x64, 0xf6,
    0x42, 0xf5, 0x42, 0xf6, 0x42, 0xf5, 0x42, 0xf6, 0x54, 0xf6, 0x43, 0xf5, 0x53, 0xf7, 0x53, 0xf6,
    0x32, 0xf5, 0x43, 0xf5, 0x42, 0xf6, 0x32, 0xf5, 0x53, 0xf7, 0x42, 0xf6, 0x32, 0xf5, 0x43, 0xf6,
    0x32, 0xf4, 0x42, 0xf5, 0x43, 0xf5, 0x53, 0xf6, 0x43, 0xf6, 0x64, 0xf8, 0x43, 0xf5, 0x54, 0xf6,
    0x53, 0xf6, 0x42, 0xf5, 0x54, 0xf6, 0x42, 0xf5, 0x43, 0xf5, 0x42, 0xf5, 0x42, 0xf5, 0x53, 0xf6,
    0x42, 0xf6, 0x42, 0xf6, 0x52, 0xf7, 0x42, 0xf5, 0x43, 0xf6, 0x42, 0xf5, 0x32, 0xf4, 0x32, 0xf4,
    0x63, 0xf8, 0x64, 0xf8, 0x53, 0xf7, 0x74, 0xf9, 0x42, 0xf5, 0x42, 0xf5, 0x53, 0xf6, 0x53, 0xf6,
    0x42, 0xf5, 0x42, 0xf5, 0x43, 0xf5, 0x42, 0xf5, 0x42, 0xf6, 0x54, 0xf6, 0x42, 0xf5, 0x54, 0xf6,
    0x32, 0xf5, 0x43, 0xf5, 0x54, 0xf7, 0x53, 0xf6, 0x54, 0xf6, 0x75, 0xf8, 0x65, 0xf7, 0x86, 0xf9,
    0x53, 0xf7, 0x54, 0xf7, 0x53, 0xf6, 0x53, 0xf6, 0x43, 0xf6, 0x65, 0xf7, 0x43, 0xf5, 0x64, 0xf6,
    0x43, 0xf5, 0x54, 0xf6, 0x65, 0xf7, 0x66, 0xf7, 0x44, 0xf5, 0x44, 0xf5, 0x65, 0xf6, 0x65, 0xf7,
    0x54, 0xf6, 0x54, 0xf5, 0x54, 0xf6, 0x65, 0xf6, 0x76, 0xf8, 0x65, 0xf7, 0x76, 0xf8, 0x54, 0xf6,
    0x54, 0xf6, 0x65, 0xf7, 0x55, 0xf6, 0x54, 0xf5, 0x54, 0xf5, 0x55, 0xf6, 0x43, 0xf5, 0x76, 0xf7,
    0x65, 0xf6, 0x65, 0xf7, 0x65, 0xf7, 0x65, 0xf7, 0x65, 0xf6, 0x65, 0xf6, 0x65, 0xf6, 0x55, 0xf6,
    0x64, 0xf7, 0x65, 0xf7, 0x64, 0xf7, 0x64, 0xf6, 0x65, 0xf6, 0x54, 0xf6, 0x54, 0xf5, 0x43, 0xf5,
    0x55, 0xf6, 0x54, 0xf5, 0x55, 0xf6, 0x65, 0xf6, 0x44, 0xf5, 0x76, 0xf8, 0x54, 0xf5, 0x65, 0xf6,
    0x76, 0xf7, 0x66, 0xf7, 0x54, 0xf6, 0x65, 0xf7, 0x55, 0xf6, 0x43, 0xf4, 0x65, 0xf7, 0x33, 0xf4,
    0x43, 0xf5, 0x32, 0xf4, 0x43, 0xf5, 0x43, 0xf5, 0x43, 0xf5, 0x42, 0xf5, 0x32, 0xf4, 0x32, 0xf4,
    0x32, 0xf4, 0x32, 0xf4, 0x32, 0xf4, 0x32, 0xf4, 0x32, 0xf4, 0x32, 0xf4, 0x32, 0xf4, 0x43, 0xf5,
    0x32, 0xf4, 0x32, 0xf5, 0x31, 0xf4, 0x43, 0xf5, 0x54, 0xf6, 0x54, 0xf5, 0x65, 0xf7, 0x65, 0xf7,
    0x43, 0xf5, 0x43, 0xf5, 0x43, 0xf5, 0x43, 0xf5, 0x65, 0xf6, 0x65, 0xf7, 0x54, 0xf5, 0x44, 0xf5,
    0x22, 0xf3, 0x32, 0xf4, 0x21, 0xf3, 0x42, 0xf5, 0x43, 0xf5, 0x43, 0xf5, 0x32, 0xf5, 0x32, 0xf4,
    0x21, 0xf4, 0x42, 0xf5, 0x21, 0xf4, 0x42, 0xf5, 0x32, 0xf5, 0x32, 0xf4, 0x43, 0xf5, 0x32, 0xf4,
    0x32, 0xf5, 0x53, 0xf6, 0x42, 0xf5, 0x43, 0xf6, 0x54, 0xf5, 0x43, 0xf5, 0x44, 0xf5, 0x54, 0xf5,
    0x32, 0xf4, 0x32, 0xf4, 0x43, 0xf6, 0x43, 0xf5, 0x32, 0xf4, 0x43, 0xf5, 0x21, 0xf3, 0x32, 0xf3,
    0x54, 0xf5, 0x54, 0xf6, 0x54, 0xf5, 0x54, 0xf6, 0x53, 0xf6, 0x53, 0xf6, 0x53, 0xf6, 0x64, 0xf7,
    0x54, 0xf5, 0x54, 0xf6, 0x44, 0xf5, 0x43, 0xf5, 0x54, 0xf6, 0x65, 0xf8, 0x54, 0xf6, 0x54, 0xf6,
    0x64, 0xf7, 0x54, 0xf6, 0x64, 0xf7, 0x54, 0xf6, 0x65, 0xf7, 0x33, 0xf4, 0x54, 0xf5, 0x43, 0xf5,
    0x54, 0xf6, 0x54, 0xf6, 0x54, 0xf5, 0x54, 0xf6, 0x54, 0xf5, 0x54, 0xf6, 0x64, 0xf6, 0x65, 0xf7,
    0x54, 0xf6, 0x54, 0xf6, 0x65, 0xf6, 0x44, 0xf5, 0x54, 0xf6, 0x54, 0xf5, 0x43, 0xf5, 0x54, 0xf6,
    0x55, 0xf6, 0x54, 0xf6, 0x43, 0xf4, 0x54, 0xf5, 0x43, 0xf5, 0x54, 0xf5, 0x54, 0xf6, 0x54, 0xf6,
    0x54, 0xf6, 0x54, 0xf7, 0x54, 0xf6, 0x54, 0xf6, 0x54, 0xf6, 0x33, 0xf4, 0x43, 0xf5, 0x21, 0xf2,
    0x54, 0xf6, 0x54, 0xf6, 0x54, 0xf6, 0x22, 0xf3, 0x32, 0xf3, 0x32, 0xf4, 0x21, 0xf2, 0x32, 0xf5,
    0x32, 0xf5, 0x42, 0xf6, 0x42, 0xf6, 0x32, 0xf5, 0x42, 0xf5, 0x32, 0xf4, 0x32, 0xf5, 0x42, 0xf6,
    0x54, 0xf6, 0x54, 0xf6, 0x65, 0xf7, 0x65, 0xf7, 0x42, 0xf6, 0x42, 0xf6, 0x65, 0xf7, 0x43, 0xf5,
    0x43, 0xf5, 0x43, 0xf4, 0x43, 0xf5, 0x43, 0xf4, 0x32, 0xf4, 0x32, 0xf4, 0x32, 0xf4, 0x43, 0xf5,
    0x21, 0xf3, 0x32, 0xf4, 0x21, 0xf3, 0x32, 0xf4, 0x32, 0xf4, 0x32, 0xf5, 0x32, 0xf4, 0x32, 0xf4,
    0x54, 0xf6, 0x76, 0xf8, 0x53, 0xf6, 0x75, 0xf8, 0x64, 0xf7, 0x65, 0xf8, 0x65, 0xf7, 0x54, 0xf6,
    0x54, 0xf6, 0x54, 0xf6, 0x76, 0xf8, 0x54, 0xf6, 0x54, 0xf6, 0x43, 0xf5, 0x43, 0xf5, 0x43, 0xf6,
    0x32, 0xf4, 0x21, 0xf3, 0x22, 0xf3, 0x21, 0xf3, 0x32, 0xf4, 0x32, 0xf4, 0x32, 0xf4, 0x42, 0xf5,
    0x32, 0xf3, 0x32, 0xf4, 0x53, 0xf6, 0x53, 0xf6, 0x32, 0xf4, 0x32, 0xf5, 0x43, 0xf5, 0x32, 0xf5,
    0x33, 0xf4, 0x33, 0xf4, 0x32, 0xf4, 0x21, 0xf3, 0x32, 0xf3, 0x33, 0xf4, 0x21, 0xf3, 0x22, 0xf3,
    0x32, 0xf5, 0x32, 0xf5, 0x42, 0xf5, 0x42, 0xf5, 0x42, 0xf5, 0x42, 0xf5, 0x54, 0xf7, 0x53, 0xf7,
    0x22, 0xf3, 0x21, 0xf3, 0x22, 0xf3, 0x32, 0xf4, 0x32, 0xf4, 0x54, 0xf7, 0x42, 0xf5, 0x53, 0xf6,
    0x43, 0xf5, 0x43, 0xf5, 0x43, 0xf6, 0x43, 0xf5, 0x43, 0xf6, 0x54, 0xf7, 0x53, 0xf6, 0x53, 0xf6,
    0x32, 0xf5, 0x32, 0xf5, 0x32, 0xf4, 0x42, 0xf6, 0x42, 0xf6, 0x43, 0xf6, 0x42, 0xf6, 0x32, 0xf4,
    0x32, 0xf5, 0x42, 0xf6, 0x32, 0xf4, 0x42, 0xf5, 0x43, 0xf6, 0x53, 0xf6, 0x43, 0xf6, 0x54, 0xf6,
    0x32, 0xf4, 0x42, 0xf5, 0x32, 0xf4, 0x64, 0xf7, 0x53, 0xf6, 0x43, 0xf5, 0x75, 0xf7, 0x43, 0xf4,
    0x64, 0xf7, 0x65, 0xf7, 0x64, 0xf7, 0x54, 0xf6, 0x65, 0xf8, 0x54, 0xf6, 0x75, 0xf8, 0x75, 0xf8,
    0x32, 0xf3, 0x32, 0xf4, 0x32, 0xf4, 0x21, 0xf3, 0x32, 0xf4, 0x44, 0xf5, 0x32, 0xf5, 0x44, 0xf5,
    0x32, 0xf4, 0x21, 0xf2, 0x21, 0xf3, 0x32, 0xf4, 0x32, 0xf4, 0x44, 0xf5, 0x43, 0xf4, 0x43, 0xf4,
    0x43, 0xf4, 0x33, 0xf4, 0x54, 0xf5, 0x65, 0xf7, 0x43, 0xf5, 0x43, 0xf4, 0x54, 0xf5, 0x43, 0xf4,
    0x44, 0xf5, 0x65, 0xf6, 0x44, 0xf5, 0x54, 0xf5, 0x55, 0xf6, 0x43, 0xf5, 0x44, 0xf5, 0x43, 0xf4,
    0x21, 0xf2, 0x32, 0xf4, 0x21, 0xf3, 0x32, 0xf4, 0x43, 0xf5, 0x44, 0xf5, 0x54, 0xf6, 0x44, 0xf5,
    0x31, 0xf4, 0x54, 0xf6, 0x43, 0xf5, 0x65, 0xf6, 0x54, 0xf6, 0x43, 0xf4, 0x54, 0xf6, 0x43, 0xf5,
    0x43, 0xf5, 0x43, 0xf5, 0x43, 0xf5, 0x43, 0xf4, 0x43, 0xf5, 0x43, 0xf4, 0x43, 0xf4, 0x43, 0xf4,
    0x54, 0xf5, 0x43, 0xf5, 0x44, 0xf5, 0x43, 0xf5, 0x43, 0xf5, 0x43, 0xf4, 0x44, 0xf5, 0x54, 0xf5,
    0x54, 0xf5, 0x44, 0xf5, 0x43, 0xf5, 0x43, 0xf5, 0x43, 0xf5, 0x54, 0xf5, 0x43, 0xf4, 0x43, 0xf4,
    0x43, 0xf5, 0x44, 0xf5, 0x43, 0xf4, 0x43, 0xf5, 0x43, 0xf4, 0x43, 0xf5, 0x43, 0xf5, 0x43, 0xf4,
    0x43, 0xf5, 0x43, 0xf5, 0x43, 0xf5, 0x43, 0xf5, 0x43, 0xf4, 0x43, 0xf4, 0x44, 0xf5, 0x43, 0xf5,
    0x43, 0xf4, 0x43, 0xf4, 0x43, 0xf4, 0x44, 0xf5, 0x54, 0xf6, 0x44, 0xf5, 0x54, 0xf5, 0x44, 0xf5,
    0x43, 0xf5, 0x43, 0xf5, 0x43, 0xf5, 0x53, 0xf6, 0x54, 0xf6, 0x43, 0xf4, 0x54, 0xf6, 0x43, 0xf5,
    0x44, 0xf5, 0x55, 0xf6, 0x54, 0xf5, 0x43, 0xf5, 0x65, 0xf6, 0x43, 0xf5, 0x54, 0xf6, 0x43, 0xf5,
    0x33, 0xf4, 0x43, 0xf5, 0x43, 0xf5, 0x43, 0xf5, 0x44, 0xf5, 0x54, 0xf5, 0x43, 0xf5, 0x32, 0xf3,
    0x43, 0xf5, 0x32, 0xf4, 0x32, 0xf3, 0x32, 0xf4, 0x32, 0xf3, 0x21, 0xf3, 0x32, 0xf4, 0x43, 0xf6,
    0x64, 0xf7, 0x65, 0xf7, 0x43, 0xf5, 0x54, 0xf6, 0x54, 0xf5, 0x43, 0xf5, 0x43, 0xf5, 0x43, 0xf5,
    0x64, 0xf7, 0x32, 0xf4, 0x53, 0xf6, 0x53, 0xf6, 0x42, 0xf5, 0x42, 0xf5, 0x53, 0xf6, 0x43, 0xf5,
    0x43, 0xf4, 0x43, 0xf5, 0x43, 0xf5, 0x53, 0xf6, 0x54, 0xf6, 0x54, 0xf6, 0x54, 0xf6, 0x65, 0xf6,
    0x42, 0xf5, 0x53, 0xf6, 0x32, 0xf4, 0x42, 0xf6, 0x53, 0xf6, 0x54, 0xf6, 0x53, 0xf6, 0x32, 0xf4,
    0x43, 0xf5, 0x64, 0xf8, 0x32, 0xf4, 0x43, 0xf5, 0x53, 0xf7, 0x43, 0xf6, 0x53, 0xf7, 0x53, 0xf7,
    0x54, 0xf6, 0x43, 0xf5, 0x65, 0xf7, 0x32, 0xf4, 0x42, 0xf5, 0x53, 0xf6, 0x42, 0xf5, 0x53, 0xf6,
    0x32, 0xf4, 0x32, 0xf4, 0x43, 0xf6, 0x43, 0xf5, 0x32, 0xf4, 0x32, 0xf4, 0x32, 0xf4, 0x42, 0xf5,
    0x75, 0xf8, 0x54, 0xf7, 0x54, 0xf7, 0x43, 0xf5, 0x32, 0xf4, 0x42, 0xf5, 0x42, 0xf5, 0x42, 0xf6,
    0x54, 0xf6, 0x43, 0xf4, 0x54, 0xf6, 0x43, 0xf5, 0x43, 0xf5, 0x43, 0xf4, 0x53, 0xf6, 0x43, 0xf5,
    0x43, 0xf5, 0x43, 0xf5, 0x21, 0xf3, 0x32, 0xf4, 0x43, 0xf5, 0x21, 0xf3, 0x53, 0xf6, 0x42, 0xf5,
    0x43, 0xf5, 0x32, 0xf4, 0x32, 0xf4, 0x31, 0xf4, 0x42, 0xf6, 0x64, 0xf8, 0x54, 0xf7, 0x64, 0xf7,
    0x21, 0xf3, 0x32, 0xf4, 0x32, 0xf3, 0x42, 0xf5, 0x75, 0xf8, 0x53, 0xf6, 0x65, 0xf7, 0x53, 0xf6,
    0x43, 0xf5, 0x64, 0xf7, 0x53, 0xf6, 0x64, 0xf7, 0x64, 0xf7, 0x54, 0xf6, 0x53, 0xf6, 0x53, 0xf6,
    0x64, 0xf7, 0x54, 0xf6, 0x43, 0xf5, 0x53, 0xf6, 0x43, 0xf5, 0x43, 0xf5, 0x42, 0xf5, 0x53, 0xf6,
    0x43, 0xf5, 0x32, 0xf4, 0x43, 0xf5, 0x32, 0xf3, 0x32, 0xf4, 0x32, 0xf5, 0x21, 0xf3, 0x32, 0xf5,
    0x42, 0xf5, 0x43, 0xf6, 0x43, 0xf6, 0x54, 0xf7, 0x32, 0xf3, 0x32, 0xf4, 0x43, 0xf5, 0x32, 0xf4,
    0x64, 0xf7, 0x76, 0xf8, 0x32, 0xf4, 0x32, 0xf4, 0x53, 0xf6, 0x21, 0xf3, 0x21, 0xf4, 0x32, 0xf5,
    0x32, 0xf5, 0x31, 0xf4, 0x43, 0xf6, 0x32, 0xf4, 0x32, 0xf5, 0x42, 0xf6, 0x42, 0xf5, 0x32, 0xf5,
    0x43, 0xf6, 0x43, 0xf6, 0x42, 0xf6, 0x54, 0xf7, 0x43, 0xf6, 0x42, 0xf5, 0x42, 0xf5, 0x42, 0xf6,
    0x53, 0xf7, 0x43, 0xf6, 0x53, 0xf6, 0x43, 0xf6, 0x31, 0xf5, 0x42, 0xf6, 0x31, 0xf5, 0x43, 0xf6,
    0x43, 0xf5, 0x22, 0xf3, 0x42, 0xf5, 0x42, 0xf5, 0x43, 0xf6, 0x42, 0xf5, 0x53, 0xf7, 0x53, 0xf7,
    0x53, 0xf7, 0x31, 0xf5, 0x42, 0xf5, 0x42, 0xf5, 0x53, 0xf6, 0x43, 0xf6, 0x54, 0xf6, 0x75, 0xf8,
    0x53, 0xf7, 0x43, 0xf5, 0x53, 0xf7, 0x43, 0xf6, 0x53, 0xf7, 0x52, 0xf7, 0x64, 0xf7, 0x53, 0xf7,
    0x31, 0xf4, 0x53, 0xf6, 0x43, 0xf5, 0x31, 0xf4, 0x64, 0xf7, 0x53, 0xf7, 0x42, 0xf6, 0x64, 0xf8,
    0x31, 0xf4, 0x42, 0xf5, 0x54, 0xf7, 0x53, 0xf6, 0x53, 0xf6, 0x54, 0xf6, 0x53, 0xf6, 0x54, 0xf7,
    0x54, 0xf6, 0x53, 0xf6, 0x53, 0xf7, 0x53, 0xf6, 0x32, 0xf5, 0x64, 0xf7, 0x54, 0xf6, 0x53, 0xf6,
    0x64, 0xf6, 0x54, 0xf6, 0x65, 0xf7, 0x43, 0xf5, 0x65, 0xf8, 0x75, 0xf8, 0x65, 0xf7, 0x64, 0xf7,
    0x65, 0xf7, 0x53, 0xf5, 0x53, 0xf6, 0x43, 0xf5, 0x65, 0xf7, 0x43, 0xf5, 0x64, 0xf7, 0x43, 0xf5,
    0x53, 0xf7, 0x64, 0xf8, 0x64, 0xf8, 0x54, 0xf7, 0x43, 0xf6, 0x54, 0xf6, 0x42, 0xf6, 0x43, 0xf6,
    0x64, 0xf8, 0x64, 0xf7, 0x53, 0xf7, 0x42, 0xf5, 0x43, 0xf5, 0x43, 0xf6, 0x42, 0xf5, 0x64, 0xf8,
    0x43, 0xf5, 0x54, 0xf7, 0x64, 0xf7, 0x43, 0xf6, 0x42, 0xf5, 0x32, 0xf4, 0x32, 0xf5, 0x43, 0xf6,
    0x53, 0xf6, 0x64, 0xf8, 0x64, 0xf8, 0x53, 0xf7, 0x53, 0xf6, 0x32, 0xf5, 0x42, 0xf5, 0x53, 0xf6,
    0x53, 0xf6, 0x54, 0xf7, 0x64, 0xf8, 0x86, 0xf9, 0x64, 0xf7, 0x86, 0xf9, 0x86, 0xf9, 0x98, 0xfa,
    0x76, 0xf8, 0x87, 0xf9, 0x86, 0xf9, 0x97, 0xfa, 0x97, 0xf9, 0x98, 0xfa, 0x86, 0xf9, 0x87, 0xf9,
    0x87, 0xf9, 0x76, 0xf8, 0x87, 0xf9, 0x64, 0xf6, 0x43, 0xf5, 0x53, 0xf7, 0x32, 0xf4, 0x53, 0xf6,
    0x65, 0xf7, 0x32, 0xf4, 0x43, 0xf5, 0x32, 0xf3, 0x32, 0xf3, 0x42, 0xf6, 0x32, 0xf4, 0x53, 0xf7,
    0x42, 0xf6, 0x86, 0xf9, 0x42, 0xf6, 0x53, 0xf7, 0x97, 0xf9, 0x54, 0xf6, 0x64, 0xf8, 0x32, 0xf4,
    0x53, 0xf6, 0x63, 0xf8, 0x53, 0xf6, 0x53, 0xf7, 0x53, 0xf8, 0x42, 0xf6, 0x64, 0xf7, 0x53, 0xf7,
    0x32, 0xf4, 0x31, 0xf3, 0x42, 0xf5, 0x42, 0xf6, 0x42, 0xf5, 0x42, 0xf6, 0x42, 0xf6, 0x32, 0xf4,
    0x53, 0xf7, 0x52, 0xf7, 0x43, 0xf6, 0x32, 0xf5, 0x54, 0xf7, 0x43, 0xf5, 0x42, 0xf5, 0x43, 0xf5,
    0x42, 0xf6, 0x53, 0xf6, 0x53, 0xf7, 0x54, 0xf7, 0x54, 0xf6, 0x65, 0xf8, 0x64, 0xf6, 0x54, 0xf7,
    0x63, 0xf7, 0x43, 0xf5, 0x53, 0xf6, 0x32, 0xf5, 0x42, 0xf5, 0x53, 0xf7, 0x32, 0xf4, 0x42, 0xf6,
    0x65, 0xf7, 0x64, 0xf7, 0x75, 0xf8, 0x64, 0xf8, 0x43, 0xf6, 0x42, 0xf5, 0x43, 0xf5, 0x32, 0xf5,
    0x53, 0xf6, 0x43, 0xf6, 0x53, 0xf7, 0x42, 0xf6, 0x54, 0xf7, 0x43, 0xf6, 0x52, 0xf7, 0x43, 0xf6,
    0x43, 0xf6, 0x53, 0xf7, 0x42, 0xf5, 0x64, 0xf7, 0x65, 0xf8, 0x64, 0xf8, 0x75, 0xf8, 0x64, 0xf8,
    0x32, 0xf4, 0x64, 0xf7, 0x43, 0xf5, 0x42, 0xf6, 0x43, 0xf5, 0x32, 0xf5, 0x32, 0xf5, 0x21, 0xf3,
    0x52, 0xf7, 0x32, 0xf5, 0x43, 0xf6, 0x32, 0xf4, 0x42, 0xf5, 0x32, 0xf5, 0x42, 0xf6, 0x42, 0xf5,
    0x43, 0xf5, 0x42, 0xf6, 0x54, 0xf6, 0x76, 0xf9, 0x53, 0xf7, 0x54, 0xf7, 0x65, 0xf7, 0x42, 0xf5,
    0x54, 0xf6, 0x65, 0xf8, 0x43, 0xf6, 0x43, 0xf6, 0x64, 0xf7, 0x21, 0xf3, 0x42, 0xf6, 0x31, 0xf4,
    0x54, 0xf7, 0x32, 0xf4, 0x53, 0xf6, 0x65, 0xf8, 0x42, 0xf6, 0x53, 0xf7, 0x75, 0xf8, 0x64, 0xf7,
    0x32, 0xf4, 0x32, 0xf4, 0x32, 0xf5, 0x32, 0xf4, 0x42, 0xf5, 0x42, 0xf6, 0x21, 0xf3, 0x21, 0xf4,
    0x42, 0xf5, 0x31, 0xf4, 0x31, 0xf4, 0x32, 0xf4, 0x32, 0xf4, 0x44, 0xf5, 0x54, 0xf5, 0x54, 0xf6,
    0x32, 0xf5, 0x42, 0xf5, 0x42, 0xf6, 0x53, 0xf7, 0x43, 0xf5, 0x53, 0xf6, 0x42, 0xf5, 0x53, 0xf7,
    0x42, 0xf6, 0x65, 0xf7, 0x53, 0xf6, 0x32, 0xf5, 0x43, 0xf5, 0x31, 0xf4, 0x43, 0xf5, 0x64, 0xf7,
    0x42, 0xf5, 0x43, 0xf5, 0x32, 0xf4, 0x43, 0xf5, 0x54, 0xf6, 0x55, 0xf6, 0x65, 0xf6, 0x44, 0xf5,
    0x32, 0xf4, 0x43, 0xf5, 0x32, 0xf4, 0x32, 0xf4, 0x55, 0xf6, 0x54, 0xf6, 0x32, 0xf3, 0x43, 0xf4,
    0x21, 0xf3, 0x31, 0xf4, 0x32, 0xf4, 0x32, 0xf4, 0x32, 0xf5, 0x43, 0xf6, 0x32, 0xf4, 0x32, 0xf5,
    0x54, 0xf5, 0x33, 0xf4, 0x54, 0xf6, 0x54, 0xf5, 0x22, 0xf3, 0x22, 0xf3, 0x54, 0xf5, 0x22, 0xf3,
    0x43, 0xf5, 0x32, 0xf4, 0x32, 0xf4, 0x43, 0xf5, 0x53, 0xf6, 0x43, 0xf5, 0x43, 0xf6, 0x53, 0xf7,
    0x43, 0xf6, 0x42, 0xf5, 0x32, 0xf3, 0x32, 0xf4, 0x42, 0xf5, 0x53, 0xf6, 0x53, 0xf6, 0x75, 0xf8,
    0x44, 0xf5, 0x44, 0xf5, 0x43, 0xf5, 0x44, 0xf5, 0x54, 0xf6, 0x33, 0xf4, 0x54, 0xf6, 0x44, 0xf5,
    0x43, 0xf4, 0x44, 0xf5, 0x54, 0xf5, 0x43, 0xf4, 0x43, 0xf4, 0x32, 0xf3, 0x21, 0xf3, 0x21, 0xf3,
    0x21, 0xf2, 0x32, 0xf4, 0x21, 0xf3, 0x43, 0xf6, 0x42, 0xf5, 0x53, 0xf6, 0x54, 0xf7, 0x42, 0xf5,
    0x32, 0xf4, 0x53, 0xf6, 0x42, 0xf6, 0x43, 0xf6, 0x54, 0xf7, 0x32, 0xf4, 0x43, 0xf5, 0x32, 0xf4,
    0x43, 0xf6, 0x64, 0xf7, 0x42, 0xf6, 0x75, 0xf8, 0x75, 0xf8, 0x64, 0xf8, 0x43, 0xf6, 0x42, 0xf5,
    0x42, 0xf6, 0x42, 0xf5, 0x32, 0xf5, 0x43, 0xf6, 0x32, 0xf4, 0x32, 0xf5, 0x42, 0xf5, 0x32, 0xf4,
    0x42, 0xf6, 0x32, 0xf5, 0x43, 0xf5, 0x43, 0xf5, 0x21, 0xf2, 0x32, 0xf3, 0x43, 0xf4, 0x32, 0xf4,
    0x32, 0xf4, 0x43, 0xf4, 0x43, 0xf5, 0x54, 0xf5, 0x32, 0xf3, 0x32, 0xf4, 0x42, 0xf5, 0x32, 0xf4,
    0x42, 0xf5, 0x53, 0xf7, 0x43, 0xf6, 0x53, 0xf7, 0x53, 0xf7, 0x32, 0xf4, 0x32, 0xf4, 0x32, 0xf4,
    0x43, 0xf5, 0x31, 0xf4, 0x53, 0xf6, 0x64, 0xf8, 0x43, 0xf5, 0x53, 0xf6, 0x64, 0xf7, 0x42, 0xf6,
    0x32, 0xf4, 0x43, 0xf5, 0x43, 0xf5, 0x43, 0xf6, 0x42, 0xf5, 0x32, 0xf4, 0x54, 0xf6, 0x42, 0xf5,
    0x42, 0xf5, 0x53, 0xf7, 0x32, 0xf5, 0x53, 0xf7, 0x53, 0xf6, 0x42, 0xf6, 0x53, 0xf7, 0x64, 0xf8,
    0x33, 0xf4, 0x21, 0xf2, 0x43, 0xf5, 0x21, 0xf3, 0x32, 0xf4, 0x43, 0xf6, 0x42, 0xf5, 0x54, 0xf6,
    0x64, 0xf8, 0x43, 0xf5, 0x32, 0xf4, 0x54, 0xf6, 0x54, 0xf5, 0x65, 0xf6, 0x65, 0xf6, 0x65, 0xf7,
    0x42, 0xf6, 0x32, 0xf5, 0x44, 0xf5, 0x32, 0xf3, 0x22, 0xf3, 0x32, 0xf4, 0x21, 0xf2, 0x21, 0xf3,
    0x54, 0xf5, 0x43, 0xf5, 0x53, 0xf6, 0x53, 0xf6, 0x22, 0xf3, 0x32, 0xf4, 0x42, 0xf5, 0x43, 0xf5,
    0x43, 0xf5, 0x76, 0xf7, 0x32, 0xf4, 0x54, 0xf5, 0x65, 0xf6, 0x55, 0xf6, 0x66, 0xf7, 0x65, 0xf6,
    0x42, 0xf5, 0x32, 0xf4, 0x53, 0xf6, 0x33, 0xf4, 0x33, 0xf4, 0x44, 0xf5, 0x32, 0xf3, 0x32, 0xf4,
    0x54, 0xf6, 0x54, 0xf6, 0x65, 0xf6, 0x65, 0xf7, 0x53, 0xf6, 0x43, 0xf5, 0x43, 0xf4, 0x43, 0xf5,
    0x44, 0xf5, 0x33, 0xf4, 0x32, 0xf4, 0x32, 0xf3, 0x33, 0xf4, 0x54, 0xf6, 0x43, 0xf6, 0x54, 0xf6,
    0x43, 0xf4, 0x44, 0xf5, 0x43, 0xf5, 0x44, 0xf5, 0x33, 0xf4, 0x32, 0xf4, 0x43, 0xf5, 0x32, 0xf4,
    0x43, 0xf4, 0x43, 0xf5, 0x54, 0xf5, 0x44, 0xf5, 0x44, 0xf5, 0x22, 0xf3, 0x22, 0xf3, 0x21, 0xf2,
    0x32, 0xf5, 0x33, 0xf4, 0x32, 0xf4, 0x21, 0xf3, 0x44, 0xf4, 0x44, 0xf4, 0x33, 0xf4, 0x43, 0xf4,
    0x32, 0xf4, 0x32, 0xf4, 0x22, 0xf3, 0x43, 0xf4, 0x32, 0xf4, 0x22, 0xf3, 0x32, 0xf4, 0x22, 0xf3,
    0x33, 0xf4, 0x21, 0xf2, 0x21, 0xf2, 0x21, 0xf3, 0x21, 0xf2, 0x54, 0xf6, 0x54, 0xf6, 0x65, 0xf7,
    0x21, 0xf3, 0x43, 0xf5, 0x42, 0xf6, 0x64, 0xf7, 0x65, 0xf7, 0x65, 0xf7, 0x54, 0xf6, 0x65, 0xf7,
    0x65, 0xf7, 0x65, 0xf7, 0x65, 0xf7, 0x76, 0xf8, 0x21, 0xf3, 0x43, 0xf6, 0x32, 0xf4, 0x43, 0xf5,
    0x64, 0xf6, 0x65, 0xf7, 0x64, 0xf6, 0x54, 0xf6, 0x43, 0xf5, 0x42, 0xf5, 0x65, 0xf7, 0x54, 0xf6,
    0x54, 0xf5, 0x43, 0xf4, 0x43, 0xf4, 0x33, 0xf4, 0x44, 0xf4, 0x32, 0xf3, 0x43, 0xf4, 0x32, 0xf3,
    0x33, 0xf4, 0x43, 0xf4, 0x43, 0xf5, 0x75, 0xf8, 0x32, 0xf4, 0x32, 0xf4, 0x42, 0xf5, 0x64, 0xf7,
    0x42, 0xf5, 0x42, 0xf6, 0x31, 0xf4, 0x52, 0xf7, 0x32, 0xf4, 0x42, 0xf5, 0x31, 0xf4, 0x32, 0xf4,
    0x32, 0xf5, 0x53, 0xf6, 0x64, 0xf7, 0x43, 0xf5, 0x42, 0xf5, 0x42, 0xf6, 0x42, 0xf6, 0x53, 0xf7,
    0x64, 0xf7, 0x64, 0xf7, 0x75, 0xf8, 0x64, 0xf7, 0x43, 0xf6, 0x86, 0xf9, 0x53, 0xf6, 0x64, 0xf7,
    0x53, 0xf6, 0x54, 0xf7, 0x43, 0xf5, 0x86, 0xf9, 0x64, 0xf7, 0x64, 0xf8, 0x75, 0xf9, 0x86, 0xf9,
    0x87, 0xfa, 0x64, 0xf7, 0x76, 0xf9, 0x43, 0xf6, 0x42, 0xf6, 0x64, 0xf7, 0x43, 0xf6, 0x64, 0xf7,
    0x76, 0xf8, 0x54, 0xf7, 0x76, 0xf8, 0x65, 0xf8, 0x53, 0xf7, 0x54, 0xf7, 0x42, 0xf6, 0x53, 0xf7,
    0x42, 0xf6, 0x64, 0xf7, 0x32, 0xf4, 0x32, 0xf4, 0x65, 0xf7, 0x65, 0xf7, 0x64, 0xf7, 0x65, 0xf7,
    0x43, 0xf5, 0x43, 0xf5, 0x43, 0xf6, 0x64, 0xf7, 0x54, 0xf7, 0x32, 0xf4, 0x54, 0xf7, 0x32, 0xf4,
    0x54, 0xf6, 0x33, 0xf4, 0x32, 0xf4, 0x32, 0xf4, 0x43, 0xf5, 0x32, 0xf4, 0x32, 0xf4, 0x43, 0xf6,
    0x32, 0xf3, 0x32, 0xf4, 0x32, 0xf4, 0x32, 0xf4, 0x54, 0xf7, 0x64, 0xf8, 0x43, 0xf6, 0x43, 0xf5,
    0x43, 0xf6, 0x43, 0xf6, 0x53, 0xf7, 0x64, 0xf8, 0x42, 0xf5, 0x43, 0xf6, 0x53, 0xf7, 0x53, 0xf7,
    0x42, 0xf6, 0x42, 0xf6, 0x42, 0xf5, 0x32, 0xf5, 0x53, 0xf6, 0x53, 0xf6, 0x43, 0xf5, 0x54, 0xf6,
    0x53, 0xf6, 0x53, 0xf6, 0x43, 0xf6, 0x53, 0xf6, 0x32, 0xf4, 0x43, 0xf5, 0x43, 0xf5, 0x43, 0xf4,
    0x43, 0xf5, 0x53, 0xf6, 0x54, 0xf7, 0x53, 0xf6, 0x42, 0xf5, 0x32, 0xf4, 0x43, 0xf5, 0x43, 0xf5,
    0x32, 0xf4, 0x86, 0xf9, 0x43, 0xf5, 0x75, 0xf8, 0x65, 0xf8, 0x65, 0xf8, 0x65, 0xf8, 0x64, 0xf8,
    0x65, 0xf8, 0x64, 0xf7, 0x54, 0xf6, 0x43, 0xf6, 0x64, 0xf7, 0x64, 0xf8, 0x42, 0xf5, 0x75, 0xf8,
    0x64, 0xf7, 0x54, 0xf7, 0x76, 0xf9, 0x75, 0xf9, 0x64, 0xf7, 0x53, 0xf7, 0x53, 0xf7, 0x64, 0xf8,
    0x86, 0xf9, 0x75, 0xf8, 0x76, 0xf9, 0x64, 0xf8, 0x54, 0xf7, 0x75, 0xf8, 0x64, 0xf8, 0x75, 0xf8,
    0x54, 0xf5, 0x32, 0xf4, 0x44, 0xf5, 0x21, 0xf3, 0x43, 0xf6, 0x64, 0xf7, 0x64, 0xf8, 0x64, 0xf8,
    0x32, 0xf4, 0x43, 0xf5, 0x32, 0xf4, 0x43, 0xf5, 0x64, 0xf8, 0x54, 0xf7, 0x53, 0xf6, 0x43, 0xf5,
    0x64, 0xf8, 0x75, 0xf8, 0x42, 0xf6, 0x53, 0xf6, 0x86, 0xf9, 0x42, 0xf5, 0x64, 0xf7, 0x42, 0xf5,
    0x53, 0xf7, 0x86, 0xf9, 0x32, 0xf4, 0x64, 0xf7, 0x75, 0xf8, 0x42, 0xf6, 0x75, 0xf8, 0x53, 0xf7,
    0x43, 0xf6, 0x32, 0xf4, 0x43, 0xf6, 0x43, 0xf4, 0x42, 0xf5, 0x43, 0xf5, 0x32, 0xf4, 0x32, 0xf4,
    0x32, 0xf5, 0x32, 0xf4, 0x53, 0xf6, 0x32, 0xf5, 0x32, 0xf4, 0x32, 0xf4, 0x32, 0xf4, 0x32, 0xf4,
    0x32, 0xf4, 0x43, 0xf5, 0x53, 0xf6, 0x43, 0xf5, 0x53, 0xf6, 0x43, 0xf5, 0x43, 0xf5, 0x53, 0xf6,
    0x43, 0xf6, 0x43, 0xf5, 0x32, 0xf4, 0x42, 0xf6, 0x32, 0xf4, 0x64, 0xf8, 0x53, 0xf7, 0x54, 0xf7,
    0x64, 0xf7, 0x64, 0xf8, 0x53, 0xf7, 0x75, 0xf9, 0x43, 0xf6, 0x32, 0xf5, 0x53, 0xf7, 0x32, 0xf5,
    0x53, 0xf7, 0x63, 0xf7, 0x53, 0xf7, 0x63, 0xf7, 0x74, 0xf8, 0x64, 0xf7, 0x64, 0xf7, 0x64, 0xf8,
    0x32, 0xf5, 0x53, 0xf8, 0x32, 0xf4, 0x53, 0xf7, 0x64, 0xf8, 0x64, 0xf7, 0x75, 0xf8, 0x64, 0xf8,
    0x65, 0xf7, 0x54, 0xf7, 0x65, 0xf8, 0x43, 0xf5, 0x64, 0xf8, 0x64, 0xf8, 0x53, 0xf6, 0x74, 0xf8,
    0x43, 0xf5, 0x32, 0xf4, 0x53, 0xf7, 0x42, 0xf6, 0x32, 0xf4, 0x33, 0xf4, 0x32, 0xf5, 0x32, 0xf3,
    0x53, 0xf7, 0x64, 0xf7, 0x54, 0xf7, 0x53, 0xf7, 0x75, 0xf9, 0x32, 0xf4, 0x75, 0xf8, 0x43, 0xf6,
    0x32, 0xf4, 0x32, 0xf5, 0x43, 0xf5, 0x43, 0xf5, 0x42, 0xf5, 0x43, 0xf5, 0x32, 0xf5, 0x32, 0xf5,
    0x21, 0xf3, 0x32, 0xf4, 0x31, 0xf4, 0x43, 0xf4, 0x43, 0xf5, 0x63, 0xf7, 0x54, 0xf6, 0x54, 0xf6,
    0x64, 0xf8, 0x42, 0xf5, 0x65, 0xf8, 0x43, 0xf6, 0x53, 0xf6, 0x42, 0xf6, 0x43, 0xf5, 0x32, 0xf4,
    0x75, 0xf8, 0x53, 0xf6, 0x86, 0xf9, 0x64, 0xf7, 0x42, 0xf5, 0x21, 0xf3, 0x75, 0xf8, 0x31, 0xf4,
    0x42, 0xf6, 0x32, 0xf4, 0x32, 0xf4, 0x22, 0xf3, 0x43, 0xf4, 0x33, 0xf4, 0x43, 0xf4, 0x33, 0xf4,
    0x32, 0xf5, 0x32, 0xf4, 0x21, 0xf4, 0x32, 0xf4, 0x33, 0xf4, 0x43, 0xf5, 0x43, 0xf5, 0x32, 0xf4,
    0x53, 0xf7, 0x42, 0xf5, 0x86, 0xf9, 0x64, 0xf7, 0x53, 0xf7, 0x64, 0xf7, 0x53, 0xf7, 0x53, 0xf7,
    0x87, 0xf9, 0x65, 0xf7, 0x43, 0xf6, 0x75, 0xf8, 0x64, 0xf8, 0x53, 0xf6, 0x75, 0xf8, 0x53, 0xf6,
    0x32, 0xf5, 0x32, 0xf4, 0x42, 0xf5, 0x32, 0xf4, 0x64, 0xf8, 0x86, 0xfa, 0x53, 0xf7, 0x74, 0xf8,
    0x32, 0xf4, 0x43, 0xf6, 0x54, 0xf6, 0x65, 0xf7, 0x53, 0xf6, 0x43, 0xf5, 0x53, 0xf6, 0x43, 0xf5,
    0x43, 0xf5, 0x64, 0xf7, 0x43, 0xf5, 0x53, 0xf7, 0x65, 0xf8, 0x43, 0xf5, 0x42, 0xf6, 0x54, 0xf7,
    0x54, 0xf6, 0x54, 0xf7, 0x54, 0xf7, 0x54, 0xf7, 0x54, 0xf7, 0x54, 0xf7, 0x64, 0xf7, 0x64, 0xf7,
    0x64, 0xf7, 0x54, 0xf6, 0x54, 0xf6, 0x43, 0xf5, 0x43, 0xf5, 0x43, 0xf5, 0x53, 0xf7, 0x53, 0xf5,
    0x42, 0xf5, 0x42, 0xf5, 0x53, 0xf7, 0x42, 0xf6, 0x53, 0xf6, 0x42, 0xf5, 0x42, 0xf5, 0x32, 0xf4,
    0x86, 0xf9, 0x74, 0xf8, 0x74, 0xf9, 0x75, 0xf9, 0x75, 0xf9, 0x64, 0xf7, 0x75, 0xf9, 0x53, 0xf7,
    0x64, 0xf8, 0x74, 0xf8, 0x43, 0xf5, 0x53, 0xf6, 0x75, 0xf8, 0x31, 0xf5, 0x53, 0xf7, 0x42, 0xf6,
    0x31, 0xf4, 0x32, 0xf4, 0x31, 0xf4, 0x32, 0xf4, 0x32, 0xf4, 0x43, 0xf5, 0x32, 0xf4, 0x32, 0xf4,
    0x53, 0xf7, 0x42, 0xf5, 0x65, 0xf7, 0x64, 0xf7, 0x32, 0xf4, 0x32, 0xf4, 0x21, 0xf2, 0x32, 0xf4,
    0x53, 0xf6, 0x63, 0xf7, 0x42, 0xf6, 0x63, 0xf8, 0x53, 0xf6, 0x43, 0xf6, 0x64, 0xf7, 0x53, 0xf6,
    0x31, 0xf4, 0x75, 0xf9, 0x32, 0xf4, 0x54, 0xf6, 0x75, 0xf8, 0x64, 0xf7, 0x65, 0xf8, 0x75, 0xf8,
    0x64, 0xf7, 0x64, 0xf7, 0x43, 0xf6, 0x54, 0xf7, 0x43, 0xf5, 0x42, 0xf5, 0x64, 0xf7, 0x32, 0xf4,
    0x75, 0xf8, 0x64, 0xf8, 0x86, 0xf9, 0x86, 0xf9, 0x75, 0xf8, 0x43, 0xf5, 0x54, 0xf6, 0x43, 0xf5,
    0x32, 0xf5, 0x43, 0xf5, 0x53, 0xf6, 0x64, 0xf7, 0x54, 0xf7, 0x54, 0xf6, 0x75, 0xf8, 0x54, 0xf7,
    0x53, 0xf6, 0x54, 0xf6, 0x43, 0xf5, 0x42, 0xf5, 0x54, 0xf6, 0x53, 0xf6, 0x53, 0xf6, 0x54, 0xf6,
    0x54, 0xf7, 0x54, 0xf6, 0x64, 0xf7, 0x54, 0xf6, 0x32, 0xf4, 0x43, 0xf5, 0x43, 0xf6, 0x43, 0xf6,
    0x54, 0xf7, 0x43, 0xf5, 0x65, 0xf8, 0x64, 0xf7, 0x54, 0xf7, 0x54, 0xf7, 0x65, 0xf8, 0x53, 0xf6,
    0x42, 0xf5, 0x43, 0xf6, 0x42, 0xf5, 0x42, 0xf5, 0x53, 0xf6, 0x54, 0xf6, 0x43, 0xf5, 0x43, 0xf6,
    0x53, 0xf6, 0x53, 0xf6, 0x53, 0xf6, 0x53, 0xf6, 0x42, 0xf5, 0x32, 0xf4, 0x43, 0xf6, 0x42, 0xf5,
    0x43, 0xf5, 0x43, 0xf6, 0x32, 0xf5, 0x43, 0xf5, 0x43, 0xf5, 0x32, 0xf4, 0x43, 0xf5, 0x43, 0xf5,
    0x43, 0xf6, 0x43, 0xf6, 0x43, 0xf5, 0x43, 0xf5, 0x54, 0xf6, 0x54, 0xf6, 0x43, 0xf5, 0x33, 0xf4,
    0x32, 0xf4, 0x32, 0xf4, 0x42, 0xf5, 0x42, 0xf5, 0x42, 0xf5, 0x42, 0xf5, 0x32, 0xf5, 0x42, 0xf6,
    0x32, 0xf5, 0x32, 0xf5, 0x42, 0xf5, 0x32, 0xf4, 0x32, 0xf5, 0x43, 0xf6, 0x32, 0xf4, 0x43, 0xf5,
    0x32, 0xf4, 0x43, 0xf5, 0x43, 0xf6, 0x65, 0xf7, 0x43, 0xf6, 0x43, 0xf5, 0x64, 0xf7, 0x64, 0xf8,
    0x64, 0xf7, 0x42, 0xf6, 0x64, 0xf7, 0x64, 0xf8, 0x75, 0xf8, 0x64, 0xf7, 0x75, 0xf8, 0x53, 0xf6,
    0x43, 0xf5, 0x32, 0xf4, 0x43, 0xf5, 0x32, 0xf4, 0x32, 0xf4, 0x32, 0xf4, 0x32, 0xf4, 0x42, 0xf5,
    0x54, 0xf5, 0x32, 0xf4, 0x33, 0xf4, 0x32, 0xf4, 0x32, 0xf4, 0x53, 0xf6, 0x43, 0xf5, 0x53, 0xf6,
    0x32, 0xf4, 0x43, 0xf5, 0x54, 0xf7, 0x32, 0xf4, 0x75, 0xf8, 0x54, 0xf7, 0x64, 0xf7, 0x53, 0xf6,
    0x64, 0xf8, 0x42, 0xf5, 0x42, 0xf6, 0x43, 0xf5, 0x32, 0xf4, 0x43, 0xf5, 0x43, 0xf4, 0x44, 0xf5,
    0x42, 0xf5, 0x53, 0xf6, 0x54, 0xf6, 0x76, 0xf8, 0x43, 0xf5, 0x43, 0xf6, 0x43, 0xf5, 0x43, 0xf5,
    0x54, 0xf6, 0x43, 0xf5, 0x54, 0xf6, 0x43, 0xf4, 0x32, 0xf3, 0x43, 0xf5, 0x32, 0xf3, 0x43, 0xf5,
    0x53, 0xf6, 0x42, 0xf5, 0x53, 0xf6, 0x32, 0xf4, 0x43, 0xf5, 0x32, 0xf4, 0x32, 0xf4, 0x32, 0xf4,
    0x32, 0xf4, 0x32, 0xf4, 0x43, 0xf4, 0x32, 0xf4, 0x32, 0xf4, 0x32, 0xf4, 0x43, 0xf6, 0x43, 0xf6,
    0x33, 0xf4, 0x43, 0xf4, 0x54, 0xf6, 0x54, 0xf6, 0x33, 0xf3, 0x33, 0xf4, 0x55, 0xf6, 0x33, 0xf4,
    0x65, 0xf7, 0x43, 0xf5, 0x54, 0xf6, 0x43, 0xf5, 0x54, 0xf5, 0x22, 0xf3, 0x32, 0xf3, 0x21, 0xf3,
    0x43, 0xf4, 0x32, 0xf4, 0x32, 0xf4, 0x42, 0xf5, 0x43, 0xf5, 0x43, 0xf6, 0x32, 0xf4, 0x42, 0xf5,
    0x21, 0xf3, 0x32, 0xf4, 0x31, 0xf4, 0x42, 0xf5, 0x43, 0xf5, 0x42, 0xf5, 0x64, 0xf8, 0x42, 0xf6,
    0x43, 0xf5, 0x32, 0xf4, 0x42, 0xf5, 0x42, 0xf5, 0x32, 0xf4, 0x32, 0xf5, 0x32, 0xf4, 0x44, 0xf5,
    0x42, 0xf5, 0x42, 0xf5, 0x53, 0xf6, 0x43, 0xf5, 0x43, 0xf5, 0x54, 0xf5, 0x54, 0xf5, 0x55, 0xf6,
    0x54, 0xf6, 0x55, 0xf6, 0x55, 0xf6, 0x76, 0xf7, 0x65, 0xf6, 0x54, 0xf5, 0x76, 0xf7, 0x54, 0xf6,
    0x43, 0xf4, 0x55, 0xf6, 0x54, 0xf6, 0x76, 0xf7, 0x76, 0xf8, 0x65, 0xf7, 0x76, 0xf7, 0x66, 0xf7,
    0x53, 0xf6, 0x55, 0xf6, 0x53, 0xf6, 0x54, 0xf6, 0x54, 0xf5, 0x65, 0xf7, 0x43, 0xf5, 0x44, 0xf5,
    0x53, 0xf7, 0x43, 0xf5, 0x63, 0xf7, 0x42, 0xf6, 0x43, 0xf4, 0x44, 0xf5, 0x43, 0xf5, 0x55, 0xf6,
    0x87, 0xf8, 0x65, 0xf7, 0x65, 0xf7, 0x54, 0xf6, 0x65, 0xf6, 0x76, 0xf8, 0x65, 0xf6, 0x66, 0xf7,
    0x55, 0xf6, 0x54, 0xf5, 0x65, 0xf7, 0x54, 0xf6, 0x54, 0xf5, 0x66, 0xf7, 0x44, 0xf5, 0x54, 0xf6,
    0x42, 0xf5, 0x53, 0xf6, 0x42, 0xf5, 0x43, 0xf6, 0x53, 0xf6, 0x53, 0xf6, 0x65, 0xf8, 0x53, 0xf6,
    0x43, 0xf6, 0x42, 0xf6, 0x31, 0xf4, 0x32, 0xf4, 0x53, 0xf6, 0x43, 0xf5, 0x54, 0xf7, 0x42, 0xf5,
    0x65, 0xf8, 0x53, 0xf6, 0x53, 0xf7, 0x42, 0xf5, 0x32, 0xf3, 0x43, 0xf5, 0x32, 0xf4, 0x53, 0xf7,
    0x53, 0xf7, 0x42, 0xf5, 0x32, 0xf4, 0x32, 0xf4, 0x42, 0xf5, 0x43, 0xf5, 0x43, 0xf5, 0x43, 0xf4,
    0x64, 0xf7, 0x21, 0xf3, 0x53, 0xf6, 0x53, 0xf6, 0x42, 0xf6, 0x43, 0xf5, 0x65, 0xf7, 0x65, 0xf6,
    0x54, 0xf6, 0x76, 0xf7, 0x65, 0xf6, 0x66, 0xf7, 0x66, 0xf7, 0x65, 0xf6, 0x65, 0xf7, 0x54, 0xf5,
    0x43, 0xf5, 0x65, 0xf6, 0x65, 0xf6, 0x65, 0xf7, 0x65, 0xf6, 0x44, 0xf5, 0x65, 0xf6, 0x65, 0xf6,
    0x65, 0xf7, 0x65, 0xf6, 0x76, 0xf7, 0x65, 0xf6, 0x55, 0xf6, 0x54, 0xf6, 0x65, 0xf7, 0x54, 0xf6,
    0x32, 0xf4, 0x32, 0xf4, 0x53, 0xf7, 0x32, 0xf4, 0x65, 0xf7, 0x75, 0xf8, 0x53, 0xf6, 0x43, 0xf5,
    0x43, 0xf5, 0x42, 0xf5, 0x43, 0xf5, 0x32, 0xf4, 0x32, 0xf4, 0x32, 0xf3, 0x21, 0xf3, 0x22, 0xf3,
    0x87, 0xfa, 0x75, 0xf8, 0x54, 0xf6, 0x65, 0xf8, 0x42, 0xf5, 0x32, 0xf4, 0x32, 0xf4, 0x21, 0xf3,
    0x32, 0xf3, 0x32, 0xf4, 0x32, 0xf4, 0x42, 0xf5, 0x21, 0xf3, 0x21, 0xf3, 0x43, 0xf5, 0x54, 0xf6,
    0x43, 0xf5, 0x32, 0xf3, 0x54, 0xf5, 0x44, 0xf5, 0x22, 0xf3, 0x32, 0xf4, 0x43, 0xf5, 0x32, 0xf4,
    0x55, 0xf6, 0x54, 0xf5, 0x54, 0xf5, 0x44, 0xf5, 0x32, 0xf3, 0x21, 0xf2, 0x43, 0xf4, 0x21, 0xf2,
    0x21, 0xf3, 0x54, 0xf6, 0x21, 0xf2, 0x65, 0xf6, 0x75, 0xf7, 0x76, 0xf8, 0x65, 0xf7, 0x87, 0xf9,
    0x43, 0xf5, 0x76, 0xf8, 0x65, 0xf7, 0x76, 0xf8, 0x65, 0xf7, 0x65, 0xf7, 0x76, 0xf8, 0x65, 0xf7,
    0x65, 0xf6, 0x65, 0xf6, 0x55, 0xf6, 0x54, 0xf6, 0x66, 0xf7, 0x54, 0xf5, 0x76, 0xf7, 0x65, 0xf7,
    0x65, 0xf6, 0x54, 0xf5, 0x66, 0xf7, 0x55, 0xf6, 0x65, 0xf6, 0x66, 0xf7, 0x76, 0xf7, 0x76, 0xf7,
    0x65, 0xf6, 0x66, 0xf7, 0x54, 0xf5, 0x54, 0xf5, 0x65, 0xf6, 0x65, 0xf6, 0x55, 0xf6, 0x54, 0xf5,
    0x54, 0xf5, 0x65, 0xf6, 0x54, 0xf5, 0x55, 0xf5, 0x55, 0xf6, 0x44, 0xf5, 0x54, 0xf5, 0x54, 0xf5,
    0x55, 0xf6, 0x65, 0xf7, 0x65, 0xf6, 0x76, 0xf7, 0x76, 0xf7, 0x65, 0xf6, 0x55, 0xf6, 0x44, 0xf5,
    0x76, 0xf7, 0x55, 0xf6, 0x54, 0xf5, 0x54, 0xf5, 0x54, 0xf5, 0x54, 0xf6, 0x65, 0xf7, 0x65, 0xf7,
    0x54, 0xf5, 0x65, 0xf6, 0x54, 0xf6, 0x65, 0xf6, 0x65, 0xf6, 0x65, 0xf7, 0x65, 0xf6, 0x76, 0xf7,
    0x65, 0xf7, 0x54, 0xf6, 0x76, 0xf8, 0x54, 0xf6, 0x65, 0xf6, 0x65, 0xf7, 0x65, 0xf7, 0x76, 0xf7,
    0x54, 0xf6, 0x54, 0xf5, 0x55, 0xf6, 0x44, 0xf5, 0x43, 0xf4, 0x32, 0xf4, 0x33, 0xf4, 0x33, 0xf4,
    0x43, 0xf5, 0x43, 0xf4, 0x65, 0xf6, 0x65, 0xf7, 0x32, 0xf4, 0x32, 0xf4, 0x33, 0xf4, 0x32, 0xf4,
    0x75, 0xf7, 0x76, 0xf8, 0x75, 0xf8, 0x86, 0xf8, 0x86, 0xf9, 0x65, 0xf7, 0x87, 0xf9, 0x65, 0xf7,
    0x54, 0xf6, 0x86, 0xf9, 0x32, 0xf4, 0x54, 0xf6, 0x87, 0xf9, 0x54, 0xf6, 0x76, 0xf8, 0x54, 0xf6,
    0x65, 0xf7, 0x76, 0xf7, 0x65, 0xf6, 0x66, 0xf7, 0x55, 0xf5, 0x21, 0xf2, 0x66, 0xf7, 0x33, 0xf3,
    0x65, 0xf6, 0x66, 0xf7, 0x55, 0xf6, 0x65, 0xf6, 0x54, 0xf6, 0x33, 0xf4, 0x54, 0xf6, 0x33, 0xf4,
    0x21, 0xf3, 0x32, 0xf4, 0x21, 0xf3, 0x21, 0xf3, 0x64, 0xf7, 0x64, 0xf7, 0x43, 0xf5, 0x54, 0xf6,
    0x21, 0xf3, 0x21, 0xf4, 0x21, 0xf3, 0x32, 0xf5, 0x32, 0xf4, 0x65, 0xf6, 0x21, 0xf3, 0x43, 0xf5,
    0x32, 0xf4, 0x43, 0xf6, 0x54, 0xf7, 0x64, 0xf7, 0x64, 0xf7, 0x64, 0xf7, 0x54, 0xf7, 0x54, 0xf7,
    0x75, 0xf8, 0x54, 0xf7, 0x64, 0xf7, 0x53, 0xf6, 0x54, 0xf7, 0x54, 0xf7, 0x53, 0xf6, 0x54, 0xf6,
    0x54, 0xf6, 0x21, 0xf3, 0x54, 0xf6, 0x43, 0xf5, 0x32, 0xf4, 0x43, 0xf5, 0x32, 0xf4, 0x32, 0xf4,
    0x64, 0xf7, 0x54, 0xf6, 0x86, 0xf9, 0x65, 0xf7, 0x32, 0xf4, 0x21, 0xf3, 0x42, 0xf5, 0x53, 0xf6,
    0x42, 0xf5, 0x65, 0xf8, 0x64, 0xf7, 0x64, 0xf8, 0x64, 0xf7, 0x54, 0xf6, 0x63, 0xf7, 0x43, 0xf6,
    0x64, 0xf7, 0x53, 0xf6, 0x43, 0xf5, 0x32, 0xf4, 0x43, 0xf6, 0x42, 0xf5, 0x32, 0xf4, 0x53, 0xf6,
    0x54, 0xf6, 0x32, 0xf4, 0x21, 0xf3, 0x31, 0xf4, 0x53, 0xf6, 0x43, 0xf5, 0x42, 0xf5, 0x42, 0xf5,
    0x42, 0xf6, 0x43, 0xf6, 0x64, 0xf7, 0x65, 0xf7, 0x54, 0xf6, 0x43, 0xf5, 0x65, 0xf6, 0x43, 0xf5,
    0x43, 0xf5, 0x43, 0xf5, 0x32, 0xf4, 0x32, 0xf4, 0x43, 0xf5, 0x32, 0xf4, 0x43, 0xf5, 0x43, 0xf5,
    0x32, 0xf4, 0x44, 0xf5, 0x32, 0xf4, 0x43, 0xf4, 0x76, 0xf7, 0x43, 0xf4, 0x44, 0xf5, 0x32, 0xf3,
    0x43, 0xf6, 0x54, 0xf6, 0x21, 0xf4, 0x32, 0xf5, 0x43, 0xf5, 0x53, 0xf6, 0x42, 0xf5, 0x54, 0xf6,
    0x21, 0xf3, 0x42, 0xf5, 0x32, 0xf4, 0x32, 0xf4, 0x43, 0xf5, 0x53, 0xf6, 0x32, 0xf4, 0x32, 0xf5,
    0x32, 0xf4, 0x43, 0xf4, 0x43, 0xf6, 0x43, 0xf4, 0x22, 0xf3, 0x32, 0xf4, 0x32, 0xf4, 0x31, 0xf4,
    0x32, 0xf4, 0x21, 0xf3, 0x32, 0xf4, 0x21, 0xf3, 0x21, 0xf3, 0x32, 0xf5, 0x21, 0xf3, 0x42, 0xf6,
    0x32, 0xf3, 0x32, 0xf4, 0x32, 0xf4, 0x43, 0xf4, 0x32, 0xf4, 0x32, 0xf4, 0x32, 0xf4, 0x32, 0xf4,
    0x32, 0xf4, 0x32, 0xf3, 0x42, 0xf5, 0x32, 0xf4, 0x33, 0xf4, 0x43, 0xf5, 0x43, 0xf4, 0x33, 0xf4,
    0x54, 0xf5, 0x54, 0xf6, 0x44, 0xf5, 0x54, 0xf5, 0x65, 0xf7, 0x65, 0xf7, 0x65, 0xf7, 0x65, 0xf7,
    0x55, 0xf6, 0x43, 0xf5, 0x54, 0xf6, 0x54, 0xf6, 0x43, 0xf5, 0x54, 0xf6, 0x64, 0xf7, 0x54, 0xf6,
    0x65, 0xf7, 0x65, 0xf7, 0x76, 0xf7, 0x65, 0xf7, 0x54, 0xf6, 0x54, 0xf6, 0x54, 0xf6, 0x64, 0xf7,
    0x65, 0xf7, 0x65, 0xf7, 0x65, 0xf6, 0x54, 0xf6, 0x65, 0xf6, 0x65, 0xf7, 0x65, 0xf6, 0x54, 0xf6,
    0x65, 0xf7, 0x55, 0xf6, 0x65, 0xf7, 0x65, 0xf6, 0x54, 0xf6, 0x65, 0xf8, 0x54, 0xf5, 0x65, 0xf7,
    0x54, 0xf6, 0x65, 0xf7, 0x54, 0xf6, 0x65, 0xf6, 0x54, 0xf6, 0x65, 0xf6, 0x65, 0xf6, 0x65, 0xf7,
    0x65, 0xf7, 0x65, 0xf7, 0x76, 0xf7, 0x76, 0xf7, 0x65, 0xf6, 0x65, 0xf7, 0x65, 0xf6, 0x65, 0xf6,
    0x65, 0xf7, 0x66, 0xf7, 0x65, 0xf7, 0x65, 0xf6, 0x65, 0xf6, 0x55, 0xf6, 0x54, 0xf6, 0x54, 0xf5,
    0x43, 0xf5, 0x42, 0xf4, 0x65, 0xf7, 0x43, 0xf5, 0x31, 0xf4, 0x31, 0xf5, 0x32, 0xf4, 0x43, 0xf5,
    0x54, 0xf6, 0x65, 0xf7, 0x54, 0xf6, 0x65, 0xf7, 0x43, 0xf5, 0x43, 0xf5, 0x43, 0xf5, 0x32, 0xf4,
    0x32, 0xf5, 0x32, 0xf4, 0x32, 0xf4, 0x21, 0xf3, 0x54, 0xf6, 0x43, 0xf5, 0x33, 0xf4, 0x32, 0xf4,
    0x53, 0xf6, 0x21, 0xf3, 0x32, 0xf4, 0x22, 0xf3, 0x21, 0xf3, 0x21, 0xf3, 0x42, 0xf5, 0x42, 0xf5,
    0x54, 0xf6, 0x43, 0xf5, 0x54, 0xf5, 0x43, 0xf5, 0x43, 0xf5, 0x54, 0xf6, 0x54, 0xf6, 0x53, 0xf6,
    0x54, 0xf5, 0x54, 0xf6, 0x54, 0xf6, 0x54, 0xf5, 0x54, 0xf6, 0x43, 0xf4, 0x55, 0xf6, 0x54, 0xf5,
    0x43, 0xf5, 0x32, 0xf4, 0x43, 0xf5, 0x43, 0xf4, 0x32, 0xf4, 0x32, 0xf4, 0x42, 0xf5, 0x31, 0xf5,
    0x54, 0xf6, 0x54, 0xf6, 0x54, 0xf6, 0x76, 0xf7, 0x32, 0xf4, 0x42, 0xf5, 0x54, 0xf6, 0x32, 0xf4,
    0x64, 0xf7, 0x53, 0xf6, 0x64, 0xf8, 0x42, 0xf6, 0x42, 0xf5, 0x64, 0xf7, 0x42, 0xf5, 0x53, 0xf6,
    0x53, 0xf6, 0x43, 0xf6, 0x53, 0xf6, 0x54, 0xf6, 0x64, 0xf7, 0x53, 0xf6, 0x65, 0xf8, 0x53, 0xf6,
    0x42, 0xf5, 0x31, 0xf4, 0x53, 0xf7, 0x53, 0xf6, 0x64, 0xf7, 0x64, 0xf7, 0x53, 0xf6, 0x42, 0xf5,
    0x54, 0xf7, 0x54, 0xf6, 0x65, 0xf7, 0x65, 0xf7, 0x43, 0xf5, 0x54, 0xf6, 0x64, 0xf7, 0x75, 0xf8,
    0x54, 0xf6, 0x32, 0xf4, 0x32, 0xf4, 0x42, 0xf5, 0x43, 0xf5, 0x54, 0xf6, 0x43, 0xf6, 0x54, 0xf6,
    0x21, 0xf3, 0x42, 0xf5, 0x32, 0xf4, 0x42, 0xf5, 0x54, 0xf6, 0x42, 0xf5, 0x54, 0xf6, 0x32, 0xf4,
    0x76, 0xf8, 0x75, 0xf8, 0x54, 0xf6, 0x32, 0xf4, 0x75, 0xf8, 0x75, 0xf8, 0x53, 0xf6, 0x64, 0xf8,
    0x32, 0xf4, 0x32, 0xf4, 0x32, 0xf4, 0x43, 0xf5, 0x43, 0xf5, 0x43, 0xf6, 0x21, 0xf3, 0x21, 0xf3,
    0x54, 0xf7, 0x54, 0xf5, 0x53, 0xf6, 0x53, 0xf6, 0x43, 0xf4, 0x33, 0xf4, 0x33, 0xf4, 0x33, 0xf4,
    0x53, 0xf6, 0x42, 0xf5, 0x43, 0xf5, 0x31, 0xf4, 0x32, 0xf4, 0x43, 0xf5, 0x32, 0xf4, 0x43, 0xf5,
    0x33, 0xf4, 0x43, 0xf4, 0x43, 0xf5, 0x43, 0xf5, 0x32, 0xf4, 0x43, 0xf5, 0x43, 0xf4, 0x32, 0xf4,
    0x43, 0xf5, 0x43, 0xf5, 0x43, 0xf5, 0x54, 0xf6, 0x54, 0xf5, 0x43, 0xf5, 0x54, 0xf6, 0x44, 0xf5,
    0x43, 0xf4, 0x21, 0xf4, 0x32, 0xf4, 0x32, 0xf4, 0x32, 0xf4, 0x43, 0xf5, 0x43, 0xf4, 0x42, 0xf5,
    0x32, 0xf3, 0x43, 0xf4, 0x32, 0xf3, 0x32, 0xf3, 0x32, 0xf4, 0x53, 0xf6, 0x53, 0xf6, 0x65, 0xf7,
    0x54, 0xf6, 0x65, 0xf6, 0x53, 0xf6, 0x54, 0xf6, 0x54, 0xf6, 0x43, 0xf4, 0x44, 0xf5, 0x32, 0xf4,
    0x43, 0xf6, 0x43, 0xf4, 0x54, 0xf6, 0x43, 0xf4, 0x43, 0xf4, 0x32, 0xf4, 0x43, 0xf5, 0x54, 0xf7,
    0x43, 0xf5, 0x32, 0xf3, 0x32, 0xf4, 0x32, 0xf3, 0x32, 0xf3, 0x54, 0xf6, 0x32, 0xf4, 0x43, 0xf4,
    0x32, 0xf3, 0x32, 0xf4, 0x33, 0xf4, 0x43, 0xf4, 0x32, 0xf4, 0x43, 0xf5, 0x33, 0xf4, 0x32, 0xf4,
    0x53, 0xf6, 0x53, 0xf6, 0x43, 0xf6, 0x43, 0xf5, 0x43, 0xf4, 0x21, 0xf3, 0x32, 0xf4, 0x21, 0xf3,
    0x43, 0xf5, 0x43, 0xf5, 0x43, 0xf5, 0x32, 0xf4, 0x32, 0xf3, 0x32, 0xf4, 0x21, 0xf3, 0x32, 0xf4,
    0x32, 0xf3, 0x22, 0xf3, 0x21, 0xf3, 0x21, 0xf3, 0x32, 0xf4, 0x32, 0xf4, 0x21, 0xf3, 0x42, 0xf5,
    0x21, 0xf3, 0x32, 0xf5, 0x32, 0xf4, 0x64, 0xf7, 0x43, 0xf6, 0x52, 0xf7, 0x53, 0xf7, 0x63, 0xf8,
    0x32, 0xf4, 0x31, 0xf4, 0x42, 0xf5, 0x32, 0xf5, 0x31, 0xf4, 0x32, 0xf4, 0x31, 0xf4, 0x31, 0xf4,
    0x53, 0xf7, 0x42, 0xf6, 0x63, 0xf8, 0x53, 0xf7, 0x42, 0xf5, 0x32, 0xf4, 0x32, 0xf4, 0x42, 0xf5,
    0x33, 0xf4, 0x32, 0xf3, 0x32, 0xf4, 0x32, 0xf4, 0x54, 0xf6, 0x54, 0xf5, 0x54, 0xf6, 0x54, 0xf6,
    0x32, 0xf4, 0x43, 0xf5, 0x43, 0xf5, 0x55, 0xf6, 0x43, 0xf4, 0x43, 0xf5, 0x43, 0xf4, 0x32, 0xf4,
    0x43, 0xf5, 0x43, 0xf4, 0x54, 0xf5, 0x43, 0xf4, 0x43, 0xf5, 0x53, 0xf6, 0x54, 0xf5, 0x65, 0xf7,
    0x54, 0xf7, 0x65, 0xf7, 0x64, 0xf8, 0x65, 0xf7, 0x76, 0xf7, 0x64, 0xf7, 0x54, 0xf6, 0x42, 0xf6,
    0x54, 0xf5, 0x54, 0xf5, 0x33, 0xf4, 0x33, 0xf4, 0x43, 0xf5, 0x32, 0xf3, 0x43, 0xf5, 0x75, 0xf8,
    0x43, 0xf5, 0x43, 0xf4, 0x43, 0xf5, 0x53, 0xf6, 0x43, 0xf5, 0x75, 0xf8, 0x42, 0xf5, 0x32, 0xf4,
    0x54, 0xf7, 0x53, 0xf7, 0x53, 0xf7, 0x42, 0xf6, 0x42, 0xf5, 0x43, 0xf6, 0x53, 0xf7, 0x42, 0xf6,
    0x42, 0xf5, 0x42, 0xf6, 0x42, 0xf6, 0x53, 0xf7, 0x75, 0xf8, 0x64, 0xf7, 0x76, 0xf9, 0x86, 0xf9,
    0x65, 0xf7, 0x65, 0xf7, 0x54, 0xf6, 0x65, 0xf7, 0x65, 0xf7, 0x54, 0xf6, 0x65, 0xf8, 0x76, 0xf8,
    0x44, 0xf5, 0x43, 0xf5, 0x53, 0xf6, 0x42, 0xf5, 0x43, 0xf6, 0x64, 0xf7, 0x32, 0xf4, 0x22, 0xf3,
    0x65, 0xf7, 0x65, 0xf6, 0x76, 0xf8, 0x65, 0xf6, 0x43, 0xf5, 0x54, 0xf5, 0x43, 0xf4, 0x54, 0xf6,
    0x65, 0xf7, 0x76, 0xf7, 0x32, 0xf3, 0x43, 0xf4, 0x54, 0xf6, 0x54, 0xf6, 0x33, 0xf4, 0x44, 0xf5,
    0x43, 0xf5, 0x54, 0xf7, 0x22, 0xf3, 0x21, 0xf2, 0x75, 0xf8, 0x64, 0xf7, 0x32, 0xf4, 0x54, 0xf7,
    0x65, 0xf6, 0x43, 0xf4, 0x76, 0xf8, 0x65, 0xf7, 0x43, 0xf4, 0x54, 0xf5, 0x65, 0xf7, 0x55, 0xf6,
    0x22, 0xf3, 0x11, 0xf2, 0x43, 0xf5, 0x54, 0xf6, 0x32, 0xf4, 0x32, 0xf4, 0x53, 0xf7, 0x43, 0xf6,
    0x43, 0xf4, 0x43, 0xf5, 0x43, 0xf4, 0x32, 0xf3, 0x42, 0xf5, 0x42, 0xf5, 0x43, 0xf5, 0x43, 0xf6,
    0x54, 0xf6, 0x55, 0xf6, 0x54, 0xf6, 0x65, 0xf6, 0x65, 0xf6, 0x54, 0xf5, 0x55, 0xf6, 0x43, 0xf5,
    0x65, 0xf7, 0x65, 0xf7, 0x65, 0xf7, 0x75, 0xf7, 0x65, 0xf7, 0x53, 0xf6, 0x75, 0xf8, 0x65, 0xf7,
    0x54, 0xf5, 0x66, 0xf7, 0x53, 0xf5, 0x54, 0xf5, 0x54, 0xf6, 0x53, 0xf6, 0x43, 0xf5, 0x43, 0xf5,
    0x43, 0xf5, 0x43, 0xf5, 0x53, 0xf5, 0x53, 0xf6, 0x43, 0xf4, 0x32, 0xf3, 0x43, 0xf5, 0x32, 0xf5,
    0x32, 0xf4, 0x43, 0xf5, 0x64, 0xf7, 0x54, 0xf6, 0x54, 0xf6, 0x43, 0xf5, 0x42, 0xf5, 0x42, 0xf5,
    0x75, 0xf8, 0x75, 0xf8, 0x53, 0xf6, 0x76, 0xf9, 0x53, 0xf7, 0x53, 0xf6, 0x54, 0xf7, 0x53, 0xf7,
    0x43, 0xf6, 0x53, 0xf6, 0x42, 0xf5, 0x42, 0xf6, 0x42, 0xf5, 0x53, 0xf6, 0x42, 0xf5, 0x42, 0xf6,
    0x43, 0xf5, 0x53, 0xf6, 0x43, 0xf6, 0x53, 0xf6, 0x42, 0xf5, 0x42, 0xf6, 0x53, 0xf6, 0x42, 0xf6,
    0x76, 0xf8, 0x54, 0xf5, 0x65, 0xf7, 0x65, 0xf6, 0x55, 0xf6, 0x44, 0xf5, 0x54, 0xf5, 0x43, 0xf4,
    0x65, 0xf7, 0x87, 0xf9, 0x65, 0xf7, 0x65, 0xf6, 0x65, 0xf6, 0x54, 0xf5, 0x65, 0xf7, 0x43, 0xf4,
    0x44, 0xf4, 0x44, 0xf5, 0x43, 0xf4, 0x43, 0xf4, 0x32, 0xf3, 0x42, 0xf5, 0x32, 0xf4, 0x54, 0xf6,
    0x43, 0xf4, 0x22, 0xf3, 0x32, 0xf4, 0x21, 0xf3, 0x42, 0xf5, 0x43, 0xf5, 0x32, 0xf4, 0x32, 0xf5,
    0x76, 0xf7, 0x65, 0xf6, 0x76, 0xf7, 0x54, 0xf5, 0x54, 0xf5, 0x32, 0xf3, 0x22, 0xf3, 0x21, 0xf3,
    0x33, 0xf4, 0x33, 0xf4, 0x21, 0xf2, 0x32, 0xf4, 0x32, 0xf4, 0x21, 0xf3, 0x42, 0xf6, 0x21, 0xf4,
    0x43, 0xf5, 0x42, 0xf6, 0x31, 0xf4, 0x32, 0xf5, 0x32, 0xf4, 0x43, 0xf5, 0x43, 0xf5, 0x54, 0xf6,
    0x21, 0xf3, 0x43, 0xf5, 0x32, 0xf4, 0x32, 0xf4, 0x43, 0xf5, 0x43, 0xf5, 0x32, 0xf4, 0x32, 0xf4,
    0x42, 0xf5, 0x64, 0xf8, 0x21, 0xf3, 0x42, 0xf5, 0x53, 0xf6, 0x32, 0xf5, 0x32, 0xf5, 0x32, 0xf5,
    0x42, 0xf5, 0x43, 0xf5, 0x43, 0xf5, 0x32, 0xf4, 0x42, 0xf6, 0x53, 0xf7, 0x32, 0xf5, 0x53, 0xf7,
    0x42, 0xf5, 0x43, 0xf5, 0x54, 0xf7, 0x43, 0xf6, 0x76, 0xf8, 0x42, 0xf5, 0x42, 0xf5, 0x42, 0xf5,
    0x64, 0xf7, 0x32, 0xf5, 0x54, 0xf7, 0x43, 0xf6, 0x53, 0xf6, 0x53, 0xf6, 0x54, 0xf6, 0x54, 0xf7,
    0x32, 0xf4, 0x32, 0xf4, 0x32, 0xf4, 0x43, 0xf5, 0x32, 0xf4, 0x42, 0xf6, 0x53, 0xf6, 0x43, 0xf5,
    0x43, 0xf5, 0x32, 0xf5, 0x32, 0xf4, 0x42, 0xf5, 0x43, 0xf6, 0x43, 0xf5, 0x42, 0xf6, 0x43, 0xf5,
    0x43, 0xf6, 0x43, 0xf5, 0x43, 0xf6, 0x53, 0xf6, 0x53, 0xf6, 0x54, 0xf6, 0x42, 0xf5, 0x53, 0xf6,
    0x53, 0xf6, 0x64, 0xf7, 0x43, 0xf6, 0x54, 0xf6, 0x54, 0xf6, 0x53, 0xf6, 0x43, 0xf6, 0x54, 0xf7,
    0x33, 0xf4, 0x32, 0xf4, 0x32, 0xf3, 0x31, 0xf4, 0x53, 0xf7, 0x64, 0xf8, 0x32, 0xf5, 0x32, 0xf5,
    0x21, 0xf3, 0x31, 0xf4, 0x42, 0xf5, 0x53, 0xf6, 0x32, 0xf4, 0x32, 0xf5, 0x64, 0xf7, 0x53, 0xf6,
    0x42, 0xf6, 0x43, 0xf6, 0x42, 0xf6, 0x42, 0xf5, 0x21, 0xf3, 0x54, 0xf6, 0x32, 0xf4, 0x42, 0xf5,
    0x32, 0xf4, 0x32, 0xf4, 0x53, 0xf6, 0x32, 0xf4, 0x53, 0xf6, 0x54, 0xf7, 0x75, 0xf8, 0x53, 0xf6,
    0x53, 0xf7, 0x54, 0xf7, 0x53, 0xf6, 0x43, 0xf5, 0x43, 0xf5, 0x32, 0xf4, 0x32, 0xf4, 0x42, 0xf5,
    0x53, 0xf7, 0x53, 0xf7, 0x42, 0xf6, 0x43, 0xf6, 0x53, 0xf6, 0x42, 0xf5, 0x43, 0xf5, 0x32, 0xf4,
    0x43, 0xf5, 0x32, 0xf5, 0x32, 0xf4, 0x42, 0xf5, 0x65, 0xf7, 0x53, 0xf6, 0x43, 0xf5, 0x43, 0xf6,
    0x32, 0xf4, 0x42, 0xf5, 0x43, 0xf5, 0x43, 0xf5, 0x43, 0xf5, 0x43, 0xf6, 0x43, 0xf6, 0x43, 0xf5,
    0x54, 0xf6, 0x53, 0xf6, 0x42, 0xf5, 0x53, 0xf6, 0x43, 0xf6, 0x42, 0xf5, 0x43, 0xf5, 0x53, 0xf6,
    0x64, 0xf7, 0x43, 0xf5, 0x53, 0xf6, 0x42, 0xf5, 0x22, 0xf3, 0x43, 0xf5, 0x43, 0xf5, 0x43, 0xf5,
    0x75, 0xf9, 0x75, 0xf8, 0x75, 0xf8, 0x75, 0xf9, 0x75, 0xf8, 0x75, 0xf8, 0x64, 0xf7, 0x64, 0xf8,
    0x54, 0xf7, 0x75, 0xf9, 0x32, 0xf4, 0x65, 0xf8, 0x64, 0xf8, 0x75, 0xf8, 0x75, 0xf8, 0x75, 0xf9,
    0x53, 0xf6, 0x42, 0xf5, 0x52, 0xf6, 0x42, 0xf6, 0x42, 0xf5, 0x32, 0xf4, 0x42, 0xf5, 0x43, 0xf5,
    0x53, 0xf7, 0x42, 0xf6, 0x42, 0xf5, 0x32, 0xf4, 0x32, 0xf4, 0x32, 0xf4, 0x32, 0xf4, 0x32, 0xf4,
    0x22, 0xf3, 0x32, 0xf5, 0x32, 0xf4, 0x32, 0xf5, 0x42, 0xf5, 0x53, 0xf6, 0x32, 0xf5, 0x42, 0xf6,
    0x32, 0xf4, 0x53, 0xf6, 0x32, 0xf5, 0x32, 0xf4, 0x75, 0xf9, 0x53, 0xf6, 0x54, 0xf6, 0x43, 0xf5,
    0x32, 0xf5, 0x32, 0xf4, 0x42, 0xf5, 0x43, 0xf5, 0x32, 0xf4, 0x43, 0xf5, 0x54, 0xf6, 0x43, 0xf6,
    0x54, 0xf6, 0x54, 0xf6, 0x54, 0xf6, 0x54, 0xf6, 0x64, 0xf7, 0x43, 0xf5, 0x54, 0xf7, 0x43, 0xf5,
    0x32, 0xf4, 0x43, 0xf5, 0x43, 0xf6, 0x43, 0xf5, 0x43, 0xf5, 0x43, 0xf5, 0x43, 0xf5, 0x43, 0xf5,
    0x43, 0xf5, 0x43, 0xf5, 0x43, 0xf5, 0x43, 0xf5, 0x43, 0xf5, 0x43, 0xf5, 0x43, 0xf6, 0x43, 0xf5,
    0x54, 0xf7, 0x53, 0xf6, 0x54, 0xf7, 0x54, 0xf7, 0x53, 0xf6, 0x53, 0xf6, 0x53, 0xf6, 0x64, 0xf7,
    0x53, 0xf7, 0x53, 0xf7, 0x53, 0xf7, 0x42, 0xf6, 0x65, 0xf8, 0x65, 0xf7, 0x53, 0xf6, 0x43, 0xf5,
    0x43, 0xf5, 0x43, 0xf5, 0x43, 0xf6, 0x42, 0xf5, 0x43, 0xf5, 0x43, 0xf6, 0x43, 0xf5, 0x43, 0xf5,
    0x42, 0xf6, 0x52, 0xf7, 0x42, 0xf6, 0x64, 0xf8, 0x43, 0xf5, 0x32, 0xf4, 0x53, 0xf6, 0x43, 0xf5,
    0x32, 0xf5, 0x42, 0xf5, 0x32, 0xf4, 0x54, 0xf6, 0x43, 0xf5, 0x32, 0xf5, 0x54, 0xf6, 0x32, 0xf5,
    0x43, 0xf5, 0x43, 0xf5, 0x32, 0xf4, 0x32, 0xf4, 0x54, 0xf6, 0x43, 0xf5, 0x43, 0xf4, 0x43, 0xf5,
    0x65, 0xf8, 0x43, 0xf5, 0x43, 0xf5, 0x32, 0xf4, 0x32, 0xf4, 0x43, 0xf5, 0x43, 0xf4, 0x43, 0xf5,
    0x21, 0xf3, 0x43, 0xf4, 0x43, 0xf5, 0x43, 0xf5, 0x44, 0xf5, 0x32, 0xf4, 0x43, 0xf5, 0x32, 0xf4,
    0x32, 0xf5, 0x32, 0xf4, 0x32, 0xf4, 0x32, 0xf3, 0x32, 0xf4, 0x43, 0xf5, 0x32, 0xf4, 0x43, 0xf5,
    0x32, 0xf4, 0x43, 0xf5, 0x32, 0xf4, 0x43, 0xf5, 0x32, 0xf4, 0x43, 0xf5, 0x43, 0xf5, 0x54, 0xf6,
    0x32, 0xf5, 0x42, 0xf5, 0x42, 0xf5, 0x32, 0xf4, 0x32, 0xf4, 0x32, 0xf4, 0x32, 0xf4, 0x32, 0xf3,
    0x43, 0xf5, 0x43, 0xf5, 0x54, 0xf6, 0x43, 0xf4, 0x32, 0xf4, 0x32, 0xf4, 0x32, 0xf4, 0x32, 0xf5,
    0x54, 0xf6, 0x43, 0xf5, 0x53, 0xf6, 0x43, 0xf4, 0x32, 0xf4, 0x21, 0xf4, 0x53, 0xf6, 0x53, 0xf7,
    0x43, 0xf5, 0x21, 0xf2, 0x44, 0xf5, 0x43, 0xf5, 0x32, 0xf4, 0x64, 0xf8, 0x22, 0xf3, 0x43, 0xf4,
    0x42, 0xf6, 0x53, 0xf7, 0x42, 0xf6, 0x42, 0xf5, 0x53, 0xf7, 0x43, 0xf6, 0x32, 0xf5, 0x53, 0xf6,
    0x53, 0xf7, 0x42, 0xf6, 0x53, 0xf7, 0x64, 0xf9, 0x32, 0xf5, 0x42, 0xf6, 0x42, 0xf6, 0x42, 0xf6,
    0x43, 0xf5, 0x43, 0xf4, 0x32, 0xf3, 0x32, 0xf4, 0x32, 0xf3, 0x33, 0xf4, 0x33, 0xf4, 0x32, 0xf4,
    0x32, 0xf4, 0x42, 0xf4, 0x54, 0xf6, 0x65, 0xf7, 0x43, 0xf5, 0x32, 0xf4, 0x42, 0xf5, 0x53, 0xf6,
    0x43, 0xf4, 0x64, 0xf8, 0x42, 0xf5, 0x32, 0xf4, 0x86, 0xfa, 0x86, 0xf9, 0x53, 0xf6, 0x53, 0xf6,
    0x32, 0xf5, 0x32, 0xf5, 0x42, 0xf6, 0x53, 0xf7, 0x42, 0xf6, 0x53, 0xf7, 0x64, 0xf7, 0x65, 0xf8,
    0x53, 0xf7, 0x52, 0xf7, 0x32, 0xf5, 0x21, 0xf3, 0x42, 0xf5, 0x55, 0xf6, 0x32, 0xf4, 0x43, 0xf4,
    0x53, 0xf6, 0x32, 0xf4, 0x53, 0xf7, 0x32, 0xf4, 0x54, 0xf6, 0x32, 0xf4, 0x32, 0xf4, 0x32, 0xf4,
    0x54, 0xf5, 0x44, 0xf5, 0x33, 0xf4, 0x32, 0xf4, 0x33, 0xf4, 0x33, 0xf4, 0x43, 0xf4, 0x54, 0xf5,
    0x33, 0xf4, 0x43, 0xf4, 0x54, 0xf7, 0x43, 0xf5, 0x43, 0xf4, 0x54, 0xf6, 0x33, 0xf4, 0x43, 0xf4,
    0x21, 0xf3, 0x32, 0xf4, 0x42, 0xf5, 0x42, 0xf6, 0x33, 0xf4, 0x32, 0xf4, 0x32, 0xf4, 0x22, 0xf3,
    0x65, 0xf8, 0x64, 0xf7, 0x65, 0xf8, 0x75, 0xf9, 0x32, 0xf4, 0x21, 0xf3, 0x53, 0xf6, 0x31, 0xf4,
    0x64, 0xf7, 0x43, 0xf6, 0x43, 0xf5, 0x54, 0xf7, 0x32, 0xf3, 0x32, 0xf3, 0x54, 0xf6, 0x43, 0xf4,
    0x53, 0xf6, 0x76, 0xf8, 0x43, 0xf5, 0x54, 0xf6, 0x54, 0xf6, 0x22, 0xf3, 0x22, 0xf3, 0x32, 0xf4,
    0x54, 0xf6, 0x43, 0xf5, 0x42, 0xf5, 0x42, 0xf5, 0x53, 0xf6, 0x63, 0xf8, 0x53, 0xf7, 0x63, 0xf8,
    0x52, 0xf7, 0x64, 0xf8, 0x53, 0xf7, 0x75, 0xf8, 0x54, 0xf7, 0x53, 0xf7, 0x64, 0xf8, 0x64, 0xf7,
    0x53, 0xf7, 0x65, 0xf8, 0x64, 0xf8, 0x64, 0xf8, 0x64, 0xf8, 0x65, 0xf8, 0x64, 0xf8, 0x75, 0xf8,
    0x64, 0xf8, 0x64, 0xf8, 0x64, 0xf8, 0x64, 0xf8, 0x75, 0xf8, 0x75, 0xf8, 0x75, 0xf9, 0x64, 0xf8,
    0x64, 0xf8, 0x64, 0xf8, 0x53, 0xf7, 0x75, 0xf8, 0x64, 0xf8, 0x64, 0xf8, 0x64, 0xf8, 0x64, 0xf8,
    0x53, 0xf7, 0x64, 0xf7, 0x64, 0xf8, 0x53, 0xf7, 0x64, 0xf8, 0x64, 0xf8, 0x64, 0xf8, 0x53, 0xf7,
    0x64, 0xf8, 0x75, 0xf8, 0x75, 0xf9, 0x76, 0xf9, 0x64, 0xf8, 0x74, 0xf9, 0x64, 0xf8, 0x74, 0xf8,
    0x75, 0xf9, 0x64, 0xf8, 0x75, 0xf8, 0x53, 0xf7, 0x53, 0xf7, 0x75, 0xf8, 0x64, 0xf8, 0x87, 0xfa,
    0x65, 0xf8, 0x65, 0xf8, 0x75, 0xf8, 0x64, 0xf7, 0x53, 0xf6, 0x32, 0xf4, 0x53, 0xf6, 0x31, 0xf5,
    0x54, 0xf7, 0x42, 0xf6, 0x53, 0xf7, 0x53, 0xf7, 0x53, 0xf6, 0x32, 0xf5, 0x63, 0xf7, 0x32, 0xf5,
    0x64, 0xf7, 0x43, 0xf4, 0x53, 0xf6, 0x43, 0xf4, 0x21, 0xf2, 0x22, 0xf3, 0x33, 0xf4, 0x22, 0xf3,
    0x31, 0xf5, 0x21, 0xf3, 0x42, 0xf5, 0x31, 0xf4, 0x32, 0xf3, 0x32, 0xf4, 0x32, 0xf4, 0x32, 0xf5,
    0x74, 0xf8, 0x64, 0xf8, 0x86, 0xf9, 0x97, 0xfa, 0x75, 0xf9, 0x53, 0xf6, 0x76, 0xf9, 0x75, 0xf8,
    0x86, 0xf9, 0x75, 0xf8, 0x64, 0xf8, 0x63, 0xf7, 0x64, 0xf7, 0x64, 0xf7, 0x53, 0xf7, 0x64, 0xf8,
    0x31, 0xf5, 0x31, 0xf4, 0x42, 0xf5, 0x32, 0xf4, 0x31, 0xf4, 0x32, 0xf5, 0x32, 0xf4, 0x32, 0xf5,
    0x54, 0xf6, 0x32, 0xf3, 0x64, 0xf7, 0x32, 0xf4, 0x21, 0xf3, 0x32, 0xf5, 0x32, 0xf4, 0x32, 0xf3,
    0x54, 0xf5, 0x65, 0xf6, 0x54, 0xf6, 0x54, 0xf6, 0x76, 0xf8, 0x65, 0xf7, 0x54, 0xf6, 0x66, 0xf7,
    0x53, 0xf6, 0x54, 0xf6, 0x54, 0xf6, 0x54, 0xf6, 0x54, 0xf5, 0x65, 0xf6, 0x43, 0xf4, 0x54, 0xf5,
    0x76, 0xf7, 0x54, 0xf6, 0x76, 0xf7, 0x43, 0xf4, 0x54, 0xf6, 0x55, 0xf6, 0x54, 0xf5, 0x54, 0xf5,
    0x65, 0xf7, 0x43, 0xf5, 0x55, 0xf6, 0x55, 0xf6, 0x65, 0xf6, 0x54, 0xf5, 0x55, 0xf6, 0x33, 0xf4,
    0x33, 0xf4, 0x44, 0xf5, 0x43, 0xf5, 0x54, 0xf5, 0x44, 0xf5, 0x54, 0xf5, 0x54, 0xf6, 0x55, 0xf6,
    0x43, 0xf5, 0x43, 0xf5, 0x32, 0xf5, 0x43, 0xf5, 0x54, 0xf6, 0x43, 0xf4, 0x43, 0xf4, 0x32, 0xf4,
    0x65, 0xf6, 0x55, 0xf6, 0x44, 0xf5, 0x32, 0xf3, 0x22, 0xf3, 0x32, 0xf3, 0x32, 0xf3, 0x32, 0xf4,
    0x22, 0xf3, 0x42, 0xf5, 0x52, 0xf6, 0x64, 0xf7, 0x53, 0xf6, 0x32, 0xf5, 0x42, 0xf5, 0x32, 0xf5,
    0x54, 0xf6, 0x65, 0xf6, 0x65, 0xf6, 0x44, 0xf5, 0x65, 0xf6, 0x33, 0xf4, 0x43, 0xf5, 0x32, 0xf4,
    0x43, 0xf4, 0x22, 0xf3, 0x32, 0xf4, 0x31, 0xf4, 0x32, 0xf4, 0x53, 0xf6, 0x31, 0xf4, 0x53, 0xf6,
    0x21, 0xf3, 0x54, 0xf5, 0x31, 0xf4, 0x32, 0xf5, 0x32, 0xf3, 0x32, 0xf4, 0x22, 0xf3, 0x32, 0xf4,
    0x42, 0xf5, 0x31, 0xf5, 0x32, 0xf4, 0x21, 0xf3, 0x31, 0xf4, 0x32, 0xf4, 0x42, 0xf5, 0x42, 0xf5,
    0x31, 0xf4, 0x42, 0xf6, 0x42, 0xf5, 0x42, 0xf6, 0x31, 0xf5, 0x31, 0xf4, 0x42, 0xf6, 0x43, 0xf6,
    0x42, 0xf6, 0x42, 0xf5, 0x42, 0xf5, 0x32, 0xf5, 0x42, 0xf5, 0x53, 0xf7, 0x31, 0xf4, 0x32, 0xf5,
    0x32, 0xf3, 0x53, 0xf6, 0x43, 0xf6, 0x64, 0xf8, 0x63, 0xf8, 0x42, 0xf6, 0x75, 0xf8, 0x75, 0xf8,
    0x42, 0xf6, 0x53, 0xf6, 0x53, 0xf7, 0x53, 0xf7, 0x75, 0xf8, 0x76, 0xf9, 0x54, 0xf7, 0x65, 0xf8,
    0x32, 0xf4, 0x54, 0xf7, 0x31, 0xf4, 0x42, 0xf6, 0x42, 0xf5, 0x42, 0xf5, 0x42, 0xf5, 0x32, 0xf4,
    0x32, 0xf4, 0x43, 0xf5, 0x42, 0xf5, 0x43, 0xf5, 0x54, 0xf6, 0x54, 0xf6, 0x54, 0xf6, 0x43, 0xf5,
    0x42, 0xf6, 0x53, 0xf6, 0x31, 0xf4, 0x21, 0xf4, 0x32, 0xf4, 0x42, 0xf6, 0x42, 0xf5, 0x53, 0xf7,
    0x42, 0xf5, 0x32, 0xf4, 0x54, 0xf6, 0x43, 0xf5, 0x31, 0xf4, 0x42, 0xf6, 0x31, 0xf4, 0x32, 0xf5,
    0x64, 0xf7, 0x43, 0xf5, 0x54, 0xf7, 0x43, 0xf5, 0x54, 0xf6, 0x43, 0xf5, 0x65, 0xf7, 0x75, 0xf8,
    0x32, 0xf5, 0x43, 0xf5, 0x21, 0xf3, 0x42, 0xf5, 0x75, 0xf8, 0x75, 0xf8, 0x54, 0xf7, 0x53, 0xf6,
    0x54, 0xf7, 0x64, 0xf7, 0x43, 0xf5, 0x32, 0xf3, 0x32, 0xf5, 0x42, 0xf5, 0x22, 0xf3, 0x32, 0xf4,
    0x32, 0xf4, 0x21, 0xf3, 0x32, 0xf5, 0x21, 0xf3, 0x22, 0xf3, 0x43, 0xf5, 0x43, 0xf5, 0x53, 0xf6,
    0x54, 0xf7, 0x43, 0xf6, 0x64, 0xf7, 0x42, 0xf5, 0x31, 0xf5, 0x32, 0xf5, 0x42, 0xf6, 0x31, 0xf5,
    0x32, 0xf5, 0x42, 0xf5, 0x32, 0xf4, 0x43, 0xf5, 0x64, 0xf7, 0x42, 0xf5, 0x54, 0xf7, 0x54, 0xf7,
    0x64, 0xf8, 0x63, 0xf7, 0x43, 0xf6, 0x64, 0xf8, 0x53, 0xf7, 0x64, 0xf7, 0x64, 0xf8, 0x64, 0xf8,
    0x43, 0xf6, 0x31, 0xf5, 0x54, 0xf6, 0x43, 0xf6, 0x53, 0xf6, 0x42, 0xf6, 0x42, 0xf6, 0x31, 0xf5,
    0x43, 0xf5, 0x42, 0xf5, 0x32, 0xf4, 0x43, 0xf5, 0x53, 0xf6, 0x54, 0xf6, 0x43, 0xf5, 0x43, 0xf6,
    0x43, 0xf5, 0x43, 0xf5, 0x53, 0xf6, 0x32, 0xf4, 0x43, 0xf5, 0x64, 0xf7, 0x43, 0xf5, 0x53, 0xf6,
    0x64, 0xf7, 0x43, 0xf6, 0x54, 0xf7, 0x53, 0xf6, 0x53, 0xf7, 0x53, 0xf7, 0x53, 0xf6, 0x53, 0xf6,
    0x54, 0xf7, 0x53, 0xf7, 0x64, 0xf7, 0x53, 0xf6, 0x53, 0xf6, 0x54, 0xf7, 0x53, 0xf6, 0x43, 0xf5,
    0x64, 0xf7, 0x75, 0xf8, 0x64, 0xf8, 0x64, 0xf8, 0x75, 0xf9, 0x53, 0xf6, 0x75, 0xf8, 0x64, 0xf8,
    0x64, 0xf8, 0x64, 0xf7, 0x65, 0xf8, 0x65, 0xf8, 0x64, 0xf7, 0x64, 0xf7, 0x64, 0xf8, 0x64, 0xf8,
    0x75, 0xf8, 0x53, 0xf7, 0x65, 0xf8, 0x64, 0xf8, 0x64, 0xf8, 0x75, 0xf8, 0x64, 0xf7, 0x64, 0xf8,
    0x53, 0xf7, 0x63, 0xf7, 0x75, 0xf8, 0x74, 0xf8, 0x64, 0xf8, 0x54, 0xf7, 0x53, 0xf7, 0x53, 0xf6,
    0x75, 0xf9, 0x75, 0xf8, 0x54, 0xf7, 0x75, 0xf8, 0x64, 0xf7, 0x65, 0xf8, 0x53, 0xf6, 0x64, 0xf7,
    0x43, 0xf5, 0x64, 0xf7, 0x53, 0xf7, 0x42, 0xf5, 0x54, 0xf7, 0x64, 0xf7, 0x43, 0xf6, 0x75, 0xf9,
    0x76, 0xf9, 0x75, 0xf8, 0x86, 0xf9, 0x64, 0xf7, 0x53, 0xf6, 0x53, 0xf7, 0x53, 0xf6, 0x43, 0xf6,
    0x86, 0xf9, 0x53, 0xf6, 0x64, 0xf7, 0x32, 0xf4, 0x42, 0xf5, 0x32, 0xf4, 0x21, 0xf3, 0x32, 0xf4,
    0x64, 0xf7, 0x64, 0xf7, 0x64, 0xf7, 0x53, 0xf6, 0x53, 0xf7, 0x54, 0xf7, 0x64, 0xf7, 0x64, 0xf7,
    0x53, 0xf6, 0x53, 0xf7, 0x53, 0xf7, 0x75, 0xf8, 0x54, 0xf7, 0x53, 0xf6, 0x53, 0xf7, 0x53, 0xf7,
    0x43, 0xf5, 0x42, 0xf5, 0x54, 0xf7, 0x64, 0xf7, 0x32, 0xf4, 0x32, 0xf4, 0x21, 0xf3, 0x32, 0xf5,
    0x54, 0xf7, 0x53, 0xf6, 0x42, 0xf6, 0x21, 0xf3, 0x32, 0xf5, 0x32, 0xf4, 0x32, 0xf4, 0x42, 0xf5,
    0x86, 0xf9, 0x64, 0xf7, 0x43, 0xf5, 0x43, 0xf6, 0x43, 0xf6, 0x42, 0xf5, 0x54, 0xf7, 0x53, 0xf6,
    0x32, 0xf4, 0x21, 0xf3, 0x32, 0xf4, 0x32, 0xf4, 0x32, 0xf4, 0x42, 0xf5, 0x32, 0xf4, 0x32, 0xf4,
    0x31, 0xf5, 0x21, 0xf4, 0x42, 0xf6, 0x53, 0xf7, 0x43, 0xf6, 0x43, 0xf6, 0x64, 0xf7, 0x54, 0xf7,
    0x42, 0xf5, 0x64, 0xf7, 0x32, 0xf3, 0x43, 0xf5, 0x75, 0xf8, 0x64, 0xf7, 0x54, 0xf7, 0x54, 0xf6,
    0x53, 0xf6, 0x42, 0xf5, 0x54, 0xf6, 0x43, 0xf6, 0x32, 0xf4, 0x53, 0xf6, 0x32, 0xf4, 0x32, 0xf4,
    0x43, 0xf5, 0x43, 0xf5, 0x65, 0xf7, 0x33, 0xf4, 0x43, 0xf5, 0x32, 0xf5, 0x54, 0xf5, 0x32, 0xf4,
    0x32, 0xf5, 0x21, 0xf3, 0x42, 0xf5, 0x32, 0xf4, 0x32, 0xf4, 0x32, 0xf4, 0x43, 0xf5, 0x43, 0xf5,
    0x42, 0xf5, 0x32, 0xf4, 0x21, 0xf3, 0x32, 0xf4, 0x43, 0xf5, 0x43, 0xf6, 0x43, 0xf5, 0x43, 0xf6,
    0x54, 0xf6, 0x43, 0xf4, 0x43, 0xf5, 0x54, 0xf6, 0x43, 0xf5, 0x21, 0xf3, 0x54, 0xf6, 0x21, 0xf3,
    0x32, 0xf4, 0x44, 0xf5, 0x43, 0xf5, 0x43, 0xf5, 0x44, 0xf5, 0x22, 0xf3, 0x32, 0xf4, 0x54, 0xf7,
    0x31, 0xf4, 0x43, 0xf5, 0x32, 0xf4, 0x53, 0xf6, 0x43, 0xf5, 0x43, 0xf5, 0x32, 0xf4, 0x43, 0xf6,
    0x42, 0xf5, 0x43, 0xf5, 0x54, 0xf5, 0x44, 0xf5, 0x32, 0xf4, 0x32, 0xf5, 0x43, 0xf4, 0x32, 0xf3,
    0x32, 0xf4, 0x32, 0xf5, 0x32, 0xf4, 0x43, 0xf5, 0x44, 0xf5, 0x54, 0xf6, 0x43, 0xf5, 0x32, 0xf4,
    0x43, 0xf5, 0x43, 0xf5, 0x54, 0xf6, 0x43, 0xf5, 0x43, 0xf5, 0x32, 0xf4, 0x43, 0xf5, 0x43, 0xf4,
    0x32, 0xf4, 0x22, 0xf3, 0x21, 0xf4, 0x42, 0xf5, 0x43, 0xf5, 0x43, 0xf5, 0x43, 0xf5, 0x32, 0xf4,
    0x32, 0xf3, 0x32, 0xf4, 0x32, 0xf4, 0x54, 0xf6, 0x44, 0xf5, 0x43, 0xf6, 0x43, 0xf5, 0x42, 0xf5,
    0x42, 0xf5, 0x43, 0xf4, 0x32, 0xf4, 0x32, 0xf3, 0x32, 0xf4, 0x32, 0xf4, 0x32, 0xf4, 0x42, 0xf5,
    0x21, 0xf2, 0x21, 0xf3, 0x32, 0xf4, 0x43, 0xf4, 0x32, 0xf4, 0x42, 0xf6, 0x43, 0xf5, 0x43, 0xf5,
    0x43, 0xf5, 0x32, 0xf4, 0x53, 0xf6, 0x32, 0xf4, 0x32, 0xf4, 0x43, 0xf6, 0x32, 0xf4, 0x32, 0xf4,
    0x64, 0xf8, 0x53, 0xf6, 0x43, 0xf5, 0x42, 0xf5, 0x42, 0xf5, 0x43, 0xf6, 0x32, 0xf4, 0x32, 0xf5,
    0x31, 0xf4, 0x21, 0xf3, 0x42, 0xf5, 0x32, 0xf4, 0x32, 0xf4, 0x53, 0xf6, 0x32, 0xf3, 0x32, 0xf4,
    0x32, 0xf4, 0x32, 0xf4, 0x32, 0xf5, 0x32, 0xf4, 0x32, 0xf4, 0x43, 0xf5, 0x32, 0xf4, 0x42, 0xf5,
    0x32, 0xf4, 0x43, 0xf6, 0x42, 0xf5, 0x64, 0xf8, 0x43, 0xf5, 0x43, 0xf5, 0x43, 0xf5, 0x32, 0xf4,
    0x53, 0xf6, 0x53, 0xf6, 0x43, 0xf5, 0x32, 0xf4, 0x54, 0xf6, 0x43, 0xf5, 0x43, 0xf5, 0x43, 0xf5,
    0x32, 0xf5, 0x42, 0xf5, 0x43, 0xf6, 0x42, 0xf5, 0x32, 0xf4, 0x32, 0xf4, 0x22, 0xf3, 0x32, 0xf4,
    0x54, 0xf7, 0x32, 0xf4, 0x53, 0xf6, 0x32, 0xf4, 0x21, 0xf3, 0x31, 0xf5, 0x31, 0xf4, 0x42, 0xf5,
    0x42, 0xf5, 0x43, 0xf5, 0x32, 0xf4, 0x43, 0xf6, 0x43, 0xf6, 0x32, 0xf4, 0x43, 0xf6, 0x54, 0xf6,
    0x32, 0xf5, 0x42, 0xf5, 0x63, 0xf8, 0x63, 0xf7, 0x43, 0xf5, 0x54, 0xf7, 0x42, 0xf5, 0x43, 0xf6,
    0x43, 0xf5, 0x32, 0xf3, 0x43, 0xf5, 0x32, 0xf4, 0x53, 0xf6, 0x53, 0xf6, 0x43, 0xf5, 0x54, 0xf6,
    0x43, 0xf5, 0x43, 0xf5, 0x43, 0xf5, 0x43, 0xf5, 0x43, 0xf6, 0x43, 0xf6, 0x43, 0xf5, 0x53, 0xf6,
    0x53, 0xf6, 0x43, 0xf5, 0x43, 0xf6, 0x43, 0xf5, 0x43, 0xf5, 0x43, 0xf5, 0x43, 0xf6, 0x43, 0xf6,
    0x54, 0xf7, 0x53, 0xf6, 0x54, 0xf6, 0x43, 0xf5, 0x53, 0xf7, 0x53, 0xf7, 0x53, 0xf7, 0x64, 0xf8,
    0x43, 0xf5, 0x54, 0xf6, 0x43, 0xf6, 0x54, 0xf6, 0x43, 0xf5, 0x53, 0xf5, 0x43, 0xf5, 0x32, 0xf4,
    0x43, 0xf5, 0x43, 0xf5, 0x43, 0xf5, 0x32, 0xf4, 0x32, 0xf4, 0x32, 0xf4, 0x32, 0xf4, 0x32, 0xf5,
    0x43, 0xf6, 0x43, 0xf6, 0x43, 0xf6, 0x43, 0xf6, 0x53, 0xf6, 0x43, 0xf5, 0x53, 0xf6, 0x43, 0xf5,
    0x43, 0xf5, 0x43, 0xf6, 0x43, 0xf5, 0x54, 0xf7, 0x43, 0xf5, 0x32, 0xf4, 0x43, 0xf6, 0x64, 0xf7,
    0x43, 0xf5, 0x32, 0xf5, 0x32, 0xf5, 0x32, 0xf5, 0x42, 0xf5, 0x32, 0xf5, 0x43, 0xf5, 0x21, 0xf3,
    0x42, 0xf5, 0x33, 0xf4, 0x43, 0xf4, 0x43, 0xf5, 0x43, 0xf4, 0x43, 0xf5, 0x43, 0xf4, 0x76, 0xf8,
    0x53, 0xf7, 0x53, 0xf7, 0x32, 0xf4, 0x42, 0xf5, 0x42, 0xf5, 0x54, 0xf7, 0x32, 0xf4, 0x43, 0xf6,
    0x43, 0xf5, 0x22, 0xf3, 0x76, 0xf8, 0x54, 0xf5, 0x21, 0xf2, 0x32, 0xf5, 0x33, 0xf4, 0x32, 0xf4,
    0x44, 0xf5, 0x54, 0xf6, 0x54, 0xf5, 0x66, 0xf7, 0x54, 0xf6, 0x54, 0xf6, 0x54, 0xf5, 0x54, 0xf5,
    0x42, 0xf5, 0x44, 0xf5, 0x43, 0xf6, 0x42, 0xf5, 0x65, 0xf7, 0x54, 0xf6, 0x43, 0xf5, 0x43, 0xf4,
    0x55, 0xf6, 0x55, 0xf6, 0x54, 0xf6, 0x55, 0xf6, 0x54, 0xf5, 0x22, 0xf3, 0x65, 0xf6, 0x22, 0xf3,
    0x54, 0xf5, 0x43, 0xf4, 0x21, 0xf2, 0x21, 0xf2, 0x32, 0xf3, 0x21, 0xf3, 0x32, 0xf4, 0x32, 0xf4,
    0x43, 0xf6, 0x32, 0xf4, 0x32, 0xf5, 0x32, 0xf5, 0x32, 0xf5, 0x43, 0xf5, 0x43, 0xf5, 0x43, 0xf5,
    0x32, 0xf5, 0x32, 0xf4, 0x42, 0xf5, 0x43, 0xf5, 0x32, 0xf4, 0x43, 0xf5, 0x42, 0xf5, 0x42, 0xf5,
    0x43, 0xf5, 0x43, 0xf6, 0x43, 0xf5, 0x43, 0xf5, 0x53, 0xf6, 0x64, 0xf8, 0x43, 0xf5, 0x53, 0xf6,
    0x53, 0xf6, 0x54, 0xf6, 0x32, 0xf4, 0x53, 0xf6, 0x64, 0xf7, 0x53, 0xf6, 0x43, 0xf6, 0x43, 0xf6,
    0x32, 0xf4, 0x64, 0xf7, 0x22, 0xf3, 0x32, 0xf4, 0x32, 0xf4, 0x32, 0xf3, 0x32, 0xf4, 0x32, 0xf3,
    0x32, 0xf4, 0x43, 0xf4, 0x33, 0xf4, 0x44, 0xf5, 0x44, 0xf5, 0x32, 0xf4, 0x54, 0xf5, 0x43, 0xf5,
    0x32, 0xf4, 0x43, 0xf6, 0x32, 0xf4, 0x32, 0xf4, 0x53, 0xf6, 0x43, 0xf5, 0x43, 0xf5, 0x54, 0xf6,
    0x32, 0xf4, 0x32, 0xf4, 0x32, 0xf4, 0x43, 0xf5, 0x54, 0xf6, 0x65, 0xf7, 0x54, 0xf6, 0x65, 0xf7,
    0x53, 0xf7, 0x32, 0xf5, 0x86, 0xf9, 0x43, 0xf5, 0x32, 0xf5, 0x32, 0xf5, 0x21, 0xf3, 0x43, 0xf5,
    0x54, 0xf6, 0x65, 0xf7, 0x65, 0xf6, 0x43, 0xf5, 0x32, 0xf4, 0x31, 0xf4, 0x43, 0xf5, 0x42, 0xf5,
    0x32, 0xf4, 0x22, 0xf3, 0x43, 0xf5, 0x32, 0xf4, 0x54, 0xf7, 0x64, 0xf7, 0x43, 0xf6, 0x64, 0xf7,
    0x53, 0xf7, 0x42, 0xf5, 0x63, 0xf8, 0x53, 0xf7, 0x42, 0xf5, 0x64, 0xf8, 0x54, 0xf7, 0x65, 0xf8,
    0x65, 0xf7, 0x43, 0xf5, 0x65, 0xf7, 0x54, 0xf5, 0x65, 0xf7, 0x32, 0xf4, 0x65, 0xf7, 0x43, 0xf5,
    0x65, 0xf7, 0x54, 0xf6, 0x54, 0xf6, 0x43, 0xf5, 0x43, 0xf5, 0x43, 0xf5, 0x21, 0xf3, 0x32, 0xf4,
    0x53, 0xf7, 0x64, 0xf7, 0x53, 0xf7, 0x53, 0xf6, 0x54, 0xf7, 0x54, 0xf7, 0x65, 0xf8, 0x75, 0xf8,
    0x42, 0xf6, 0x53, 0xf7, 0x42, 0xf5, 0x32, 0xf4, 0x75, 0xf8, 0x64, 0xf8, 0x32, 0xf5, 0x32, 0xf5,
    0x42, 0xf6, 0x53, 0xf6, 0x64, 0xf7, 0x42, 0xf6, 0x63, 0xf8, 0x64, 0xf8, 0x53, 0xf7, 0x75, 0xf8,
    0x64, 0xf8, 0x64, 0xf8, 0x64, 0xf7, 0x64, 0xf7, 0x64, 0xf7, 0x64, 0xf7, 0x65, 0xf7, 0x64, 0xf7,
    0x74, 0xf8, 0x64, 0xf8, 0x75, 0xf9, 0x64, 0xf8, 0x75, 0xf9, 0x75, 0xf9, 0x74, 0xf8, 0x74, 0xf8,
    0x64, 0xf8, 0x75, 0xf8, 0x64, 0xf7, 0x64, 0xf8, 0x75, 0xf9, 0x63, 0xf8, 0x75, 0xf8, 0x85, 0xf9,
    0x75, 0xf8, 0x75, 0xf8, 0x64, 0xf7, 0x64, 0xf7, 0x53, 0xf7, 0x53, 0xf7, 0x64, 0xf7, 0x53, 0xf7,
    0x42, 0xf5, 0x43, 0xf6, 0x42, 0xf5, 0x42, 0xf5, 0x53, 0xf6, 0x53, 0xf7, 0x53, 0xf6, 0x53, 0xf7,
    0x53, 0xf7, 0x53, 0xf7, 0x53, 0xf7, 0x64, 0xf8, 0x53, 0xf7, 0x75, 0xf9, 0x64, 0xf8, 0x64, 0xf8,
    0x64, 0xf8, 0x75, 0xf8, 0x64, 0xf8, 0x64, 0xf8, 0x64, 0xf8, 0x53, 0xf6, 0x64, 0xf8, 0x64, 0xf7,
    0x32, 0xf4, 0x43, 0xf5, 0x64, 0xf7, 0x86, 0xf9, 0x53, 0xf6, 0x42, 0xf6, 0x74, 0xf9, 0x53, 0xf7,
    0x63, 0xf8, 0x75, 0xf9, 0x63, 0xf8, 0x64, 0xf7, 0x43, 0xf6, 0x53, 0xf6, 0x53, 0xf6, 0x32, 0xf4,
    0x43, 0xf5, 0x43, 0xf5, 0x42, 0xf5, 0x43, 0xf5, 0x43, 0xf5, 0x42, 0xf5, 0x75, 0xf8, 0x64, 0xf7,
    0x53, 0xf6, 0x54, 0xf7, 0x54, 0xf7, 0x64, 0xf7, 0x64, 0xf7, 0x43, 0xf5, 0x54, 0xf6, 0x32, 0xf4,
    0x54, 0xf7, 0x42, 0xf5, 0x42, 0xf5, 0x53, 0xf7, 0x43, 0xf6, 0x53, 0xf6, 0x54, 0xf7, 0x54, 0xf6,
    0x43, 0xf6, 0x43, 0xf6, 0x64, 0xf7, 0x32, 0xf4, 0x54, 0xf7, 0x53, 0xf6, 0x32, 0xf4, 0x54, 0xf6,
    0x53, 0xf6, 0x43, 0xf6, 0x43, 0xf6, 0x53, 0xf6, 0x54, 0xf6, 0x43, 0xf5, 0x43, 0xf5, 0x54, 0xf6,
    0x43, 0xf6, 0x54, 0xf7, 0x43, 0xf5, 0x53, 0xf6, 0x53, 0xf6, 0x43, 0xf5, 0x43, 0xf6, 0x43, 0xf5,
    0x32, 0xf4, 0x32, 0xf4, 0x42, 0xf5, 0x43, 0xf5, 0x42, 0xf5, 0x64, 0xf8, 0x53, 0xf6, 0x54, 0xf7,
    0x42, 0xf5, 0x43, 0xf5, 0x43, 0xf5, 0x43, 0xf4, 0x43, 0xf5, 0x53, 0xf6, 0x32, 0xf4, 0x32, 0xf4,
    0x75, 0xf9, 0x64, 0xf8, 0x64, 0xf8, 0x64, 0xf8, 0x64, 0xf8, 0x64, 0xf8, 0x64, 0xf8, 0x64, 0xf8,
    0x42, 0xf5, 0x42, 0xf6, 0x43, 0xf5, 0x52, 0xf7, 0x53, 0xf7, 0x74, 0xf8, 0x31, 0xf5, 0x63, 0xf7,
    0x43, 0xf4, 0x44, 0xf5, 0x54, 0xf5, 0x43, 0xf5, 0x54, 0xf6, 0x43, 0xf4, 0x54, 0xf6, 0x32, 0xf4,
    0x43, 0xf5, 0x32, 0xf4, 0x43, 0xf5, 0x64, 0xf7, 0x42, 0xf5, 0x53, 0xf6, 0x43, 0xf6, 0x54, 0xf6,
    0x43, 0xf5, 0x43, 0xf5, 0x43, 0xf5, 0x43, 0xf5, 0x32, 0xf4, 0x32, 0xf5, 0x43, 0xf5, 0x43, 0xf5,
    0x43, 0xf5, 0x54, 0xf5, 0x54, 0xf6, 0x43, 0xf5, 0x54, 0xf5, 0x65, 0xf7, 0x43, 0xf5, 0x43, 0xf5,
    0x53, 0xf7, 0x64, 0xf7, 0x64, 0xf8, 0x74, 0xf9, 0x53, 0xf7, 0x42, 0xf6, 0x75, 0xf9, 0x64, 0xf7,
    0x74, 0xf9, 0x74, 0xf8, 0x63, 0xf8, 0x74, 0xf9, 0x75, 0xf9, 0x86, 0xf9, 0x75, 0xf9, 0x86, 0xf9,
    0x42, 0xf5, 0x32, 0xf4, 0x64, 0xf7, 0x53, 0xf6, 0x31, 0xf4, 0x32, 0xf5, 0x53, 0xf6, 0x32, 0xf4,
    0x75, 0xf9, 0x64, 0xf7, 0x75, 0xf8, 0x53, 0xf7, 0x43, 0xf6, 0x32, 0xf4, 0x64, 0xf7, 0x42, 0xf5,
    0x74, 0xf9, 0x74, 0xf9, 0x74, 0xf9, 0x74, 0xf9, 0x64, 0xf8, 0x75, 0xf9, 0x74, 0xf8, 0x75, 0xf9,
    0x64, 0xf8, 0x75, 0xf9, 0x42, 0xf5, 0x53, 0xf7, 0x75, 0xf9, 0x64, 0xf7, 0x74, 0xf8, 0x64, 0xf8,
    0x64, 0xf8, 0x64, 0xf7, 0x64, 0xf8, 0x53, 0xf6, 0x75, 0xf9, 0x43, 0xf5, 0x53, 0xf6, 0x32, 0xf4,
    0x53, 0xf7, 0x42, 0xf5, 0x64, 0xf7, 0x42, 0xf5, 0x32, 0xf4, 0x53, 0xf7, 0x32, 0xf5, 0x64, 0xf8,
    0x32, 0xf5, 0x43, 0xf5, 0x21, 0xf3, 0x42, 0xf5, 0x32, 0xf4, 0x32, 0xf4, 0x32, 0xf4, 0x32, 0xf5,
    0x32, 0xf4, 0x32, 0xf3, 0x21, 0xf3, 0x32, 0xf4, 0x42, 0xf5, 0x32, 0xf4, 0x43, 0xf6, 0x43, 0xf5,
    0x32, 0xf4, 0x32, 0xf3, 0x32, 0xf5, 0x43, 0xf5, 0x31, 0xf4, 0x42, 0xf5, 0x54, 0xf6, 0x42, 0xf5,
    0x43, 0xf5, 0x54, 0xf6, 0x43, 0xf5, 0x54, 0xf6, 0x65, 0xf7, 0x65, 0xf7, 0x65, 0xf7, 0x54, 0xf6,
    0x21, 0xf2, 0x32, 0xf4, 0x32, 0xf4, 0x32, 0xf4, 0x53, 0xf7, 0x54, 0xf6, 0x42, 0xf5, 0x21, 0xf3,
    0x42, 0xf6, 0x32, 0xf5, 0x53, 0xf7, 0x32, 0xf4, 0x54, 0xf6, 0x32, 0xf4, 0x43, 0xf5, 0x32, 0xf4,
    0x54, 0xf6, 0x65, 0xf6, 0x43, 0xf5, 0x54, 0xf5, 0x65, 0xf6, 0x54, 0xf6, 0x54, 0xf6, 0x43, 0xf5,
    0x32, 0xf4, 0x42, 0xf5, 0x31, 0xf4, 0x63, 0xf8, 0x32, 0xf4, 0x32, 0xf3, 0x42, 0xf6, 0x53, 0xf6,
    0x54, 0xf7, 0x53, 0xf6, 0x64, 0xf8, 0x64, 0xf7, 0x64, 0xf7, 0x75, 0xf8, 0x65, 0xf8, 0x86, 0xf9,
    0x75, 0xf9, 0x63, 0xf7, 0x75, 0xf9, 0x42, 0xf6, 0x64, 0xf7, 0x64, 0xf7, 0x32, 0xf5, 0x31, 0xf4,
    0x53, 0xf6, 0x21, 0xf3, 0x53, 0xf6, 0x21, 0xf3, 0x53, 0xf7, 0x73, 0xf9, 0x42, 0xf6, 0x63, 0xf8,
    0x32, 0xf4, 0x21, 0xf2, 0x21, 0xf3, 0x32, 0xf3, 0x42, 0xf5, 0x42, 0xf6, 0x32, 0xf4, 0x32, 0xf4,
    0x43, 0xf5, 0x32, 0xf4, 0x43, 0xf5, 0x42, 0xf5, 0x21, 0xf3, 0x32, 0xf4, 0x43, 0xf5, 0x32, 0xf4,
    0x65, 0xf7, 0x32, 0xf4, 0x54, 0xf6, 0x54, 0xf5, 0x32, 0xf4, 0x32, 0xf4, 0x32, 0xf4, 0x32, 0xf5,
    0x53, 0xf6, 0x43, 0xf5, 0x64, 0xf7, 0x53, 0xf6, 0x54, 0xf6, 0x43, 0xf5, 0x64, 0xf7, 0x54, 0xf6,
    0x42, 0xf5, 0x31, 0xf4, 0x32, 0xf5, 0x32, 0xf5, 0x42, 0xf5, 0x42, 0xf5, 0x32, 0xf5, 0x42, 0xf5,
    0x63, 0xf7, 0x65, 0xf7, 0x53, 0xf6, 0x75, 0xf7, 0x54, 0xf5, 0x43, 0xf5, 0x65, 0xf6, 0x54, 0xf6,
    0x43, 0xf5, 0x54, 0xf6, 0x32, 0xf4, 0x43, 0xf5, 0x54, 0xf5, 0x43, 0xf5, 0x54, 0xf6, 0x43, 0xf5,
    0x32, 0xf4, 0x53, 0xf7, 0x43, 0xf4, 0x31, 0xf4, 0x63, 0xf8, 0x63, 0xf8, 0x42, 0xf6, 0x53, 0xf8,
    0x53, 0xf6, 0x32, 0xf4, 0x53, 0xf6, 0x42, 0xf5, 0x42, 0xf6, 0x42, 0xf5, 0x53, 0xf6, 0x43, 0xf6,
    0x32, 0xf4, 0x21, 0xf3, 0x32, 0xf4, 0x42, 0xf5, 0x43, 0xf5, 0x53, 0xf6, 0x32, 0xf4, 0x42, 0xf5,
    0x65, 0xf8, 0x43, 0xf5, 0x43, 0xf5, 0x32, 0xf4, 0x43, 0xf4, 0x54, 0xf6, 0x54, 0xf6, 0x54, 0xf5,
    0x42, 0xf5, 0x32, 0xf4, 0x32, 0xf4, 0x32, 0xf4, 0x42, 0xf5, 0x32, 0xf4, 0x32, 0xf4, 0x32, 0xf4,
    0x54, 0xf6, 0x54, 0xf6, 0x54, 0xf6, 0x54, 0xf6, 0x42, 0xf5, 0x32, 0xf4, 0x21, 0xf3, 0x32, 0xf4,
    0x65, 0xf7, 0x43, 0xf5, 0x65, 0xf7, 0x43, 0xf5, 0x32, 0xf4, 0x43, 0xf5, 0x32, 0xf4, 0x54, 0xf7,
    0x43, 0xf5, 0x43, 0xf5, 0x32, 0xf4, 0x42, 0xf5, 0x43, 0xf5, 0x43, 0xf6, 0x32, 0xf4, 0x32, 0xf4,
    0x54, 0xf7, 0x43, 0xf5, 0x64, 0xf7, 0x43, 0xf6, 0x43, 0xf5, 0x53, 0xf6, 0x64, 0xf8, 0x54, 0xf7,
    0x43, 0xf5, 0x53, 0xf7, 0x43, 0xf5, 0x53, 0xf7, 0x64, 0xf8, 0x43, 0xf5, 0x43, 0xf6, 0x64, 0xf7,
    0x53, 0xf6, 0x42, 0xf5, 0x64, 0xf8, 0x43, 0xf5, 0x32, 0xf4, 0x32, 0xf4, 0x32, 0xf3, 0x32, 0xf4,
    0x65, 0xf8, 0x43, 0xf5, 0x54, 0xf7, 0x42, 0xf5, 0x54, 0xf6, 0x64, 0xf7, 0x65, 0xf8, 0x54, 0xf6,
    0x43, 0xf5, 0x43, 0xf5, 0x53, 0xf6, 0x54, 0xf6, 0x43, 0xf5, 0x64, 0xf7, 0x43, 0xf5, 0x53, 0xf6,
    0x53, 0xf6, 0x43, 0xf6, 0x43, 0xf6, 0x53, 0xf6, 0x32, 0xf4, 0x42, 0xf5, 0x43, 0xf5, 0x32, 0xf4,
    0x42, 0xf5, 0x43, 0xf6, 0x54, 0xf6, 0x53, 0xf6, 0x43, 0xf5, 0x43, 0xf5, 0x43, 0xf5, 0x43, 0xf5,
    0x43, 0xf6, 0x54, 0xf7, 0x54, 0xf6, 0x43, 0xf5, 0x43, 0xf5, 0x32, 0xf4, 0x53, 0xf6, 0x53, 0xf6,
    0x43, 0xf5, 0x43, 0xf5, 0x32, 0xf5, 0x43, 0xf5, 0x43, 0xf5, 0x43, 0xf5, 0x43, 0xf4, 0x54, 0xf6,
    0x32, 0xf4, 0x32, 0xf4, 0x43, 0xf5, 0x43, 0xf5, 0x32, 0xf4, 0x32, 0xf4, 0x43, 0xf5, 0x43, 0xf5,
    0x54, 0xf6, 0x32, 0xf4, 0x43, 0xf6, 0x43, 0xf5, 0x43, 0xf5, 0x42, 0xf5, 0x32, 0xf4, 0x43, 0xf6,
    0x53, 0xf6, 0x53, 0xf7, 0x53, 0xf6, 0x53, 0xf7, 0x53, 0xf7, 0x75, 0xf8, 0x64, 0xf7, 0x64, 0xf7,
    0x42, 0xf5, 0x53, 0xf6, 0x54, 0xf7, 0x64, 0xf7, 0x43, 0xf5, 0x43, 0xf5, 0x43, 0xf5, 0x43, 0xf6,
    0x53, 0xf6, 0x42, 0xf5, 0x53, 0xf7, 0x53, 0xf6, 0x53, 0xf7, 0x53, 0xf6, 0x53, 0xf6, 0x42, 0xf6,
    0x65, 0xf7, 0x53, 0xf6, 0x22, 0xf3, 0x21, 0xf3, 0x85, 0xf9, 0x65, 0xf8, 0x75, 0xf8, 0x65, 0xf8,
    0x32, 0xf4, 0x32, 0xf4, 0x64, 0xf7, 0x43, 0xf5, 0x54, 0xf6, 0x32, 0xf4, 0x32, 0xf4, 0x42, 0xf5,
    0x43, 0xf5, 0x53, 0xf6, 0x54, 0xf6, 0x43, 0xf6, 0x53, 0xf6, 0x42, 0xf5, 0x54, 0xf6, 0x42, 0xf5,
    0x43, 0xf6, 0x65, 0xf8, 0x43, 0xf5, 0x32, 0xf4, 0x53, 0xf5, 0x32, 0xf5, 0x31, 0xf4, 0x42, 0xf6,
    0x43, 0xf5, 0x43, 0xf5, 0x43, 0xf5, 0x32, 0xf4, 0x43, 0xf5, 0x32, 0xf5, 0x32, 0xf4, 0x42, 0xf5,
    0x42, 0xf5, 0x42, 0xf5, 0x33, 0xf4, 0x43, 0xf5, 0x53, 0xf6, 0x32, 0xf5, 0x43, 0xf5, 0x42, 0xf5,
    0x32, 0xf4, 0x32, 0xf4, 0x42, 0xf5, 0x42, 0xf5, 0x42, 0xf5, 0x42, 0xf5, 0x42, 0xf5, 0x32, 0xf5,
    0x32, 0xf4, 0x42, 0xf5, 0x32, 0xf5, 0x32, 0xf4, 0x43, 0xf5, 0x32, 0xf4, 0x32, 0xf4, 0x32, 0xf4,
    0x42, 0xf5, 0x64, 0xf8, 0x64, 0xf7, 0x64, 0xf7, 0x64, 0xf8, 0x53, 0xf6, 0x53, 0xf7, 0x42, 0xf6,
    0x53, 0xf6, 0x43, 0xf6, 0x42, 0xf5, 0x42, 0xf5, 0x42, 0xf6, 0x43, 0xf6, 0x42, 0xf6, 0x53, 0xf7,
    0x43, 0xf6, 0x43, 0xf6, 0x42, 0xf6, 0x42, 0xf6, 0x54, 0xf7, 0x32, 0xf5, 0x53, 0xf7, 0x43, 0xf6,
    0x42, 0xf6, 0x42, 0xf5, 0x42, 0xf6, 0x43, 0xf6, 0x42, 0xf5, 0x42, 0xf6, 0x42, 0xf6, 0x42, 0xf5,
    0x42, 0xf5, 0x43, 0xf5, 0x65, 0xf7, 0x64, 0xf7, 0x53, 0xf6, 0x43, 0xf6, 0x43, 0xf5, 0x43, 0xf5,
    0x53, 0xf6, 0x32, 0xf5, 0x32, 0xf4, 0x32, 0xf3, 0x32, 0xf4, 0x32, 0xf5, 0x22, 0xf3, 0x32, 0xf4,
    0x32, 0xf5, 0x32, 0xf5, 0x43, 0xf4, 0x31, 0xf4, 0x31, 0xf4, 0x31, 0xf4, 0x21, 0xf3, 0x32, 0xf5,
    0x42, 0xf5, 0x21, 0xf3, 0x42, 0xf5, 0x42, 0xf5, 0x21, 0xf2, 0x32, 0xf4, 0x32, 0xf4, 0x32, 0xf4,
    0x55, 0xf6, 0x33, 0xf4, 0x43, 0xf4, 0x32, 0xf3, 0x32, 0xf4, 0x32, 0xf4, 0x54, 0xf6, 0x53, 0xf6,
    0x32, 0xf4, 0x43, 0xf5, 0x32, 0xf4, 0x32, 0xf4, 0x43, 0xf5, 0x43, 0xf6, 0x54, 0xf6, 0x64, 0xf7,
    0x54, 0xf6, 0x65, 0xf7, 0x64, 0xf7, 0x65, 0xf7, 0x75, 0xf8, 0x43, 0xf5, 0x86, 0xf9, 0x54, 0xf6,
    0x64, 0xf7, 0x65, 0xf8, 0x54, 0xf7, 0x65, 0xf8, 0x65, 0xf7, 0x65, 0xf7, 0x65, 0xf7, 0x32, 0xf4,
    0x43, 0xf6, 0x42, 0xf6, 0x53, 0xf7, 0x42, 0xf6, 0x64, 0xf7, 0x64, 0xf7, 0x53, 0xf7, 0x43, 0xf6,
    0x53, 0xf7, 0x53, 0xf7, 0x53, 0xf6, 0x42, 0xf6, 0x53, 0xf7, 0x32, 0xf5, 0x53, 0xf7, 0x53, 0xf7,
    0x64, 0xf7, 0x75, 0xf8, 0x65, 0xf7, 0x43, 0xf5, 0x64, 0xf7, 0x42, 0xf5, 0x32, 0xf4, 0x32, 0xf4,
    0x42, 0xf5, 0x21, 0xf3, 0x42, 0xf6, 0x31, 0xf4, 0x42, 0xf5, 0x42, 0xf6, 0x63, 0xf8, 0x43, 0xf6,
    0x11, 0xf2, 0x43, 0xf6, 0x21, 0xf3, 0x53, 0xf6, 0x53, 0xf6, 0x54, 0xf6, 0x53, 0xf6, 0x54, 0xf6,
    0x43, 0xf5, 0x53, 0xf7, 0x43, 0xf5, 0x53, 0xf7, 0x53, 0xf6, 0x53, 0xf5, 0x43, 0xf6, 0x64, 0xf7,
    0x43, 0xf5, 0x32, 0xf4, 0x32, 0xf3, 0x42, 0xf5, 0x21, 0xf3, 0x32, 0xf5, 0x32, 0xf5, 0x32, 0xf4,
    0x43, 0xf5, 0x32, 0xf4, 0x64, 0xf8, 0x54, 0xf5, 0x42, 0xf5, 0x32, 0xf4, 0x54, 0xf5, 0x22, 0xf3,
    0x32, 0xf3, 0x43, 0xf5, 0x32, 0xf4, 0x43, 0xf5, 0x53, 0xf6, 0x64, 0xf7, 0x53, 0xf6, 0x53, 0xf6,
    0x32, 0xf4, 0x53, 0xf5, 0x42, 0xf5, 0x76, 0xf9, 0x54, 0xf7, 0x54, 0xf6, 0x75, 0xf8, 0x54, 0xf5,
    0x64, 0xf8, 0x54, 0xf6, 0x54, 0xf6, 0x43, 0xf4, 0x55, 0xf6, 0x65, 0xf6, 0x54, 0xf5, 0x65, 0xf6,
    0x65, 0xf7, 0x54, 0xf5, 0x65, 0xf6, 0x76, 0xf8, 0x54, 0xf5, 0x65, 0xf7, 0x65, 0xf7, 0x65, 0xf7,
    0x42, 0xf5, 0x42, 0xf6, 0x42, 0xf6, 0x42, 0xf6, 0x42, 0xf6, 0x43, 0xf6, 0x42, 0xf6, 0x53, 0xf7,
    0x54, 0xf7, 0x64, 0xf7, 0x31, 0xf5, 0x53, 0xf6, 0x42, 0xf6, 0x52, 0xf7, 0x53, 0xf6, 0x42, 0xf6,
    0x54, 0xf7, 0x21, 0xf3, 0x43, 0xf6, 0x43, 0xf5, 0x43, 0xf6, 0x43, 0xf6, 0x53, 0xf6, 0x43, 0xf5,
    0x32, 0xf5, 0x43, 0xf5, 0x43, 0xf6, 0x53, 0xf6, 0x53, 0xf6, 0x43, 0xf5, 0x54, 0xf6, 0x43, 0xf6,
    0x31, 0xf4, 0x31, 0xf4, 0x32, 0xf5, 0x32, 0xf4, 0x32, 0xf5, 0x42, 0xf5, 0x32, 0xf4, 0x43, 0xf5,
    0x32, 0xf5, 0x32, 0xf5, 0x32, 0xf5, 0x42, 0xf5, 0x42, 0xf5, 0x43, 0xf5, 0x42, 0xf5, 0x32, 0xf5,
    0x54, 0xf7, 0x53, 0xf7, 0x54, 0xf6, 0x32, 0xf4, 0x53, 0xf7, 0x53, 0xf6, 0x53, 0xf6, 0x53, 0xf6,
    0x43, 0xf5, 0x32, 0xf4, 0x32, 0xf4, 0x42, 0xf5, 0x43, 0xf5, 0x43, 0xf6, 0x43, 0xf6, 0x43, 0xf5,
    0x53, 0xf6, 0x43, 0xf6, 0x42, 0xf5, 0x32, 0xf5, 0x43, 0xf6, 0x44, 0xf5, 0x42, 0xf5, 0x43, 0xf5,
    0x42, 0xf5, 0x42, 0xf5, 0x43, 0xf6, 0x22, 0xf3, 0x42, 0xf5, 0x32, 0xf4, 0x43, 0xf5, 0x53, 0xf6,
    0x54, 0xf5, 0x65, 0xf7, 0x55, 0xf6, 0x65, 0xf7, 0x65, 0xf6, 0x65, 0xf6, 0x65, 0xf6, 0x55, 0xf6,
    0x54, 0xf6, 0x65, 0xf7, 0x43, 0xf5, 0x43, 0xf5, 0x65, 0xf7, 0x65, 0xf6, 0x65, 0xf7, 0x76, 0xf7,
    0x54, 0xf6, 0x43, 0xf5, 0x53, 0xf6, 0x32, 0xf4, 0x54, 0xf6, 0x53, 0xf7, 0x32, 0xf3, 0x32, 0xf5,
    0x43, 0xf6, 0x53, 0xf6, 0x53, 0xf6, 0x64, 0xf8, 0x43, 0xf5, 0x43, 0xf5, 0x65, 0xf8, 0x43, 0xf6,
    0x53, 0xf6, 0x31, 0xf4, 0x53, 0xf7, 0x53, 0xf7, 0x53, 0xf6, 0x64, 0xf7, 0x53, 0xf6, 0x54, 0xf6,
    0x53, 0xf6, 0x65, 0xf8, 0x43, 0xf5, 0x32, 0xf4, 0x43, 0xf5, 0x32, 0xf4, 0x43, 0xf5, 0x32, 0xf4,
    0x54, 0xf7, 0x43, 0xf5, 0x32, 0xf4, 0x32, 0xf4, 0x42, 0xf5, 0x64, 0xf7, 0x31, 0xf4, 0x76, 0xf8,
    0x65, 0xf8, 0x53, 0xf6, 0x42, 0xf5, 0x42, 0xf6, 0x43, 0xf6, 0x53, 0xf6, 0x32, 0xf5, 0x32, 0xf4,
    0x64, 0xf7, 0x54, 0xf6, 0x65, 0xf7, 0x53, 0xf6, 0x53, 0xf6, 0x53, 0xf6, 0x64, 0xf7, 0x53, 0xf7,
    0x65, 0xf7, 0x64, 0xf7, 0x43, 0xf5, 0x43, 0xf6, 0x74, 0xf8, 0x64, 0xf8, 0x64, 0xf8, 0x75, 0xf8,
    0x32, 0xf4, 0x42, 0xf5, 0x32, 0xf4, 0x43, 0xf5, 0x42, 0xf6, 0x32, 0xf4, 0x53, 0xf7, 0x42, 0xf6,
    0x44, 0xf5, 0x65, 0xf6, 0x43, 0xf5, 0x54, 0xf6, 0x43, 0xf5, 0x42, 0xf5, 0x43, 0xf5, 0x54, 0xf7,
    0x53, 0xf6, 0x64, 0xf7, 0x43, 0xf5, 0x42, 0xf5, 0x43, 0xf5, 0x64, 0xf8, 0x53, 0xf6, 0x64, 0xf7,
    0x32, 0xf4, 0x43, 0xf5, 0x32, 0xf4, 0x54, 0xf6, 0x43, 0xf5, 0x32, 0xf4, 0x53, 0xf5, 0x53, 0xf6,
    0x74, 0xf8, 0x75, 0xf9, 0x64, 0xf8, 0x64, 0xf8, 0x74, 0xf8, 0x74, 0xf8, 0x74, 0xf8, 0x86, 0xf9,
    0x64, 0xf7, 0x75, 0xf8, 0x75, 0xf8, 0x65, 0xf8, 0x53, 0xf7, 0x65, 0xf8, 0x32, 0xf4, 0x42, 0xf5,
    0x86, 0xf9, 0x53, 0xf6, 0x75, 0xf8, 0x64, 0xf8, 0x65, 0xf8, 0x75, 0xf9, 0x64, 0xf8, 0x86, 0xf9,
    0x64, 0xf7, 0x64, 0xf7, 0x53, 0xf6, 0x75, 0xf9, 0x76, 0xf9, 0x64, 0xf8, 0x75, 0xf9, 0x75, 0xf8,
    0x75, 0xf9, 0x65, 0xf7, 0x54, 0xf6, 0x53, 0xf6, 0x42, 0xf6, 0x42, 0xf5, 0x42, 0xf6, 0x53, 0xf6,
    0x32, 0xf5, 0x42, 0xf6, 0x64, 0xf8, 0x32, 0xf5, 0x53, 0xf6, 0x75, 0xf8, 0x42, 0xf6, 0x64, 0xf7,
    0x43, 0xf6, 0x64, 0xf8, 0x64, 0xf7, 0x64, 0xf8, 0x74, 0xf9, 0x74, 0xf9, 0x64, 0xf8, 0x64, 0xf8,
    0x54, 0xf6, 0x54, 0xf6, 0x53, 0xf6, 0x54, 0xf6, 0x54, 0xf7, 0x53, 0xf7, 0x43, 0xf6, 0x53, 0xf7,
    0x43, 0xf5, 0x22, 0xf3, 0x32, 0xf4, 0x21, 0xf3, 0x32, 0xf4, 0x42, 0xf5, 0x32, 0xf4, 0x53, 0xf6,
    0x32, 0xf4, 0x54, 0xf5, 0x22, 0xf3, 0x55, 0xf6, 0x22, 0xf3, 0x32, 0xf4, 0x54, 0xf6, 0x43, 0xf4,
    0x53, 0xf6, 0x53, 0xf6, 0x53, 0xf6, 0x43, 0xf6, 0x43, 0xf5, 0x64, 0xf8, 0x53, 0xf6, 0x53, 0xf7,
    0x32, 0xf4, 0x42, 0xf5, 0x32, 0xf4, 0x32, 0xf4, 0x42, 0xf6, 0x42, 0xf6, 0x32, 0xf5, 0x31, 0xf4,
    0x32, 0xf4, 0x54, 0xf5, 0x43, 0xf5, 0x33, 0xf4, 0x65, 0xf7, 0x65, 0xf7, 0x43, 0xf5, 0x54, 0xf6,
    0x66, 0xf7, 0x76, 0xf7, 0x65, 0xf7, 0x65, 0xf6, 0x65, 0xf7, 0x54, 0xf6, 0x65, 0xf6, 0x65, 0xf7,
    0x54, 0xf6, 0x43, 0xf5, 0x55, 0xf6, 0x54, 0xf5, 0x21, 0xf3, 0x31, 0xf4, 0x21, 0xf3, 0x42, 0xf5,
    0x44, 0xf5, 0x65, 0xf6, 0x54, 0xf6, 0x66, 0xf7, 0x32, 0xf3, 0x31, 0xf4, 0x33, 0xf4, 0x21, 0xf4,
    0x64, 0xf7, 0x43, 0xf5, 0x42, 0xf5, 0x53, 0xf6, 0x64, 0xf7, 0x42, 0xf5, 0x54, 0xf6, 0x42, 0xf5,
    0x53, 0xf6, 0x53, 0xf6, 0x32, 0xf5, 0x43, 0xf5, 0x43, 0xf5, 0x53, 0xf6, 0x43, 0xf5, 0x64, 0xf8,
    0x42, 0xf5, 0x43, 0xf6, 0x42, 0xf5, 0x32, 0xf5, 0x32, 0xf4, 0x54, 0xf7, 0x32, 0xf4, 0x43, 0xf6,
    0x64, 0xf7, 0x64, 0xf7, 0x75, 0xf8, 0x75, 0xf8, 0x43, 0xf5, 0x65, 0xf8, 0x64, 0xf7, 0x43, 0xf5,
    0x42, 0xf6, 0x53, 0xf6, 0x32, 0xf5, 0x42, 0xf5, 0x42, 0xf6, 0x53, 0xf6, 0x42, 0xf6, 0x53, 0xf7,
    0x42, 0xf5, 0x42, 0xf5, 0x53, 0xf6, 0x53, 0xf7, 0x53, 0xf7, 0x53, 0xf6, 0x43, 0xf6, 0x43, 0xf5,
    0x53, 0xf6, 0x43, 0xf6, 0x53, 0xf6, 0x43, 0xf6, 0x43, 0xf5, 0x32, 0xf4, 0x42, 0xf5, 0x42, 0xf5,
    0x43, 0xf5, 0x53, 0xf6, 0x42, 0xf5, 0x43, 0xf5, 0x42, 0xf5, 0x32, 0xf4, 0x32, 0xf4, 0x42, 0xf5,
    0x53, 0xf7, 0x64, 0xf8, 0x53, 0xf8, 0x64, 0xf8, 0x31, 0xf4, 0x53, 0xf7, 0x42, 0xf5, 0x32, 0xf5,
    0x53, 0xf7, 0x53, 0xf7, 0x64, 0xf8, 0x52, 0xf7, 0x42, 0xf5, 0x32, 0xf4, 0x53, 0xf7, 0x42, 0xf5,
    0x64, 0xf8, 0x43, 0xf6, 0x43, 0xf6, 0x65, 0xf7, 0x43, 0xf6, 0x53, 0xf5, 0x32, 0xf4, 0x32, 0xf4,
    0x32, 0xf5, 0x54, 0xf7, 0x42, 0xf4, 0x42, 0xf5, 0x54, 0xf6, 0x43, 0xf5, 0x43, 0xf6, 0x43, 0xf5,
    0x64, 0xf8, 0x53, 0xf7, 0x54, 0xf7, 0x75, 0xf8, 0x75, 0xf9, 0x64, 0xf7, 0x86, 0xf9, 0x43, 0xf5,
    0x43, 0xf6, 0x53, 0xf7, 0x75, 0xf8, 0x53, 0xf7, 0x42, 0xf5, 0x31, 0xf4, 0x32, 0xf5, 0x42, 0xf5,
    0x32, 0xf4, 0x32, 0xf4, 0x53, 0xf6, 0x53, 0xf6, 0x43, 0xf5, 0x43, 0xf4, 0x32, 0xf5, 0x32, 0xf4,
    0x54, 0xf6, 0x32, 0xf4, 0x53, 0xf7, 0x43, 0xf5, 0x32, 0xf4, 0x53, 0xf6, 0x32, 0xf5, 0x32, 0xf5,
    0x43, 0xf4, 0x43, 0xf5, 0x43, 0xf5, 0x54, 0xf5, 0x53, 0xf6, 0x54, 0xf6, 0x54, 0xf6, 0x43, 0xf5,
    0x42, 0xf5, 0x32, 0xf4, 0x32, 0xf4, 0x42, 0xf5, 0x43, 0xf5, 0x43, 0xf5, 0x42, 0xf5, 0x32, 0xf4,
    0x54, 0xf5, 0x64, 0xf7, 0x53, 0xf6, 0x65, 0xf7, 0x65, 0xf7, 0x32, 0xf3, 0x43, 0xf5, 0x21, 0xf2,
    0x43, 0xf6, 0x33, 0xf4, 0x32, 0xf4, 0x32, 0xf4, 0x32, 0xf4, 0x43, 0xf5, 0x42, 0xf5, 0x43, 0xf5,
    0x42, 0xf5, 0x42, 0xf5, 0x32, 0xf5, 0x42, 0xf5, 0x64, 0xf7, 0x54, 0xf6, 0x75, 0xf8, 0x64, 0xf7,
    0x54, 0xf6, 0x53, 0xf6, 0x32, 0xf4, 0x43, 0xf5, 0x43, 0xf6, 0x43, 0xf6, 0x43, 0xf6, 0x32, 0xf4,
    0x31, 0xf4, 0x32, 0xf4, 0x32, 0xf4, 0x32, 0xf3, 0x43, 0xf4, 0x33, 0xf4, 0x33, 0xf4, 0x43, 0xf5,
    0x53, 0xf6, 0x32, 0xf4, 0x32, 0xf3, 0x42, 0xf5, 0x32, 0xf4, 0x32, 0xf4, 0x53, 0xf6, 0x42, 0xf5,
    0x53, 0xf6, 0x42, 0xf6, 0x53, 0xf7, 0x21, 0xf3, 0x31, 0xf4, 0x53, 0xf6, 0x32, 0xf4, 0x32, 0xf5,
    0x43, 0xf5, 0x31, 0xf4, 0x42, 0xf5, 0x32, 0xf5, 0x32, 0xf4, 0x32, 0xf3, 0x32, 0xf4, 0x32, 0xf4,
    0x43, 0xf6, 0x54, 0xf6, 0x31, 0xf4, 0x32, 0xf4, 0x43, 0xf6, 0x42, 0xf5, 0x32, 0xf4, 0x43, 0xf6,
    0x32, 0xf4, 0x42, 0xf5, 0x22, 0xf3, 0x43, 0xf5, 0x32, 0xf4, 0x32, 0xf4, 0x43, 0xf4, 0x32, 0xf4,
    0x42, 0xf5, 0x54, 0xf6, 0x43, 0xf5, 0x43, 0xf5, 0x32, 0xf4, 0x32, 0xf4, 0x43, 0xf5, 0x32, 0xf4,
    0x43, 0xf6, 0x43, 0xf5, 0x32, 0xf4, 0x32, 0xf5, 0x22, 0xf3, 0x32, 0xf4, 0x32, 0xf5, 0x43, 0xf5,
    0x32, 0xf4, 0x65, 0xf7, 0x21, 0xf3, 0x64, 0xf7, 0x43, 0xf5, 0x32, 0xf4, 0x43, 0xf6, 0x32, 0xf5,
    0x54, 0xf7, 0x54, 0xf6, 0x75, 0xf8, 0x43, 0xf5, 0x42, 0xf5, 0x32, 0xf5, 0x32, 0xf4, 0x43, 0xf6,
    0x42, 0xf5, 0x32, 0xf3, 0x53, 0xf6, 0x32, 0xf4, 0x32, 0xf4, 0x32, 0xf3, 0x32, 0xf5, 0x32, 0xf4,
    0x43, 0xf5, 0x32, 0xf4, 0x43, 0xf5, 0x32, 0xf4, 0x32, 0xf4, 0x32, 0xf4, 0x32, 0xf4, 0x43, 0xf5,
    0x32, 0xf4, 0x32, 0xf4, 0x43, 0xf5, 0x31, 0xf4, 0x42, 0xf6, 0x53, 0xf7, 0x53, 0xf6, 0x53, 0xf7,
    0x43, 0xf5, 0x31, 0xf4, 0x43, 0xf5, 0x32, 0xf4, 0x75, 0xf9, 0x64, 0xf8, 0x64, 0xf8, 0x75, 0xf9,
    0x43, 0xf4, 0x32, 0xf4, 0x32, 0xf4, 0x32, 0xf4, 0x32, 0xf4, 0x43, 0xf4, 0x43, 0xf5, 0x54, 0xf6,
    0x32, 0xf5, 0x54, 0xf6, 0x43, 0xf5, 0x54, 0xf6, 0x54, 0xf6, 0x43, 0xf5, 0x43, 0xf5, 0x54, 0xf6,
    0x33, 0xf4, 0x32, 0xf4, 0x21, 0xf3, 0x43, 0xf5, 0x42, 0xf5, 0x53, 0xf7, 0x53, 0xf6, 0x42, 0xf6,
    0x32, 0xf4, 0x53, 0xf6, 0x32, 0xf4, 0x54, 0xf6, 0x43, 0xf5, 0x21, 0xf3, 0x54, 0xf6, 0x54, 0xf6,
    0x43, 0xf5, 0x54, 0xf5, 0x53, 0xf6, 0x43, 0xf5, 0x65, 0xf6, 0x54, 0xf6, 0x65, 0xf7, 0x65, 0xf7,
    0x42, 0xf5, 0x53, 0xf7, 0x32, 0xf4, 0x32, 0xf4, 0x53, 0xf6, 0x54, 0xf5, 0x32, 0xf5, 0x32, 0xf5,
    0x54, 0xf5, 0x65, 0xf7, 0x43, 0xf4, 0x32, 0xf3, 0x43, 0xf4, 0x42, 0xf5, 0x21, 0xf3, 0x42, 0xf5,
    0x22, 0xf3, 0x21, 0xf2, 0x42, 0xf5, 0x43, 0xf6, 0x22, 0xf3, 0x43, 0xf5, 0x42, 0xf5, 0x43, 0xf5,
    0x65, 0xf7, 0x54, 0xf6, 0x76, 0xf8, 0x76, 0xf7, 0x21, 0xf3, 0x21, 0xf3, 0x54, 0xf5, 0x32, 0xf4,
    0x54, 0xf6, 0x54, 0xf6, 0x54, 0xf6, 0x65, 0xf6, 0x76, 0xf8, 0x54, 0xf7, 0x76, 0xf7, 0x65, 0xf6,
    0x32, 0xf4, 0x42, 0xf6, 0x32, 0xf4, 0x42, 0xf5, 0x42, 0xf5, 0x43, 0xf4, 0x31, 0xf4, 0x42, 0xf6,
    0x43, 0xf5, 0x54, 0xf5, 0x54, 0xf5, 0x66, 0xf7, 0x33, 0xf4, 0x43, 0xf5, 0x65, 0xf7, 0x54, 0xf5,
    0x53, 0xf6, 0x42, 0xf5, 0x43, 0xf6, 0x32, 0xf4, 0x42, 0xf5, 0x43, 0xf5, 0x32, 0xf4, 0x43, 0xf6,
    0x43, 0xf5, 0x43, 0xf5, 0x32, 0xf4, 0x32, 0xf3, 0x54, 0xf6, 0x43, 0xf4, 0x32, 0xf4, 0x22, 0xf3,
    0x43, 0xf5, 0x43, 0xf6, 0x43, 0xf5, 0x43, 0xf5, 0x53, 0xf6, 0x43, 0xf6, 0x43, 0xf6, 0x42, 0xf5,
    0x21, 0xf3, 0x32, 0xf4, 0x21, 0xf4, 0x31, 0xf5, 0x32, 0xf4, 0x43, 0xf6, 0x42, 0xf6, 0x53, 0xf7,
    0x21, 0xf2, 0x32, 0xf5, 0x42, 0xf5, 0x32, 0xf4, 0x64, 0xf8, 0x53, 0xf6, 0x54, 0xf7, 0x53, 0xf6,
    0x42, 0xf6, 0x32, 0xf4, 0x32, 0xf4, 0x32, 0xf5, 0x22, 0xf3, 0x32, 0xf4, 0x21, 0xf2, 0x33, 0xf4,
    0x21, 0xf3, 0x32, 0xf5, 0x32, 0xf4, 0x32, 0xf5, 0x42, 0xf5, 0x42, 0xf6, 0x42, 0xf5, 0x53, 0xf7,
    0x32, 0xf4, 0x43, 0xf5, 0x32, 0xf4, 0x32, 0xf4, 0x43, 0xf5, 0x42, 0xf5, 0x32, 0xf5, 0x43, 0xf6,
    0x65, 0xf6, 0x55, 0xf6, 0x55, 0xf6, 0x54, 0xf6, 0x65, 0xf7, 0x65, 0xf6, 0x65, 0xf7, 0x66, 0xf7,
    0x54, 0xf5, 0x54, 0xf5, 0x54, 0xf5, 0x54, 0xf5, 0x66, 0xf7, 0x76, 0xf7, 0x55, 0xf6, 0x66, 0xf7,
    0x54, 0xf6, 0x65, 0xf6, 0x65, 0xf7, 0x54, 0xf6, 0x65, 0xf6, 0x54, 0xf5, 0x54, 0xf5, 0x43, 0xf4,
    0x65, 0xf7, 0x54, 0xf5, 0x54, 0xf6, 0x44, 0xf5, 0x44, 0xf5, 0x43, 0xf4, 0x44, 0xf5, 0x54, 0xf6,
    0x43, 0xf5, 0x43, 0xf5, 0x54, 0xf6, 0x53, 0xf6, 0x44, 0xf5, 0x44, 0xf5, 0x43, 0xf5, 0x33, 0xf4,
    0x54, 0xf5, 0x54, 0xf5, 0x32, 0xf4, 0x54, 0xf5, 0x43, 0xf5, 0x43, 0xf5, 0x54, 0xf6, 0x64, 0xf7,
    0x33, 0xf4, 0x33, 0xf4, 0x43, 0xf4, 0x33, 0xf4, 0x54, 0xf6, 0x65, 0xf7, 0x43, 0xf5, 0x54, 0xf6,
    0x54, 0xf6, 0x43, 0xf5, 0x53, 0xf6, 0x43, 0xf5, 0x33, 0xf4, 0x54, 0xf6, 0x32, 0xf3, 0x54, 0xf5,
    0x21, 0xf3, 0x32, 0xf4, 0x21, 0xf2, 0x32, 0xf4, 0x32, 0xf3, 0x32, 0xf3, 0x42, 0xf5, 0x32, 0xf4,
    0x22, 0xf3, 0x21, 0xf3, 0x43, 0xf4, 0x32, 0xf3, 0x42, 0xf5, 0x32, 0xf5, 0x54, 0xf7, 0x53, 0xf6,
    0x33, 0xf4, 0x32, 0xf3, 0x32, 0xf4, 0x32, 0xf4, 0x42, 0xf5, 0x42, 0xf6, 0x32, 0xf5, 0x42, 0xf6,
    0x32, 0xf4, 0x43, 0xf5, 0x43, 0xf5, 0x64, 0xf7, 0x43, 0xf5, 0x32, 0xf4, 0x43, 0xf5, 0x21, 0xf3,
    0x43, 0xf4, 0x22, 0xf3, 0x32, 0xf4, 0x22, 0xf3, 0x75, 0xf9, 0x64, 0xf7, 0x75, 0xf8, 0x97, 0xfa,
    0x64, 0xf7, 0x32, 0xf4, 0x65, 0xf7, 0x54, 0xf6, 0x32, 0xf4, 0x65, 0xf8, 0x32, 0xf3, 0x11, 0xf2,
    0x43, 0xf5, 0x43, 0xf5, 0x53, 0xf6, 0x32, 0xf4, 0x33, 0xf4, 0x32, 0xf3, 0x21, 0xf3, 0x32, 0xf5,
    0x53, 0xf7, 0x54, 0xf7, 0x42, 0xf6, 0x53, 0xf6, 0x43, 0xf5, 0x31, 0xf4, 0x42, 0xf5, 0x31, 0xf4,
    0x53, 0xf6, 0x53, 0xf7, 0x65, 0xf8, 0x54, 0xf6, 0x53, 0xf7, 0x64, 0xf7, 0x53, 0xf6, 0x65, 0xf8,
    0x43, 0xf6, 0x54, 0xf7, 0x53, 0xf6, 0x42, 0xf5, 0x54, 0xf7, 0x53, 0xf6, 0x32, 0xf4, 0x32, 0xf4,
    0x54, 0xf6, 0x32, 0xf4, 0x53, 0xf6, 0x21, 0xf3, 0x32, 0xf4, 0x53, 0xf7, 0x42, 0xf5, 0x53, 0xf7,
    0x42, 0xf6, 0x42, 0xf5, 0x53, 0xf7, 0x54, 0xf7, 0x53, 0xf7, 0x53, 0xf6, 0x64, 0xf7, 0x54, 0xf6,
    0x43, 0xf6, 0x65, 0xf8, 0x43, 0xf6, 0x43, 0xf5, 0x43, 0xf5, 0x32, 0xf4, 0x43, 0xf6, 0x53, 0xf6,
    0x43, 0xf6, 0x32, 0xf5, 0x54, 0xf7, 0x43, 0xf6, 0x42, 0xf6, 0x42, 0xf6, 0x42, 0xf6, 0x42, 0xf6,
    0x53, 0xf6, 0x75, 0xf8, 0x43, 0xf5, 0x43, 0xf5, 0x64, 0xf7, 0x53, 0xf6, 0x42, 0xf5, 0x43, 0xf5,
    0x21, 0xf3, 0x32, 0xf4, 0x32, 0xf4, 0x32, 0xf3, 0x33, 0xf4, 0x32, 0xf4, 0x33, 0xf4, 0x33, 0xf4,
    0x43, 0xf6, 0x43, 0xf5, 0x42, 0xf6, 0x53, 0xf6, 0x32, 0xf4, 0x33, 0xf4, 0x43, 0xf4, 0x32, 0xf4,
    0x43, 0xf6, 0x32, 0xf4, 0x53, 0xf7, 0x32, 0xf4, 0x43, 0xf4, 0x43, 0xf5, 0x42, 0xf5, 0x42, 0xf5,
    0x21, 0xf3, 0x53, 0xf6, 0x43, 0xf5, 0x43, 0xf5, 0x65, 0xf7, 0x64, 0xf7, 0x54, 0xf5, 0x65, 0xf7,
    0x32, 0xf4, 0x32, 0xf4, 0x32, 0xf5, 0x32, 0xf4, 0x32, 0xf4, 0x32, 0xf4, 0x42, 0xf5, 0x32, 0xf4,
    0x53, 0xf6, 0x43, 0xf6, 0x32, 0xf5, 0x32, 0xf4, 0x75, 0xf8, 0x64, 0xf7, 0x54, 0xf7, 0x54, 0xf7,
    0x32, 0xf5, 0x32, 0xf4, 0x32, 0xf4, 0x43, 0xf6, 0x31, 0xf4, 0x32, 0xf5, 0x42, 0xf6, 0x32, 0xf4,
    0x43, 0xf5, 0x31, 0xf4, 0x43, 0xf5, 0x32, 0xf5, 0x32, 0xf4, 0x42, 0xf4, 0x53, 0xf7, 0x65, 0xf7,
    0x42, 0xf6, 0x53, 0xf7, 0x42, 0xf6, 0x43, 0xf6, 0x63, 0xf8, 0x53, 0xf6, 0x53, 0xf6, 0x64, 0xf8,
    0x53, 0xf6, 0x42, 0xf6, 0x53, 0xf6, 0x53, 0xf6, 0x42, 0xf6, 0x32, 0xf5, 0x53, 0xf7, 0x42, 0xf6,
    0x42, 0xf5, 0x42, 0xf6, 0x21, 0xf3, 0x32, 0xf4, 0x42, 0xf5, 0x42, 0xf6, 0x53, 0xf6, 0x53, 0xf7,
    0x32, 0xf4, 0x32, 0xf3, 0x32, 0xf5, 0x32, 0xf4, 0x32, 0xf4, 0x32, 0xf4, 0x32, 0xf4, 0x21, 0xf3,
    0x53, 0xf7, 0x31, 0xf4, 0x53, 0xf7, 0x31, 0xf4, 0x32, 0xf5, 0x32, 0xf4, 0x42, 0xf6, 0x42, 0xf6,
    0x32, 0xf4, 0x32, 0xf4, 0x53, 0xf6, 0x43, 0xf6, 0x43, 0xf6, 0x43, 0xf6, 0x42, 0xf5, 0x53, 0xf6,
    0x53, 0xf7, 0x43, 0xf6, 0x43, 0xf6, 0x53, 0xf7, 0x43, 0xf6, 0x42, 0xf6, 0x43, 0xf6, 0x43, 0xf6,
    0x43, 0xf6, 0x32, 0xf5, 0x42, 0xf5, 0x42, 0xf5, 0x42, 0xf5, 0x43, 0xf6, 0x42, 0xf6, 0x63, 0xf8,
    0x42, 0xf5, 0x43, 0xf6, 0x42, 0xf5, 0x42, 0xf6, 0x42, 0xf6, 0x53, 0xf7, 0x53, 0xf8, 0x43, 0xf6,
    0x32, 0xf4, 0x53, 0xf6, 0x32, 0xf4, 0x32, 0xf4, 0x43, 0xf6, 0x42, 0xf5, 0x32, 0xf5, 0x42, 0xf6,
    0x42, 0xf5, 0x43, 0xf5, 0x31, 0xf5, 0x32, 0xf4, 0x43, 0xf6, 0x52, 0xf6, 0x42, 0xf6, 0x32, 0xf5,
    0x42, 0xf6, 0x42, 0xf6, 0x53, 0xf7, 0x53, 0xf7, 0x53, 0xf7, 0x86, 0xf9, 0x53, 0xf7, 0x53, 0xf6,
    0x53, 0xf7, 0x64, 0xf8, 0x42, 0xf6, 0x53, 0xf7, 0x53, 0xf7, 0x52, 0xf7, 0x53, 0xf7, 0x53, 0xf6,
    0x53, 0xf7, 0x53, 0xf7, 0x63, 0xf8, 0x53, 0xf8, 0x42, 0xf6, 0x32, 0xf5, 0x43, 0xf6, 0x54, 0xf7,
    0x42, 0xf6, 0x53, 0xf7, 0x42, 0xf5, 0x42, 0xf6, 0x42, 0xf6, 0x42, 0xf5, 0x42, 0xf6, 0x52, 0xf6,
    0x31, 0xf5, 0x42, 0xf5, 0x43, 0xf5, 0x42, 0xf5, 0x53, 0xf6, 0x53, 0xf7, 0x42, 0xf6, 0x63, 0xf8,
    0x42, 0xf6, 0x53, 0xf7, 0x63, 0xf8, 0x64, 0xf8, 0x65, 0xf8, 0x52, 0xf6, 0x53, 0xf7, 0x42, 0xf6,
    0x32, 0xf4, 0x32, 0xf4, 0x32, 0xf4, 0x42, 0xf5, 0x32, 0xf4, 0x43, 0xf6, 0x65, 0xf8, 0x64, 0xf7,
    0x53, 0xf6, 0x64, 0xf7, 0x64, 0xf7, 0x64, 0xf7, 0x75, 0xf8, 0x76, 0xf8, 0x64, 0xf7, 0x75, 0xf8,
    0x53, 0xf6, 0x53, 0xf6, 0x75, 0xf8, 0x86, 0xf9, 0x32, 0xf4, 0x21, 0xf3, 0x64, 0xf7, 0x32, 0xf4,
    0x86, 0xf9, 0x76, 0xf8, 0x76, 0xf9, 0x65, 0xf8, 0x54, 0xf6, 0x32, 0xf4, 0x43, 0xf4, 0x32, 0xf3,
    0x76, 0xf9, 0x75, 0xf8, 0x76, 0xf8, 0x75, 0xf8, 0x64, 0xf8, 0x64, 0xf8, 0x64, 0xf7, 0x75, 0xf8,
    0x65, 0xf8, 0x65, 0xf8, 0x65, 0xf8, 0x65, 0xf8, 0x64, 0xf8, 0x65, 0xf8, 0x86, 0xf9, 0x75, 0xf8,
    0x65, 0xf8, 0x65, 0xf7, 0x75, 0xf8, 0x64, 0xf7, 0x32, 0xf5, 0x32, 0xf4, 0x54, 0xf7, 0x43, 0xf5,
    0x75, 0xf8, 0x64, 0xf7, 0x75, 0xf8, 0x54, 0xf7, 0x64, 0xf7, 0x76, 0xf9, 0x42, 0xf5, 0x65, 0xf8,
    0x32, 0xf3, 0x32, 0xf5, 0x32, 0xf4, 0x32, 0xf5, 0x43, 0xf5, 0x43, 0xf5, 0x32, 0xf5, 0x43, 0xf5,
    0x32, 0xf4, 0x42, 0xf5, 0x32, 0xf3, 0x32, 0xf5, 0x43, 0xf5, 0x42, 0xf5, 0x43, 0xf6, 0x42, 0xf5,
    0x43, 0xf5, 0x53, 0xf7, 0x32, 0xf5, 0x53, 0xf6, 0x42, 0xf6, 0x32, 0xf4, 0x42, 0xf5, 0x32, 0xf5,
    0x42, 0xf5, 0x53, 0xf6, 0x42, 0xf5, 0x43, 0xf6, 0x42, 0xf6, 0x42, 0xf6, 0x43, 0xf6, 0x42, 0xf6,
    0x21, 0xf3, 0x32, 0xf4, 0x21, 0xf3, 0x32, 0xf5, 0x32, 0xf4, 0x42, 0xf5, 0x32, 0xf4, 0x32, 0xf4,
    0x32, 0xf4, 0x32, 0xf4, 0x42, 0xf5, 0x54, 0xf6, 0x32, 0xf4, 0x32, 0xf4, 0x43, 0xf5, 0x32, 0xf4,
    0x43, 0xf5, 0x42, 0xf5, 0x42, 0xf5, 0x42, 0xf5, 0x42, 0xf6, 0x42, 0xf5, 0x43, 0xf6, 0x54, 0xf6,
    0x21, 0xf4, 0x53, 0xf6, 0x42, 0xf5, 0x54, 0xf6, 0x54, 0xf6, 0x64, 0xf7, 0x54, 0xf6, 0x64, 0xf7,
    0x54, 0xf7, 0x65, 0xf8, 0x43, 0xf5, 0x32, 0xf5, 0x76, 0xf9, 0x86, 0xf9, 0x43, 0xf5, 0x43, 0xf5,
    0x43, 0xf5, 0x43, 0xf5, 0x53, 0xf5, 0x64, 0xf7, 0x53, 0xf6, 0x42, 0xf6, 0x53, 0xf6, 0x43, 0xf5,
    0x86, 0xf9, 0x54, 0xf6, 0x43, 0xf5, 0x21, 0xf2, 0x21, 0xf2, 0x31, 0xf4, 0x32, 0xf4, 0x32, 0xf5,
    0x32, 0xf3, 0x32, 0xf3, 0x43, 0xf4, 0x33, 0xf4, 0x32, 0xf4, 0x32, 0xf4, 0x32, 0xf3, 0x32, 0xf3,
    0x32, 0xf3, 0x43, 0xf5, 0x31, 0xf4, 0x53, 0xf6, 0x54, 0xf6, 0x54, 0xf6, 0x65, 0xf6, 0x54, 0xf6,
    0x42, 0xf5, 0x42, 0xf5, 0x31, 0xf4, 0x42, 0xf5, 0x43, 0xf5, 0x43, 0xf5, 0x43, 0xf5, 0x43, 0xf4,
    0x44, 0xf5, 0x43, 0xf5, 0x54, 0xf5, 0x43, 0xf4, 0x32, 0xf3, 0x32, 0xf4, 0x32, 0xf4, 0x43, 0xf5,
    0x43, 0xf4, 0x54, 0xf5, 0x54, 0xf5, 0x44, 0xf5, 0x54, 0xf6, 0x43, 0xf4, 0x33, 0xf4, 0x33, 0xf4,
    0x31, 0xf4, 0x43, 0xf5, 0x31, 0xf4, 0x43, 0xf4, 0x53, 0xf6, 0x32, 0xf5, 0x54, 0xf6, 0x32, 0xf5,
    0x42, 0xf5, 0x53, 0xf6, 0x53, 0xf6, 0x53, 0xf6, 0x32, 0xf4, 0x32, 0xf4, 0x32, 0xf3, 0x32, 0xf4,
    0x43, 0xf5, 0x54, 0xf6, 0x43, 0xf5, 0x54, 0xf6, 0x54, 0xf6, 0x54, 0xf6, 0x65, 0xf7, 0x54, 0xf7,
    0x43, 0xf5, 0x53, 0xf6, 0x32, 0xf4, 0x43, 0xf5, 0x64, 0xf7, 0x53, 0xf6, 0x54, 0xf6, 0x32, 0xf4,
    0x43, 0xf5, 0x43, 0xf5, 0x44, 0xf5, 0x44, 0xf5, 0x32, 0xf3, 0x32, 0xf3, 0x44, 0xf4, 0x33, 0xf3,
    0x43, 0xf4, 0x44, 0xf5, 0x43, 0xf4, 0x43, 0xf4, 0x54, 0xf5, 0x33, 0xf4, 0x54, 0xf5, 0x44, 0xf5,
    0x32, 0xf4, 0x54, 0xf6, 0x54, 0xf5, 0x55, 0xf6, 0x65, 0xf7, 0x43, 0xf5, 0x33, 0xf4, 0x43, 0xf5,
    0x44, 0xf5, 0x44, 0xf5, 0x54, 0xf5, 0x55, 0xf5, 0x33, 0xf4, 0x32, 0xf3, 0x44, 0xf4, 0x22, 0xf3,
    0x32, 0xf4, 0x42, 0xf5, 0x43, 0xf6, 0x42, 0xf5, 0x32, 0xf4, 0x42, 0xf5, 0x32, 0xf4, 0x53, 0xf6,
    0x64, 0xf8, 0x32, 0xf5, 0x53, 0xf7, 0x42, 0xf5, 0x32, 0xf4, 0x43, 0xf5, 0x43, 0xf5, 0x54, 0xf6,
    0x43, 0xf5, 0x42, 0xf5, 0x53, 0xf6, 0x43, 0xf5, 0x32, 0xf5, 0x53, 0xf6, 0x32, 0xf4, 0x43, 0xf5,
    0x53, 0xf5, 0x32, 0xf4, 0x53, 0xf6, 0x32, 0xf4, 0x42, 0xf5, 0x42, 0xf5, 0x43, 0xf5, 0x53, 0xf6,
    0x42, 0xf6, 0x32, 0xf4, 0x53, 0xf6, 0x54, 0xf6, 0x32, 0xf4, 0x54, 0xf6, 0x43, 0xf4, 0x32, 0xf4,
    0x75, 0xf8, 0x54, 0xf6, 0x65, 0xf7, 0x54, 0xf6, 0x43, 0xf5, 0x43, 0xf4, 0x43, 0xf5, 0x32, 0xf4,
    0x53, 0xf6, 0x43, 0xf5, 0x43, 0xf5, 0x43, 0xf5, 0x42, 0xf5, 0x43, 0xf6, 0x32, 0xf5, 0x32, 0xf4,
    0x32, 0xf4, 0x42, 0xf6, 0x32, 0xf5, 0x52, 0xf7, 0x42, 0xf5, 0x53, 0xf6, 0x42, 0xf5, 0x53, 0xf7,
    0x64, 0xf7, 0x53, 0xf6, 0x64, 0xf7, 0x43, 0xf6, 0x43, 0xf6, 0x53, 0xf7, 0x53, 0xf6, 0x42, 0xf6,
    0x54, 0xf7, 0x53, 0xf6, 0x53, 0xf6, 0x43, 0xf6, 0x53, 0xf6, 0x64, 0xf7, 0x42, 0xf5, 0x64, 0xf8,
    0x64, 0xf7, 0x43, 0xf5, 0x54, 0xf7, 0x53, 0xf6, 0x42, 0xf5, 0x31, 0xf4, 0x21, 0xf3, 0x42, 0xf5,
    0x54, 0xf7, 0x32, 0xf5, 0x53, 0xf7, 0x32, 0xf5, 0x31, 0xf4, 0x43, 0xf5, 0x42, 0xf6, 0x43, 0xf5,
    0x53, 0xf6, 0x43, 0xf5, 0x42, 0xf5, 0x53, 0xf6, 0x42, 0xf6, 0x53, 0xf7, 0x42, 0xf5, 0x53, 0xf7,
    0x43, 0xf6, 0x43, 0xf5, 0x54, 0xf7, 0x54, 0xf6, 0x53, 0xf6, 0x42, 0xf7, 0x43, 0xf6, 0x42, 0xf6,
    0x42, 0xf6, 0x31, 0xf4, 0x53, 0xf7, 0x53, 0xf6, 0x42, 0xf6, 0x43, 0xf5, 0x53, 0xf6, 0x43, 0xf5,
    0x53, 0xf7, 0x64, 0xf7, 0x32, 0xf5, 0x54, 0xf7, 0x31, 0xf5, 0x32, 0xf5, 0x42, 0xf5, 0x21, 0xf3,
    0x54, 0xf6, 0x43, 0xf5, 0x53, 0xf5, 0x54, 0xf6, 0x54, 0xf6, 0x43, 0xf5, 0x54, 0xf6, 0x32, 0xf4,
    0x53, 0xf5, 0x65, 0xf7, 0x43, 0xf5, 0x54, 0xf6, 0x32, 0xf4, 0x21, 0xf3, 0x32, 0xf4, 0x32, 0xf4,
    0x32, 0xf4, 0x64, 0xf7, 0x42, 0xf5, 0x75, 0xf8, 0x42, 0xf5, 0x42, 0xf5, 0x32, 0xf5, 0x42, 0xf5,
    0x42, 0xf5, 0x32, 0xf4, 0x43, 0xf6, 0x32, 0xf4, 0x43, 0xf5, 0x75, 0xf8, 0x65, 0xf7, 0x76, 0xf8,
    0x32, 0xf4, 0x43, 0xf6, 0x42, 0xf5, 0x53, 0xf6, 0x53, 0xf6, 0x53, 0xf6, 0x42, 0xf5, 0x53, 0xf6,
    0x32, 0xf4, 0x32, 0xf4, 0x32, 0xf5, 0x43, 0xf6, 0x32, 0xf4, 0x42, 0xf5, 0x42, 0xf5, 0x53, 0xf7,
    0x42, 0xf6, 0x42, 0xf5, 0x53, 0xf7, 0x53, 0xf6, 0x54, 0xf6, 0x65, 0xf7, 0x43, 0xf5, 0x54, 0xf6,
    0x75, 0xf8, 0x54, 0xf6, 0x64, 0xf7, 0x54, 0xf6, 0x43, 0xf5, 0x54, 0xf6, 0x53, 0xf6, 0x54, 0xf6,
    0x54, 0xf6, 0x32, 0xf3, 0x32, 0xf5, 0x42, 0xf5, 0x31, 0xf4, 0x43, 0xf6, 0x32, 0xf4, 0x54, 0xf6,
    0x64, 0xf7, 0x65, 0xf7, 0x65, 0xf7, 0x65, 0xf7, 0x76, 0xf8, 0x54, 0xf6, 0x76, 0xf8, 0x54, 0xf6,
    0x43, 0xf5, 0x75, 0xf8, 0x75, 0xf8, 0x75, 0xf8, 0x54, 0xf6, 0x21, 0xf3, 0x64, 0xf7, 0x43, 0xf5,
    0x75, 0xf8, 0x65, 0xf8, 0x65, 0xf7, 0x75, 0xf8, 0x54, 0xf7, 0x54, 0xf6, 0x65, 0xf7, 0x64, 0xf7,
    0x65, 0xf7, 0x65, 0xf7, 0x54, 0xf6, 0x65, 0xf7, 0x65, 0xf7, 0x54, 0xf6, 0x76, 0xf8, 0x54, 0xf6,
    0x65, 0xf7, 0x65, 0xf7, 0x65, 0xf7, 0x75, 0xf7, 0x76, 0xf8, 0x64, 0xf7, 0x65, 0xf7, 0x65, 0xf7,
    0x65, 0xf7, 0x65, 0xf8, 0x75, 0xf8, 0x75, 0xf8, 0x65, 0xf7, 0x65, 0xf7, 0x65, 0xf7, 0x54, 0xf7,
    0x65, 0xf7, 0x65, 0xf7, 0x54, 0xf6, 0x64, 0xf7, 0x64, 0xf7, 0x54, 0xf6, 0x54, 0xf6, 0x64, 0xf7,
    0x53, 0xf6, 0x43, 0xf5, 0x66, 0xf7, 0x55, 0xf6, 0x54, 0xf5, 0x54, 0xf5, 0x44, 0xf4, 0x43, 0xf4,
    0x65, 0xf6, 0x55, 0xf6, 0x54, 0xf6, 0x65, 0xf7, 0x44, 0xf5, 0x43, 0xf4, 0x54, 0xf5, 0x43, 0xf4,
    0x55, 0xf6, 0x65, 0xf6, 0x54, 0xf5, 0x65, 0xf6, 0x54, 0xf5, 0x33, 0xf4, 0x65, 0xf6, 0x44, 0xf4,
    0x44, 0xf4, 0x55, 0xf6, 0x44, 0xf5, 0x55, 0xf6, 0x54, 0xf5, 0x44, 0xf4, 0x44, 0xf4, 0x44, 0xf5,
    0x65, 0xf7, 0x54, 0xf6, 0x54, 0xf6, 0x44, 0xf5, 0x44, 0xf5, 0x43, 0xf4, 0x43, 0xf5, 0x54, 0xf5,
    0x43, 0xf4, 0x43, 0xf5, 0x43, 0xf5, 0x44, 0xf4, 0x53, 0xf7, 0x64, 0xf7, 0x43, 0xf5, 0x54, 0xf6,
    0x55, 0xf6, 0x65, 0xf6, 0x65, 0xf6, 0x55, 0xf6, 0x54, 0xf5, 0x44, 0xf4, 0x66, 0xf7, 0x55, 0xf6,
    0x76, 0xf7, 0x76, 0xf7, 0x66, 0xf7, 0x54, 0xf5, 0x66, 0xf7, 0x54, 0xf5, 0x43, 0xf4, 0x43, 0xf5,
    0x33, 0xf4, 0x43, 0xf4, 0x44, 0xf5, 0x43, 0xf4, 0x33, 0xf4, 0x43, 0xf4, 0x43, 0xf4, 0x33, 0xf4,
    0x55, 0xf6, 0x44, 0xf5, 0x55, 0xf6, 0x65, 0xf6, 0x44, 0xf5, 0x33, 0xf4, 0x44, 0xf4, 0x32, 0xf3,
    0x44, 0xf5, 0x54, 0xf5, 0x33, 0xf4, 0x33, 0xf4, 0x32, 0xf3, 0x32, 0xf3, 0x32, 0xf3, 0x43, 0xf4,
    0x32, 0xf3, 0x32, 0xf3, 0x33, 0xf4, 0x32, 0xf4, 0x22, 0xf3, 0x33, 0xf4, 0x32, 0xf4, 0x32, 0xf4,
    0x44, 0xf4, 0x55, 0xf6, 0x33, 0xf4, 0x33, 0xf4, 0x33, 0xf4, 0x32, 0xf3, 0x32, 0xf4, 0x32, 0xf4,
    0x32, 0xf4, 0x32, 0xf4, 0x32, 0xf4, 0x31, 0xf4, 0x32, 0xf4, 0x32, 0xf5, 0x42, 0xf6, 0x52, 0xf7,
    0x32, 0xf4, 0x42, 0xf6, 0x21, 0xf3, 0x43, 0xf6, 0x42, 0xf5, 0x33, 0xf4, 0x43, 0xf5, 0x32, 0xf4,
    0x42, 0xf5, 0x64, 0xf7, 0x53, 0xf7, 0x54, 0xf7, 0x43, 0xf6, 0x53, 0xf6, 0x42, 0xf5, 0x32, 0xf5,
    0x42, 0xf6, 0x43, 0xf5, 0x43, 0xf5, 0x53, 0xf6, 0x43, 0xf5, 0x54, 0xf5, 0x54, 0xf6, 0x33, 0xf4,
    0x42, 0xf5, 0x65, 0xf7, 0x43, 0xf5, 0x65, 0xf7, 0x75, 0xf8, 0x43, 0xf5, 0x43, 0xf5, 0x43, 0xf5,
    0x32, 0xf3, 0x32, 0xf4, 0x21, 0xf3, 0x42, 0xf6, 0x32, 0xf4, 0x54, 0xf7, 0x52, 0xf6, 0x63, 0xf7,
    0x21, 0xf4, 0x42, 0xf5, 0x43, 0xf5, 0x32, 0xf3, 0x42, 0xf6, 0x64, 0xf8, 0x53, 0xf6, 0x63, 0xf8,
    0x54, 0xf6, 0x54, 0xf6, 0x64, 0xf7, 0x54, 0xf6, 0x43, 0xf5, 0x54, 0xf5, 0x54, 0xf6, 0x54, 0xf6,
    0x42, 0xf5, 0x43, 0xf6, 0x32, 0xf4, 0x32, 0xf4, 0x65, 0xf7, 0x54, 0xf6, 0x54, 0xf6, 0x32, 0xf4,
    0x43, 0xf5, 0x21, 0xf3, 0x32, 0xf4, 0x21, 0xf2, 0x64, 0xf7, 0x42, 0xf6, 0x64, 0xf7, 0x43, 0xf5,
    0x42, 0xf5, 0x21, 0xf3, 0x32, 0xf4, 0x32, 0xf4, 0x42, 0xf5, 0x54, 0xf6, 0x54, 0xf6, 0x75, 0xf8,
    0x64, 0xf8, 0x53, 0xf7, 0x64, 0xf7, 0x64, 0xf8, 0x31, 0xf4, 0x42, 0xf5, 0x32, 0xf4, 0x32, 0xf4,
    0x64, 0xf8, 0x53, 0xf7, 0x42, 0xf5, 0x21, 0xf3, 0x42, 0xf6, 0x53, 0xf6, 0x43, 0xf6, 0x64, 0xf7,
    0x42, 0xf5, 0x53, 0xf6, 0x32, 0xf4, 0x32, 0xf5, 0x42, 0xf6, 0x42, 0xf5, 0x52, 0xf7, 0x63, 0xf7,
    0x31, 0xf4, 0x32, 0xf5, 0x42, 0xf6, 0x42, 0xf6, 0x53, 0xf7, 0x53, 0xf6, 0x42, 0xf6, 0x53, 0xf7,
    0x20, 0xf3, 0x31, 0xf4, 0x32, 0xf4, 0x43, 0xf5, 0x42, 0xf6, 0x65, 0xf7, 0x32, 0xf5, 0x32, 0xf5,
    0x32, 0xf3, 0x32, 0xf4, 0x43, 0xf5, 0x32, 0xf4, 0x42, 0xf5, 0x42, 0xf5, 0x32, 0xf4, 0x32, 0xf5,
    0x64, 0xf7, 0x42, 0xf6, 0x42, 0xf5, 0x53, 0xf7, 0x31, 0xf5, 0x43, 0xf6, 0x42, 0xf6, 0x31, 0xf4,
    0x42, 0xf6, 0x42, 0xf5, 0x32, 0xf5, 0x31, 0xf4, 0x32, 0xf5, 0x42, 0xf5, 0x42, 0xf5, 0x42, 0xf6,
    0x42, 0xf5, 0x43, 0xf5, 0x32, 0xf4, 0x32, 0xf4, 0x43, 0xf6, 0x52, 0xf7, 0x43, 0xf5, 0x54, 0xf6,
    0x32, 0xf4, 0x32, 0xf4, 0x43, 0xf5, 0x43, 0xf5, 0x54, 0xf6, 0x43, 0xf5, 0x32, 0xf4, 0x32, 0xf4,
    0x53, 0xf7, 0x65, 0xf7, 0x53, 0xf6, 0x76, 0xf8, 0x54, 0xf6, 0x54, 0xf6, 0x65, 0xf7, 0x76, 0xf8,
    0x43, 0xf5, 0x64, 0xf7, 0x32, 0xf4, 0x53, 0xf6, 0x54, 0xf7, 0x75, 0xf8, 0x54, 0xf6, 0x64, 0xf7,
    0x43, 0xf5, 0x43, 0xf5, 0x43, 0xf5, 0x43, 0xf4, 0x32, 0xf4, 0x43, 0xf5, 0x32, 0xf4, 0x32, 0xf3,
    0x43, 0xf5, 0x32, 0xf4, 0x31, 0xf4, 0x42, 0xf5, 0x53, 0xf6, 0x32, 0xf4, 0x43, 0xf5, 0x32, 0xf4,
    0x53, 0xf6, 0x54, 0xf6, 0x32, 0xf4, 0x64, 0xf7, 0x64, 0xf7, 0x65, 0xf7, 0x54, 0xf7, 0x65, 0xf7,
    0x21, 0xf3, 0x32, 0xf4, 0x43, 0xf6, 0x42, 0xf6, 0x53, 0xf6, 0x65, 0xf7, 0x54, 0xf7, 0x65, 0xf7,
    0x65, 0xf7, 0x75, 0xf8, 0x86, 0xf9, 0x76, 0xf8, 0x65, 0xf7, 0x76, 0xf8, 0x65, 0xf7, 0x76, 0xf8,
    0x86, 0xf9, 0x76, 0xf8, 0x75, 0xf8, 0x53, 0xf6, 0x53, 0xf6, 0x64, 0xf7, 0x53, 0xf6, 0x54, 0xf7,
    0x76, 0xf8, 0x86, 0xf9, 0x76, 0xf8, 0x76, 0xf8, 0x75, 0xf8, 0x64, 0xf7, 0x64, 0xf7, 0x75, 0xf8,
    0x75, 0xf8, 0x76, 0xf8, 0x64, 0xf7, 0x76, 0xf8, 0x64, 0xf7, 0x75, 0xf8, 0x75, 0xf8, 0x75, 0xf8,
    0x75, 0xf8, 0x54, 0xf6, 0x64, 0xf7, 0x53, 0xf6, 0x53, 0xf6, 0x65, 0xf8, 0x65, 0xf7, 0x54, 0xf7,
    0x54, 0xf6, 0x65, 0xf7, 0x54, 0xf6, 0x65, 0xf7, 0x65, 0xf7, 0x64, 0xf6, 0x65, 0xf7, 0x75, 0xf8,
    0x64, 0xf7, 0x65, 0xf7, 0x65, 0xf7, 0x64, 0xf7, 0x76, 0xf8, 0x75, 0xf8, 0x75, 0xf8, 0x76, 0xf8,
    0x75, 0xf8, 0x76, 0xf8, 0x75, 0xf8, 0x76, 0xf8, 0x76, 0xf8, 0x65, 0xf8, 0x76, 0xf8, 0x75, 0xf8,
    0x43, 0xf6, 0x31, 0xf5, 0x75, 0xf9, 0x42, 0xf6, 0x32, 0xf4, 0x32, 0xf4, 0x32, 0xf4, 0x43, 0xf5,
    0x53, 0xf7, 0x42, 0xf5, 0x53, 0xf6, 0x42, 0xf5, 0x31, 0xf4, 0x53, 0xf7, 0x32, 0xf5, 0x42, 0xf6,
    0x42, 0xf6, 0x42, 0xf6, 0x65, 0xf8, 0x32, 0xf5, 0x43, 0xf6, 0x54, 0xf6, 0x43, 0xf6, 0x54, 0xf6,
    0x64, 0xf7, 0x42, 0xf6, 0x42, 0xf5, 0x43, 0xf6, 0x42, 0xf6, 0x54, 0xf6, 0x43, 0xf6, 0x53, 0xf6,
    0x54, 0xf7, 0x42, 0xf5, 0x32, 0xf5, 0x64, 0xf7, 0x43, 0xf6, 0x43, 0xf5, 0x64, 0xf7, 0x54, 0xf6,
    0x31, 0xf4, 0x54, 0xf7, 0x32, 0xf5, 0x75, 0xf8, 0x75, 0xf8, 0x65, 0xf7, 0x65, 0xf7, 0x64, 0xf7,
    0x53, 0xf6, 0x42, 0xf5, 0x65, 0xf7, 0x65, 0xf7, 0x31, 0xf4, 0x32, 0xf4, 0x32, 0xf4, 0x42, 0xf5,
    0x76, 0xf8, 0x76, 0xf9, 0x65, 0xf7, 0x64, 0xf7, 0x75, 0xf8, 0x54, 0xf7, 0x43, 0xf5, 0x21, 0xf3,
    0x65, 0xf7, 0x65, 0xf7, 0x65, 0xf7, 0x65, 0xf7, 0x65, 0xf7, 0x64, 0xf6, 0x64, 0xf7, 0x54, 0xf6,
    0x65, 0xf7, 0x65, 0xf7, 0x65, 0xf7, 0x65, 0xf7, 0x65, 0xf7, 0x65, 0xf6, 0x75, 0xf8, 0x65, 0xf7,
    0x65, 0xf7, 0x54, 0xf6, 0x65, 0xf7, 0x64, 0xf7, 0x65, 0xf8, 0x86, 0xf9, 0x65, 0xf7, 0x75, 0xf8,
    0x65, 0xf7, 0x75, 0xf7, 0x65, 0xf7, 0x76, 0xf8, 0x65, 0xf7, 0x76, 0xf8, 0x65, 0xf7, 0x64, 0xf7,
    0x64, 0xf6, 0x64, 0xf7, 0x64, 0xf7, 0x54, 0xf6, 0x75, 0xf8, 0x75, 0xf8, 0x65, 0xf8, 0x86, 0xf8,
    0x64, 0xf7, 0x65, 0xf7, 0x42, 0xf6, 0x43, 0xf5, 0x75, 0xf8, 0x64, 0xf6, 0x76, 0xf8, 0x65, 0xf7,
    0x75, 0xf7, 0x65, 0xf7, 0x76, 0xf8, 0x75, 0xf7, 0x54, 0xf6, 0x54, 0xf7, 0x54, 0xf6, 0x54, 0xf7,
    0x65, 0xf7, 0x65, 0xf7, 0x43, 0xf5, 0x53, 0xf6, 0x64, 0xf7, 0x53, 0xf6, 0x43, 0xf5, 0x43, 0xf5,
    0x31, 0xf4, 0x32, 0xf5, 0x42, 0xf6, 0x42, 0xf6, 0x53, 0xf6, 0x54, 0xf6, 0x32, 0xf4, 0x32, 0xf4,
    0x42, 0xf5, 0x53, 0xf7, 0x43, 0xf5, 0x43, 0xf6, 0x65, 0xf7, 0x10, 0xf2, 0x54, 0xf6, 0x32, 0xf4,
    0x53, 0xf6, 0x32, 0xf4, 0x43, 0xf5, 0x43, 0xf5, 0x32, 0xf4, 0x44, 0xf5, 0x32, 0xf4, 0x43, 0xf5,
    0x22, 0xf3, 0x42, 0xf5, 0x22, 0xf3, 0x32, 0xf4, 0x43, 0xf5, 0x43, 0xf5, 0x43, 0xf5, 0x54, 0xf6,
    0x32, 0xf4, 0x54, 0xf6, 0x32, 0xf4, 0x66, 0xf7, 0x65, 0xf6, 0x65, 0xf6, 0x66, 0xf7, 0x66, 0xf7,
    0x21, 0xf3, 0x44, 0xf5, 0x21, 0xf3, 0x43, 0xf4, 0x76, 0xf7, 0x65, 0xf7, 0x76, 0xf7, 0x76, 0xf7,
    0x54, 0xf5, 0x21, 0xf3, 0x65, 0xf6, 0x65, 0xf6, 0x32, 0xf4, 0x43, 0xf5, 0x22, 0xf3, 0x11, 0xf2,
    0x55, 0xf6, 0x76, 0xf7, 0x66, 0xf7, 0x65, 0xf6, 0x22, 0xf3, 0x11, 0xf2, 0x33, 0xf4, 0x21, 0xf3,
    0x76, 0xf8, 0x44, 0xf5, 0x64, 0xf7, 0x54, 0xf6, 0x33, 0xf4, 0x43, 0xf4, 0x54, 0xf6, 0x54, 0xf6,
    0x32, 0xf4, 0x75, 0xf8, 0x32, 0xf4, 0x54, 0xf6, 0x65, 0xf7, 0x66, 0xf7, 0x44, 0xf5, 0x55, 0xf6,
    0x43, 0xf5, 0x21, 0xf3, 0x44, 0xf5, 0x21, 0xf2, 0x21, 0xf3, 0x32, 0xf5, 0x32, 0xf4, 0x32, 0xf5,
    0x54, 0xf6, 0x32, 0xf4, 0x65, 0xf7, 0x44, 0xf5, 0x21, 0xf2, 0x32, 0xf5, 0x32, 0xf4, 0x32, 0xf5,
    0x42, 0xf5, 0x43, 0xf5, 0x32, 0xf5, 0x32, 0xf4, 0x44, 0xf5, 0x54, 0xf6, 0x43, 0xf5, 0x54, 0xf5,
    0x32, 0xf4, 0x32, 0xf4, 0x32, 0xf4, 0x32, 0xf4, 0x32, 0xf5, 0x42, 0xf5, 0x32, 0xf5, 0x42, 0xf6,
    0x65, 0xf7, 0x54, 0xf5, 0x32, 0xf4, 0x32, 0xf4, 0x32, 0xf5, 0x32, 0xf4, 0x31, 0xf5, 0x53, 0xf7,
    0x32, 0xf4, 0x42, 0xf6, 0x42, 0xf6, 0x53, 0xf6, 0x43, 0xf6, 0x42, 0xf6, 0x43, 0xf6, 0x32, 0xf5,
    0x21, 0xf3, 0x43, 0xf4, 0x21, 0xf3, 0x43, 0xf5, 0x76, 0xf8, 0x54, 0xf6, 0x54, 0xf5, 0x55, 0xf6,
    0x31, 0xf4, 0x53, 0xf6, 0x43, 0xf6, 0x53, 0xf6, 0x32, 0xf4, 0x43, 0xf4, 0x32, 0xf4, 0x43, 0xf6,
    0x44, 0xf5, 0x54, 0xf5, 0x54, 0xf6, 0x54, 0xf6, 0x54, 0xf5, 0x32, 0xf3, 0x33, 0xf4, 0x32, 0xf4,
    0x54, 0xf5, 0x43, 0xf5, 0x54, 0xf7, 0x31, 0xf5, 0x21, 0xf3, 0x32, 0xf4, 0x31, 0xf5, 0x32, 0xf4,
    0x53, 0xf6, 0x53, 0xf6, 0x54, 0xf6, 0x32, 0xf5, 0x43, 0xf6, 0x64, 0xf8, 0x42, 0xf6, 0x54, 0xf6,
    0x65, 0xf7, 0x42, 0xf5, 0x64, 0xf7, 0x65, 0xf8, 0x53, 0xf6, 0x75, 0xf8, 0x53, 0xf6, 0x64, 0xf7,
    0x75, 0xf9, 0x31, 0xf5, 0x53, 0xf6, 0x42, 0xf6, 0x32, 0xf5, 0x32, 0xf4, 0x32, 0xf5, 0x32, 0xf5,
    0x42, 0xf5, 0x42, 0xf5, 0x32, 0xf5, 0x32, 0xf3, 0x43, 0xf6, 0x43, 0xf6, 0x43, 0xf5, 0x42, 0xf5,
    0x42, 0xf5, 0x43, 0xf5, 0x42, 0xf5, 0x43, 0xf5, 0x32, 0xf4, 0x32, 0xf4, 0x32, 0xf4, 0x43, 0xf4,
    0x32, 0xf3, 0x33, 0xf4, 0x32, 0xf3, 0x43, 0xf4, 0x43, 0xf4, 0x32, 0xf3, 0x32, 0xf4, 0x42, 0xf5,
    0x42, 0xf5, 0x42, 0xf5, 0x42, 0xf5, 0x32, 0xf4, 0x32, 0xf4, 0x42, 0xf5, 0x54, 0xf7, 0x64, 0xf8,
    0x42, 0xf5, 0x43, 0xf6, 0x75, 0xf8, 0x65, 0xf8, 0x76, 0xf9, 0x64, 0xf8, 0x75, 0xf8, 0x75, 0xf9,
    0x32, 0xf4, 0x43, 0xf5, 0x54, 0xf6, 0x43, 0xf5, 0x32, 0xf5, 0x42, 0xf6, 0x32, 0xf5, 0x53, 0xf6,
    0x54, 0xf6, 0x43, 0xf5, 0x32, 0xf5, 0x32, 0xf4, 0x32, 0xf4, 0x64, 0xf7, 0x32, 0xf5, 0x53, 0xf7,
    0x63, 0xf7, 0x75, 0xf8, 0x64, 0xf8, 0x64, 0xf8, 0x86, 0xf9, 0x86, 0xfa, 0x64, 0xf8, 0x75, 0xf8,
    0x75, 0xf9, 0x75, 0xf9, 0x64, 0xf8, 0x75, 0xf9, 0x63, 0xf7, 0x64, 0xf7, 0x75, 0xf8, 0x42, 0xf5,
    0x32, 0xf5, 0x53, 0xf7, 0x53, 0xf6, 0x43, 0xf6, 0x43, 0xf6, 0x53, 0xf7, 0x42, 0xf6, 0x53, 0xf7,
    0x53, 0xf6, 0x42, 0xf6, 0x32, 0xf4, 0x42, 0xf5, 0x42, 0xf6, 0x53, 0xf6, 0x53, 0xf7, 0x53, 0xf6,
    0x54, 0xf7, 0x64, 0xf8, 0x53, 0xf7, 0x54, 0xf7, 0x53, 0xf7, 0x53, 0xf7, 0x75, 0xf8, 0x64, 0xf8,
    0x54, 0xf7, 0x53, 0xf6, 0x64, 0xf7, 0x43, 0xf6, 0x75, 0xf8, 0x64, 0xf7, 0x65, 0xf8, 0x43, 0xf6,
    0x42, 0xf5, 0x32, 0xf5, 0x64, 0xf8, 0x64, 0xf8, 0x42, 0xf5, 0x43, 0xf6, 0x43, 0xf5, 0x43, 0xf5,
    0x64, 0xf7, 0x64, 0xf7, 0x53, 0xf6, 0x43, 0xf6, 0x43, 0xf5, 0x43, 0xf5, 0x53, 0xf6, 0x53, 0xf6,
    0x54, 0xf7, 0x64, 0xf8, 0x32, 0xf5, 0x43, 0xf6, 0x53, 0xf6, 0x42, 0xf6, 0x43, 0xf6, 0x53, 0xf6,
    0x32, 0xf4, 0x43, 0xf6, 0x43, 0xf5, 0x43, 0xf5, 0x43, 0xf5, 0x65, 0xf8, 0x43, 0xf5, 0x53, 0xf6,
    0x53, 0xf6, 0x42, 0xf6, 0x75, 0xf8, 0x42, 0xf6, 0x43, 0xf6, 0x64, 0xf8, 0x52, 0xf6, 0x75, 0xf8,
    0x75, 0xf9, 0x64, 0xf7, 0x43, 0xf5, 0x64, 0xf7, 0x64, 0xf7, 0x54, 0xf7, 0x53, 0xf6, 0x53, 0xf6,
    0x63, 0xf9, 0x42, 0xf5, 0x64, 0xf8, 0x43, 0xf6, 0x42, 0xf5, 0x53, 0xf6, 0x54, 0xf6, 0x53, 0xf6,
    0x53, 0xf6, 0x43, 0xf6, 0x43, 0xf5, 0x43, 0xf5, 0x42, 0xf5, 0x43, 0xf5, 0x43, 0xf5, 0x43, 0xf4,
    0x42, 0xf5, 0x32, 0xf5, 0x42, 0xf5, 0x42, 0xf6, 0x42, 0xf6, 0x53, 0xf6, 0x53, 0xf6, 0x43, 0xf6,
    0x53, 0xf6, 0x42, 0xf6, 0x32, 0xf4, 0x42, 0xf5, 0x54, 0xf7, 0x53, 0xf6, 0x64, 0xf7, 0x43, 0xf6,
    0x43, 0xf5, 0x43, 0xf5, 0x43, 0xf5, 0x43, 0xf5, 0x43, 0xf5, 0x32, 0xf4, 0x53, 0xf6, 0x32, 0xf4,
    0x43, 0xf6, 0x53, 0xf6, 0x53, 0xf6, 0x86, 0xf9, 0x75, 0xf8, 0x43, 0xf5, 0x64, 0xf7, 0x53, 0xf6,
    0x31, 0xf4, 0x42, 0xf5, 0x31, 0xf5, 0x31, 0xf5, 0x42, 0xf6, 0x42, 0xf5, 0x42, 0xf5, 0x32, 0xf4,
    0x53, 0xf7, 0x42, 0xf6, 0x75, 0xf8, 0x53, 0xf7, 0x32, 0xf5, 0x32, 0xf4, 0x42, 0xf5, 0x42, 0xf5,
    0x43, 0xf5, 0x32, 0xf4, 0x32, 0xf4, 0x43, 0xf5, 0x43, 0xf5, 0x43, 0xf5, 0x32, 0xf4, 0x42, 0xf5,
    0x32, 0xf4, 0x32, 0xf4, 0x43, 0xf5, 0x64, 0xf7, 0x32, 0xf4, 0x32, 0xf5, 0x43, 0xf5, 0x42, 0xf5,
    0x64, 0xf7, 0x42, 0xf5, 0x75, 0xf8, 0x42, 0xf5, 0x32, 0xf5, 0x32, 0xf4, 0x21, 0xf3, 0x43, 0xf5,
    0x75, 0xf9, 0x64, 0xf7, 0x43, 0xf6, 0x75, 0xf9, 0x21, 0xf3, 0x42, 0xf5, 0x31, 0xf5, 0x32, 0xf5,
    0x43, 0xf5, 0x53, 0xf6, 0x54, 0xf7, 0x53, 0xf6, 0x43, 0xf6, 0x32, 0xf4, 0x54, 0xf6, 0x32, 0xf4,
    0x43, 0xf5, 0x54, 0xf6, 0x32, 0xf4, 0x32, 0xf5, 0x75, 0xf8, 0x43, 0xf5, 0x43, 0xf6, 0x42, 0xf5,
    0x32, 0xf4, 0x43, 0xf5, 0x53, 0xf6, 0x53, 0xf6, 0x54, 0xf6, 0x42, 0xf5, 0x64, 0xf7, 0x43, 0xf6,
    0x43, 0xf6, 0x64, 0xf8, 0x43, 0xf6, 0x42, 0xf6, 0x32, 0xf5, 0x42, 0xf5, 0x53, 0xf7, 0x75, 0xf8,
    0x53, 0xf6, 0x54, 0xf7, 0x53, 0xf6, 0x53, 0xf7, 0x32, 0xf4, 0x32, 0xf5, 0x42, 0xf6, 0x42, 0xf5,
    0x43, 0xf6, 0x53, 0xf7, 0x54, 0xf7, 0x53, 0xf6, 0x64, 0xf8, 0x53, 0xf7, 0x53, 0xf6, 0x53, 0xf7,
    0x42, 0xf5, 0x42, 0xf6, 0x32, 0xf5, 0x21, 0xf3, 0x75, 0xf8, 0x75, 0xf8, 0x64, 0xf7, 0x64, 0xf8,
    0x53, 0xf6, 0x43, 0xf5, 0x64, 0xf7, 0x64, 0xf7, 0x43, 0xf6, 0x64, 0xf8, 0x43, 0xf6, 0x64, 0xf7,
    0x54, 0xf7, 0x76, 0xf9, 0x75, 0xf8, 0x75, 0xf9, 0x75, 0xf9, 0x53, 0xf6, 0x86, 0xf9, 0x64, 0xf7,
    0x86, 0xf9, 0x86, 0xf9, 0x86, 0xf9, 0x87, 0xfa, 0x75, 0xf9, 0x53, 0xf6, 0x75, 0xf8, 0x43, 0xf6,
    0x65, 0xf7, 0x64, 0xf7, 0x76, 0xf8, 0x65, 0xf7, 0x43, 0xf6, 0x42, 0xf5, 0x64, 0xf7, 0x42, 0xf5,
    0x75, 0xf8, 0x64, 0xf7, 0x75, 0xf8, 0x65, 0xf7, 0x64, 0xf7, 0x54, 0xf7, 0x64, 0xf7, 0x75, 0xf8,
    0x32, 0xf4, 0x32, 0xf4, 0x32, 0xf4, 0x32, 0xf4, 0x31, 0xf4, 0x32, 0xf4, 0x32, 0xf4, 0x32, 0xf4,
    0x32, 0xf5, 0x32, 0xf4, 0x43, 0xf5, 0x21, 0xf3, 0x32, 0xf4, 0x32, 0xf5, 0x31, 0xf4, 0x42, 0xf6,
    0x54, 0xf7, 0x64, 0xf7, 0x64, 0xf7, 0x64, 0xf7, 0x65, 0xf8, 0x75, 0xf8, 0x75, 0xf8, 0x86, 0xf9,
    0x64, 0xf8, 0x53, 0xf7, 0x64, 0xf7, 0x75, 0xf8, 0x76, 0xf8, 0x64, 0xf7, 0x86, 0xf9, 0x53, 0xf6,
    0x54, 0xf6, 0x21, 0xf3, 0x53, 0xf6, 0x21, 0xf3, 0x31, 0xf4, 0x42, 0xf6, 0x21, 0xf3, 0x43, 0xf6,
    0x53, 0xf7, 0x53, 0xf7, 0x64, 0xf7, 0x53, 0xf7, 0x31, 0xf4, 0x32, 0xf5, 0x42, 0xf6, 0x32, 0xf4,
    0x32, 0xf4, 0x32, 0xf5, 0x42, 0xf5, 0x53, 0xf7, 0x42, 0xf6, 0x42, 0xf5, 0x65, 0xf7, 0x43, 0xf5,
    0x42, 0xf5, 0x53, 0xf7, 0x64, 0xf8, 0x53, 0xf6, 0x76, 0xf8, 0x53, 0xf6, 0x43, 0xf5, 0x42, 0xf5,
    0x42, 0xf6, 0x53, 0xf6, 0x42, 0xf5, 0x42, 0xf6, 0x64, 0xf8, 0x42, 0xf5, 0x32, 0xf4, 0x31, 0xf4,
    0x42, 0xf6, 0x63, 0xf8, 0x53, 0xf6, 0x64, 0xf7, 0x42, 0xf6, 0x32, 0xf5, 0x32, 0xf5, 0x53, 0xf7,
    0x53, 0xf7, 0x53, 0xf7, 0x42, 0xf6, 0x65, 0xf7, 0x32, 0xf4, 0x42, 0xf5, 0x43, 0xf5, 0x54, 0xf7,
    0x42, 0xf5, 0x42, 0xf5, 0x32, 0xf5, 0x53, 0xf6, 0x53, 0xf6, 0x54, 0xf7, 0x53, 0xf6, 0x42, 0xf5,
    0x53, 0xf6, 0x43, 0xf5, 0x53, 0xf6, 0x32, 0xf3, 0x43, 0xf6, 0x43, 0xf6, 0x43, 0xf6, 0x32, 0xf4,
    0x64, 0xf7, 0x54, 0xf6, 0x42, 0xf6, 0x43, 0xf6, 0x32, 0xf4, 0x21, 0xf3, 0x32, 0xf4, 0x32, 0xf3,
    0x64, 0xf7, 0x64, 0xf7, 0x64, 0xf7, 0x64, 0xf7, 0x65, 0xf7, 0x54, 0xf6, 0x43, 0xf5, 0x43, 0xf6,
    0x75, 0xf8, 0x75, 0xf8, 0x65, 0xf8, 0x54, 0xf6, 0x43, 0xf5, 0x32, 0xf5, 0x32, 0xf4, 0x21, 0xf3,
    0x64, 0xf7, 0x32, 0xf4, 0x43, 0xf5, 0x21, 0xf3, 0x42, 0xf6, 0x43, 0xf6, 0x32, 0xf4, 0x54, 0xf7,
    0x32, 0xf4, 0x32, 0xf4, 0x32, 0xf4, 0x32, 0xf4, 0x32, 0xf4, 0x32, 0xf4, 0x43, 0xf5, 0x53, 0xf6,
    0x65, 0xf7, 0x43, 0xf5, 0x54, 0xf6, 0x32, 0xf3, 0x43, 0xf6, 0x32, 0xf4, 0x32, 0xf5, 0x42, 0xf6,
    0x32, 0xf4, 0x21, 0xf2, 0x64, 0xf7, 0x54, 0xf7, 0x31, 0xf4, 0x32, 0xf5, 0x22, 0xf3, 0x43, 0xf5,
    0x42, 0xf5, 0x32, 0xf4, 0x42, 0xf5, 0x32, 0xf4, 0x53, 0xf6, 0x43, 0xf5, 0x32, 0xf4, 0x32, 0xf5,
    0x43, 0xf4, 0x32, 0xf4, 0x65, 0xf7, 0x32, 0xf4, 0x32, 0xf4, 0x42, 0xf5, 0x32, 0xf3, 0x32, 0xf4,
    0x42, 0xf5, 0x42, 0xf5, 0x43, 0xf6, 0x43, 0xf5, 0x43, 0xf5, 0x43, 0xf6, 0x32, 0xf4, 0x44, 0xf5,
    0x32, 0xf4, 0x42, 0xf5, 0x32, 0xf4, 0x42, 0xf5, 0x32, 0xf5, 0x53, 0xf6, 0x43, 0xf6, 0x43, 0xf6,
    0x64, 0xf7, 0x42, 0xf5, 0x64, 0xf7, 0x43, 0xf5, 0x43, 0xf5, 0x43, 0xf5, 0x54, 0xf6, 0x43, 0xf5,
    0x53, 0xf6, 0x53, 0xf6, 0x32, 0xf4, 0x43, 0xf5, 0x43, 0xf5, 0x43, 0xf5, 0x53, 0xf6, 0x54, 0xf6,
    0x22, 0xf3, 0x32, 0xf4, 0x32, 0xf4, 0x43, 0xf4, 0x42, 0xf5, 0x43, 0xf6, 0x22, 0xf3, 0x53, 0xf6,
    0x43, 0xf5, 0x22, 0xf3, 0x43, 0xf5, 0x32, 0xf4, 0x42, 0xf5, 0x43, 0xf5, 0x53, 0xf6, 0x54, 0xf6,
    0x32, 0xf4, 0x53, 0xf7, 0x43, 0xf5, 0x53, 0xf6, 0x53, 0xf6, 0x53, 0xf6, 0x64, 0xf7, 0x53, 0xf6,
    0x43, 0xf5, 0x64, 0xf7, 0x42, 0xf5, 0x43, 0xf5, 0x75, 0xf8, 0x43, 0xf6, 0x53, 0xf6, 0x43, 0xf6,
    0x32, 0xf4, 0x53, 0xf6, 0x32, 0xf3, 0x53, 0xf6, 0x31, 0xf5, 0x43, 0xf6, 0x43, 0xf5, 0x42, 0xf5,
    0x32, 0xf4, 0x43, 0xf5, 0x32, 0xf4, 0x32, 0xf3, 0x64, 0xf7, 0x32, 0xf5, 0x43, 0xf5, 0x43, 0xf5,
    0x43, 0xf5, 0x43, 0xf6, 0x32, 0xf5, 0x54, 0xf7, 0x53, 0xf6, 0x32, 0xf4, 0x54, 0xf7, 0x54, 0xf6,
    0x43, 0xf6, 0x43, 0xf6, 0x64, 0xf8, 0x54, 0xf7, 0x64, 0xf7, 0x64, 0xf7, 0x64, 0xf7, 0x54, 0xf6,
    0x43, 0xf5, 0x32, 0xf4, 0x32, 0xf4, 0x32, 0xf4, 0x65, 0xf7, 0x43, 0xf5, 0x43, 0xf5, 0x43, 0xf5,
    0x32, 0xf4, 0x33, 0xf4, 0x32, 0xf4, 0x33, 0xf4, 0x32, 0xf3, 0x32, 0xf4, 0x32, 0xf4, 0x32, 0xf4,
    0x53, 0xf7, 0x64, 0xf8, 0x43, 0xf5, 0x54, 0xf7, 0x53, 0xf6, 0x43, 0xf6, 0x42, 0xf5, 0x32, 0xf4,
    0x43, 0xf5, 0x43, 0xf6, 0x43, 0xf6, 0x53, 0xf6, 0x53, 0xf6, 0x43, 0xf6, 0x53, 0xf7, 0x64, 0xf8,
    0x43, 0xf5, 0x43, 0xf5, 0x53, 0xf6, 0x43, 0xf5, 0x32, 0xf4, 0x43, 0xf6, 0x64, 0xf7, 0x42, 0xf5,
    0x53, 0xf6, 0x43, 0xf5, 0x43, 0xf6, 0x43, 0xf6, 0x54, 0xf6, 0x54, 0xf6, 0x64, 0xf7, 0x54, 0xf6,
    0x86, 0xfa, 0x76, 0xf9, 0x53, 0xf7, 0x53, 0xf7, 0x43, 0xf6, 0x53, 0xf6, 0x42, 0xf6, 0x64, 0xf7,
    0x43, 0xf6, 0x53, 0xf7, 0x32, 0xf4, 0x32, 0xf4, 0x53, 0xf6, 0x64, 0xf7, 0x42, 0xf5, 0x64, 0xf8,
    0x53, 0xf6, 0x53, 0xf7, 0x43, 0xf6, 0x53, 0xf6, 0x64, 0xf7, 0x53, 0xf6, 0x76, 0xf9, 0x64, 0xf7,
    0x64, 0xf7, 0x64, 0xf7, 0x65, 0xf8, 0x54, 0xf7, 0x53, 0xf6, 0x54, 0xf6, 0x43, 0xf6, 0x64, 0xf7,
    0x42, 0xf5, 0x32, 0xf5, 0x32, 0xf4, 0x43, 0xf5, 0x32, 0xf5, 0x42, 0xf5, 0x32, 0xf4, 0x43, 0xf5,
    0x54, 0xf6, 0x33, 0xf4, 0x44, 0xf5, 0x32, 0xf4, 0x32, 0xf4, 0x43, 0xf5, 0x43, 0xf5, 0x32, 0xf4,
    0x43, 0xf5, 0x33, 0xf4, 0x43, 0xf5, 0x33, 0xf4, 0x32, 0xf4, 0x43, 0xf5, 0x32, 0xf4, 0x43, 0xf5,
    0x32, 0xf4, 0x43, 0xf5, 0x43, 0xf4, 0x43, 0xf4, 0x43, 0xf4, 0x32, 0xf4, 0x32, 0xf4, 0x32, 0xf4,
    0x43, 0xf5, 0x43, 0xf5, 0x43, 0xf5, 0x32, 0xf4, 0x43, 0xf5, 0x54, 0xf7, 0x32, 0xf4, 0x64, 0xf7,
    0x32, 0xf4, 0x32, 0xf4, 0x32, 0xf4, 0x32, 0xf4, 0x43, 0xf5, 0x42, 0xf5, 0x43, 0xf5, 0x43, 0xf5,
    0x32, 0xf4, 0x43, 0xf5, 0x43, 0xf6, 0x43, 0xf5, 0x43, 0xf5, 0x32, 0xf5, 0x43, 0xf5, 0x32, 0xf4,
    0x43, 0xf5, 0x43, 0xf5, 0x43, 0xf6, 0x32, 0xf4, 0x43, 0xf5, 0x32, 0xf4, 0x54, 0xf7, 0x54, 0xf7,
    0x32, 0xf4, 0x32, 0xf4, 0x32, 0xf4, 0x32, 0xf4, 0x43, 0xf5, 0x43, 0xf5, 0x32, 0xf4, 0x43, 0xf6,
    0x43, 0xf5, 0x43, 0xf5, 0x43, 0xf6, 0x43, 0xf6, 0x32, 0xf5, 0x53, 0xf6, 0x32, 0xf5, 0x64, 0xf7,
    0x53, 0xf7, 0x53, 0xf7, 0x64, 0xf8, 0x43, 0xf5, 0x64, 0xf8, 0x42, 0xf6, 0x42, 0xf5, 0x53, 0xf7,
    0x64, 0xf8, 0x64, 0xf7, 0x43, 0xf5, 0x42, 0xf6, 0x42, 0xf6, 0x53, 0xf7, 0x52, 0xf7, 0x52, 0xf7,
    0x32, 0xf4, 0x32, 0xf3, 0x76, 0xf9, 0x54, 0xf6, 0x32, 0xf4, 0x32, 0xf4, 0x31, 0xf4, 0x75, 0xf8,
    0x53, 0xf7, 0x43, 0xf6, 0x31, 0xf5, 0x42, 0xf6, 0x42, 0xf5, 0x64, 0xf7, 0x64, 0xf7, 0x64, 0xf7,
    0x42, 0xf5, 0x42, 0xf5, 0x43, 0xf5, 0x42, 0xf5, 0x64, 0xf7, 0x53, 0xf7, 0x75, 0xf8, 0x64, 0xf8,
    0x65, 0xf7, 0x42, 0xf6, 0x54, 0xf6, 0x32, 0xf4, 0x75, 0xf9, 0x53, 0xf7, 0x53, 0xf7, 0x64, 0xf8,
    0x54, 0xf7, 0x65, 0xf8, 0x42, 0xf6, 0x64, 0xf8, 0x64, 0xf7, 0x43, 0xf6, 0x76, 0xf9, 0x43, 0xf6,
    0x42, 0xf5, 0x53, 0xf7, 0x54, 0xf7, 0x53, 0xf6, 0x65, 0xf8, 0x64, 0xf7, 0x53, 0xf7, 0x75, 0xf8,
    0x21, 0xf2, 0x32, 0xf5, 0x21, 0xf3, 0x42, 0xf7, 0x32, 0xf5, 0x32, 0xf4, 0x31, 0xf5, 0x43, 0xf5,
    0x32, 0xf3, 0x42, 0xf6, 0x32, 0xf3, 0x43, 0xf5, 0x53, 0xf6, 0x32, 0xf4, 0x65, 0xf7, 0x54, 0xf7,
    0x54, 0xf7, 0x43, 0xf4, 0x43, 0xf5, 0x22, 0xf3, 0x32, 0xf4, 0x42, 0xf5, 0x31, 0xf4, 0x43, 0xf6,
    0x53, 0xf6, 0x43, 0xf5, 0x32, 0xf4, 0x42, 0xf5, 0x42, 0xf5, 0x31, 0xf4, 0x42, 0xf5, 0x53, 0xf6,
    0x32, 0xf4, 0x54, 0xf6, 0x21, 0xf3, 0x54, 0xf6, 0x54, 0xf6, 0x53, 0xf5, 0x54, 0xf6, 0x21, 0xf3,
    0x32, 0xf4, 0x32, 0xf3, 0x64, 0xf8, 0x75, 0xf8, 0x32, 0xf4, 0x42, 0xf5, 0x53, 0xf6, 0x31, 0xf4,
    0x32, 0xf4, 0x32, 0xf5, 0x32, 0xf4, 0x53, 0xf6, 0x43, 0xf6, 0x76, 0xf8, 0x54, 0xf6, 0x43, 0xf5,
    0x43, 0xf6, 0x32, 0xf4, 0x32, 0xf5, 0x42, 0xf5, 0x54, 0xf6, 0x53, 0xf6, 0x65, 0xf7, 0x53, 0xf6,
    0x32, 0xf5, 0x42, 0xf5, 0x42, 0xf5, 0x43, 0xf5, 0x53, 0xf6, 0x42, 0xf5, 0x54, 0xf6, 0x43, 0xf6,
    0x32, 0xf5, 0x43, 0xf5, 0x65, 0xf7, 0x43, 0xf5, 0x53, 0xf6, 0x43, 0xf6, 0x32, 0xf4, 0x32, 0xf4,
    0x43, 0xf6, 0x53, 0xf6, 0x43, 0xf5, 0x43, 0xf6, 0x53, 0xf6, 0x53, 0xf6, 0x53, 0xf6, 0x53, 0xf6,
    0x43, 0xf5, 0x32, 0xf4, 0x32, 0xf4, 0x32, 0xf4, 0x32, 0xf4, 0x43, 0xf6, 0x54, 0xf6, 0x43, 0xf5,
    0x87, 0xf9, 0x32, 0xf4, 0x43, 0xf6, 0x43, 0xf5, 0x43, 0xf5, 0x32, 0xf4, 0x53, 0xf6, 0x32, 0xf4,
    0x32, 0xf4, 0x43, 0xf6, 0x42, 0xf5, 0x53, 0xf6, 0x32, 0xf5, 0x54, 0xf6, 0x32, 0xf4, 0x53, 0xf6,
    0x32, 0xf4, 0x32, 0xf4, 0x43, 0xf5, 0x43, 0xf5, 0x32, 0xf4, 0x32, 0xf4, 0x43, 0xf5, 0x53, 0xf6,
    0x54, 0xf6, 0x43, 0xf5, 0x43, 0xf5, 0x32, 0xf4, 0x54, 0xf6, 0x65, 0xf7, 0x43, 0xf5, 0x54, 0xf6,
    0x75, 0xf8, 0x76, 0xf9, 0x53, 0xf7, 0x54, 0xf7, 0x64, 0xf8, 0x32, 0xf4, 0x53, 0xf7, 0x53, 0xf6,
    0x42, 0xf6, 0x75, 0xf8, 0x53, 0xf7, 0x75, 0xf8, 0x64, 0xf7, 0x32, 0xf5, 0x75, 0xf8, 0x42, 0xf5,
    0x32, 0xf4, 0x54, 0xf7, 0x32, 0xf4, 0x43, 0xf6, 0x65, 0xf7, 0x75, 0xf8, 0x53, 0xf6, 0x54, 0xf6,
    0x21, 0xf3, 0x53, 0xf6, 0x31, 0xf4, 0x32, 0xf5, 0x32, 0xf4, 0x32, 0xf4, 0x43, 0xf6, 0x53, 0xf6,
    0x74, 0xf9, 0x52, 0xf7, 0x63, 0xf8, 0x42, 0xf6, 0x32, 0xf5, 0x32, 0xf5, 0x21, 0xf4, 0x42, 0xf5,
    0x42, 0xf5, 0x42, 0xf5, 0x43, 0xf6, 0x53, 0xf7, 0x53, 0xf7, 0x53, 0xf6, 0x64, 0xf8, 0x64, 0xf7,
    0x64, 0xf7, 0x43, 0xf5, 0x42, 0xf5, 0x54, 0xf6, 0x43, 0xf5, 0x54, 0xf6, 0x64, 0xf7, 0x54, 0xf6,
    0x42, 0xf5, 0x65, 0xf7, 0x32, 0xf4, 0x65, 0xf7, 0x76, 0xf8, 0x86, 0xfa, 0x76, 0xf8, 0x64, 0xf7,
    0x54, 0xf6, 0x43, 0xf6, 0x64, 0xf8, 0x32, 0xf5, 0x32, 0xf4, 0x64, 0xf7, 0x43, 0xf5, 0x75, 0xf8,
    0x43, 0xf6, 0x21, 0xf3, 0x54, 0xf6, 0x43, 0xf5, 0x32, 0xf4, 0x43, 0xf5, 0x21, 0xf3, 0x32, 0xf5,
    0x53, 0xf6, 0x42, 0xf5, 0x54, 0xf6, 0x54, 0xf6, 0x32, 0xf4, 0x53, 0xf6, 0x43, 0xf5, 0x54, 0xf6,
    0x32, 0xf4, 0x54, 0xf6, 0x32, 0xf4, 0x42, 0xf5, 0x54, 0xf6, 0x32, 0xf4, 0x53, 0xf6, 0x43, 0xf5,
    0x54, 0xf6, 0x65, 0xf7, 0x54, 0xf6, 0x65, 0xf7, 0x43, 0xf5, 0x32, 0xf4, 0x54, 0xf6, 0x32, 0xf4,
    0x75, 0xf8, 0x65, 0xf7, 0x65, 0xf8, 0x76, 0xf9, 0x54, 0xf5, 0x21, 0xf3, 0x32, 0xf4, 0x31, 0xf4,
    0x43, 0xf5, 0x43, 0xf5, 0x42, 0xf5, 0x43, 0xf5, 0x43, 0xf5, 0x55, 0xf6, 0x54, 0xf6, 0x54, 0xf6,
    0x32, 0xf5, 0x43, 0xf5, 0x43, 0xf5, 0x54, 0xf6, 0x43, 0xf5, 0x54, 0xf6, 0x54, 0xf5, 0x43, 0xf5,
    0x54, 0xf7, 0x64, 0xf7, 0x43, 0xf6, 0x43, 0xf6, 0x53, 0xf6, 0x42, 0xf6, 0x43, 0xf6, 0x42, 0xf6,
    0x43, 0xf5, 0x43, 0xf6, 0x43, 0xf5, 0x43, 0xf5, 0x43, 0xf5, 0x42, 0xf5, 0x32, 0xf5, 0x54, 0xf5,
    0x53, 0xf7, 0x65, 0xf7, 0x42, 0xf5, 0x32, 0xf5, 0x53, 0xf6, 0x42, 0xf5, 0x43, 0xf6, 0x54, 0xf7,
    0x43, 0xf5, 0x53, 0xf6, 0x43, 0xf5, 0x64, 0xf7, 0x64, 0xf7, 0x54, 0xf6, 0x64, 0xf7, 0x54, 0xf7,
    0x43, 0xf5, 0x32, 0xf4, 0x64, 0xf7, 0x43, 0xf5, 0x32, 0xf4, 0x43, 0xf5, 0x22, 0xf3, 0x32, 0xf4,
    0x65, 0xf7, 0x54, 0xf6, 0x53, 0xf6, 0x43, 0xf5, 0x43, 0xf4, 0x43, 0xf6, 0x65, 0xf7, 0x64, 0xf7,
    0x43, 0xf5, 0x42, 0xf5, 0x42, 0xf5, 0x32, 0xf5, 0x54, 0xf6, 0x54, 0xf6, 0x43, 0xf5, 0x53, 0xf6,
    0x64, 0xf7, 0x43, 0xf6, 0x65, 0xf8, 0x75, 0xf8, 0x32, 0xf4, 0x32, 0xf4, 0x75, 0xf8, 0x65, 0xf7,
    0x43, 0xf5, 0x43, 0xf6, 0x54, 0xf7, 0x65, 0xf7, 0x54, 0xf6, 0x43, 0xf5, 0x64, 0xf7, 0x43, 0xf5,
    0x54, 0xf7, 0x43, 0xf6, 0x54, 0xf6, 0x43, 0xf5, 0x42, 0xf5, 0x32, 0xf4, 0x32, 0xf5, 0x43, 0xf5,
    0x32, 0xf4, 0x32, 0xf4, 0x32, 0xf4, 0x33, 0xf4, 0x32, 0xf4, 0x32, 0xf4, 0x43, 0xf4, 0x43, 0xf4,
    0x42, 0xf5, 0x32, 0xf4, 0x42, 0xf5, 0x42, 0xf5, 0x33, 0xf4, 0x32, 0xf3, 0x32, 0xf5, 0x22, 0xf3,
    0x53, 0xf6, 0x53, 0xf6, 0x43, 0xf6, 0x32, 0xf4, 0x43, 0xf5, 0x32, 0xf4, 0x43, 0xf5, 0x43, 0xf5,
    0x32, 0xf3, 0x32, 0xf4, 0x21, 0xf3, 0x42, 0xf5, 0x65, 0xf7, 0x54, 0xf6, 0x43, 0xf5, 0x43, 0xf5,
    0x32, 0xf4, 0x43, 0xf5, 0x32, 0xf4, 0x43, 0xf5, 0x54, 0xf7, 0x42, 0xf5, 0x32, 0xf4, 0x42, 0xf5,
    0x53, 0xf6, 0x53, 0xf6, 0x53, 0xf6, 0x43, 0xf5, 0x43, 0xf6, 0x42, 0xf5, 0x53, 0xf6, 0x43, 0xf5,
    0x32, 0xf4, 0x43, 0xf6, 0x53, 0xf6, 0x53, 0xf7, 0x54, 0xf7, 0x43, 0xf6, 0x43, 0xf6, 0x64, 0xf7,
    0x32, 0xf4, 0x43, 0xf6, 0x33, 0xf4, 0x43, 0xf4, 0x43, 0xf5, 0x54, 0xf6, 0x33, 0xf4, 0x43, 0xf4,
    0x43, 0xf5, 0x32, 0xf4, 0x32, 0xf4, 0x32, 0xf4, 0x64, 0xf7, 0x53, 0xf6, 0x42, 0xf5, 0x32, 0xf5,
    0x43, 0xf5, 0x42, 0xf5, 0x64, 0xf7, 0x31, 0xf4, 0x43, 0xf5, 0x43, 0xf5, 0x43, 0xf5, 0x43, 0xf5,
    0x43, 0xf5, 0x43, 0xf5, 0x54, 0xf6, 0x64, 0xf7, 0x43, 0xf5, 0x32, 0xf3, 0x54, 0xf6, 0x32, 0xf3,
    0x54, 0xf6, 0x64, 0xf7, 0x64, 0xf7, 0x54, 0xf6, 0x64, 0xf7, 0x54, 0xf6, 0x54, 0xf7, 0x32, 0xf4,
    0x32, 0xf4, 0x32, 0xf5, 0x32, 0xf4, 0x32, 0xf4, 0x43, 0xf5, 0x32, 0xf5, 0x32, 0xf4, 0x42, 0xf5,
    0x32, 0xf4, 0x42, 0xf6, 0x21, 0xf3, 0x32, 0xf4, 0x53, 0xf6, 0x31, 0xf4, 0x42, 0xf5, 0x42, 0xf5,
    0x32, 0xf4, 0x42, 0xf5, 0x32, 0xf5, 0x64, 0xf7, 0x42, 0xf5, 0x43, 0xf5, 0x43, 0xf6, 0x32, 0xf4,
    0x43, 0xf5, 0x43, 0xf5, 0x43, 0xf5, 0x32, 0xf4, 0x54, 0xf6, 0x43, 0xf6, 0x64, 0xf7, 0x53, 0xf7,
    0x43, 0xf5, 0x42, 0xf6, 0x43, 0xf5, 0x42, 0xf6, 0x53, 0xf6, 0x44, 0xf5, 0x54, 0xf5, 0x44, 0xf5,
    0x64, 0xf7, 0x32, 0xf4, 0x31, 0xf4, 0x32, 0xf4, 0x43, 0xf5, 0x55, 0xf6, 0x33, 0xf4, 0x54, 0xf5,
    0x43, 0xf5, 0x42, 0xf5, 0x32, 0xf4, 0x43, 0xf5, 0x42, 0xf6, 0x42, 0xf6, 0x42, 0xf5, 0x42, 0xf5,
    0x42, 0xf5, 0x54, 0xf6, 0x53, 0xf6, 0x76, 0xf8, 0x64, 0xf7, 0x32, 0xf5, 0x75, 0xf8, 0x53, 0xf6,
    0x53, 0xf7, 0x42, 0xf5, 0x53, 0xf7, 0x43, 0xf6, 0x32, 0xf4, 0x21, 0xf3, 0x22, 0xf3, 0x42, 0xf4,
    0x32, 0xf4, 0x43, 0xf5, 0x42, 0xf6, 0x54, 0xf7, 0x32, 0xf4, 0x42, 0xf5, 0x54, 0xf7, 0x54, 0xf6,
    0x53, 0xf6, 0x53, 0xf7, 0x32, 0xf4, 0x43, 0xf6, 0x42, 0xf5, 0x42, 0xf6, 0x32, 0xf5, 0x42, 0xf5,
    0x32, 0xf4, 0x54, 0xf6, 0x32, 0xf4, 0x53, 0xf6, 0x53, 0xf6, 0x43, 0xf5, 0x43, 0xf6, 0x43, 0xf5,
    0x32, 0xf5, 0x54, 0xf6, 0x53, 0xf7, 0x64, 0xf8, 0x76, 0xf8, 0x65, 0xf7, 0x53, 0xf5, 0x43, 0xf5,
    0x43, 0xf5, 0x64, 0xf8, 0x32, 0xf4, 0x32, 0xf4, 0x31, 0xf4, 0x21, 0xf4, 0x32, 0xf5, 0x32, 0xf5,
    0x53, 0xf6, 0x54, 0xf7, 0x32, 0xf4, 0x54, 0xf6, 0x43, 0xf5, 0x43, 0xf5, 0x54, 0xf6, 0x65, 0xf6,
    0x32, 0xf5, 0x43, 0xf6, 0x53, 0xf6, 0x42, 0xf5, 0x32, 0xf4, 0x54, 0xf5, 0x31, 0xf4, 0x43, 0xf5,
    0x54, 0xf5, 0x43, 0xf5, 0x54, 0xf5, 0x42, 0xf5, 0x32, 0xf4, 0x42, 0xf5, 0x43, 0xf5, 0x43, 0xf5,
    0x43, 0xf5, 0x54, 0xf6, 0x53, 0xf6, 0x53, 0xf6, 0x43, 0xf6, 0x32, 0xf4, 0x53, 0xf6, 0x43, 0xf5,
    0x65, 0xf7, 0x64, 0xf7, 0x33, 0xf4, 0x32, 0xf4, 0x22, 0xf3, 0x42, 0xf6, 0x31, 0xf4, 0x42, 0xf6,
    0x21, 0xf3, 0x43, 0xf6, 0x32, 0xf5, 0x43, 0xf6, 0x42, 0xf5, 0x42, 0xf5, 0x43, 0xf5, 0x32, 0xf5,
    0x43, 0xf5, 0x33, 0xf4, 0x42, 0xf5, 0x32, 0xf3, 0x44, 0xf5, 0x54, 0xf6, 0x32, 0xf3, 0x43, 0xf5,
    0x42, 0xf5, 0x42, 0xf5, 0x42, 0xf5, 0x42, 0xf6, 0x21, 0xf3, 0x43, 0xf5, 0x32, 0xf5, 0x32, 0xf5,
    0x42, 0xf5, 0x43, 0xf5, 0x42, 0xf5, 0x43, 0xf5, 0x43, 0xf4, 0x32, 0xf4, 0x53, 0xf6, 0x32, 0xf5,
    0x32, 0xf4, 0x53, 0xf6, 0x32, 0xf4, 0x32, 0xf5, 0x54, 0xf7, 0x21, 0xf3, 0x32, 0xf5, 0x53, 0xf6,
    0x42, 0xf5, 0x32, 0xf4, 0x42, 0xf5, 0x54, 0xf7, 0x21, 0xf3, 0x43, 0xf6, 0x54, 0xf7, 0x53, 0xf7,
    0x53, 0xf6, 0x75, 0xf8, 0x76, 0xf9, 0x86, 0xf9, 0x76, 0xf9, 0x64, 0xf8, 0x75, 0xf8, 0x75, 0xf8,
    0x54, 0xf6, 0x43, 0xf6, 0x42, 0xf5, 0x53, 0xf6, 0x54, 0xf6, 0x43, 0xf5, 0x54, 0xf6, 0x43, 0xf6,
    0x64, 0xf7, 0x74, 0xf8, 0x76, 0xf8, 0x63, 0xf7, 0x65, 0xf7, 0x43, 0xf5, 0x64, 0xf7, 0x54, 0xf6,
    0x53, 0xf6, 0x42, 0xf5, 0x43, 0xf5, 0x43, 0xf5, 0x43, 0xf5, 0x43, 0xf5, 0x42, 0xf5, 0x32, 0xf4,
    0x42, 0xf5, 0x32, 0xf4, 0x43, 0xf5, 0x43, 0xf5, 0x32, 0xf4, 0x32, 0xf4, 0x32, 0xf4, 0x32, 0xf4,
    0x53, 0xf7, 0x53, 0xf7, 0x53, 0xf7, 0x53, 0xf7, 0x53, 0xf7, 0x76, 0xf8, 0x53, 0xf6, 0x64, 0xf8,
    0x53, 0xf7, 0x75, 0xf8, 0x42, 0xf6, 0x64, 0xf7, 0x75, 0xf8, 0x64, 0xf7, 0x64, 0xf8, 0x65, 0xf8,
    0x64, 0xf7, 0x64, 0xf7, 0x64, 0xf7, 0x65, 0xf8, 0x65, 0xf7, 0x32, 0xf4, 0x76, 0xf9, 0x65, 0xf8,
    0x75, 0xf8, 0x76, 0xf9, 0x75, 0xf8, 0x75, 0xf8, 0x86, 0xf9, 0x64, 0xf7, 0x86, 0xf9, 0x53, 0xf6,
    0x32, 0xf4, 0x32, 0xf4, 0x43, 0xf5, 0x43, 0xf5, 0x54, 0xf7, 0x75, 0xf9, 0x43, 0xf5, 0x64, 0xf7,
    0x54, 0xf6, 0x64, 0xf7, 0x32, 0xf4, 0x32, 0xf4, 0x53, 0xf6, 0x64, 0xf7, 0x53, 0xf7, 0x75, 0xf8,
    0x75, 0xf8, 0x75, 0xf8, 0x76, 0xf8, 0x76, 0xf9, 0x75, 0xf8, 0x75, 0xf8, 0x75, 0xf9, 0x64, 0xf7,
    0x65, 0xf8, 0x75, 0xf9, 0x86, 0xf9, 0x86, 0xf9, 0x75, 0xf8, 0x54, 0xf7, 0x64, 0xf7, 0x64, 0xf8,
    0x31, 0xf4, 0x42, 0xf5, 0x53, 0xf6, 0x42, 0xf5, 0x42, 0xf5, 0x42, 0xf6, 0x32, 0xf5, 0x53, 0xf7,
    0x32, 0xf4, 0x43, 0xf5, 0x21, 0xf3, 0x32, 0xf4, 0x64, 0xf7, 0x64, 0xf8, 0x54, 0xf7, 0x42, 0xf5,
    0x64, 0xf7, 0x53, 0xf6, 0x42, 0xf6, 0x42, 0xf5, 0x75, 0xf8, 0x64, 0xf7, 0x32, 0xf5, 0x43, 0xf6,
    0x43, 0xf6, 0x42, 0xf5, 0x53, 0xf6, 0x54, 0xf7, 0x32, 0xf5, 0x21, 0xf3, 0x42, 0xf6, 0x21, 0xf3,
    0x54, 0xf6, 0x54, 0xf6, 0x54, 0xf6, 0x54, 0xf6, 0x43, 0xf5, 0x21, 0xf3, 0x32, 0xf4, 0x21, 0xf3,
    0x43, 0xf5, 0x32, 0xf4, 0x32, 0xf4, 0x32, 0xf4, 0x21, 0xf3, 0x32, 0xf4, 0x53, 0xf6, 0x54, 0xf6,
    0x43, 0xf4, 0x32, 0xf4, 0x43, 0xf5, 0x53, 0xf6, 0x43, 0xf5, 0x53, 0xf6, 0x53, 0xf6, 0x54, 0xf7,
    0x43, 0xf5, 0x64, 0xf7, 0x43, 0xf5, 0x64, 0xf7, 0x65, 0xf7, 0x64, 0xf7, 0x54, 0xf6, 0x54, 0xf7,
    0x32, 0xf4, 0x31, 0xf4, 0x42, 0xf6, 0x42, 0xf6, 0x53, 0xf8, 0x53, 0xf6, 0x42, 0xf5, 0x21, 0xf3,
    0x64, 0xf8, 0x53, 0xf7, 0x75, 0xf8, 0x53, 0xf7, 0x32, 0xf4, 0x21, 0xf2, 0x32, 0xf5, 0x21, 0xf3,
    0x43, 0xf6, 0x64, 0xf7, 0x43, 0xf6, 0x75, 0xf8, 0x53, 0xf6, 0x42, 0xf6, 0x53, 0xf6, 0x53, 0xf6,
    0x54, 0xf7, 0x65, 0xf8, 0x54, 0xf7, 0x64, 0xf7, 0x53, 0xf6, 0x53, 0xf6, 0x43, 0xf6, 0x53, 0xf6,
    0x43, 0xf6, 0x65, 0xf7, 0x53, 0xf6, 0x54, 0xf7, 0x64, 0xf7, 0x53, 0xf7, 0x65, 0xf8, 0x64, 0xf8,
    0x54, 0xf7, 0x53, 0xf7, 0x64, 0xf8, 0x53, 0xf7, 0x64, 0xf7, 0x53, 0xf7, 0x53, 0xf7, 0x32, 0xf5,
    0x64, 0xf7, 0x65, 0xf7, 0x65, 0xf8, 0x64, 0xf7, 0x53, 0xf6, 0x64, 0xf7, 0x54, 0xf7, 0x43, 0xf6,
    0x64, 0xf7, 0x54, 0xf7, 0x54, 0xf6, 0x54, 0xf7, 0x54, 0xf7, 0x54, 0xf6, 0x65, 0xf8, 0x43, 0xf5,
    0x75, 0xf8, 0x65, 0xf8, 0x53, 0xf6, 0x53, 0xf6, 0x75, 0xf8, 0x64, 0xf7, 0x54, 0xf6, 0x54, 0xf7,
    0x64, 0xf7, 0x76, 0xf9, 0x75, 0xf8, 0x65, 0xf8, 0x87, 0xfa, 0x86, 0xf9, 0x76, 0xf9, 0x87, 0xf9,
    0x75, 0xf8, 0x75, 0xf8, 0x64, 0xf7, 0x75, 0xf8, 0x65, 0xf8, 0x21, 0xf3, 0x43, 0xf4, 0x21, 0xf3,
    0x64, 0xf7, 0x54, 0xf6, 0x43, 0xf5, 0x32, 0xf4, 0x21, 0xf2, 0x32, 0xf4, 0x21, 0xf3, 0x42, 0xf5,
    0x53, 0xf6, 0x64, 0xf7, 0x42, 0xf5, 0x64, 0xf7, 0x43, 0xf6, 0x21, 0xf4, 0x64, 0xf7, 0x54, 0xf6,
    0x64, 0xf7, 0x54, 0xf7, 0x53, 0xf7, 0x42, 0xf6, 0x53, 0xf6, 0x54, 0xf6, 0x31, 0xf4, 0x31, 0xf4,
    0x42, 0xf5, 0x53, 0xf6, 0x43, 0xf5, 0x21, 0xf3, 0x43, 0xf6, 0x64, 0xf7, 0x32, 0xf4, 0x65, 0xf8,
    0x54, 0xf6, 0x21, 0xf3, 0x43, 0xf5, 0x32, 0xf4, 0x42, 0xf5, 0x54, 0xf7, 0x64, 0xf7, 0x32, 0xf4,
    0x31, 0xf4, 0x53, 0xf6, 0x31, 0xf5, 0x42, 0xf6, 0x53, 0xf6, 0x54, 0xf7, 0x53, 0xf7, 0x64, 0xf7,
    0x32, 0xf4, 0x42, 0xf6, 0x43, 0xf6, 0x53, 0xf6, 0x42, 0xf5, 0x54, 0xf6, 0x32, 0xf4, 0x53, 0xf5,
    0x44, 0xf5, 0x54, 0xf5, 0x54, 0xf6, 0x43, 0xf4, 0x65, 0xf7, 0x64, 0xf7, 0x54, 0xf6, 0x76, 0xf8,
    0x43, 0xf5, 0x54, 0xf5, 0x54, 0xf5, 0x65, 0xf6, 0x54, 0xf5, 0x76, 0xf8, 0x65, 0xf7, 0x44, 0xf5,
    0x65, 0xf8, 0x64, 0xf7, 0x76, 0xf8, 0x75, 0xf8, 0x75, 0xf8, 0x75, 0xf8, 0x76, 0xf9, 0x43, 0xf5,
    0x65, 0xf7, 0x65, 0xf8, 0x42, 0xf5, 0x53, 0xf6, 0x64, 0xf7, 0x21, 0xf3, 0x32, 0xf4, 0x43, 0xf5,
    0x32, 0xf5, 0x42, 0xf5, 0x21, 0xf3, 0x32, 0xf5, 0x43, 0xf5, 0x43, 0xf6, 0x64, 0xf8, 0x64, 0xf8,
    0x42, 0xf5, 0x42, 0xf5, 0x64, 0xf7, 0x42, 0xf5, 0x53, 0xf6, 0x64, 0xf8, 0x42, 0xf5, 0x43, 0xf5,
    0x32, 0xf4, 0x53, 0xf6, 0x43, 0xf5, 0x54, 0xf6, 0x32, 0xf4, 0x53, 0xf6, 0x32, 0xf4, 0x43, 0xf5,
    0x54, 0xf6, 0x32, 0xf4, 0x32, 0xf3, 0x32, 0xf4, 0x32, 0xf4, 0x43, 0xf5, 0x43, 0xf5, 0x43, 0xf5,
    0x54, 0xf6, 0x32, 0xf5, 0x53, 0xf6, 0x53, 0xf6, 0x64, 0xf7, 0x64, 0xf7, 0x53, 0xf6, 0x64, 0xf7,
    0x43, 0xf6, 0x54, 0xf7, 0x43, 0xf5, 0x54, 0xf7, 0x53, 0xf7, 0x53, 0xf7, 0x64, 0xf7, 0x64, 0xf7,
    0x54, 0xf5, 0x43, 0xf4, 0x33, 0xf4, 0x33, 0xf4, 0x32, 0xf4, 0x43, 0xf5, 0x42, 0xf6, 0x32, 0xf4,
    0x43, 0xf5, 0x54, 0xf6, 0x32, 0xf5, 0x32, 0xf4, 0x42, 0xf5, 0x42, 0xf5, 0x32, 0xf5, 0x42, 0xf5,
    0x43, 0xf4, 0x55, 0xf6, 0x43, 0xf4, 0x44, 0xf5, 0x54, 0xf5, 0x43, 0xf4, 0x55, 0xf6, 0x44, 0xf5,
    0x33, 0xf4, 0x43, 0xf4, 0x32, 0xf4, 0x43, 0xf4, 0x55, 0xf6, 0x55, 0xf6, 0x44, 0xf5, 0x44, 0xf5,
    0x42, 0xf5, 0x32, 0xf4, 0x42, 0xf5, 0x32, 0xf4, 0x32, 0xf4, 0x43, 0xf5, 0x43, 0xf5, 0x54, 0xf5,
    0x42, 0xf5, 0x43, 0xf5, 0x53, 0xf5, 0x54, 0xf6, 0x64, 0xf7, 0x54, 0xf6, 0x65, 0xf7, 0x65, 0xf7,
    0x43, 0xf4, 0x33, 0xf4, 0x43, 0xf4, 0x43, 0xf4, 0x43, 0xf4, 0x44, 0xf5, 0x43, 0xf4, 0x44, 0xf5,
    0x43, 0xf4, 0x44, 0xf5, 0x54, 0xf6, 0x54, 0xf5, 0x44, 0xf5, 0x44, 0xf4, 0x54, 0xf5, 0x43, 0xf4,
    0x44, 0xf5, 0x65, 0xf6, 0x44, 0xf5, 0x65, 0xf7, 0x55, 0xf6, 0x55, 0xf6, 0x55, 0xf6, 0x54, 0xf5,
    0x44, 0xf5, 0x55, 0xf6, 0x44, 0xf5, 0x65, 0xf6, 0x65, 0xf6, 0x44, 0xf5, 0x65, 0xf6, 0x54, 0xf5,
    0x54, 0xf5, 0x42, 0xf5, 0x55, 0xf6, 0x54, 0xf5, 0x42, 0xf5, 0x32, 0xf4, 0x33, 0xf4, 0x43, 0xf4,
    0x54, 0xf5, 0x44, 0xf5, 0x55, 0xf6, 0x43, 0xf4, 0x43, 0xf4, 0x54, 0xf6, 0x43, 0xf5, 0x65, 0xf6,
    0x54, 0xf5, 0x55, 0xf6, 0x54, 0xf5, 0x54, 0xf5, 0x54, 0xf6, 0x55, 0xf6, 0x54, 0xf5, 0x65, 0xf7,
    0x54, 0xf5, 0x55, 0xf6, 0x54, 0xf5, 0x44, 0xf5, 0x43, 0xf5, 0x44, 0xf5, 0x54, 0xf5, 0x44, 0xf5,
    0x54, 0xf5, 0x54, 0xf5, 0x54, 0xf5, 0x54, 0xf5, 0x44, 0xf5, 0x44, 0xf5, 0x43, 0xf4, 0x43, 0xf4,
    0x54, 0xf5, 0x55, 0xf6, 0x54, 0xf5, 0x55, 0xf6, 0x33, 0xf4, 0x44, 0xf5, 0x44, 0xf5, 0x33, 0xf4,
    0x43, 0xf4, 0x54, 0xf6, 0x33, 0xf4, 0x54, 0xf6, 0x65, 0xf7, 0x55, 0xf6, 0x55, 0xf6, 0x55, 0xf6,
    0x54, 0xf6, 0x64, 0xf7, 0x54, 0xf5, 0x43, 0xf5, 0x54, 0xf6, 0x54, 0xf6, 0x32, 0xf4, 0x43, 0xf5,
    0x55, 0xf6, 0x55, 0xf6, 0x54, 0xf5, 0x54, 0xf5, 0x54, 0xf5, 0x54, 0xf5, 0x44, 0xf4, 0x54, 0xf5,
    0x43, 0xf5, 0x44, 0xf5, 0x43, 0xf4, 0x54, 0xf5, 0x44, 0xf5, 0x54, 0xf5, 0x65, 0xf6, 0x65, 0xf6,
    0x42, 0xf5, 0x43, 0xf4, 0x43, 0xf5, 0x43, 0xf5, 0x42, 0xf5, 0x53, 0xf6, 0x54, 0xf6, 0x54, 0xf6,
    0x32, 0xf4, 0x32, 0xf4, 0x32, 0xf4, 0x43, 0xf5, 0x54, 0xf6, 0x53, 0xf6, 0x76, 0xf8, 0x53, 0xf6,
    0x54, 0xf6, 0x54, 0xf6, 0x54, 0xf6, 0x54, 0xf6, 0x65, 0xf6, 0x65, 0xf7, 0x54, 0xf6, 0x54, 0xf6,
    0x54, 0xf6, 0x44, 0xf5, 0x43, 0xf5, 0x43, 0xf5, 0x44, 0xf5, 0x54, 0xf5, 0x44, 0xf5, 0x54, 0xf6,
    0x44, 0xf5, 0x43, 0xf4, 0x55, 0xf6, 0x33, 0xf4, 0x55, 0xf6, 0x55, 0xf6, 0x44, 0xf5, 0x43, 0xf4,
    0x65, 0xf7, 0x44, 0xf5, 0x54, 0xf5, 0x55, 0xf6, 0x54, 0xf5, 0x54, 0xf5, 0x55, 0xf6, 0x54, 0xf5,
    0x44, 0xf5, 0x54, 0xf5, 0x54, 0xf5, 0x55, 0xf6, 0x54, 0xf5, 0x43, 0xf4, 0x54, 0xf5, 0x55, 0xf6,
    0x65, 0xf7, 0x65, 0xf6, 0x65, 0xf6, 0x55, 0xf6, 0x65, 0xf6, 0x54, 0xf6, 0x54, 0xf5, 0x54, 0xf5,
    0x54, 0xf5, 0x55, 0xf6, 0x54, 0xf5, 0x43, 0xf4, 0x44, 0xf4, 0x54, 0xf5, 0x54, 0xf5, 0x54, 0xf5,
    0x54, 0xf6, 0x43, 0xf5, 0x64, 0xf7, 0x65, 0xf7, 0x55, 0xf6, 0x44, 0xf5, 0x54, 0xf5, 0x65, 0xf6,
    0x55, 0xf6, 0x55, 0xf5, 0x54, 0xf5, 0x54, 0xf5, 0x44, 0xf5, 0x55, 0xf6, 0x54, 0xf6, 0x55, 0xf6,
    0x44, 0xf5, 0x65, 0xf6, 0x65, 0xf6, 0x54, 0xf6, 0x65, 0xf7, 0x65, 0xf7, 0x55, 0xf6, 0x55, 0xf6,
    0x43, 0xf4, 0x43, 0xf5, 0x32, 0xf4, 0x32, 0xf3, 0x32, 0xf3, 0x21, 0xf3, 0x32, 0xf3, 0x32, 0xf4,
    0x65, 0xf6, 0x54, 0xf6, 0x54, 0xf5, 0x43, 0xf4, 0x43, 0xf5, 0x43, 0xf5, 0x43, 0xf5, 0x43, 0xf6,
    0x21, 0xf2, 0x32, 0xf4, 0x32, 0xf4, 0x21, 0xf3, 0x42, 0xf5, 0x32, 0xf5, 0x32, 0xf4, 0x32, 0xf4,
    0x43, 0xf4, 0x43, 0xf4, 0x44, 0xf5, 0x44, 0xf5, 0x44, 0xf5, 0x44, 0xf5, 0x43, 0xf4, 0x43, 0xf5,
    0x44, 0xf5, 0x43, 0xf4, 0x43, 0xf4, 0x54, 0xf5, 0x54, 0xf6, 0x54, 0xf6, 0x65, 0xf7, 0x44, 0xf5,
    0x43, 0xf4, 0x44, 0xf5, 0x43, 0xf4, 0x43, 0xf5, 0x54, 0xf5, 0x33, 0xf4, 0x44, 0xf5, 0x33, 0xf4,
    0x43, 0xf5, 0x44, 0xf5, 0x43, 0xf5, 0x54, 0xf5, 0x43, 0xf5, 0x43, 0xf4, 0x43, 0xf4, 0x33, 0xf4,
    0x43, 0xf5, 0x54, 0xf5, 0x33, 0xf4, 0x43, 0xf5, 0x43, 0xf5, 0x43, 0xf4, 0x54, 0xf5, 0x32, 0xf3,
    0x32, 0xf4, 0x43, 0xf4, 0x31, 0xf4, 0x32, 0xf4, 0x32, 0xf4, 0x32, 0xf4, 0x31, 0xf4, 0x42, 0xf5,
    0x32, 0xf3, 0x32, 0xf4, 0x33, 0xf4, 0x21, 0xf3, 0x32, 0xf4, 0x32, 0xf4, 0x21, 0xf3, 0x42, 0xf5,
    0x21, 0xf3, 0x32, 0xf4, 0x42, 0xf6, 0x43, 0xf5, 0x65, 0xf7, 0x65, 0xf6, 0x54, 0xf5, 0x54, 0xf5,
    0x42, 0xf5, 0x43, 0xf5, 0x43, 0xf6, 0x32, 0xf4, 0x43, 0xf5, 0x43, 0xf5, 0x32, 0xf4, 0x32, 0xf4,
    0x54, 0xf5, 0x32, 0xf3, 0x43, 0xf4, 0x32, 0xf4, 0x32, 0xf4, 0x64, 0xf7, 0x53, 0xf6, 0x42, 0xf5,
    0x22, 0xf3, 0x32, 0xf4, 0x22, 0xf3, 0x32, 0xf4, 0x64, 0xf8, 0x32, 0xf5, 0x53, 0xf7, 0x53, 0xf7,
    0x64, 0xf7, 0x42, 0xf5, 0x43, 0xf4, 0x64, 0xf7, 0x32, 0xf4, 0x22, 0xf3, 0x64, 0xf7, 0x21, 0xf2,
    0x32, 0xf4, 0x53, 0xf6, 0x43, 0xf5, 0x53, 0xf6, 0x53, 0xf6, 0x21, 0xf2, 0x32, 0xf4, 0x21, 0xf3,
    0x44, 0xf5, 0x54, 0xf5, 0x65, 0xf7, 0x54, 0xf5, 0x55, 0xf6, 0x43, 0xf4, 0x43, 0xf4, 0x33, 0xf4,
    0x44, 0xf5, 0x44, 0xf5, 0x54, 0xf5, 0x54, 0xf5, 0x44, 0xf5, 0x44, 0xf4, 0x55, 0xf6, 0x65, 0xf6,
    0x43, 0xf4, 0x54, 0xf5, 0x54, 0xf5, 0x54, 0xf5, 0x33, 0xf4, 0x21, 0xf2, 0x22, 0xf3, 0x21, 0xf2,
    0x44, 0xf5, 0x43, 0xf4, 0x44, 0xf5, 0x33, 0xf3, 0x22, 0xf2, 0x22, 0xf3, 0x32, 0xf4, 0x32, 0xf4,
    0x54, 0xf5, 0x54, 0xf5, 0x43, 0xf4, 0x44, 0xf5, 0x65, 0xf7, 0x43, 0xf5, 0x65, 0xf6, 0x32, 0xf3,
    0x44, 0xf5, 0x44, 0xf5, 0x54, 0xf5, 0x54, 0xf5, 0x55, 0xf6, 0x33, 0xf4, 0x44, 0xf4, 0x22, 0xf2,
    0x33, 0xf4, 0x32, 0xf3, 0x22, 0xf3, 0x21, 0xf3, 0x32, 0xf4, 0x32, 0xf4, 0x32, 0xf5, 0x32, 0xf4,
    0x32, 0xf3, 0x42, 0xf5, 0x42, 0xf5, 0x32, 0xf4, 0x32, 0xf4, 0x32, 0xf5, 0x21, 0xf3, 0x42, 0xf5,
    0x21, 0xf3, 0x22, 0xf3, 0x32, 0xf3, 0x43, 0xf5, 0x32, 0xf4, 0x53, 0xf7, 0x43, 0xf5, 0x54, 0xf6,
    0x32, 0xf4, 0x32, 0xf4, 0x32, 0xf4, 0x32, 0xf4, 0x32, 0xf4, 0x64, 0xf7, 0x32, 0xf4, 0x32, 0xf5,
    0x32, 0xf4, 0x32, 0xf4, 0x43, 0xf5, 0x32, 0xf4, 0x32, 0xf5, 0x42, 0xf6, 0x42, 0xf6, 0x42, 0xf6,
    0x64, 0xf7, 0x42, 0xf5, 0x64, 0xf7, 0x43, 0xf6, 0x42, 0xf6, 0x42, 0xf6, 0x53, 0xf6, 0x42, 0xf5,
    0x32, 0xf4, 0x32, 0xf5, 0x32, 0xf4, 0x32, 0xf4, 0x32, 0xf4, 0x32, 0xf5, 0x32, 0xf4, 0x42, 0xf5,
    0x42, 0xf5, 0x32, 0xf4, 0x42, 0xf5, 0x42, 0xf5, 0x32, 0xf4, 0x32, 0xf4, 0x43, 0xf5, 0x32, 0xf4,
    0x43, 0xf5, 0x32, 0xf4, 0x43, 0xf5, 0x32, 0xf4, 0x43, 0xf5, 0x43, 0xf5, 0x43, 0xf5, 0x53, 0xf6,
    0x32, 0xf4, 0x32, 0xf4, 0x43, 0xf4, 0x43, 0xf5, 0x43, 0xf5, 0x43, 0xf6, 0x32, 0xf4, 0x42, 0xf5,
    0x42, 0xf5, 0x54, 0xf6, 0x42, 0xf5, 0x54, 0xf6, 0x87, 0xf9, 0x64, 0xf7, 0x76, 0xf8, 0x64, 0xf7,
    0x43, 0xf5, 0x54, 0xf6, 0x21, 0xf3, 0x44, 0xf5, 0x65, 0xf7, 0x43, 0xf5, 0x43, 0xf5, 0x32, 0xf4,
    0x43, 0xf5, 0x44, 0xf5, 0x43, 0xf5, 0x32, 0xf4, 0x54, 0xf5, 0x55, 0xf6, 0x54, 0xf5, 0x43, 0xf5,
    0x43, 0xf5, 0x21, 0xf3, 0x32, 0xf4, 0x42, 0xf6, 0x32, 0xf4, 0x32, 0xf4, 0x64, 0xf8, 0x43, 0xf6,
    0x21, 0xf3, 0x43, 0xf4, 0x42, 0xf5, 0x42, 0xf5, 0x32, 0xf4, 0x42, 0xf5, 0x42, 0xf5, 0x43, 0xf5,
    0x43, 0xf6, 0x43, 0xf6, 0x42, 0xf6, 0x42, 0xf6, 0x43, 0xf5, 0x43, 0xf5, 0x53, 0xf6, 0x53, 0xf7,
    0x43, 0xf5, 0x43, 0xf5, 0x53, 0xf6, 0x54, 0xf7, 0x75, 0xf8, 0x43, 0xf6, 0x76, 0xf9, 0x43, 0xf5,
    0x42, 0xf5, 0x64, 0xf7, 0x75, 0xf8, 0x54, 0xf6, 0x54, 0xf7, 0x42, 0xf5, 0x32, 0xf4, 0x42, 0xf5,
    0x54, 0xf6, 0x64, 0xf7, 0x43, 0xf4, 0x43, 0xf5, 0x65, 0xf7, 0x55, 0xf6, 0x54, 0xf6, 0x65, 0xf6,
    0x43, 0xf5, 0x53, 0xf6, 0x54, 0xf6, 0x65, 0xf7, 0x53, 0xf6, 0x54, 0xf6, 0x75, 0xf8, 0x54, 0xf6,
    0x54, 0xf6, 0x54, 0xf5, 0x54, 0xf6, 0x54, 0xf6, 0x44, 0xf5, 0x44, 0xf5, 0x54, 0xf5, 0x55, 0xf6,
    0x54, 0xf7, 0x65, 0xf8, 0x43, 0xf4, 0x42, 0xf5, 0x54, 0xf5, 0x54, 0xf6, 0x43, 0xf5, 0x43, 0xf4,
    0x43, 0xf6, 0x63, 0xf8, 0x32, 0xf5, 0x53, 0xf7, 0x42, 0xf5, 0x42, 0xf6, 0x53, 0xf7, 0x42, 0xf5,
    0x43, 0xf6, 0x64, 0xf8, 0x42, 0xf5, 0x53, 0xf7, 0x64, 0xf7, 0x42, 0xf5, 0x53, 0xf7, 0x53, 0xf6,
    0x42, 0xf5, 0x31, 0xf4, 0x64, 0xf7, 0x53, 0xf7, 0x31, 0xf4, 0x42, 0xf5, 0x52, 0xf7, 0x31, 0xf5,
    0x43, 0xf6, 0x42, 0xf6, 0x32, 0xf5, 0x32, 0xf5, 0x53, 0xf7, 0x32, 0xf5, 0x53, 0xf7, 0x42, 0xf5,
    0x42, 0xf5, 0x52, 0xf6, 0x53, 0xf6, 0x42, 0xf5, 0x52, 0xf7, 0x53, 0xf7, 0x42, 0xf7, 0x53, 0xf6,
    0x53, 0xf6, 0x32, 0xf5, 0x42, 0xf5, 0x53, 0xf6, 0x42, 0xf5, 0x53, 0xf7, 0x53, 0xf7, 0x64, 0xf8,
    0x54, 0xf7, 0x32, 0xf4, 0x53, 0xf7, 0x52, 0xf7, 0x42, 0xf5, 0x53, 0xf6, 0x64, 0xf7, 0x43, 0xf6,
    0x53, 0xf7, 0x53, 0xf7, 0x53, 0xf7, 0x53, 0xf7, 0x64, 0xf8, 0x53, 0xf7, 0x64, 0xf8, 0x63, 0xf7,
    0x53, 0xf7, 0x53, 0xf6, 0x64, 0xf7, 0x53, 0xf6, 0x42, 0xf6, 0x53, 0xf7, 0x32, 0xf4, 0x42, 0xf5,
    0x54, 0xf6, 0x64, 0xf7, 0x65, 0xf7, 0x43, 0xf5, 0x43, 0xf4, 0x53, 0xf6, 0x32, 0xf4, 0x65, 0xf8,
    0x53, 0xf7, 0x43, 0xf6, 0x75, 0xf8, 0x75, 0xf9, 0x53, 0xf7, 0x53, 0xf7, 0x64, 0xf8, 0x75, 0xf8,
    0x64, 0xf7, 0x43, 0xf5, 0x64, 0xf8, 0x32, 0xf5, 0x75, 0xf8, 0x85, 0xf9, 0x32, 0xf4, 0x54, 0xf7,
    0x64, 0xf7, 0x53, 0xf7, 0x64, 0xf7, 0x54, 0xf7, 0x63, 0xf8, 0x53, 0xf7, 0x32, 0xf4, 0x53, 0xf6,
    0x43, 0xf5, 0x32, 0xf4, 0x64, 0xf8, 0x54, 0xf6, 0x21, 0xf3, 0x42, 0xf5, 0x31, 0xf5, 0x53, 0xf7,
    0x32, 0xf5, 0x43, 0xf6, 0x42, 0xf6, 0x42, 0xf6, 0x64, 0xf8, 0x32, 0xf4, 0x43, 0xf6, 0x32, 0xf4,
    0x53, 0xf7, 0x53, 0xf6, 0x42, 0xf5, 0x42, 0xf5, 0x42, 0xf6, 0x43, 0xf6, 0x53, 0xf7, 0x53, 0xf7,
    0x53, 0xf7, 0x53, 0xf7, 0x53, 0xf7, 0x53, 0xf8, 0x42, 0xf5, 0x42, 0xf6, 0x42, 0xf6, 0x52, 0xf7,
    0x42, 0xf6, 0x53, 0xf7, 0x53, 0xf7, 0x54, 0xf7, 0x52, 0xf7, 0x53, 0xf7, 0x42, 0xf6, 0x74, 0xf8,
    0x43, 0xf6, 0x32, 0xf4, 0x43, 0xf6, 0x21, 0xf4, 0x32, 0xf4, 0x42, 0xf5, 0x32, 0xf4, 0x53, 0xf7,
    0x75, 0xf8, 0x42, 0xf6, 0x75, 0xf9, 0x31, 0xf4, 0x43, 0xf6, 0x76, 0xf9, 0x53, 0xf6, 0x75, 0xf9,
    0x65, 0xf6, 0x44, 0xf5, 0x65, 0xf7, 0x43, 0xf5, 0x22, 0xf2, 0x42, 0xf6, 0x42, 0xf5, 0x42, 0xf5,
    0x44, 0xf5, 0x43, 0xf6, 0x32, 0xf4, 0x64, 0xf7, 0x54, 0xf7, 0x43, 0xf6, 0x64, 0xf7, 0x53, 0xf6,
    0x42, 0xf5, 0x21, 0xf3, 0x42, 0xf5, 0x21, 0xf3, 0x42, 0xf5, 0x43, 0xf5, 0x21, 0xf3, 0x32, 0xf4,
    0x65, 0xf8, 0x53, 0xf6, 0x54, 0xf6, 0x53, 0xf6, 0x21, 0xf3, 0x32, 0xf4, 0x42, 0xf5, 0x42, 0xf5,
    0x32, 0xf5, 0x75, 0xf8, 0x53, 0xf7, 0x65, 0xf7, 0x64, 0xf7, 0x54, 0xf6, 0x64, 0xf7, 0x54, 0xf6,
    0x53, 0xf7, 0x53, 0xf6, 0x53, 0xf6, 0x21, 0xf3, 0x65, 0xf7, 0x43, 0xf5, 0x42, 0xf5, 0x32, 0xf5,
    0x53, 0xf6, 0x53, 0xf6, 0x42, 0xf5, 0x54, 0xf6, 0x54, 0xf7, 0x42, 0xf5, 0x64, 0xf7, 0x53, 0xf7,
    0x43, 0xf5, 0x42, 0xf5, 0x53, 0xf6, 0x54, 0xf7, 0x43, 0xf5, 0x53, 0xf7, 0x64, 0xf7, 0x65, 0xf8,
    0x42, 0xf5, 0x43, 0xf5, 0x42, 0xf5, 0x43, 0xf5, 0x53, 0xf6, 0x43, 0xf5, 0x43, 0xf6, 0x43, 0xf6,
    0x42, 0xf5, 0x43, 0xf5, 0x42, 0xf5, 0x42, 0xf6, 0x54, 0xf6, 0x53, 0xf6, 0x43, 0xf5, 0x43, 0xf5,
    0x64, 0xf7, 0x53, 0xf7, 0x43, 0xf6, 0x32, 0xf4, 0x32, 0xf4, 0x42, 0xf5, 0x32, 0xf4, 0x54, 0xf6,
    0x42, 0xf5, 0x33, 0xf4, 0x54, 0xf5, 0x65, 0xf7, 0x64, 0xf6, 0x65, 0xf7, 0x65, 0xf7, 0x76, 0xf7,
    0x32, 0xf5, 0x21, 0xf3, 0x42, 0xf5, 0x21, 0xf3, 0x43, 0xf5, 0x76, 0xf7, 0x65, 0xf7, 0x76, 0xf8,
    0x53, 0xf6, 0x64, 0xf6, 0x65, 0xf7, 0x76, 0xf7, 0x76, 0xf8, 0x76, 0xf8, 0x76, 0xf7, 0x76, 0xf7,
    0x65, 0xf7, 0x76, 0xf8, 0x65, 0xf7, 0x76, 0xf8, 0x65, 0xf7, 0x76, 0xf7, 0x76, 0xf8, 0x65, 0xf7,
    0x75, 0xf8, 0x76, 0xf8, 0x76, 0xf8, 0x76, 0xf8, 0x76, 0xf8, 0x76, 0xf8, 0x76, 0xf8, 0x87, 0xf9,
    0x32, 0xf4, 0x43, 0xf5, 0x32, 0xf3, 0x32, 0xf4, 0x75, 0xf9, 0x42, 0xf6, 0x75, 0xf8, 0x53, 0xf6,
    0x32, 0xf4, 0x21, 0xf3, 0x53, 0xf7, 0x32, 0xf3, 0x43, 0xf5, 0x53, 0xf6, 0x32, 0xf4, 0x64, 0xf7,
    0x42, 0xf5, 0x65, 0xf7, 0x53, 0xf6, 0x65, 0xf7, 0x65, 0xf7, 0x64, 0xf6, 0x65, 0xf7, 0x65, 0xf7,
    0x76, 0xf8, 0x76, 0xf8, 0x76, 0xf8, 0x76, 0xf8, 0x65, 0xf7, 0x65, 0xf7, 0x86, 0xf9, 0x76, 0xf8,
    0x53, 0xf7, 0x32, 0xf5, 0x53, 0xf7, 0x52, 0xf7, 0x53, 0xf7, 0x64, 0xf7, 0x53, 0xf7, 0x65, 0xf7,
    0x54, 0xf6, 0x42, 0xf5, 0x42, 0xf5, 0x32, 0xf4, 0x53, 0xf7, 0x75, 0xf8, 0x42, 0xf6, 0x42, 0xf5,
    0x54, 0xf6, 0x75, 0xf8, 0x65, 0xf7, 0x76, 0xf8, 0x76, 0xf8, 0x65, 0xf7, 0x65, 0xf7, 0x65, 0xf6,
    0x65, 0xf7, 0x65, 0xf7, 0x43, 0xf5, 0x43, 0xf5, 0x65, 0xf7, 0x75, 0xf8, 0x54, 0xf6, 0x76, 0xf8,
    0x65, 0xf6, 0x65, 0xf6, 0x65, 0xf7, 0x65, 0xf7, 0x54, 0xf6, 0x76, 0xf8, 0x65, 0xf7, 0x66, 0xf7,
    0x65, 0xf7, 0x54, 0xf6, 0x76, 0xf7, 0x65, 0xf7, 0x54, 0xf6, 0x65, 0xf7, 0x54, 0xf6, 0x76, 0xf8,
    0x76, 0xf8, 0x76, 0xf7, 0x65, 0xf7, 0x76, 0xf7, 0x65, 0xf7, 0x65, 0xf7, 0x76, 0xf8, 0x54, 0xf6,
    0x66, 0xf7, 0x87, 0xf9, 0x76, 0xf8, 0x76, 0xf8, 0x76, 0xf7, 0x54, 0xf6, 0x65, 0xf7, 0x54, 0xf6,
    0x65, 0xf7, 0x75, 0xf8, 0x64, 0xf7, 0x65, 0xf7, 0x75, 0xf8, 0x87, 0xf9, 0x54, 0xf6, 0x76, 0xf7,
    0x76, 0xf8, 0x65, 0xf7, 0x86, 0xf9, 0x65, 0xf7, 0x64, 0xf6, 0x65, 0xf7, 0x75, 0xf8, 0x66, 0xf7,
    0x76, 0xf8, 0x54, 0xf6, 0x65, 0xf7, 0x64, 0xf7, 0x54, 0xf6, 0x43, 0xf5, 0x65, 0xf7, 0x65, 0xf6,
    0x65, 0xf7, 0x65, 0xf7, 0x65, 0xf7, 0x76, 0xf8, 0x55, 0xf6, 0x65, 0xf6, 0x65, 0xf7, 0x66, 0xf7,
    0x53, 0xf7, 0x64, 0xf7, 0x53, 0xf6, 0x53, 0xf6, 0x86, 0xf9, 0x76, 0xf9, 0x86, 0xf9, 0x65, 0xf8,
    0x43, 0xf5, 0x32, 0xf4, 0x33, 0xf4, 0x32, 0xf4, 0x32, 0xf4, 0x43, 0xf6, 0x43, 0xf5, 0x42, 0xf5,
    0x64, 0xf7, 0x65, 0xf8, 0x75, 0xf8, 0x75, 0xf8, 0x75, 0xf8, 0x64, 0xf7, 0x64, 0xf7, 0x65, 0xf8,
    0x64, 0xf8, 0x75, 0xf8, 0x42, 0xf5, 0x32, 0xf5, 0x43, 0xf6, 0x43, 0xf5, 0x32, 0xf4, 0x21, 0xf3,
    0x43, 0xf5, 0x54, 0xf6, 0x43, 0xf5, 0x53, 0xf6, 0x43, 0xf5, 0x43, 0xf5, 0x54, 0xf6, 0x32, 0xf4,
    0x32, 0xf5, 0x53, 0xf6, 0x42, 0xf6, 0x42, 0xf6, 0x87, 0xf9, 0x43, 0xf5, 0x42, 0xf5, 0x32, 0xf4,
    0x43, 0xf5, 0x43, 0xf5, 0x33, 0xf4, 0x54, 0xf6, 0x54, 0xf6, 0x54, 0xf6, 0x43, 0xf4, 0x32, 0xf4,
    0x54, 0xf5, 0x65, 0xf6, 0x54, 0xf5, 0x65, 0xf6, 0x54, 0xf6, 0x22, 0xf3, 0x55, 0xf6, 0x32, 0xf3,
    0x21, 0xf3, 0x31, 0xf4, 0x54, 0xf7, 0x32, 0xf5, 0x32, 0xf5, 0x42, 0xf5, 0x32, 0xf4, 0x43, 0xf5,
    0x43, 0xf6, 0x32, 0xf5, 0x42, 0xf6, 0x43, 0xf5, 0x43, 0xf5, 0x44, 0xf5, 0x54, 0xf6, 0x65, 0xf6,
    0x32, 0xf4, 0x43, 0xf5, 0x33, 0xf4, 0x21, 0xf2, 0x43, 0xf6, 0x32, 0xf5, 0x42, 0xf5, 0x53, 0xf7,
    0x54, 0xf5, 0x33, 0xf4, 0x54, 0xf5, 0x54, 0xf5, 0x31, 0xf4, 0x53, 0xf7, 0x31, 0xf4, 0x42, 0xf6,
    0x42, 0xf5, 0x43, 0xf5, 0x42, 0xf5, 0x32, 0xf4, 0x54, 0xf5, 0x54, 0xf5, 0x43, 0xf4, 0x43, 0xf5,
    0x21, 0xf3, 0x31, 0xf4, 0x21, 0xf3, 0x42, 0xf5, 0x31, 0xf5, 0x32, 0xf4, 0x42, 0xf6, 0x42, 0xf5,
    0x43, 0xf5, 0x44, 0xf5, 0x32, 0xf4, 0x54, 0xf7, 0x32, 0xf4, 0x42, 0xf6, 0x42, 0xf5, 0x42, 0xf6,
    0x32, 0xf4, 0x42, 0xf5, 0x42, 0xf5, 0x32, 0xf4, 0x43, 0xf5, 0x32, 0xf4, 0x32, 0xf3, 0x32, 0xf4,
    0x42, 0xf5, 0x63, 0xf8, 0x42, 0xf5, 0x42, 0xf6, 0x63, 0xf8, 0x32, 0xf5, 0x53, 0xf7, 0x42, 0xf6,
    0x42, 0xf6, 0x42, 0xf6, 0x42, 0xf6, 0x53, 0xf7, 0x31, 0xf4, 0x32, 0xf4, 0x43, 0xf5, 0x42, 0xf5,
    0x43, 0xf4, 0x54, 0xf6, 0x32, 0xf3, 0x43, 0xf4, 0x43, 0xf4, 0x22, 0xf3, 0x32, 0xf4, 0x22, 0xf3,
    0x32, 0xf4, 0x42, 0xf5, 0x32, 0xf5, 0x42, 0xf6, 0x32, 0xf4, 0x42, 0xf5, 0x53, 0xf6, 0x42, 0xf5,
    0x42, 0xf6, 0x63, 0xf7, 0x31, 0xf5, 0x52, 0xf6, 0x63, 0xf7, 0x21, 0xf3, 0x42, 0xf6, 0x32, 0xf4,
    0x43, 0xf6, 0x32, 0xf5, 0x64, 0xf7, 0x53, 0xf6, 0x42, 0xf6, 0x42, 0xf5, 0x53, 0xf7, 0x42, 0xf6,
    0x32, 0xf4, 0x53, 0xf6, 0x42, 0xf5, 0x42, 0xf6, 0x43, 0xf5, 0x42, 0xf6, 0x42, 0xf6, 0x43, 0xf6,
    0x42, 0xf5, 0x52, 0xf6, 0x53, 0xf7, 0x63, 0xf8, 0x53, 0xf6, 0x54, 0xf6, 0x42, 0xf6, 0x32, 0xf4,
    0x32, 0xf4, 0x31, 0xf4, 0x42, 0xf5, 0x43, 0xf5, 0x42, 0xf5, 0x54, 0xf6, 0x54, 0xf6, 0x54, 0xf6,
    0x43, 0xf5, 0x42, 0xf5, 0x42, 0xf6, 0x32, 0xf5, 0x54, 0xf6, 0x65, 0xf7, 0x31, 0xf4, 0x54, 0xf6,
    0x54, 0xf5, 0x54, 0xf6, 0x54, 0xf5, 0x65, 0xf6, 0x43, 0xf5, 0x22, 0xf3, 0x65, 0xf7, 0x43, 0xf5,
    0x54, 0xf6, 0x54, 0xf6, 0x54, 0xf6, 0x54, 0xf6, 0x64, 0xf7, 0x53, 0xf6, 0x54, 0xf6, 0x32, 0xf4,
    0x32, 0xf5, 0x32, 0xf4, 0x53, 0xf5, 0x43, 0xf4, 0x32, 0xf5, 0x54, 0xf7, 0x21, 0xf3, 0x65, 0xf8,
    0x43, 0xf4, 0x43, 0xf5, 0x21, 0xf3, 0x32, 0xf4, 0x43, 0xf4, 0x32, 0xf4, 0x54, 0xf6, 0x32, 0xf5,
    0x53, 0xf6, 0x54, 0xf6, 0x75, 0xf8, 0x43, 0xf6, 0x54, 0xf5, 0x32, 0xf4, 0x42, 0xf5, 0x42, 0xf6,
    0x75, 0xf8, 0x64, 0xf7, 0x43, 0xf5, 0x54, 0xf6, 0x42, 0xf6, 0x53, 0xf6, 0x32, 0xf5, 0x64, 0xf7,
    0x64, 0xf8, 0x43, 0xf6, 0x53, 0xf6, 0x31, 0xf4, 0x32, 0xf4, 0x32, 0xf4, 0x64, 0xf7, 0x54, 0xf6,
    0x53, 0xf7, 0x41, 0xf5, 0x64, 0xf7, 0x64, 0xf8, 0x53, 0xf7, 0x86, 0xfa, 0x52, 0xf7, 0x52, 0xf7,
    0x32, 0xf4, 0x54, 0xf6, 0x43, 0xf5, 0x32, 0xf4, 0x64, 0xf7, 0x22, 0xf3, 0x53, 0xf6, 0x32, 0xf5,
    0x53, 0xf7, 0x32, 0xf5, 0x52, 0xf7, 0x42, 0xf5, 0x42, 0xf5, 0x32, 0xf4, 0x32, 0xf4, 0x43, 0xf4,
    0x75, 0xf8, 0x76, 0xf8, 0x64, 0xf8, 0x53, 0xf6, 0x42, 0xf6, 0x42, 0xf6, 0x32, 0xf5, 0x21, 0xf3,
    0x42, 0xf5, 0x32, 0xf4, 0x32, 0xf4, 0x42, 0xf5, 0x21, 0xf3, 0x42, 0xf5, 0x32, 0xf4, 0x42, 0xf5,
    0x42, 0xf6, 0x32, 0xf4, 0x42, 0xf5, 0x32, 0xf4, 0x43, 0xf5, 0x44, 0xf5, 0x54, 0xf5, 0x54, 0xf5,
    0x43, 0xf6, 0x43, 0xf6, 0x42, 0xf5, 0x42, 0xf6, 0x44, 0xf5, 0x54, 0xf5, 0x54, 0xf6, 0x43, 0xf5,
    0x21, 0xf3, 0x43, 0xf5, 0x32, 0xf4, 0x43, 0xf5, 0x43, 0xf5, 0x53, 0xf6, 0x32, 0xf5, 0x43, 0xf6,
    0x43, 0xf4, 0x43, 0xf5, 0x32, 0xf4, 0x33, 0xf4, 0x43, 0xf5, 0x43, 0xf6, 0x54, 0xf6, 0x32, 0xf4,
    0x53, 0xf6, 0x54, 0xf7, 0x53, 0xf6, 0x63, 0xf8, 0x64, 0xf7, 0x53, 0xf7, 0x63, 0xf8, 0x53, 0xf7,
    0x54, 0xf7, 0x53, 0xf7, 0x54, 0xf7, 0x43, 0xf6, 0x52, 0xf7, 0x53, 0xf7, 0x42, 0xf5, 0x64, 0xf7,
    0x32, 0xf3, 0x43, 0xf4, 0x32, 0xf4, 0x32, 0xf4, 0x43, 0xf5, 0x32, 0xf4, 0x43, 0xf5, 0x32, 0xf4,
    0x33, 0xf4, 0x22, 0xf3, 0x43, 0xf5, 0x21, 0xf3, 0x32, 0xf4, 0x43, 0xf5, 0x32, 0xf4, 0x43, 0xf5,
    0x43, 0xf6, 0x53, 0xf6, 0x43, 0xf5, 0x53, 0xf7, 0x43, 0xf6, 0x53, 0xf7, 0x64, 0xf7, 0x64, 0xf7,
    0x32, 0xf4, 0x43, 0xf5, 0x43, 0xf5, 0x42, 0xf5, 0x53, 0xf6, 0x42, 0xf6, 0x43, 0xf5, 0x53, 0xf6,
    0x32, 0xf4, 0x53, 0xf6, 0x21, 0xf3, 0x43, 0xf5, 0x32, 0xf5, 0x42, 0xf5, 0x43, 0xf5, 0x32, 0xf5,
    0x21, 0xf3, 0x42, 0xf5, 0x31, 0xf4, 0x53, 0xf6, 0x32, 0xf4, 0x43, 0xf5, 0x32, 0xf4, 0x32, 0xf4,
    0x42, 0xf5, 0x42, 0xf5, 0x43, 0xf6, 0x53, 0xf7, 0x43, 0xf5, 0x54, 0xf6, 0x54, 0xf7, 0x54, 0xf6,
    0x42, 0xf5, 0x53, 0xf7, 0x32, 0xf4, 0x32, 0xf5, 0x53, 0xf6, 0x42, 0xf5, 0x42, 0xf5, 0x21, 0xf3,
    0x43, 0xf6, 0x54, 0xf5, 0x54, 0xf6, 0x54, 0xf6, 0x43, 0xf5, 0x43, 0xf5, 0x64, 0xf7, 0x65, 0xf7,
    0x76, 0xf7, 0x65, 0xf7, 0x76, 0xf8, 0x54, 0xf6, 0x76, 0xf8, 0x65, 0xf7, 0x65, 0xf7, 0x64, 0xf7,
    0x54, 0xf6, 0x43, 0xf5, 0x86, 0xf8, 0x76, 0xf8, 0x54, 0xf6, 0x32, 0xf4, 0x75, 0xf7, 0x43, 0xf6,
    0x65, 0xf7, 0x76, 0xf7, 0x65, 0xf7, 0x54, 0xf6, 0x65, 0xf7, 0x64, 0xf8, 0x64, 0xf7, 0x64, 0xf8,
    0x32, 0xf4, 0x21, 0xf3, 0x32, 0xf3, 0x32, 0xf4, 0x32, 0xf4, 0x54, 0xf5, 0x43, 0xf5, 0x43, 0xf5,
    0x32, 0xf4, 0x42, 0xf5, 0x32, 0xf4, 0x42, 0xf5, 0x43, 0xf4, 0x54, 0xf6, 0x43, 0xf5, 0x43, 0xf5,
    0x43, 0xf5, 0x32, 0xf4, 0x43, 0xf5, 0x32, 0xf4, 0x54, 0xf7, 0x75, 0xf9, 0x53, 0xf6, 0x53, 0xf7,
    0x43, 0xf4, 0x32, 0xf4, 0x32, 0xf4, 0x42, 0xf5, 0x53, 0xf6, 0x64, 0xf7, 0x54, 0xf6, 0x43, 0xf5,
    0x32, 0xf4, 0x43, 0xf5, 0x32, 0xf4, 0x32, 0xf4, 0x54, 0xf6, 0x32, 0xf4, 0x32, 0xf4, 0x32, 0xf4,
    0x54, 0xf7, 0x32, 0xf4, 0x64, 0xf8, 0x43, 0xf5, 0x32, 0xf3, 0x32, 0xf4, 0x21, 0xf3, 0x42, 0xf5,
    0x32, 0xf4, 0x43, 0xf5, 0x32, 0xf4, 0x32, 0xf4, 0x43, 0xf5, 0x32, 0xf4, 0x32, 0xf5, 0x42, 0xf5,
    0x42, 0xf5, 0x42, 0xf5, 0x42, 0xf6, 0x42, 0xf6, 0x53, 0xf6, 0x43, 0xf6, 0x53, 0xf7, 0x64, 0xf7,
    0x75, 0xf8, 0x75, 0xf8, 0x75, 0xf9, 0x75, 0xf9, 0x42, 0xf5, 0x42, 0xf5, 0x42, 0xf5, 0x31, 0xf4,
    0x75, 0xf9, 0x53, 0xf6, 0x64, 0xf7, 0x21, 0xf4, 0x31, 0xf4, 0x31, 0xf4, 0x31, 0xf4, 0x32, 0xf4,
    0x53, 0xf7, 0x53, 0xf7, 0x42, 0xf6, 0x42, 0xf6, 0x63, 0xf8, 0x53, 0xf7, 0x53, 0xf7, 0x74, 0xf9,
    0x32, 0xf4, 0x32, 0xf5, 0x52, 0xf6, 0x53, 0xf7, 0x42, 0xf6, 0x53, 0xf7, 0x42, 0xf6, 0x31, 0xf5,
    0x64, 0xf7, 0x42, 0xf5, 0x42, 0xf5, 0x43, 0xf6, 0x53, 0xf6, 0x42, 0xf5, 0x54, 0xf7, 0x42, 0xf6,
    0x43, 0xf5, 0x43, 0xf6, 0x42, 0xf5, 0x42, 0xf5, 0x53, 0xf7, 0x42, 0xf6, 0x42, 0xf6, 0x42, 0xf6,
    0x42, 0xf6, 0x64, 0xf8, 0x64, 0xf7, 0x64, 0xf7, 0x53, 0xf7, 0x32, 0xf5, 0x64, 0xf7, 0x32, 0xf5,
    0x43, 0xf6, 0x43, 0xf6, 0x32, 0xf3, 0x32, 0xf4, 0x32, 0xf4, 0x42, 0xf6, 0x22, 0xf3, 0x43, 0xf6,
    0x42, 0xf6, 0x42, 0xf5, 0x74, 0xf9, 0x42, 0xf6, 0x43, 0xf5, 0x21, 0xf3, 0x43, 0xf5, 0x32, 0xf3,
    0x74, 0xf8, 0x53, 0xf6, 0x21, 0xf4, 0x53, 0xf6, 0x75, 0xf9, 0x42, 0xf5, 0x53, 0xf6, 0x32, 0xf4,
    0x32, 0xf4, 0x43, 0xf5, 0x43, 0xf5, 0x54, 0xf6, 0x43, 0xf5, 0x54, 0xf6, 0x53, 0xf6, 0x75, 0xf8,
    0x43, 0xf5, 0x54, 0xf7, 0x54, 0xf7, 0x53, 0xf6, 0x54, 0xf6, 0x64, 0xf7, 0x64, 0xf7, 0x65, 0xf7,
    0x21, 0xf3, 0x53, 0xf7, 0x32, 0xf5, 0x42, 0xf5, 0x42, 0xf6, 0x65, 0xf7, 0x54, 0xf6, 0x65, 0xf7,
    0x63, 0xf8, 0x42, 0xf5, 0x43, 0xf6, 0x43, 0xf5, 0x54, 0xf6, 0x54, 0xf6, 0x64, 0xf7, 0x54, 0xf6,
    0x76, 0xf8, 0x54, 0xf6, 0x65, 0xf7, 0x75, 0xf8, 0x54, 0xf6, 0x65, 0xf7, 0x54, 0xf6, 0x75, 0xf7,
    0x54, 0xf6, 0x76, 0xf8, 0x53, 0xf5, 0x65, 0xf7, 0x76, 0xf8, 0x76, 0xf8, 0x65, 0xf7, 0x54, 0xf6,
    0x42, 0xf5, 0x54, 0xf7, 0x65, 0xf7, 0x21, 0xf3, 0x42, 0xf6, 0x43, 0xf6, 0x32, 0xf4, 0x32, 0xf4,
    0x86, 0xf9, 0x43, 0xf6, 0x65, 0xf8, 0x76, 0xf8, 0x42, 0xf5, 0x32, 0xf4, 0x53, 0xf6, 0x32, 0xf4,
    0x43, 0xf5, 0x43, 0xf4, 0x43, 0xf5, 0x43, 0xf5, 0x32, 0xf4, 0x43, 0xf5, 0x42, 0xf5, 0x43, 0xf6,
    0x32, 0xf5, 0x53, 0xf6, 0x32, 0xf4, 0x32, 0xf4, 0x32, 0xf4, 0x53, 0xf6, 0x42, 0xf5, 0x42, 0xf5,
    0x53, 0xf7, 0x64, 0xf8, 0x53, 0xf7, 0x53, 0xf7, 0x53, 0xf7, 0x53, 0xf6, 0x64, 0xf8, 0x42, 0xf6,
    0x64, 0xf8, 0x53, 0xf7, 0x64, 0xf8, 0x54, 0xf7, 0x63, 0xf8, 0x31, 0xf5, 0x42, 0xf5, 0x21, 0xf4,
    0x32, 0xf5, 0x43, 0xf5, 0x31, 0xf4, 0x42, 0xf5, 0x32, 0xf5, 0x43, 0xf5, 0x54, 0xf6, 0x65, 0xf7,
    0x42, 0xf6, 0x53, 0xf6, 0x75, 0xf9, 0x64, 0xf8, 0x65, 0xf6, 0x44, 0xf5, 0x43, 0xf5, 0x43, 0xf4,
    0x53, 0xf6, 0x54, 0xf6, 0x64, 0xf8, 0x65, 0xf7, 0x75, 0xf7, 0x64, 0xf7, 0x54, 0xf6, 0x54, 0xf6,
    0x64, 0xf7, 0x43, 0xf5, 0x42, 0xf5, 0x42, 0xf5, 0x32, 0xf4, 0x42, 0xf5, 0x42, 0xf5, 0x54, 0xf7,
    0x54, 0xf6, 0x65, 0xf7, 0x43, 0xf5, 0x43, 0xf5, 0x65, 0xf7, 0x53, 0xf6, 0x54, 0xf6, 0x54, 0xf7,
    0x54, 0xf6, 0x43, 0xf5, 0x54, 0xf6, 0x32, 0xf4, 0x65, 0xf7, 0x65, 0xf7, 0x43, 0xf6, 0x75, 0xf8,
    0x43, 0xf4, 0x43, 0xf5, 0x54, 0xf5, 0x44, 0xf5, 0x32, 0xf4, 0x43, 0xf5, 0x32, 0xf4, 0x43, 0xf5,
    0x54, 0xf6, 0x43, 0xf4, 0x54, 0xf6, 0x32, 0xf3, 0x32, 0xf4, 0x42, 0xf5, 0x32, 0xf4, 0x32, 0xf4,
    0x64, 0xf7, 0x43, 0xf5, 0x43, 0xf5, 0x43, 0xf5, 0x43, 0xf5, 0x54, 0xf7, 0x43, 0xf5, 0x53, 0xf6,
    0x43, 0xf6, 0x42, 0xf5, 0x43, 0xf4, 0x32, 0xf4, 0x32, 0xf4, 0x32, 0xf4, 0x53, 0xf6, 0x53, 0xf6,
    0x65, 0xf7, 0x65, 0xf6, 0x87, 0xf9, 0x87, 0xf8, 0x76, 0xf8, 0x75, 0xf8, 0x76, 0xf8, 0x54, 0xf6,
    0x86, 0xf9, 0x76, 0xf8, 0x75, 0xf7, 0x54, 0xf6, 0x54, 0xf6, 0x65, 0xf7, 0x76, 0xf8, 0x87, 0xf9,
    0x64, 0xf7, 0x53, 0xf6, 0x54, 0xf6, 0x54, 0xf6, 0x64, 0xf7, 0x65, 0xf7, 0x65, 0xf6, 0x76, 0xf8,
    0x54, 0xf6, 0x76, 0xf8, 0x65, 0xf7, 0x86, 0xf9, 0x98, 0xfa, 0x87, 0xf9, 0x87, 0xf9, 0x76, 0xf8,
    0x76, 0xf8, 0x54, 0xf6, 0x76, 0xf8, 0x43, 0xf5, 0x65, 0xf7, 0x65, 0xf7, 0x43, 0xf5, 0x65, 0xf7,
    0x65, 0xf7, 0x65, 0xf7, 0x65, 0xf7, 0x54, 0xf6, 0x43, 0xf5, 0x54, 0xf6, 0x53, 0xf6, 0x43, 0xf6,
    0x65, 0xf7, 0x86, 0xf9, 0x76, 0xf8, 0x86, 0xf9, 0x64, 0xf6, 0x64, 0xf6, 0x54, 0xf6, 0x54, 0xf6,
    0x76, 0xf8, 0x65, 0xf7, 0x54, 0xf6, 0x54, 0xf6, 0x54, 0xf6, 0x76, 0xf8, 0x43, 0xf5, 0x43, 0xf5,
    0x76, 0xf8, 0x43, 0xf5, 0x76, 0xf8, 0x43, 0xf5, 0x21, 0xf3, 0x32, 0xf5, 0x21, 0xf3, 0x31, 0xf4,
    0x75, 0xf8, 0x43, 0xf4, 0x65, 0xf7, 0x43, 0xf5, 0x32, 0xf4, 0x32, 0xf4, 0x32, 0xf4, 0x31, 0xf4,
    0x42, 0xf6, 0x42, 0xf6, 0x53, 0xf6, 0x42, 0xf5, 0x53, 0xf7, 0x53, 0xf6, 0x43, 0xf6, 0x53, 0xf6,
    0x43, 0xf6, 0x43, 0xf5, 0x32, 0xf4, 0x43, 0xf5, 0x43, 0xf5, 0x54, 0xf6, 0x53, 0xf6, 0x32, 0xf4,
    0x65, 0xf7, 0x43, 0xf5, 0x65, 0xf7, 0x54, 0xf6, 0x32, 0xf3, 0x31, 0xf4, 0x21, 0xf2, 0x32, 0xf4,
    0x65, 0xf7, 0x43, 0xf5, 0x54, 0xf6, 0x65, 0xf7, 0x21, 0xf3, 0x32, 0xf4, 0x64, 0xf7, 0x43, 0xf5,
    0x31, 0xf4, 0x43, 0xf5, 0x32, 0xf5, 0x42, 0xf5, 0x42, 0xf5, 0x32, 0xf4, 0x54, 0xf6, 0x32, 0xf4,
    0x43, 0xf5, 0x54, 0xf6, 0x54, 0xf6, 0x65, 0xf6, 0x43, 0xf5, 0x43, 0xf4, 0x43, 0xf5, 0x32, 0xf3,
    0x54, 0xf6, 0x54, 0xf6, 0x53, 0xf6, 0x53, 0xf6, 0x53, 0xf6, 0x54, 0xf6, 0x43, 0xf6, 0x65, 0xf7,
    0x54, 0xf6, 0x53, 0xf6, 0x76, 0xf8, 0x53, 0xf6, 0x53, 0xf6, 0x65, 0xf7, 0x64, 0xf7, 0x65, 0xf7,
    0x65, 0xf7, 0x54, 0xf6, 0x65, 0xf7, 0x65, 0xf7, 0x53, 0xf6, 0x43, 0xf5, 0x54, 0xf6, 0x32, 0xf4,
    0x65, 0xf7, 0x76, 0xf8, 0x54, 0xf6, 0x54, 0xf5, 0x65, 0xf7, 0x21, 0xf2, 0x32, 0xf4, 0x21, 0xf3,
    0x75, 0xf8, 0x64, 0xf7, 0x53, 0xf6, 0x54, 0xf6, 0x64, 0xf7, 0x43, 0xf5, 0x32, 0xf4, 0x43, 0xf5,
    0x21, 0xf3, 0x21, 0xf3, 0x32, 0xf4, 0x42, 0xf5, 0x42, 0xf5, 0x53, 0xf7, 0x42, 0xf6, 0x64, 0xf8,
    0x43, 0xf5, 0x42, 0xf5, 0x42, 0xf5, 0x42, 0xf6, 0x52, 0xf7, 0x42, 0xf5, 0x42, 0xf6, 0x53, 0xf6,
    0x64, 0xf8, 0x53, 0xf7, 0x54, 0xf6, 0x43, 0xf6, 0x54, 0xf7, 0x42, 0xf5, 0x42, 0xf5, 0x10, 0xf2,
    0x32, 0xf4, 0x43, 0xf4, 0x21, 0xf3, 0x21, 0xf3, 0x42, 0xf5, 0x43, 0xf5, 0x32, 0xf5, 0x31, 0xf4,
    0x32, 0xf4, 0x43, 0xf5, 0x43, 0xf4, 0x54, 0xf6, 0x32, 0xf4, 0x43, 0xf5, 0x65, 0xf7, 0x76, 0xf8,
    0x43, 0xf5, 0x54, 0xf6, 0x53, 0xf6, 0x54, 0xf6, 0x65, 0xf7, 0x32, 0xf3, 0x54, 0xf5, 0x32, 0xf4,
    0x43, 0xf5, 0x32, 0xf5, 0x32, 0xf5, 0x21, 0xf4, 0x32, 0xf4, 0x42, 0xf5, 0x43, 0xf6, 0x53, 0xf6,
    0x65, 0xf6, 0x44, 0xf5, 0x76, 0xf8, 0x54, 0xf6, 0x54, 0xf6, 0x76, 0xf8, 0x33, 0xf4, 0x54, 0xf6,
    0x65, 0xf7, 0x54, 0xf6, 0x54, 0xf6, 0x64, 0xf7, 0x32, 0xf4, 0x32, 0xf4, 0x43, 0xf5, 0x43, 0xf4,
    0x43, 0xf5, 0x43, 0xf6, 0x65, 0xf7, 0x43, 0xf6, 0x65, 0xf8, 0x54, 0xf6, 0x64, 0xf7, 0x43, 0xf5,
    0x32, 0xf4, 0x32, 0xf4, 0x32, 0xf4, 0x43, 0xf6, 0x42, 0xf5, 0x53, 0xf6, 0x42, 0xf5, 0x63, 0xf8,
    0x64, 0xf8, 0x43, 0xf5, 0x53, 0xf7, 0x54, 0xf7, 0x43, 0xf5, 0x75, 0xf8, 0x65, 0xf8, 0x65, 0xf8,
    0x64, 0xf7, 0x53, 0xf6, 0x65, 0xf8, 0x54, 0xf6, 0x75, 0xf9, 0x64, 0xf7, 0x54, 0xf6, 0x53, 0xf6,
    0x64, 0xf7, 0x53, 0xf7, 0x53, 0xf6, 0x54, 0xf6, 0x53, 0xf6, 0x42, 0xf5, 0x64, 0xf8, 0x42, 0xf6,
    0x53, 0xf6, 0x54, 0xf7, 0x53, 0xf6, 0x53, 0xf7, 0x53, 0xf6, 0x32, 0xf4, 0x42, 0xf5, 0x21, 0xf3,
    0x65, 0xf7, 0x65, 0xf7, 0x53, 0xf7, 0x64, 0xf7, 0x43, 0xf5, 0x32, 0xf4, 0x32, 0xf4, 0x32, 0xf4,
    0x53, 0xf7, 0x43, 0xf6, 0x64, 0xf7, 0x53, 0xf6, 0x43, 0xf5, 0x43, 0xf5, 0x43, 0xf5, 0x32, 0xf4,
    0x43, 0xf6, 0x52, 0xf6, 0x43, 0xf6, 0x53, 0xf7, 0x43, 0xf6, 0x32, 0xf4, 0x43, 0xf6, 0x43, 0xf5,
    0x53, 0xf6, 0x53, 0xf7, 0x43, 0xf6, 0x64, 0xf8, 0x54, 0xf7, 0x42, 0xf5, 0x54, 0xf7, 0x53, 0xf7,
    0x43, 0xf6, 0x53, 0xf6, 0x42, 0xf5, 0x42, 0xf5, 0x53, 0xf6, 0x64, 0xf7, 0x42, 0xf5, 0x53, 0xf6,
    0x32, 0xf5, 0x32, 0xf5, 0x65, 0xf8, 0x53, 0xf6, 0x42, 0xf5, 0x43, 0xf6, 0x43, 0xf6, 0x53, 0xf6,
    0x42, 0xf6, 0x32, 0xf4, 0x64, 0xf7, 0x42, 0xf6, 0x53, 0xf7, 0x64, 0xf7, 0x54, 0xf7, 0x53, 0xf6,
    0x42, 0xf6, 0x42, 0xf6, 0x32, 0xf4, 0x42, 0xf5, 0x54, 0xf7, 0x43, 0xf6, 0x53, 0xf6, 0x42, 0xf5,
    0x54, 0xf7, 0x64, 0xf7, 0x53, 0xf6, 0x43, 0xf6, 0x42, 0xf5, 0x32, 0xf4, 0x32, 0xf4, 0x32, 0xf4,
    0x53, 0xf7, 0x53, 0xf6, 0x75, 0xf8, 0x53, 0xf6, 0x32, 0xf4, 0x32, 0xf4, 0x53, 0xf6, 0x43, 0xf5,
    0x32, 0xf4, 0x43, 0xf5, 0x43, 0xf5, 0x53, 0xf6, 0x76, 0xf8, 0x43, 0xf5, 0x43, 0xf6, 0x42, 0xf5,
    0x65, 0xf7, 0x43, 0xf5, 0x32, 0xf4, 0x42, 0xf5, 0x42, 0xf5, 0x42, 0xf5, 0x42, 0xf6, 0x32, 0xf5,
    0x64, 0xf7, 0x53, 0xf6, 0x53, 0xf7, 0x53, 0xf6, 0x54, 0xf7, 0x54, 0xf7, 0x53, 0xf7, 0x53, 0xf6,
    0x42, 0xf5, 0x53, 0xf7, 0x32, 0xf4, 0x53, 0xf6, 0x53, 0xf6, 0x42, 0xf6, 0x53, 0xf7, 0x42, 0xf6,
    0x53, 0xf7, 0x53, 0xf6, 0x74, 0xf9, 0x64, 0xf8, 0x42, 0xf6, 0x53, 0xf7, 0x32, 0xf5, 0x42, 0xf5,
    0x53, 0xf7, 0x43, 0xf6, 0x54, 0xf7, 0x53, 0xf6, 0x32, 0xf4, 0x65, 0xf7, 0x53, 0xf6, 0x75, 0xf8,
    0x43, 0xf5, 0x53, 0xf6, 0x43, 0xf5, 0x54, 0xf7, 0x53, 0xf7, 0x53, 0xf7, 0x63, 0xf8, 0x63, 0xf8,
    0x43, 0xf5, 0x53, 0xf6, 0x65, 0xf7, 0x54, 0xf6, 0x53, 0xf7, 0x42, 0xf6, 0x32, 0xf5, 0x42, 0xf5,
    0x64, 0xf7, 0x75, 0xf8, 0x64, 0xf7, 0x64, 0xf7, 0x64, 0xf7, 0x64, 0xf7, 0x53, 0xf6, 0x43, 0xf5,
    0x42, 0xf5, 0x32, 0xf4, 0x53, 0xf6, 0x65, 0xf7, 0x32, 0xf4, 0x42, 0xf5, 0x32, 0xf3, 0x21, 0xf3,
    0x54, 0xf7, 0x32, 0xf5, 0x31, 0xf4, 0x31, 0xf4, 0x32, 0xf5, 0x32, 0xf4, 0x43, 0xf5, 0x21, 0xf3,
    0x65, 0xf7, 0x32, 0xf4, 0x97, 0xfa, 0x42, 0xf4, 0x32, 0xf4, 0x32, 0xf4, 0x32, 0xf4, 0x43, 0xf5,
    0x32, 0xf4, 0x32, 0xf3, 0x22, 0xf3, 0x31, 0xf4, 0x32, 0xf4, 0x21, 0xf4, 0x32, 0xf5, 0x42, 0xf5,
    0x32, 0xf5, 0x42, 0xf6, 0x42, 0xf5, 0x53, 0xf6, 0x43, 0xf5, 0x42, 0xf5, 0x54, 0xf6, 0x42, 0xf5,
    0x54, 0xf6, 0x21, 0xf3, 0x21, 0xf4, 0x32, 0xf5, 0x32, 0xf4, 0x32, 0xf4, 0x43, 0xf6, 0x42, 0xf5,
    0x53, 0xf7, 0x42, 0xf5, 0x32, 0xf5, 0x31, 0xf4, 0x53, 0xf7, 0x42, 0xf6, 0x32, 0xf5, 0x32, 0xf5,
    0x43, 0xf5, 0x54, 0xf6, 0x43, 0xf6, 0x42, 0xf5, 0x53, 0xf6, 0x43, 0xf6, 0x32, 0xf5, 0x43, 0xf6,
    0x42, 0xf5, 0x42, 0xf5, 0x31, 0xf5, 0x31, 0xf5, 0x32, 0xf5, 0x43, 0xf5, 0x32, 0xf4, 0x43, 0xf5,
    0x32, 0xf4, 0x42, 0xf5, 0x42, 0xf5, 0x76, 0xf8, 0x42, 0xf6, 0x42, 0xf5, 0x76, 0xf8, 0x42, 0xf5,
    0x43, 0xf5, 0x75, 0xf8, 0x43, 0xf5, 0x43, 0xf5, 0x43, 0xf5, 0x42, 0xf5, 0x21, 0xf4, 0x75, 0xf8,
    0x42, 0xf5, 0x43, 0xf6, 0x42, 0xf6, 0x53, 0xf6, 0x54, 0xf6, 0x54, 0xf7, 0x43, 0xf5, 0x64, 0xf7,
    0x53, 0xf6, 0x64, 0xf7, 0x87, 0xf9, 0x64, 0xf6, 0x54, 0xf7, 0x75, 0xf8, 0x64, 0xf7, 0x65, 0xf8,
    0x32, 0xf4, 0x42, 0xf5, 0x53, 0xf6, 0x64, 0xf8, 0x43, 0xf5, 0x76, 0xf8, 0x54, 0xf7, 0x64, 0xf6,
    0x64, 0xf8, 0x65, 0xf8, 0x53, 0xf6, 0x65, 0xf7, 0x65, 0xf8, 0x32, 0xf4, 0x54, 0xf6, 0x32, 0xf4,
    0x86, 0xf8, 0x43, 0xf5, 0x43, 0xf5, 0x21, 0xf3, 0x53, 0xf7, 0x75, 0xf9, 0x32, 0xf4, 0x42, 0xf5,
    0x31, 0xf4, 0x53, 0xf7, 0x43, 0xf5, 0x53, 0xf6, 0x43, 0xf5, 0x21, 0xf3, 0x43, 0xf6, 0x42, 0xf5,
    0x75, 0xf8, 0x64, 0xf7, 0x65, 0xf7, 0x64, 0xf7, 0x54, 0xf6, 0x54, 0xf6, 0x53, 0xf6, 0x53, 0xf6,
    0x75, 0xf8, 0x54, 0xf6, 0x54, 0xf6, 0x32, 0xf4, 0x43, 0xf5, 0x43, 0xf5, 0x42, 0xf5, 0x42, 0xf5,
    0x65, 0xf7, 0x64, 0xf7, 0x53, 0xf6, 0x43, 0xf5, 0x43, 0xf5, 0x43, 0xf5, 0x31, 0xf4, 0x21, 0xf3,
    0x32, 0xf4, 0x42, 0xf5, 0x32, 0xf5, 0x31, 0xf4, 0x32, 0xf4, 0x21, 0xf3, 0x42, 0xf6, 0x42, 0xf5,
    0x64, 0xf7, 0x42, 0xf5, 0x32, 0xf4, 0x53, 0xf7, 0x53, 0xf7, 0x43, 0xf6, 0x53, 0xf7, 0x65, 0xf7,
    0x32, 0xf4, 0x53, 0xf7, 0x42, 0xf5, 0x42, 0xf5, 0x53, 0xf6, 0x76, 0xf8, 0x54, 0xf6, 0x75, 0xf8,
    0x54, 0xf7, 0x53, 0xf6, 0x54, 0xf6, 0x54, 0xf6, 0x42, 0xf6, 0x31, 0xf4, 0x54, 0xf6, 0x32, 0xf4,
    0x54, 0xf6, 0x43, 0xf5, 0x54, 0xf6, 0x54, 0xf5, 0x54, 0xf6, 0x65, 0xf7, 0x43, 0xf5, 0x65, 0xf7,
    0x42, 0xf5, 0x43, 0xf5, 0x32, 0xf4, 0x21, 0xf3, 0x32, 0xf4, 0x32, 0xf4, 0x32, 0xf4, 0x43, 0xf6,
    0x32, 0xf4, 0x32, 0xf4, 0x32, 0xf4, 0x32, 0xf4, 0x43, 0xf5, 0x54, 0xf6, 0x32, 0xf4, 0x21, 0xf3,
    0x76, 0xf8, 0x75, 0xf8, 0x76, 0xf8, 0x64, 0xf8, 0x65, 0xf8, 0x43, 0xf6, 0x53, 0xf6, 0x32, 0xf4,
    0x43, 0xf5, 0x32, 0xf4, 0x32, 0xf4, 0x32, 0xf3, 0x42, 0xf5, 0x43, 0xf5, 0x32, 0xf4, 0x32, 0xf4,
    0x43, 0xf5, 0x32, 0xf4, 0x54, 0xf7, 0x43, 0xf5, 0x21, 0xf2, 0x32, 0xf4, 0x32, 0xf3, 0x43, 0xf5,
    0x53, 0xf6, 0x42, 0xf5, 0x32, 0xf4, 0x31, 0xf4, 0x42, 0xf5, 0x43, 0xf5, 0x42, 0xf5, 0x53, 0xf6,
    0x54, 0xf6, 0x32, 0xf4, 0x43, 0xf6, 0x43, 0xf6, 0x21, 0xf3, 0x21, 0xf3, 0x42, 0xf5, 0x21, 0xf4,
    0x42, 0xf5, 0x63, 0xf8, 0x42, 0xf5, 0x42, 0xf6, 0x43, 0xf6, 0x43, 0xf5, 0x53, 0xf7, 0x53, 0xf6,
    0x43, 0xf6, 0x32, 0xf4, 0x32, 0xf4, 0x32, 0xf4, 0x32, 0xf4, 0x54, 0xf6, 0x32, 0xf4, 0x32, 0xf4,
    0x43, 0xf4, 0x44, 0xf5, 0x43, 0xf5, 0x43, 0xf5, 0x32, 0xf4, 0x43, 0xf6, 0x32, 0xf4, 0x32, 0xf4,
    0x65, 0xf7, 0x53, 0xf6, 0x43, 0xf5, 0x65, 0xf7, 0x53, 0xf6, 0x75, 0xf8, 0x54, 0xf6, 0x32, 0xf4,
    0x22, 0xf3, 0x43, 0xf5, 0x32, 0xf4, 0x42, 0xf6, 0x42, 0xf5, 0x21, 0xf3, 0x64, 0xf8, 0x53, 0xf6,
    0x21, 0xf3, 0x43, 0xf5, 0x21, 0xf3, 0x33, 0xf4, 0x54, 0xf6, 0x33, 0xf4, 0x54, 0xf5, 0x44, 0xf5,
    0x32, 0xf3, 0x32, 0xf3, 0x54, 0xf6, 0x44, 0xf5, 0x43, 0xf4, 0x33, 0xf4, 0x32, 0xf3, 0x33, 0xf3,
    0x32, 0xf3, 0x42, 0xf4, 0x43, 0xf4, 0x54, 0xf6, 0x54, 0xf7, 0x43, 0xf5, 0x43, 0xf5, 0x21, 0xf3,
    0x33, 0xf4, 0x54, 0xf5, 0x43, 0xf4, 0x55, 0xf6, 0x54, 0xf6, 0x32, 0xf3, 0x55, 0xf6, 0x54, 0xf6,
    0x75, 0xf8, 0x54, 0xf6, 0x54, 0xf6, 0x32, 0xf4, 0x32, 0xf5, 0x43, 0xf6, 0x21, 0xf3, 0x32, 0xf4,
    0x64, 0xf6, 0x43, 0xf5, 0x43, 0xf5, 0x43, 0xf5, 0x21, 0xf3, 0x32, 0xf4, 0x43, 0xf4, 0x43, 0xf5,
    0x53, 0xf6, 0x64, 0xf7, 0x32, 0xf4, 0x32, 0xf4, 0x21, 0xf3, 0x32, 0xf4, 0x42, 0xf5, 0x64, 0xf8,
    0x42, 0xf5, 0x42, 0xf5, 0x32, 0xf4, 0x43, 0xf6, 0x53, 0xf7, 0x65, 0xf8, 0x64, 0xf8, 0x64, 0xf7,
    0x43, 0xf5, 0x55, 0xf5, 0x43, 0xf4, 0x43, 0xf5, 0x43, 0xf5, 0x32, 0xf4, 0x43, 0xf6, 0x54, 0xf6,
    0x32, 0xf4, 0x42, 0xf5, 0x42, 0xf5, 0x53, 0xf7, 0x43, 0xf5, 0x54, 0xf6, 0x54, 0xf6, 0x54, 0xf6,
    0x32, 0xf4, 0x53, 0xf7, 0x32, 0xf5, 0x53, 0xf7, 0x75, 0xf8, 0x54, 0xf7, 0x86, 0xf9, 0x53, 0xf7,
    0x43, 0xf5, 0x42, 0xf6, 0x43, 0xf5, 0x32, 0xf4, 0x64, 0xf7, 0x53, 0xf7, 0x31, 0xf4, 0x52, 0xf7,
    0x32, 0xf5, 0x42, 0xf6, 0x64, 0xf7, 0x75, 0xf8, 0x42, 0xf6, 0x31, 0xf4, 0x75, 0xf8, 0x53, 0xf6,
    0x64, 0xf7, 0x65, 0xf8, 0x75, 0xf8, 0x64, 0xf7, 0x65, 0xf8, 0x53, 0xf6, 0x53, 0xf6, 0x53, 0xf6,
    0x32, 0xf5, 0x42, 0xf6, 0x42, 0xf5, 0x32, 0xf5, 0x31, 0xf4, 0x32, 0xf4, 0x31, 0xf4, 0x42, 0xf5,
    0x42, 0xf6, 0x21, 0xf3, 0x53, 0xf6, 0x53, 0xf6, 0x32, 0xf4, 0x43, 0xf5, 0x42, 0xf5, 0x21, 0xf3,
    0x53, 0xf7, 0x43, 0xf6, 0x53, 0xf7, 0x54, 0xf7, 0x53, 0xf7, 0x54, 0xf7, 0x64, 0xf7, 0x53, 0xf7,
    0x53, 0xf6, 0x76, 0xf9, 0x42, 0xf6, 0x75, 0xf8, 0x76, 0xf9, 0x53, 0xf7, 0x43, 0xf6, 0x32, 0xf5,
    0x32, 0xf4, 0x43, 0xf6, 0x21, 0xf4, 0x53, 0xf6, 0x75, 0xf9, 0x64, 0xf7, 0x75, 0xf8, 0x63, 0xf7,
    0x42, 0xf6, 0x53, 0xf6, 0x53, 0xf6, 0x53, 0xf6, 0x42, 0xf5, 0x53, 0xf6, 0x42, 0xf5, 0x53, 0xf7,
    0x31, 0xf5, 0x53, 0xf7, 0x42, 0xf5, 0x32, 0xf4, 0x43, 0xf5, 0x42, 0xf5, 0x43, 0xf5, 0x43, 0xf5,
    0x42, 0xf5, 0x22, 0xf3, 0x42, 0xf6, 0x43, 0xf5, 0x43, 0xf5, 0x54, 0xf6, 0x32, 0xf4, 0x32, 0xf4,
    0x54, 0xf6, 0x65, 0xf7, 0x43, 0xf6, 0x54, 0xf6, 0x21, 0xf3, 0x32, 0xf5, 0x42, 0xf5, 0x32, 0xf5,
    0x32, 0xf5, 0x32, 0xf5, 0x32, 0xf4, 0x42, 0xf5, 0x42, 0xf5, 0x43, 0xf5, 0x32, 0xf4, 0x53, 0xf6,
    0x54, 0xf7, 0x54, 0xf6, 0x64, 0xf7, 0x43, 0xf5, 0x32, 0xf4, 0x32, 0xf4, 0x21, 0xf4, 0x43, 0xf6,
    0x64, 0xf8, 0x64, 0xf7, 0x53, 0xf7, 0x75, 0xf9, 0x53, 0xf6, 0x53, 0xf6, 0x75, 0xf9, 0x74, 0xf9,
    0x32, 0xf4, 0x32, 0xf5, 0x32, 0xf4, 0x21, 0xf3, 0x32, 0xf4, 0x42, 0xf6, 0x42, 0xf5, 0x32, 0xf5,
    0x42, 0xf6, 0x53, 0xf7, 0x74, 0xf9, 0x85, 0xfa, 0x64, 0xf8, 0x63, 0xf8, 0x74, 0xf9, 0x74, 0xf8,
    0x32, 0xf4, 0x43, 0xf6, 0x53, 0xf6, 0x32, 0xf4, 0x42, 0xf5, 0x64, 0xf7, 0x32, 0xf4, 0x43, 0xf5,
    0x53, 0xf6, 0x53, 0xf6, 0x42, 0xf5, 0x43, 0xf5, 0x53, 0xf6, 0x32, 0xf5, 0x53, 0xf6, 0x42, 0xf5,
    0x53, 0xf6, 0x53, 0xf6, 0x42, 0xf5, 0x53, 0xf6, 0x21, 0xf4, 0x64, 0xf7, 0x43, 0xf6, 0x33, 0xf4,
    0x64, 0xf7, 0x64, 0xf7, 0x54, 0xf6, 0x76, 0xf8, 0x65, 0xf7, 0x65, 0xf6, 0x76, 0xf7, 0x65, 0xf7,
    0x42, 0xf5, 0x43, 0xf5, 0x32, 0xf4, 0x64, 0xf8, 0x42, 0xf5, 0x43, 0xf5, 0x54, 0xf7, 0x32, 0xf5,
    0x64, 0xf8, 0x42, 0xf5, 0x85, 0xf9, 0x53, 0xf7, 0x53, 0xf6, 0x74, 0xf8, 0x31, 0xf5, 0x42, 0xf5,
    0x65, 0xf7, 0x54, 0xf6, 0x54, 0xf6, 0x65, 0xf7, 0x65, 0xf7, 0x65, 0xf7, 0x75, 0xf7, 0x54, 0xf6,
    0x43, 0xf6, 0x43, 0xf5, 0x53, 0xf6, 0x53, 0xf6, 0x43, 0xf5, 0x43, 0xf5, 0x32, 0xf4, 0x42, 0xf5,
    0x42, 0xf5, 0x42, 0xf6, 0x42, 0xf5, 0x42, 0xf6, 0x43, 0xf5, 0x43, 0xf5, 0x43, 0xf6, 0x54, 0xf6,
    0x42, 0xf5, 0x43, 0xf6, 0x42, 0xf5, 0x53, 0xf7, 0x43, 0xf6, 0x54, 0xf6, 0x43, 0xf5, 0x53, 0xf6,
    0x31, 0xf4, 0x32, 0xf4, 0x32, 0xf4, 0x42, 0xf5, 0x53, 0xf7, 0x43, 0xf6, 0x53, 0xf6, 0x32, 0xf5,
    0x64, 0xf7, 0x42, 0xf5, 0x64, 0xf7, 0x54, 0xf6, 0x54, 0xf6, 0x53, 0xf6, 0x76, 0xf8, 0x64, 0xf7,
    0x53, 0xf6, 0x53, 0xf6, 0x65, 0xf7, 0x65, 0xf7, 0x42, 0xf5, 0x42, 0xf5, 0x54, 0xf6, 0x53, 0xf6,
    0x64, 0xf7, 0x54, 0xf6, 0x43, 0xf6, 0x64, 0xf7, 0x65, 0xf7, 0x65, 0xf7, 0x75, 0xf8, 0x64, 0xf7,
    0x53, 0xf6, 0x76, 0xf8, 0x53, 0xf6, 0x53, 0xf6, 0x86, 0xf9, 0x43, 0xf5, 0x64, 0xf7, 0x54, 0xf6,
    0x54, 0xf6, 0x54, 0xf7, 0x76, 0xf8, 0x76, 0xf8, 0x54, 0xf7, 0x53, 0xf6, 0x53, 0xf7, 0x53, 0xf6,
    0x43, 0xf5, 0x44, 0xf5, 0x43, 0xf4, 0x33, 0xf4, 0x33, 0xf4, 0x32, 0xf3, 0x33, 0xf3, 0x32, 0xf3,
    0x53, 0xf6, 0x32, 0xf3, 0x32, 0xf4, 0x32, 0xf4, 0x32, 0xf3, 0x32, 0xf4, 0x32, 0xf3, 0x32, 0xf3,
    0x54, 0xf5, 0x55, 0xf6, 0x43, 0xf5, 0x44, 0xf5, 0x54, 0xf5, 0x76, 0xf7, 0x43, 0xf4, 0x54, 0xf5,
    0x43, 0xf5, 0x32, 0xf4, 0x43, 0xf4, 0x43, 0xf5, 0x33, 0xf4, 0x43, 0xf4, 0x43, 0xf5, 0x43, 0xf5,
    0x22, 0xf3, 0x42, 0xf5, 0x21, 0xf3, 0x42, 0xf5, 0x32, 0xf4, 0x22, 0xf3, 0x43, 0xf5, 0x32, 0xf4,
    0x21, 0xf3, 0x32, 0xf5, 0x21, 0xf3, 0x32, 0xf4, 0x43, 0xf5, 0x43, 0xf5, 0x54, 0xf5, 0x43, 0xf5,
    0x33, 0xf4, 0x43, 0xf5, 0x32, 0xf4, 0x32, 0xf4, 0x42, 0xf5, 0x53, 0xf7, 0x32, 0xf5, 0x43, 0xf5,
    0x32, 0xf4, 0x42, 0xf5, 0x42, 0xf5, 0x42, 0xf5, 0x43, 0xf6, 0x43, 0xf5, 0x53, 0xf6, 0x43, 0xf5,
    0x54, 0xf7, 0x64, 0xf6, 0x54, 0xf6, 0x54, 0xf6, 0x65, 0xf7, 0x75, 0xf7, 0x43, 0xf5, 0x75, 0xf7,
    0x54, 0xf6, 0x86, 0xf9, 0x43, 0xf5, 0x53, 0xf6, 0x53, 0xf6, 0x43, 0xf5, 0x53, 0xf6, 0x42, 0xf5,
    0x76, 0xf8, 0x65, 0xf7, 0x76, 0xf8, 0x65, 0xf7, 0x65, 0xf7, 0x65, 0xf7, 0x32, 0xf3, 0x42, 0xf4,
    0x32, 0xf4, 0x43, 0xf5, 0x42, 0xf5, 0x53, 0xf6, 0x21, 0xf3, 0x42, 0xf5, 0x43, 0xf6, 0x43, 0xf6,
    0x43, 0xf5, 0x32, 0xf4, 0x43, 0xf5, 0x32, 0xf4, 0x75, 0xf8, 0x64, 0xf7, 0x53, 0xf7, 0x42, 0xf6,
    0x64, 0xf7, 0x54, 0xf7, 0x54, 0xf7, 0x65, 0xf8, 0x53, 0xf6, 0x43, 0xf6, 0x53, 0xf6, 0x42, 0xf6,
    0x42, 0xf6, 0x53, 0xf6, 0x53, 0xf6, 0x65, 0xf8, 0x53, 0xf6, 0x64, 0xf7, 0x54, 0xf7, 0x43, 0xf6,
    0x65, 0xf7, 0x75, 0xf8, 0x43, 0xf6, 0x53, 0xf7, 0x32, 0xf5, 0x42, 0xf5, 0x32, 0xf5, 0x42, 0xf6,
    0x32, 0xf4, 0x32, 0xf5, 0x32, 0xf4, 0x53, 0xf7, 0x42, 0xf5, 0x43, 0xf5, 0x43, 0xf6, 0x53, 0xf6,
    0x42, 0xf6, 0x53, 0xf7, 0x53, 0xf6, 0x53, 0xf7, 0x54, 0xf6, 0x32, 0xf4, 0x43, 0xf5, 0x32, 0xf3,
    0x32, 0xf5, 0x43, 0xf5, 0x53, 0xf7, 0x42, 0xf5, 0x43, 0xf6, 0x43, 0xf6, 0x43, 0xf6, 0x42, 0xf5,
    0x53, 0xf6, 0x43, 0xf6, 0x42, 0xf5, 0x64, 0xf8, 0x64, 0xf8, 0x43, 0xf6, 0x64, 0xf7, 0x65, 0xf8,
    0x42, 0xf5, 0x42, 0xf6, 0x42, 0xf5, 0x42, 0xf5, 0x43, 0xf6, 0x42, 0xf5, 0x42, 0xf5, 0x53, 0xf7,
    0x54, 0xf7, 0x54, 0xf7, 0x64, 0xf8, 0x64, 0xf7, 0x42, 0xf5, 0x42, 0xf6, 0x53, 0xf6, 0x42, 0xf5,
    0x53, 0xf6, 0x64, 0xf7, 0x53, 0xf7, 0x54, 0xf7, 0x64, 0xf7, 0x75, 0xf9, 0x54, 0xf7, 0x64, 0xf7,
    0x42, 0xf6, 0x64, 0xf7, 0x32, 0xf4, 0x43, 0xf5, 0x75, 0xf8, 0x54, 0xf6, 0x53, 0xf6, 0x32, 0xf5,
    0x43, 0xf5, 0x32, 0xf4, 0x43, 0xf5, 0x42, 0xf4, 0x43, 0xf5, 0x54, 0xf6, 0x65, 0xf7, 0x65, 0xf7,
    0x65, 0xf7, 0x65, 0xf7, 0x65, 0xf7, 0x65, 0xf7, 0x65, 0xf7, 0x64, 0xf6, 0x54, 0xf6, 0x54, 0xf6,
    0x32, 0xf4, 0x42, 0xf5, 0x32, 0xf4, 0x42, 0xf5, 0x42, 0xf5, 0x32, 0xf4, 0x32, 0xf4, 0x32, 0xf4,
    0x43, 0xf5, 0x32, 0xf4, 0x54, 0xf6, 0x32, 0xf4, 0x32, 0xf4, 0x32, 0xf4, 0x31, 0xf4, 0x42, 0xf5,
    0x65, 0xf7, 0x65, 0xf7, 0x65, 0xf7, 0x54, 0xf6, 0x54, 0xf6, 0x65, 0xf7, 0x54, 0xf5, 0x65, 0xf7,
    0x54, 0xf6, 0x55, 0xf6, 0x65, 0xf6, 0x65, 0xf6, 0x65, 0xf6, 0x65, 0xf6, 0x54, 0xf6, 0x54, 0xf6,
    0x65, 0xf7, 0x43, 0xf5, 0x65, 0xf7, 0x43, 0xf5, 0x32, 0xf4, 0x21, 0xf3, 0x43, 0xf5, 0x21, 0xf3,
    0x65, 0xf7, 0x43, 0xf5, 0x54, 0xf6, 0x43, 0xf5, 0x43, 0xf5, 0x43, 0xf5, 0x43, 0xf5, 0x32, 0xf4,
    0x32, 0xf4, 0x32, 0xf4, 0x32, 0xf4, 0x32, 0xf4, 0x43, 0xf5, 0x43, 0xf5, 0x32, 0xf4, 0x32, 0xf4,
    0x32, 0xf4, 0x43, 0xf5, 0x32, 0xf5, 0x32, 0xf4, 0x32, 0xf4, 0x32, 0xf4, 0x32, 0xf4, 0x32, 0xf5,
    0x32, 0xf4, 0x75, 0xf8, 0x43, 0xf5, 0x64, 0xf7, 0x65, 0xf7, 0x54, 0xf6, 0x65, 0xf7, 0x54, 0xf6,
    0x42, 0xf5, 0x54, 0xf6, 0x43, 0xf5, 0x43, 0xf5, 0x54, 0xf6, 0x54, 0xf5, 0x54, 0xf6, 0x64, 0xf7,
    0x32, 0xf4, 0x32, 0xf4, 0x32, 0xf4, 0x32, 0xf4, 0x32, 0xf4, 0x43, 0xf6, 0x32, 0xf4, 0x42, 0xf5,
    0x21, 0xf3, 0x21, 0xf3, 0x21, 0xf3, 0x32, 0xf5, 0x32, 0xf4, 0x32, 0xf4, 0x42, 0xf5, 0x43, 0xf5,
    0x53, 0xf6, 0x65, 0xf6, 0x53, 0xf6, 0x65, 0xf7, 0x54, 0xf6, 0x54, 0xf5, 0x54, 0xf5, 0x54, 0xf5,
    0x64, 0xf7, 0x43, 0xf5, 0x53, 0xf6, 0x32, 0xf4, 0x32, 0xf4, 0x32, 0xf4, 0x32, 0xf4, 0x42, 0xf5,
    0x65, 0xf6, 0x65, 0xf7, 0x54, 0xf6, 0x65, 0xf6, 0x54, 0xf6, 0x43, 0xf5, 0x43, 0xf5, 0x54, 0xf6,
    0x54, 0xf6, 0x54, 0xf5, 0x54, 0xf6, 0x54, 0xf6, 0x54, 0xf6, 0x65, 0xf7, 0x54, 0xf6, 0x65, 0xf7,
    0x54, 0xf6, 0x54, 0xf6, 0x65, 0xf7, 0x54, 0xf6, 0x54, 0xf5, 0x32, 0xf4, 0x53, 0xf6, 0x53, 0xf6,
    0x65, 0xf6, 0x43, 0xf5, 0x54, 0xf5, 0x42, 0xf4, 0x53, 0xf6, 0x64, 0xf7, 0x64, 0xf7, 0x75, 0xf8,
    0x54, 0xf6, 0x54, 0xf6, 0x54, 0xf6, 0x54, 0xf6, 0x65, 0xf7, 0x54, 0xf6, 0x65, 0xf7, 0x43, 0xf4,
    0x54, 0xf6, 0x54, 0xf6, 0x54, 0xf6, 0x54, 0xf6, 0x54, 0xf6, 0x43, 0xf4, 0x43, 0xf5, 0x43, 0xf5,
    0x43, 0xf5, 0x43, 0xf5, 0x54, 0xf6, 0x54, 0xf6, 0x64, 0xf7, 0x53, 0xf6, 0x43, 0xf5, 0x32, 0xf4,
    0x53, 0xf6, 0x43, 0xf5, 0x43, 0xf5, 0x32, 0xf3, 0x32, 0xf4, 0x21, 0xf3, 0x42, 0xf5, 0x31, 0xf4,
    0x21, 0xf3, 0x32, 0xf5, 0x21, 0xf3, 0x31, 0xf4, 0x53, 0xf7, 0x43, 0xf5, 0x64, 0xf7, 0x64, 0xf6,
    0x32, 0xf4, 0x31, 0xf4, 0x43, 0xf5, 0x31, 0xf4, 0x42, 0xf5, 0x42, 0xf4, 0x32, 0xf4, 0x32, 0xf4,
    0x53, 0xf5, 0x43, 0xf4, 0x42, 0xf4, 0x43, 0xf5, 0x21, 0xf2, 0x32, 0xf4, 0x21, 0xf3, 0x43, 0xf5,
    0x11, 0xf2, 0x32, 0xf4, 0x32, 0xf4, 0x43, 0xf4, 0x32, 0xf4, 0x43, 0xf5, 0x32, 0xf4, 0x42, 0xf4,
    0x32, 0xf4, 0x43, 0xf5, 0x21, 0xf3, 0x54, 0xf7, 0x65, 0xf7, 0x42, 0xf5, 0x65, 0xf8, 0x43, 0xf6,
    0x21, 0xf3, 0x32, 0xf4, 0x32, 0xf5, 0x42, 0xf5, 0x21, 0xf3, 0x43, 0xf6, 0x42, 0xf5, 0x53, 0xf6,
    0x32, 0xf4, 0x32, 0xf4, 0x43, 0xf5, 0x32, 0xf4, 0x53, 0xf6, 0x64, 0xf7, 0x43, 0xf5, 0x53, 0xf6,
    0x64, 0xf8, 0x32, 0xf5, 0x54, 0xf7, 0x42, 0xf5, 0x31, 0xf4, 0x42, 0xf5, 0x32, 0xf4, 0x32, 0xf4,
    0x43, 0xf5, 0x54, 0xf5, 0x43, 0xf5, 0x65, 0xf6, 0x44, 0xf5, 0x43, 0xf4, 0x54, 0xf5, 0x44, 0xf5,
    0x54, 0xf6, 0x65, 0xf6, 0x54, 0xf7, 0x54, 0xf6, 0x55, 0xf6, 0x54, 0xf5, 0x54, 0xf6, 0x44, 0xf5,
    0x54, 0xf5, 0x54, 0xf5, 0x55, 0xf6, 0x54, 0xf6, 0x65, 0xf6, 0x54, 0xf6, 0x54, 0xf5, 0x54, 0xf6,
    0x54, 0xf5, 0x55, 0xf6, 0x54, 0xf5, 0x65, 0xf6, 0x55, 0xf6, 0x65, 0xf6, 0x54, 0xf6, 0x55, 0xf6,
    0x65, 0xf7, 0x54, 0xf6, 0x65, 0xf6, 0x43, 0xf5, 0x32, 0xf4, 0x54, 0xf6, 0x42, 0xf5, 0x53, 0xf6,
    0x43, 0xf4, 0x43, 0xf4, 0x53, 0xf7, 0x54, 0xf7, 0x43, 0xf5, 0x43, 0xf5, 0x43, 0xf5, 0x43, 0xf5,
    0x55, 0xf6, 0x54, 0xf6, 0x54, 0xf6, 0x65, 0xf7, 0x54, 0xf6, 0x65, 0xf7, 0x65, 0xf7, 0x54, 0xf6,
    0x54, 0xf6, 0x65, 0xf6, 0x54, 0xf6, 0x65, 0xf6, 0x65, 0xf7, 0x54, 0xf6, 0x65, 0xf7, 0x54, 0xf6,
    0x54, 0xf5, 0x54, 0xf5, 0x65, 0xf6, 0x54, 0xf6, 0x54, 0xf6, 0x54, 0xf5, 0x75, 0xf7, 0x65, 0xf6,
    0x65, 0xf7, 0x65, 0xf7, 0x65, 0xf6, 0x65, 0xf6, 0x76, 0xf7, 0x65, 0xf7, 0x76, 0xf7, 0x55, 0xf6,
    0x65, 0xf7, 0x65, 0xf6, 0x65, 0xf7, 0x54, 0xf5, 0x33, 0xf4, 0x32, 0xf3, 0x43, 0xf4, 0x32, 0xf3,
    0x55, 0xf6, 0x43, 0xf5, 0x43, 0xf4, 0x43, 0xf5, 0x43, 0xf5, 0x43, 0xf5, 0x54, 0xf5, 0x54, 0xf5,
    0x65, 0xf6, 0x65, 0xf6, 0x43, 0xf4, 0x54, 0xf5, 0x55, 0xf6, 0x43, 0xf4, 0x55, 0xf6, 0x43, 0xf4,
    0x43, 0xf4, 0x65, 0xf6, 0x43, 0xf5, 0x54, 0xf5, 0x55, 0xf6, 0x43, 0xf5, 0x53, 0xf6, 0x53, 0xf7,
    0x54, 0xf6, 0x53, 0xf5, 0x32, 0xf4, 0x43, 0xf5, 0x43, 0xf5, 0x54, 0xf6, 0x43, 0xf5, 0x43, 0xf4,
    0x32, 0xf4, 0x43, 0xf4, 0x43, 0xf5, 0x32, 0xf4, 0x55, 0xf6, 0x54, 0xf5, 0x43, 0xf5, 0x53, 0xf6,
    0x54, 0xf7, 0x64, 0xf8, 0x53, 0xf6, 0x43, 0xf6, 0x54, 0xf7, 0x43, 0xf5, 0x42, 0xf5, 0x32, 0xf4,
    0x54, 0xf6, 0x42, 0xf5, 0x53, 0xf6, 0x31, 0xf4, 0x31, 0xf4, 0x32, 0xf4, 0x32, 0xf5, 0x42, 0xf6,
    0x55, 0xf6, 0x65, 0xf7, 0x54, 0xf5, 0x65, 0xf6, 0x65, 0xf7, 0x43, 0xf4, 0x54, 0xf6, 0x32, 0xf3,
    0x32, 0xf4, 0x44, 0xf5, 0x52, 0xf7, 0x42, 0xf6, 0x33, 0xf4, 0x32, 0xf3, 0x43, 0xf5, 0x32, 0xf4,
    0x53, 0xf6, 0x31, 0xf4, 0x43, 0xf5, 0x42, 0xf5, 0x32, 0xf5, 0x42, 0xf6, 0x43, 0xf6, 0x54, 0xf6,
    0x43, 0xf5, 0x32, 0xf4, 0x32, 0xf4, 0x32, 0xf4, 0x43, 0xf6, 0x64, 0xf7, 0x64, 0xf7, 0x64, 0xf7,
    0x53, 0xf6, 0x42, 0xf5, 0x76, 0xf8, 0x43, 0xf5, 0x32, 0xf5, 0x32, 0xf3, 0x32, 0xf4, 0x32, 0xf4,
    0x65, 0xf7, 0x75, 0xf8, 0x54, 0xf6, 0x54, 0xf6, 0x64, 0xf7, 0x42, 0xf5, 0x64, 0xf7, 0x42, 0xf5,
    0x43, 0xf5, 0x43, 0xf5, 0x43, 0xf5, 0x53, 0xf7, 0x53, 0xf6, 0x43, 0xf5, 0x32, 0xf4, 0x21, 0xf3,
    0x54, 0xf6, 0x42, 0xf5, 0x43, 0xf4, 0x43, 0xf5, 0x43, 0xf5, 0x43, 0xf5, 0x86, 0xf9, 0x54, 0xf6,
    0x22, 0xf3, 0x32, 0xf4, 0x32, 0xf4, 0x53, 0xf6, 0x32, 0xf4, 0x32, 0xf3, 0x53, 0xf6, 0x32, 0xf4,
    0x64, 0xf8, 0x53, 0xf6, 0x42, 0xf5, 0x43, 0xf6, 0x53, 0xf6, 0x43, 0xf6, 0x43, 0xf6, 0x42, 0xf6,
    0x32, 0xf4, 0x32, 0xf4, 0x32, 0xf4, 0x43, 0xf4, 0x65, 0xf7, 0x54, 0xf6, 0x54, 0xf6, 0x65, 0xf7,
    0x22, 0xf3, 0x43, 0xf4, 0x21, 0xf3, 0x32, 0xf3, 0x54, 0xf5, 0x64, 0xf7, 0x21, 0xf3, 0x64, 0xf7,
    0x32, 0xf4, 0x32, 0xf5, 0x54, 0xf6, 0x32, 0xf5, 0x42, 0xf6, 0x53, 0xf6, 0x32, 0xf5, 0x54, 0xf7,
    0x64, 0xf7, 0x32, 0xf5, 0x75, 0xf8, 0x75, 0xf8, 0x32, 0xf4, 0x42, 0xf5, 0x64, 0xf7, 0x32, 0xf4,
    0x43, 0xf5, 0x43, 0xf5, 0x43, 0xf5, 0x32, 0xf3, 0x32, 0xf4, 0x32, 0xf4, 0x32, 0xf4, 0x42, 0xf5,
    0x43, 0xf5, 0x32, 0xf4, 0x43, 0xf5, 0x43, 0xf4, 0x43, 0xf5, 0x42, 0xf5, 0x33, 0xf4, 0x32, 0xf4,
    0x32, 0xf3, 0x21, 0xf3, 0x43, 0xf5, 0x54, 0xf6, 0x53, 0xf7, 0x42, 0xf5, 0x53, 0xf7, 0x43, 0xf6,
    0x43, 0xf5, 0x65, 0xf7, 0x43, 0xf5, 0x43, 0xf5, 0x42, 0xf5, 0x42, 0xf6, 0x43, 0xf5, 0x42, 0xf5,
    0x54, 0xf6, 0x43, 0xf5, 0x53, 0xf6, 0x32, 0xf4, 0x32, 0xf4, 0x32, 0xf4, 0x32, 0xf4, 0x43, 0xf5,
    0x32, 0xf4, 0x43, 0xf5, 0x42, 0xf5, 0x43, 0xf5, 0x43, 0xf5, 0x54, 0xf6, 0x43, 0xf5, 0x43, 0xf5,
    0x42, 0xf5, 0x32, 0xf4, 0x43, 0xf5, 0x42, 0xf5, 0x32, 0xf4, 0x32, 0xf4, 0x32, 0xf4, 0x43, 0xf5,
    0x65, 0xf7, 0x54, 0xf6, 0x64, 0xf7, 0x54, 0xf6, 0x43, 0xf4, 0x43, 0xf5, 0x65, 0xf7, 0x65, 0xf7,
    0x32, 0xf5, 0x42, 0xf5, 0x32, 0xf4, 0x32, 0xf4, 0x43, 0xf6, 0x54, 0xf6, 0x64, 0xf7, 0x53, 0xf6,
    0x32, 0xf4, 0x42, 0xf5, 0x42, 0xf5, 0x32, 0xf4, 0x53, 0xf6, 0x32, 0xf4, 0x32, 0xf3, 0x32, 0xf5,
    0x53, 0xf6, 0x42, 0xf5, 0x43, 0xf6, 0x42, 0xf5, 0x32, 0xf5, 0x32, 0xf5, 0x31, 0xf4, 0x32, 0xf5,
    0x32, 0xf4, 0x53, 0xf6, 0x42, 0xf5, 0x53, 0xf6, 0x42, 0xf5, 0x32, 0xf5, 0x43, 0xf6, 0x32, 0xf5,
    0x43, 0xf6, 0x53, 0xf6, 0x53, 0xf6, 0x64, 0xf7, 0x43, 0xf5, 0x53, 0xf6, 0x54, 0xf6, 0x54, 0xf6,
    0x53, 0xf6, 0x54, 0xf6, 0x64, 0xf7, 0x53, 0xf6, 0x43, 0xf5, 0x54, 0xf6, 0x43, 0xf5, 0x54, 0xf6,
    0x43, 0xf6, 0x42, 0xf5, 0x43, 0xf5, 0x32, 0xf4, 0x32, 0xf5, 0x42, 0xf5, 0x32, 0xf4, 0x32, 0xf5,
    0x65, 0xf7, 0x43, 0xf5, 0x54, 0xf6, 0x33, 0xf4, 0x21, 0xf3, 0x42, 0xf5, 0x32, 0xf4, 0x54, 0xf7,
    0x54, 0xf6, 0x53, 0xf6, 0x64, 0xf7, 0x54, 0xf6, 0x65, 0xf7, 0x64, 0xf7, 0x75, 0xf8, 0x65, 0xf7,
    0x54, 0xf7, 0x53, 0xf6, 0x53, 0xf6, 0x54, 0xf6, 0x65, 0xf7, 0x65, 0xf7, 0x43, 0xf5, 0x43, 0xf5,
    0x65, 0xf7, 0x64, 0xf7, 0x65, 0xf7, 0x54, 0xf6, 0x53, 0xf6, 0x54, 0xf6, 0x54, 0xf6, 0x54, 0xf6,
    0x43, 0xf5, 0x43, 0xf5, 0x43, 0xf5, 0x43, 0xf5, 0x53, 0xf6, 0x65, 0xf7, 0x54, 0xf6, 0x75, 0xf8,
    0x53, 0xf6, 0x43, 0xf6, 0x53, 0xf6, 0x53, 0xf6, 0x54, 0xf6, 0x54, 0xf6, 0x65, 0xf7, 0x54, 0xf6,
    0x53, 0xf6, 0x43, 0xf6, 0x64, 0xf7, 0x54, 0xf6, 0x43, 0xf6, 0x53, 0xf6, 0x43, 0xf5, 0x43, 0xf6,
    0x43, 0xf5, 0x53, 0xf6, 0x43, 0xf5, 0x53, 0xf6, 0x64, 0xf7, 0x65, 0xf7, 0x64, 0xf7, 0x65, 0xf8,
    0x54, 0xf7, 0x64, 0xf7, 0x64, 0xf7, 0x65, 0xf8, 0x65, 0xf8, 0x65, 0xf8, 0x64, 0xf7, 0x65, 0xf7,
    0x43, 0xf5, 0x43, 0xf6, 0x64, 0xf7, 0x43, 0xf5, 0x54, 0xf6, 0x54, 0xf6, 0x43, 0xf5, 0x54, 0xf6,
    0x76, 0xf8, 0x75, 0xf8, 0x65, 0xf7, 0x64, 0xf7, 0x54, 0xf6, 0x43, 0xf5, 0x65, 0xf7, 0x32, 0xf4,
    0x54, 0xf6, 0x43, 0xf5, 0x43, 0xf5, 0x21, 0xf3, 0x43, 0xf5, 0x53, 0xf7, 0x32, 0xf4, 0x32, 0xf4,
    0x21, 0xf3, 0x11, 0xf2, 0x21, 0xf3, 0x21, 0xf3, 0x32, 0xf4, 0x32, 0xf5, 0x32, 0xf5, 0x42, 0xf6,
    0x65, 0xf7, 0x54, 0xf7, 0x65, 0xf7, 0x64, 0xf7, 0x65, 0xf7, 0x43, 0xf5, 0x75, 0xf8, 0x54, 0xf6,
    0x54, 0xf7, 0x65, 0xf7, 0x54, 0xf6, 0x64, 0xf7, 0x75, 0xf8, 0x43, 0xf4, 0x64, 0xf7, 0x32, 0xf3,
    0x32, 0xf4, 0x31, 0xf4, 0x32, 0xf5, 0x32, 0xf5, 0x31, 0xf5, 0x42, 0xf6, 0x43, 0xf6, 0x42, 0xf5,
    0x21, 0xf3, 0x32, 0xf5, 0x21, 0xf3, 0x32, 0xf5, 0x43, 0xf6, 0x32, 0xf5, 0x21, 0xf3, 0x43, 0xf5,
    0x43, 0xf6, 0x53, 0xf6, 0x42, 0xf5, 0x43, 0xf6, 0x75, 0xf8, 0x65, 0xf8, 0x65, 0xf7, 0x64, 0xf7,
    0x53, 0xf6, 0x32, 0xf4, 0x54, 0xf7, 0x42, 0xf5, 0x43, 0xf5, 0x64, 0xf7, 0x21, 0xf3, 0x32, 0xf4,
    0x65, 0xf8, 0x64, 0xf7, 0x65, 0xf8, 0x75, 0xf8, 0x43, 0xf6, 0x21, 0xf3, 0x43, 0xf5, 0x21, 0xf3,
    0x75, 0xf9, 0x54, 0xf7, 0x64, 0xf7, 0x22, 0xf3, 0x21, 0xf3, 0x32, 0xf4, 0x21, 0xf3, 0x32, 0xf4,
    0x54, 0xf7, 0x42, 0xf5, 0x53, 0xf6, 0x43, 0xf6, 0x32, 0xf5, 0x32, 0xf4, 0x53, 0xf6, 0x54, 0xf6,
    0x53, 0xf6, 0x32, 0xf5, 0x42, 0xf6, 0x42, 0xf6, 0x32, 0xf5, 0x42, 0xf5, 0x43, 0xf6, 0x42, 0xf6,
    0x43, 0xf5, 0x42, 0xf4, 0x54, 0xf7, 0x53, 0xf5, 0x32, 0xf4, 0x32, 0xf3, 0x22, 0xf3, 0x33, 0xf4,
    0x42, 0xf5, 0x22, 0xf3, 0x32, 0xf4, 0x32, 0xf3, 0x33, 0xf4, 0x43, 0xf4, 0x43, 0xf4, 0x43, 0xf4,
    0x53, 0xf6, 0x54, 0xf6, 0x53, 0xf6, 0x43, 0xf5, 0x32, 0xf4, 0x64, 0xf7, 0x65, 0xf8, 0x64, 0xf7,
    0x86, 0xf9, 0x75, 0xf8, 0x43, 0xf5, 0x54, 0xf6, 0x75, 0xf8, 0x75, 0xf8, 0x64, 0xf7, 0x75, 0xf8,
    0x65, 0xf8, 0x86, 0xf9, 0x53, 0xf7, 0x65, 0xf8, 0x64, 0xf7, 0x64, 0xf7, 0x53, 0xf6, 0x53, 0xf6,
    0x53, 0xf7, 0x53, 0xf6, 0x53, 0xf7, 0x54, 0xf7, 0x53, 0xf6, 0x53, 0xf6, 0x64, 0xf7, 0x53, 0xf7,
    0x32, 0xf4, 0x22, 0xf3, 0x43, 0xf4, 0x32, 0xf3, 0x32, 0xf4, 0x64, 0xf8, 0x31, 0xf4, 0x53, 0xf6,
    0x33, 0xf4, 0x32, 0xf3, 0x33, 0xf4, 0x43, 0xf4, 0x21, 0xf2, 0x32, 0xf3, 0x21, 0xf2, 0x43, 0xf6,
    0x76, 0xf9, 0x64, 0xf8, 0x54, 0xf6, 0x42, 0xf5, 0x75, 0xf8, 0x64, 0xf7, 0x75, 0xf8, 0x75, 0xf9,
    0x32, 0xf4, 0x32, 0xf5, 0x42, 0xf5, 0x42, 0xf5, 0x42, 0xf5, 0x64, 0xf7, 0x31, 0xf4, 0x32, 0xf4,
    0x53, 0xf6, 0x42, 0xf5, 0x32, 0xf4, 0x32, 0xf4, 0x42, 0xf5, 0x32, 0xf5, 0x32, 0xf5, 0x64, 0xf7,
    0x43, 0xf6, 0x53, 0xf6, 0x53, 0xf6, 0x43, 0xf6, 0x42, 0xf5, 0x54, 0xf7, 0x43, 0xf5, 0x42, 0xf5,
    0x42, 0xf4, 0x33, 0xf4, 0x53, 0xf6, 0x43, 0xf4, 0x43, 0xf4, 0x43, 0xf4, 0x43, 0xf4, 0x44, 0xf4,
    0x43, 0xf5, 0x32, 0xf4, 0x43, 0xf5, 0x43, 0xf4, 0x43, 0xf4, 0x43, 0xf4, 0x42, 0xf5, 0x43, 0xf5,
    0x42, 0xf6, 0x32, 0xf5, 0x42, 0xf5, 0x64, 0xf7, 0x54, 0xf7, 0x42, 0xf5, 0x64, 0xf8, 0x43, 0xf6,
    0x21, 0xf3, 0x42, 0xf5, 0x32, 0xf4, 0x32, 0xf5, 0x42, 0xf6, 0x64, 0xf7, 0x42, 0xf5, 0x64, 0xf7,
    0x32, 0xf4, 0x43, 0xf5, 0x33, 0xf4, 0x43, 0xf5, 0x54, 0xf7, 0x43, 0xf6, 0x54, 0xf7, 0x42, 0xf5,
    0x54, 0xf6, 0x32, 0xf4, 0x54, 0xf7, 0x32, 0xf4, 0x43, 0xf6, 0x42, 0xf5, 0x42, 0xf6, 0x42, 0xf5,
    0x43, 0xf4, 0x22, 0xf3, 0x33, 0xf4, 0x22, 0xf3, 0x32, 0xf4, 0x43, 0xf6, 0x64, 0xf8, 0x64, 0xf7,
    0x21, 0xf2, 0x31, 0xf3, 0x32, 0xf4, 0x53, 0xf6, 0x64, 0xf7, 0x64, 0xf7, 0x53, 0xf6, 0x53, 0xf6,
    0x65, 0xf8, 0x75, 0xf8, 0x53, 0xf6, 0x75, 0xf9, 0x43, 0xf6, 0x42, 0xf5, 0x75, 0xf8, 0x42, 0xf5,
    0x53, 0xf6, 0x53, 0xf7, 0x64, 0xf7, 0x53, 0xf6, 0x64, 0xf7, 0x43, 0xf6, 0x54, 0xf6, 0x53, 0xf6,
    0x42, 0xf5, 0x64, 0xf8, 0x42, 0xf5, 0x43, 0xf6, 0x64, 0xf7, 0x53, 0xf6, 0x53, 0xf6, 0x42, 0xf5,
    0x42, 0xf5, 0x42, 0xf5, 0x54, 0xf6, 0x75, 0xf8, 0x53, 0xf7, 0x53, 0xf6, 0x53, 0xf7, 0x53, 0xf6,
    0x64, 0xf7, 0x43, 0xf6, 0x64, 0xf7, 0x53, 0xf6, 0x42, 0xf5, 0x32, 0xf4, 0x31, 0xf4, 0x31, 0xf4,
    0x42, 0xf5, 0x43, 0xf5, 0x64, 0xf7, 0x42, 0xf5, 0x32, 0xf4, 0x32, 0xf4, 0x32, 0xf5, 0x42, 0xf5,
    0x32, 0xf3, 0x32, 0xf4, 0x32, 0xf4, 0x32, 0xf4, 0x21, 0xf3, 0x32, 0xf3, 0x21, 0xf3, 0x32, 0xf3,
    0x43, 0xf5, 0x21, 0xf2, 0x65, 0xf6, 0x32, 0xf3, 0x32, 0xf4, 0x53, 0xf6, 0x53, 0xf6, 0x65, 0xf8,
    0x32, 0xf3, 0x32, 0xf4, 0x32, 0xf4, 0x32, 0xf5, 0x32, 0xf5, 0x32, 0xf4, 0x32, 0xf4, 0x21, 0xf3,
    0x53, 0xf6, 0x43, 0xf5, 0x54, 0xf7, 0x43, 0xf6, 0x32, 0xf4, 0x42, 0xf5, 0x42, 0xf6, 0x54, 0xf7,
    0x54, 0xf5, 0x32, 0xf4, 0x32, 0xf3, 0x42, 0xf5, 0x53, 0xf6, 0x54, 0xf6, 0x65, 0xf7, 0x43, 0xf5,
    0x32, 0xf4, 0x43, 0xf6, 0x53, 0xf6, 0x43, 0xf5, 0x54, 0xf6, 0x64, 0xf7, 0x43, 0xf5, 0x43, 0xf5,
    0x42, 0xf5, 0x43, 0xf6, 0x32, 0xf4, 0x42, 0xf6, 0x64, 0xf8, 0x54, 0xf7, 0x64, 0xf8, 0x53, 0xf6,
    0x54, 0xf6, 0x42, 0xf5, 0x32, 0xf4, 0x32, 0xf4, 0x42, 0xf6, 0x53, 0xf6, 0x21, 0xf3, 0x32, 0xf4,
    0x43, 0xf5, 0x43, 0xf5, 0x32, 0xf5, 0x43, 0xf5, 0x42, 0xf6, 0x42, 0xf6, 0x42, 0xf5, 0x42, 0xf5,
    0x54, 0xf7, 0x53, 0xf7, 0x53, 0xf6, 0x53, 0xf7, 0x42, 0xf5, 0x32, 0xf4, 0x42, 0xf5, 0x21, 0xf3,
    0x43, 0xf5, 0x64, 0xf7, 0x42, 0xf5, 0x64, 0xf7, 0x32, 0xf4, 0x33, 0xf4, 0x43, 0xf5, 0x43, 0xf5,
    0x43, 0xf5, 0x43, 0xf5, 0x43, 0xf5, 0x43, 0xf4, 0x32, 0xf4, 0x53, 0xf6, 0x43, 0xf5, 0x43, 0xf5,
    0x43, 0xf6, 0x32, 0xf4, 0x42, 0xf6, 0x53, 0xf6, 0x42, 0xf5, 0x42, 0xf6, 0x75, 0xf8, 0x42, 0xf5,
    0x64, 0xf7, 0x64, 0xf8, 0x85, 0xf9, 0x32, 0xf5, 0x64, 0xf7, 0x21, 0xf3, 0x32, 0xf4, 0x32, 0xf4,
    0x53, 0xf6, 0x43, 0xf5, 0x43, 0xf5, 0x42, 0xf5, 0x32, 0xf4, 0x32, 0xf4, 0x42, 0xf5, 0x32, 0xf4,
    0x32, 0xf4, 0x32, 0xf4, 0x32, 0xf4, 0x32, 0xf4, 0x43, 0xf5, 0x43, 0xf5, 0x43, 0xf5, 0x43, 0xf5,
    0x53, 0xf6, 0x53, 0xf5, 0x32, 0xf4, 0x42, 0xf6, 0x32, 0xf4, 0x53, 0xf5, 0x42, 0xf5, 0x43, 0xf5,
    0x42, 0xf6, 0x64, 0xf8, 0x64, 0xf7, 0x64, 0xf8, 0x42, 0xf6, 0x32, 0xf4, 0x43, 0xf6, 0x32, 0xf5,
    0x43, 0xf4, 0x32, 0xf3, 0x32, 0xf4, 0x21, 0xf3, 0x21, 0xf3, 0x32, 0xf4, 0x65, 0xf7, 0x65, 0xf7,
    0x32, 0xf5, 0x42, 0xf6, 0x43, 0xf5, 0x74, 0xf8, 0x53, 0xf7, 0x54, 0xf6, 0x52, 0xf7, 0x32, 0xf5,
    0x54, 0xf7, 0x43, 0xf6, 0x54, 0xf7, 0x42, 0xf6, 0x52, 0xf6, 0x32, 0xf5, 0x53, 0xf7, 0x42, 0xf6,
    0x42, 0xf6, 0x53, 0xf7, 0x32, 0xf5, 0x53, 0xf7, 0x64, 0xf8, 0x53, 0xf7, 0x64, 0xf7, 0x52, 0xf6,
    0x32, 0xf4, 0x64, 0xf7, 0x52, 0xf7, 0x64, 0xf7, 0x53, 0xf7, 0x52, 0xf7, 0x53, 0xf6, 0x42, 0xf6,
    0x63, 0xf8, 0x42, 0xf5, 0x42, 0xf6, 0x32, 0xf5, 0x31, 0xf4, 0x42, 0xf5, 0x43, 0xf5, 0x43, 0xf5,
    0x42, 0xf6, 0x21, 0xf3, 0x43, 0xf5, 0x32, 0xf4, 0x42, 0xf5, 0x64, 0xf7, 0x43, 0xf5, 0x54, 0xf6,
    0x43, 0xf5, 0x53, 0xf6, 0x42, 0xf5, 0x42, 0xf5, 0x42, 0xf5, 0x32, 0xf4, 0x32, 0xf4, 0x43, 0xf5,
    0x43, 0xf5, 0x43, 0xf4, 0x43, 0xf4, 0x44, 0xf5, 0x54, 0xf6, 0x54, 0xf6, 0x54, 0xf5, 0x54, 0xf6,
    0x43, 0xf4, 0x54, 0xf5, 0x43, 0xf5, 0x43, 0xf5, 0x54, 0xf6, 0x54, 0xf6, 0x43, 0xf5, 0x43, 0xf5,
    0x32, 0xf4, 0x32, 0xf4, 0x32, 0xf4, 0x32, 0xf4, 0x44, 0xf5, 0x54, 0xf6, 0x43, 0xf4, 0x43, 0xf4,
    0x32, 0xf4, 0x43, 0xf4, 0x44, 0xf5, 0x54, 0xf6, 0x43, 0xf4, 0x43, 0xf4, 0x54, 0xf5, 0x43, 0xf5,
    0x43, 0xf5, 0x43, 0xf4, 0x44, 0xf5, 0x44, 0xf5, 0x43, 0xf4, 0x54, 0xf6, 0x43, 0xf5, 0x54, 0xf6,
    0x44, 0xf5, 0x54, 0xf5, 0x43, 0xf5, 0x44, 0xf5, 0x43, 0xf5, 0x54, 0xf6, 0x54, 0xf5, 0x54, 0xf6,
    0x54, 0xf6, 0x43, 0xf5, 0x54, 0xf6, 0x43, 0xf5, 0x54, 0xf6, 0x55, 0xf6, 0x43, 0xf5, 0x32, 0xf4,
    0x43, 0xf5, 0x43, 0xf5, 0x32, 0xf4, 0x43, 0xf5, 0x54, 0xf6, 0x32, 0xf4, 0x32, 0xf4, 0x22, 0xf3,
    0x32, 0xf4, 0x43, 0xf6, 0x32, 0xf4, 0x53, 0xf6, 0x43, 0xf5, 0x32, 0xf5, 0x32, 0xf4, 0x32, 0xf5,
    0x43, 0xf5, 0x43, 0xf5, 0x54, 0xf6, 0x43, 0xf5, 0x32, 0xf4, 0x32, 0xf5, 0x32, 0xf3, 0x32, 0xf4,
    0x32, 0xf4, 0x43, 0xf5, 0x32, 0xf4, 0x54, 0xf6, 0x32, 0xf4, 0x21, 0xf3, 0x43, 0xf5, 0x32, 0xf4,
    0x33, 0xf4, 0x43, 0xf5, 0x43, 0xf5, 0x43, 0xf6, 0x43, 0xf5, 0x32, 0xf4, 0x43, 0xf5, 0x32, 0xf4,
    0x42, 0xf5, 0x32, 0xf3, 0x32, 0xf4, 0x22, 0xf3, 0x32, 0xf3, 0x43, 0xf4, 0x32, 0xf3, 0x33, 0xf4,
    0x21, 0xf3, 0x21, 0xf3, 0x32, 0xf3, 0x32, 0xf4, 0x22, 0xf3, 0x32, 0xf4, 0x22, 0xf3, 0x43, 0xf5,
    0x32, 0xf5, 0x54, 0xf6, 0x53, 0xf7, 0x64, 0xf7, 0x64, 0xf7, 0x65, 0xf7, 0x65, 0xf7, 0x54, 0xf6,
    0x43, 0xf5, 0x43, 0xf5, 0x44, 0xf5, 0x43, 0xf4, 0x22, 0xf3, 0x22, 0xf3, 0x33, 0xf4, 0x43, 0xf6,
    0x76, 0xf7, 0x64, 0xf6, 0x76, 0xf7, 0x65, 0xf7, 0x64, 0xf7, 0x32, 0xf4, 0x53, 0xf7, 0x42, 0xf6,
    0x53, 0xf5, 0x54, 0xf7, 0x43, 0xf5, 0x53, 0xf6, 0x53, 0xf6, 0x75, 0xf7, 0x64, 0xf6, 0x76, 0xf7,
    0x43, 0xf4, 0x43, 0xf4, 0x33, 0xf4, 0x33, 0xf4, 0x54, 0xf5, 0x43, 0xf4, 0x44, 0xf5, 0x43, 0xf4,
    0x32, 0xf4, 0x32, 0xf4, 0x65, 0xf7, 0x54, 0xf6, 0x33, 0xf4, 0x33, 0xf4, 0x43, 0xf5, 0x32, 0xf3,
    0x32, 0xf4, 0x42, 0xf5, 0x32, 0xf3, 0x32, 0xf3, 0x32, 0xf4, 0x43, 0xf5, 0x42, 0xf4, 0x32, 0xf4,
    0x32, 0xf3, 0x42, 0xf4, 0x32, 0xf4, 0x43, 0xf6, 0x53, 0xf6, 0x43, 0xf6, 0x43, 0xf6, 0x53, 0xf7,
    0x43, 0xf5, 0x43, 0xf6, 0x54, 0xf6, 0x43, 0xf5, 0x43, 0xf5, 0x32, 0xf4, 0x43, 0xf5, 0x33, 0xf4,
    0x54, 0xf6, 0x65, 0xf7, 0x54, 0xf6, 0x54, 0xf6, 0x54, 0xf6, 0x21, 0xf2, 0x33, 0xf4, 0x21, 0xf3,
    0x32, 0xf3, 0x32, 0xf4, 0x32, 0xf3, 0x31, 0xf4, 0x42, 0xf5, 0x54, 0xf6, 0x31, 0xf5, 0x54, 0xf6,
    0x22, 0xf3, 0x22, 0xf3, 0x22, 0xf3, 0x32, 0xf3, 0x31, 0xf4, 0x42, 0xf5, 0x32, 0xf4, 0x32, 0xf4,
    0x54, 0xf5, 0x43, 0xf4, 0x43, 0xf4, 0x44, 0xf5, 0x54, 0xf6, 0x43, 0xf5, 0x54, 0xf6, 0x65, 0xf7,
    0x54, 0xf6, 0x54, 0xf6, 0x54, 0xf6, 0x54, 0xf6, 0x65, 0xf7, 0x54, 0xf6, 0x54, 0xf6, 0x43, 0xf4,
    0x21, 0xf3, 0x22, 0xf3, 0x32, 0xf4, 0x21, 0xf3, 0x21, 0xf3, 0x32, 0xf4, 0x21, 0xf3, 0x21, 0xf3,
    0x43, 0xf5, 0x22, 0xf3, 0x54, 0xf6, 0x32, 0xf4, 0x21, 0xf3, 0x32, 0xf4, 0x21, 0xf3, 0x32, 0xf5,
    0x54, 0xf7, 0x75, 0xf8, 0x54, 0xf7, 0x53, 0xf6, 0x64, 0xf7, 0x42, 0xf5, 0x42, 0xf5, 0x53, 0xf6,
    0x43, 0xf5, 0x43, 0xf5, 0x32, 0xf4, 0x43, 0xf6, 0x54, 0xf6, 0x65, 0xf7, 0x53, 0xf6, 0x54, 0xf6,
    0x42, 0xf5, 0x54, 0xf7, 0x42, 0xf5, 0x53, 0xf6, 0x53, 0xf6, 0x64, 0xf7, 0x53, 0xf7, 0x54, 0xf7,
    0x53, 0xf6, 0x43, 0xf6, 0x64, 0xf7, 0x54, 0xf7, 0x53, 0xf6, 0x53, 0xf6, 0x43, 0xf5, 0x43, 0xf6,
    0x32, 0xf4, 0x32, 0xf4, 0x32, 0xf5, 0x43, 0xf6, 0x43, 0xf5, 0x43, 0xf5, 0x53, 0xf6, 0x43, 0xf5,
    0x32, 0xf5, 0x42, 0xf5, 0x42, 0xf5, 0x42, 0xf6, 0x43, 0xf5, 0x43, 0xf6, 0x43, 0xf6, 0x64, 0xf7,
    0x54, 0xf6, 0x54, 0xf6, 0x21, 0xf3, 0x32, 0xf3, 0x53, 0xf6, 0x53, 0xf6, 0x43, 0xf5, 0x43, 0xf6,
    0x42, 0xf5, 0x43, 0xf5, 0x53, 0xf7, 0x53, 0xf7, 0x43, 0xf5, 0x42, 0xf5, 0x43, 0xf5, 0x32, 0xf4,
    0x53, 0xf7, 0x42, 0xf6, 0x53, 0xf7, 0x54, 0xf7, 0x64, 0xf7, 0x75, 0xf8, 0x53, 0xf7, 0x75, 0xf8,
    0x76, 0xf8, 0x54, 0xf6, 0x75, 0xf8, 0x64, 0xf7, 0x42, 0xf5, 0x42, 0xf5, 0x21, 0xf3, 0x31, 0xf4,
    0x43, 0xf5, 0x42, 0xf5, 0x42, 0xf5, 0x43, 0xf5, 0x32, 0xf4, 0x43, 0xf4, 0x44, 0xf5, 0x44, 0xf5,
    0x21, 0xf3, 0x64, 0xf6, 0x32, 0xf4, 0x42, 0xf5, 0x65, 0xf6, 0x54, 0xf5, 0x32, 0xf4, 0x33, 0xf4,
    0x75, 0xf9, 0x86, 0xf9, 0x75, 0xf9, 0x54, 0xf7, 0x21, 0xf3, 0x21, 0xf3, 0x21, 0xf3, 0x32, 0xf4,
    0x75, 0xf9, 0x42, 0xf5, 0x54, 0xf7, 0x32, 0xf5, 0x42, 0xf5, 0x32, 0xf4, 0x75, 0xf8, 0x54, 0xf6,
    0x43, 0xf5, 0x32, 0xf4, 0x54, 0xf6, 0x32, 0xf4, 0x32, 0xf4, 0x32, 0xf4, 0x21, 0xf3, 0x32, 0xf4,
    0x43, 0xf5, 0x44, 0xf5, 0x43, 0xf4, 0x43, 0xf4, 0x43, 0xf5, 0x32, 0xf3, 0x65, 0xf6, 0x54, 0xf5,
    0x54, 0xf5, 0x44, 0xf5, 0x43, 0xf4, 0x43, 0xf4, 0x54, 0xf5, 0x43, 0xf5, 0x54, 0xf6, 0x54, 0xf6,
    0x44, 0xf5, 0x44, 0xf5, 0x32, 0xf4, 0x43, 0xf4, 0x54, 0xf6, 0x43, 0xf4, 0x33, 0xf4, 0x33, 0xf4,
    0x42, 0xf5, 0x43, 0xf5, 0x43, 0xf5, 0x43, 0xf5, 0x54, 0xf6, 0x54, 0xf6, 0x54, 0xf6, 0x54, 0xf5,
    0x43, 0xf5, 0x44, 0xf5, 0x42, 0xf5, 0x43, 0xf4, 0x44, 0xf5, 0x44, 0xf5, 0x43, 0xf5, 0x43, 0xf5,
    0x32, 0xf4, 0x32, 0xf3, 0x43, 0xf6, 0x43, 0xf5, 0x32, 0xf3, 0x32, 0xf3, 0x32, 0xf4, 0x32, 0xf4,
    0x54, 0xf5, 0x44, 0xf5, 0x43, 0xf4, 0x44, 0xf5, 0x31, 0xf4, 0x32, 0xf5, 0x32, 0xf4, 0x42, 0xf5,
    0x22, 0xf3, 0x21, 0xf3, 0x32, 0xf3, 0x33, 0xf4, 0x32, 0xf4, 0x42, 0xf4, 0x43, 0xf5, 0x43, 0xf5,
    0x32, 0xf4, 0x32, 0xf4, 0x43, 0xf6, 0x32, 0xf4, 0x43, 0xf4, 0x43, 0xf5, 0x32, 0xf4, 0x54, 0xf6,
    0x64, 0xf8, 0x53, 0xf7, 0x32, 0xf4, 0x53, 0xf7, 0x43, 0xf6, 0x43, 0xf5, 0x42, 0xf5, 0x32, 0xf4,
    0x21, 0xf3, 0x43, 0xf5, 0x21, 0xf3, 0x43, 0xf4, 0x42, 0xf6, 0x42, 0xf4, 0x43, 0xf5, 0x42, 0xf5,
    0x54, 0xf5, 0x43, 0xf5, 0x43, 0xf5, 0x54, 0xf5, 0x43, 0xf4, 0x54, 0xf5, 0x54, 0xf6, 0x65, 0xf6,
    0x33, 0xf4, 0x44, 0xf5, 0x43, 0xf5, 0x43, 0xf4, 0x43, 0xf5, 0x54, 0xf6, 0x32, 0xf4, 0x33, 0xf4,
    0x32, 0xf3, 0x33, 0xf4, 0x32, 0xf4, 0x54, 0xf5, 0x43, 0xf4, 0x43, 0xf6, 0x65, 0xf7, 0x75, 0xf8,
    0x43, 0xf6, 0x65, 0xf7, 0x53, 0xf6, 0x64, 0xf6, 0x65, 0xf8, 0x65, 0xf7, 0x65, 0xf7, 0x54, 0xf6,
    0x42, 0xf5, 0x42, 0xf5, 0x53, 0xf6, 0x53, 0xf6, 0x32, 0xf4, 0x22, 0xf3, 0x32, 0xf4, 0x32, 0xf4,
    0x43, 0xf5, 0x43, 0xf4, 0x43, 0xf4, 0x32, 0xf3, 0x21, 0xf3, 0x43, 0xf6, 0x32, 0xf4, 0x53, 0xf7,
    0x33, 0xf4, 0x43, 0xf4, 0x54, 0xf6, 0x32, 0xf3, 0x32, 0xf4, 0x42, 0xf5, 0x22, 0xf3, 0x22, 0xf3,
    0x53, 0xf5, 0x43, 0xf5, 0x32, 0xf4, 0x43, 0xf5, 0x32, 0xf3, 0x44, 0xf5, 0x54, 0xf6, 0x54, 0xf6,
    0x43, 0xf5, 0x43, 0xf4, 0x32, 0xf4, 0x44, 0xf5, 0x32, 0xf4, 0x42, 0xf5, 0x43, 0xf4, 0x32, 0xf4,
    0x33, 0xf4, 0x43, 0xf4, 0x43, 0xf5, 0x43, 0xf4, 0x54, 0xf5, 0x32, 0xf3, 0x33, 0xf4, 0x32, 0xf4,
    0x43, 0xf5, 0x53, 0xf6, 0x42, 0xf5, 0x42, 0xf6, 0x53, 0xf6, 0x32, 0xf4, 0x42, 0xf6, 0x42, 0xf5,
    0x43, 0xf5, 0x43, 0xf5, 0x32, 0xf4, 0x42, 0xf5, 0x42, 0xf5, 0x43, 0xf4, 0x43, 0xf6, 0x64, 0xf7,
    0x43, 0xf5, 0x43, 0xf5, 0x43, 0xf5, 0x54, 0xf5, 0x32, 0xf4, 0x21, 0xf3, 0x32, 0xf4, 0x54, 0xf6,
    0x33, 0xf4, 0x43, 0xf5, 0x43, 0xf4, 0x64, 0xf7, 0x76, 0xf8, 0x54, 0xf6, 0x64, 0xf7, 0x42, 0xf6,
    0x54, 0xf6, 0x43, 0xf5, 0x43, 0xf5, 0x43, 0xf5, 0x43, 0xf5, 0x54, 0xf6, 0x54, 0xf6, 0x43, 0xf5,
    0x43, 0xf5, 0x53, 0xf6, 0x53, 0xf6, 0x75, 0xf9, 0x53, 0xf6, 0x43, 0xf5, 0x54, 0xf6, 0x54, 0xf6,
    0x54, 0xf7, 0x32, 0xf4, 0x54, 0xf6, 0x32, 0xf4, 0x21, 0xf3, 0x32, 0xf4, 0x21, 0xf3, 0x32, 0xf4,
    0x54, 0xf6, 0x43, 0xf4, 0x33, 0xf4, 0x43, 0xf4, 0x21, 0xf3, 0x32, 0xf5, 0x32, 0xf4, 0x31, 0xf4,
    0x54, 0xf6, 0x65, 0xf8, 0x43, 0xf5, 0x42, 0xf6, 0x54, 0xf6, 0x54, 0xf6, 0x32, 0xf4, 0x43, 0xf5,
    0x43, 0xf5, 0x42, 0xf5, 0x32, 0xf3, 0x42, 0xf6, 0x53, 0xf6, 0x21, 0xf3, 0x74, 0xf9, 0x53, 0xf6,
    0x33, 0xf4, 0x43, 0xf5, 0x32, 0xf4, 0x32, 0xf4, 0x43, 0xf6, 0x32, 0xf4, 0x53, 0xf6, 0x53, 0xf6,
    0x21, 0xf3, 0x31, 0xf4, 0x52, 0xf7, 0x32, 0xf5, 0x32, 0xf4, 0x53, 0xf6, 0x32, 0xf3, 0x53, 0xf6,
    0x32, 0xf4, 0x43, 0xf6, 0x32, 0xf4, 0x42, 0xf5, 0x53, 0xf7, 0x75, 0xf9, 0x43, 0xf6, 0x53, 0xf7,
    0x32, 0xf4, 0x42, 0xf5, 0x32, 0xf4, 0x42, 0xf5, 0x43, 0xf5, 0x42, 0xf6, 0x42, 0xf5, 0x32, 0xf4,
    0x53, 0xf7, 0x64, 0xf8, 0x53, 0xf8, 0x53, 0xf6, 0x54, 0xf5, 0x32, 0xf4, 0x33, 0xf4, 0x32, 0xf4,
    0x42, 0xf6, 0x32, 0xf4, 0x53, 0xf6, 0x42, 0xf5, 0x32, 0xf4, 0x43, 0xf5, 0x43, 0xf5, 0x76, 0xf8,
    0x53, 0xf7, 0x53, 0xf7, 0x64, 0xf8, 0x53, 0xf7, 0x32, 0xf5, 0x42, 0xf6, 0x32, 0xf5, 0x42, 0xf5,
    0x64, 0xf8, 0x42, 0xf5, 0x53, 0xf6, 0x32, 0xf3, 0x42, 0xf5, 0x42, 0xf5, 0x32, 0xf5, 0x75, 0xf9,
    0x64, 0xf7, 0x53, 0xf6, 0x42, 0xf6, 0x54, 0xf6, 0x54, 0xf6, 0x54, 0xf6, 0x54, 0xf6, 0x54, 0xf6,
    0x53, 0xf6, 0x65, 0xf7, 0x75, 0xf9, 0x75, 0xf8, 0x64, 0xf7, 0x65, 0xf7, 0x64, 0xf7, 0x54, 0xf7,
    0x42, 0xf6, 0x53, 0xf8, 0x42, 0xf5, 0x53, 0xf7, 0x64, 0xf7, 0x42, 0xf6, 0x64, 0xf7, 0x54, 0xf7,
    0x42, 0xf6, 0x65, 0xf8, 0x32, 0xf5, 0x54, 0xf7, 0x53, 0xf6, 0x42, 0xf5, 0x43, 0xf5, 0x21, 0xf4,
    0x53, 0xf7, 0x43, 0xf6, 0x53, 0xf7, 0x31, 0xf4, 0x32, 0xf4, 0x42, 0xf6, 0x43, 0xf5, 0x43, 0xf5,
    0x32, 0xf4, 0x32, 0xf4, 0x32, 0xf5, 0x43, 0xf6, 0x54, 0xf5, 0x43, 0xf5, 0x43, 0xf5, 0x32, 0xf4,
    0x53, 0xf6, 0x64, 0xf7, 0x65, 0xf8, 0x43, 0xf6, 0x42, 0xf5, 0x42, 0xf5, 0x42, 0xf5, 0x53, 0xf7,
    0x53, 0xf6, 0x42, 0xf6, 0x42, 0xf6, 0x64, 0xf8, 0x53, 0xf7, 0x64, 0xf8, 0x64, 0xf8, 0x75, 0xf9,
    0x64, 0xf7, 0x53, 0xf7, 0x64, 0xf8, 0x64, 0xf8, 0x31, 0xf4, 0x32, 0xf4, 0x53, 0xf6, 0x32, 0xf5,
    0x64, 0xf8, 0x64, 0xf7, 0x75, 0xf9, 0x64, 0xf8, 0x75, 0xf9, 0x64, 0xf7, 0x75, 0xf8, 0x75, 0xf8,
    0x42, 0xf5, 0x32, 0xf4, 0x32, 0xf5, 0x42, 0xf6, 0x53, 0xf7, 0x53, 0xf7, 0x64, 0xf7, 0x53, 0xf7,
    0x42, 0xf5, 0x43, 0xf6, 0x43, 0xf6, 0x42, 0xf5, 0x53, 0xf7, 0x53, 0xf7, 0x53, 0xf7, 0x42, 0xf6,
    0x42, 0xf6, 0x54, 0xf6, 0x32, 0xf5, 0x21, 0xf3, 0x54, 0xf6, 0x65, 0xf8, 0x32, 0xf4, 0x54, 0xf6,
    0x21, 0xf4, 0x22, 0xf3, 0x43, 0xf6, 0x43, 0xf5, 0x42, 0xf5, 0x43, 0xf5, 0x43, 0xf5, 0x42, 0xf4,
    0x43, 0xf5, 0x31, 0xf4, 0x32, 0xf5, 0x32, 0xf5, 0x32, 0xf4, 0x32, 0xf4, 0x42, 0xf5, 0x42, 0xf5,
    0x42, 0xf6, 0x42, 0xf5, 0x64, 0xf8, 0x64, 0xf7, 0x53, 0xf7, 0x53, 0xf7, 0x53, 0xf7, 0x53, 0xf7,
    0x43, 0xf5, 0x33, 0xf4, 0x43, 0xf5, 0x32, 0xf4, 0x43, 0xf4, 0x32, 0xf4, 0x21, 0xf3, 0x32, 0xf4,
    0x53, 0xf6, 0x32, 0xf4, 0x53, 0xf7, 0x31, 0xf4, 0x32, 0xf4, 0x54, 0xf7, 0x32, 0xf4, 0x42, 0xf5,
    0x32, 0xf4, 0x32, 0xf4, 0x32, 0xf4, 0x32, 0xf4, 0x32, 0xf4, 0x42, 0xf5, 0x32, 0xf4, 0x43, 0xf5,
    0x32, 0xf4, 0x43, 0xf5, 0x32, 0xf4, 0x32, 0xf4, 0x43, 0xf5, 0x42, 0xf5, 0x32, 0xf4, 0x32, 0xf4,
    0x43, 0xf5, 0x54, 0xf6, 0x43, 0xf5, 0x53, 0xf6, 0x54, 0xf6, 0x65, 0xf7, 0x43, 0xf6, 0x54, 0xf6,
    0x43, 0xf5, 0x53, 0xf6, 0x32, 0xf5, 0x43, 0xf5, 0x54, 0xf7, 0x43, 0xf5, 0x53, 0xf6, 0x32, 0xf4,
    0x43, 0xf5, 0x43, 0xf5, 0x42, 0xf5, 0x32, 0xf4, 0x32, 0xf4, 0x42, 0xf5, 0x32, 0xf4, 0x32, 0xf5,
    0x32, 0xf4, 0x32, 0xf4, 0x21, 0xf3, 0x21, 0xf3, 0x32, 0xf5, 0x32, 0xf4, 0x32, 0xf4, 0x32, 0xf4,
    0x42, 0xf5, 0x32, 0xf5, 0x53, 0xf6, 0x54, 0xf6, 0x32, 0xf5, 0x43, 0xf5, 0x43, 0xf5, 0x53, 0xf6,
    0x43, 0xf6, 0x43, 0xf5, 0x42, 0xf5, 0x32, 0xf4, 0x32, 0xf4, 0x43, 0xf5, 0x32, 0xf4, 0x32, 0xf3,
    0x65, 0xf7, 0x65, 0xf7, 0x65, 0xf7, 0x76, 0xf8, 0x43, 0xf5, 0x32, 0xf4, 0x43, 0xf5, 0x32, 0xf4,
    0x43, 0xf5, 0x43, 0xf5, 0x22, 0xf3, 0x32, 0xf3, 0x21, 0xf3, 0x32, 0xf4, 0x32, 0xf4, 0x31, 0xf4,
    0x32, 0xf4, 0x32, 0xf5, 0x64, 0xf8, 0x43, 0xf5, 0x32, 0xf4, 0x32, 0xf4, 0x32, 0xf4, 0x32, 0xf4,
    0x64, 0xf7, 0x53, 0xf6, 0x31, 0xf4, 0x32, 0xf5, 0x21, 0xf3, 0x32, 0xf4, 0x21, 0xf2, 0x53, 0xf6,
    0x32, 0xf5, 0x32, 0xf4, 0x42, 0xf5, 0x32, 0xf5, 0x32, 0xf5, 0x32, 0xf5, 0x42, 0xf6, 0x53, 0xf6,
    0x32, 0xf5, 0x31, 0xf4, 0x22, 0xf3, 0x42, 0xf6, 0x64, 0xf7, 0x65, 0xf7, 0x65, 0xf8, 0x54, 0xf6,
    0x43, 0xf5, 0x43, 0xf5, 0x53, 0xf6, 0x42, 0xf5, 0x32, 0xf4, 0x42, 0xf5, 0x43, 0xf6, 0x32, 0xf4,
    0x54, 0xf6, 0x53, 0xf6, 0x54, 0xf6, 0x76, 0xf8, 0x53, 0xf6, 0x42, 0xf5, 0x64, 0xf7, 0x54, 0xf6,
    0x54, 0xf6, 0x32, 0xf4, 0x64, 0xf7, 0x54, 0xf7, 0x32, 0xf4, 0x43, 0xf5, 0x64, 0xf7, 0x54, 0xf6,
    0x54, 0xf7, 0x54, 0xf6, 0x54, 0xf6, 0x54, 0xf6, 0x64, 0xf7, 0x65, 0xf7, 0x43, 0xf5, 0x54, 0xf6,
    0x32, 0xf4, 0x32, 0xf4, 0x42, 0xf5, 0x21, 0xf3, 0x32, 0xf3, 0x32, 0xf3, 0x21, 0xf3, 0x32, 0xf3,
    0x54, 0xf6, 0x21, 0xf3, 0x43, 0xf5, 0x21, 0xf3, 0x32, 0xf4, 0x43, 0xf5, 0x42, 0xf5, 0x53, 0xf7,
    0x54, 0xf6, 0x43, 0xf5, 0x64, 0xf7, 0x54, 0xf6, 0x43, 0xf5, 0x43, 0xf5, 0x53, 0xf5, 0x43, 0xf5,
    0x64, 0xf7, 0x65, 0xf8, 0x64, 0xf7, 0x64, 0xf7, 0x65, 0xf7, 0x43, 0xf5, 0x65, 0xf7, 0x54, 0xf5,
    0x43, 0xf4, 0x21, 0xf2, 0x32, 0xf4, 0x21, 0xf3, 0x63, 0xf7, 0x53, 0xf7, 0x53, 0xf6, 0x42, 0xf5,
    0x32, 0xf4, 0x21, 0xf3, 0x22, 0xf3, 0x21, 0xf3, 0x31, 0xf4, 0x42, 0xf6, 0x32, 0xf5, 0x42, 0xf6,
    0x22, 0xf3, 0x52, 0xf7, 0x21, 0xf3, 0x21, 0xf4, 0x75, 0xf9, 0x76, 0xf8, 0x64, 0xf7, 0x86, 0xfa,
    0x43, 0xf5, 0x43, 0xf5, 0x53, 0xf6, 0x65, 0xf7, 0x32, 0xf3, 0x64, 0xf7, 0x42, 0xf5, 0x32, 0xf4,
    0x43, 0xf5, 0x65, 0xf7, 0x64, 0xf7, 0x53, 0xf5, 0x64, 0xf7, 0x32, 0xf5, 0x32, 0xf4, 0x31, 0xf4,
    0x65, 0xf8, 0x53, 0xf6, 0x42, 0xf5, 0x43, 0xf5, 0x31, 0xf4, 0x32, 0xf4, 0x21, 0xf2, 0x21, 0xf3,
    0x43, 0xf5, 0x64, 0xf7, 0x42, 0xf6, 0x43, 0xf6, 0x42, 0xf5, 0x42, 0xf5, 0x32, 0xf4, 0x43, 0xf5,
    0x32, 0xf5, 0x32, 0xf4, 0x32, 0xf4, 0x42, 0xf5, 0x32, 0xf4, 0x42, 0xf5, 0x64, 0xf7, 0x42, 0xf6,
    0x43, 0xf5, 0x43, 0xf5, 0x54, 0xf7, 0x43, 0xf4, 0x32, 0xf4, 0x42, 0xf5, 0x53, 0xf6, 0x53, 0xf6,
    0x32, 0xf4, 0x32, 0xf3, 0x21, 0xf3, 0x21, 0xf2, 0x53, 0xf6, 0x64, 0xf7, 0x64, 0xf7, 0x65, 0xf8,
    0x32, 0xf5, 0x42, 0xf5, 0x31, 0xf4, 0x53, 0xf6, 0x53, 0xf6, 0x53, 0xf6, 0x64, 0xf8, 0x43, 0xf5,
    0x31, 0xf4, 0x53, 0xf7, 0x54, 0xf7, 0x42, 0xf6, 0x53, 0xf7, 0x42, 0xf5, 0x42, 0xf5, 0x43, 0xf5,
    0x43, 0xf5, 0x32, 0xf4, 0x43, 0xf5, 0x53, 0xf7, 0x43, 0xf6, 0x64, 0xf7, 0x53, 0xf7, 0x54, 0xf7,
    0x54, 0xf7, 0x64, 0xf7, 0x64, 0xf8, 0x53, 0xf6, 0x64, 0xf7, 0x64, 0xf7, 0x43, 0xf6, 0x75, 0xf9,
    0x42, 0xf5, 0x42, 0xf6, 0x32, 0xf4, 0x43, 0xf6, 0x53, 0xf6, 0x53, 0xf6, 0x53, 0xf6, 0x42, 0xf5,
    0x21, 0xf3, 0x43, 0xf5, 0x21, 0xf3, 0x32, 0xf4, 0x43, 0xf5, 0x32, 0xf5, 0x43, 0xf4, 0x43, 0xf6,
    0x54, 0xf6, 0x32, 0xf4, 0x32, 0xf4, 0x42, 0xf5, 0x42, 0xf6, 0x75, 0xf9, 0x75, 0xf8, 0x64, 0xf8,
    0x42, 0xf6, 0x53, 0xf7, 0x53, 0xf6, 0x42, 0xf6, 0x97, 0xfa, 0x32, 0xf5, 0x75, 0xf8, 0x43, 0xf6,
    0x65, 0xf7, 0x65, 0xf8, 0x32, 0xf4, 0x32, 0xf5, 0x53, 0xf6, 0x43, 0xf6, 0x53, 0xf6, 0x32, 0xf4,
    0x32, 0xf4, 0x43, 0xf5, 0x64, 0xf8, 0x64, 0xf7, 0x54, 0xf6, 0x32, 0xf4, 0x53, 0xf6, 0x42, 0xf6,
    0x86, 0xf9, 0x43, 0xf5, 0x32, 0xf4, 0x32, 0xf4, 0x32, 0xf4, 0x43, 0xf5, 0x32, 0xf4, 0x43, 0xf5,
    0x32, 0xf5, 0x31, 0xf4, 0x32, 0xf5, 0x31, 0xf4, 0x42, 0xf5, 0x42, 0xf5, 0x54, 0xf6, 0x43, 0xf4,
    0x75, 0xf9, 0x64, 0xf7, 0x64, 0xf8, 0x64, 0xf8, 0x53, 0xf6, 0x53, 0xf7, 0x42, 0xf6, 0x53, 0xf6,
    0x42, 0xf6, 0x53, 0xf7, 0x42, 0xf6, 0x32, 0xf5, 0x32, 0xf5, 0x43, 0xf6, 0x32, 0xf5, 0x42, 0xf5,
    0x32, 0xf4, 0x32, 0xf4, 0x42, 0xf5, 0x53, 0xf6, 0x64, 0xf7, 0x43, 0xf6, 0x52, 0xf7, 0x32, 0xf5,
    0x64, 0xf8, 0x64, 0xf8, 0x64, 0xf8, 0x53, 0xf6, 0x42, 0xf5, 0x32, 0xf4, 0x53, 0xf6, 0x43, 0xf6,
    0x32, 0xf4, 0x32, 0xf4, 0x53, 0xf6, 0x32, 0xf4, 0x32, 0xf4, 0x43, 0xf5, 0x21, 0xf3, 0x42, 0xf5,
    0x64, 0xf8, 0x53, 0xf7, 0x53, 0xf6, 0x53, 0xf6, 0x42, 0xf5, 0x42, 0xf5, 0x53, 0xf7, 0x42, 0xf5,
    0x43, 0xf6, 0x42, 0xf6, 0x43, 0xf5, 0x42, 0xf5, 0x42, 0xf5, 0x42, 0xf5, 0x42, 0xf5, 0x42, 0xf5,
    0x32, 0xf4, 0x32, 0xf4, 0x32, 0xf5, 0x42, 0xf5, 0x32, 0xf5, 0x32, 0xf5, 0x32, 0xf5, 0x53, 0xf6,
    0x53, 0xf6, 0x53, 0xf7, 0x65, 0xf8, 0x64, 0xf7, 0x32, 0xf5, 0x32, 0xf4, 0x42, 0xf5, 0x21, 0xf3,
    0x64, 0xf7, 0x53, 0xf6, 0x43, 0xf5, 0x53, 0xf6, 0x43, 0xf5, 0x21, 0xf2, 0x32, 0xf4, 0x21, 0xf3,
    0x42, 0xf6, 0x42, 0xf6, 0x42, 0xf6, 0x42, 0xf6, 0x42, 0xf5, 0x42, 0xf5, 0x42, 0xf5, 0x53, 0xf6,
    0x42, 0xf6, 0x43, 0xf6, 0x43, 0xf6, 0x42, 0xf5, 0x32, 0xf5, 0x53, 0xf6, 0x53, 0xf6, 0x75, 0xf9,
    0x53, 0xf6, 0x53, 0xf6, 0x53, 0xf6, 0x53, 0xf7, 0x43, 0xf5, 0x64, 0xf8, 0x43, 0xf6, 0x75, 0xf9,
    0x65, 0xf8, 0x64, 0xf7, 0x53, 0xf6, 0x42, 0xf5, 0x53, 0xf6, 0x64, 0xf8, 0x42, 0xf5, 0x53, 0xf6,
    0x64, 0xf7, 0x42, 0xf6, 0x53, 0xf6, 0x53, 0xf6, 0x64, 0xf7, 0x54, 0xf6, 0x53, 0xf6, 0x53, 0xf6,
    0x43, 0xf6, 0x75, 0xf9, 0x42, 0xf6, 0x75, 0xf9, 0x53, 0xf6, 0x43, 0xf5, 0x54, 0xf7, 0x32, 0xf4,
    0x42, 0xf6, 0x42, 0xf6, 0x53, 0xf6, 0x32, 0xf4, 0x32, 0xf4, 0x53, 0xf6, 0x32, 0xf4, 0x43, 0xf5,
    0x43, 0xf6, 0x32, 0xf4, 0x43, 0xf5, 0x43, 0xf5, 0x43, 0xf5, 0x65, 0xf7, 0x43, 0xf5, 0x54, 0xf7,
    0x75, 0xf9, 0x75, 0xf9, 0x64, 0xf8, 0x53, 0xf6, 0x65, 0xf8, 0x42, 0xf5, 0x54, 0xf7, 0x64, 0xf8,
    0x32, 0xf5, 0x64, 0xf7, 0x43, 0xf5, 0x75, 0xf8, 0x64, 0xf7, 0x75, 0xf8, 0x65, 0xf8, 0x53, 0xf7,
    0x54, 0xf6, 0x64, 0xf7, 0x43, 0xf5, 0x65, 0xf7, 0x64, 0xf7, 0x43, 0xf5, 0x54, 0xf6, 0x32, 0xf4,
    0x32, 0xf4, 0x42, 0xf4, 0x21, 0xf3, 0x32, 0xf4, 0x32, 0xf4, 0x21, 0xf3, 0x31, 0xf3, 0x33, 0xf4,
    0x32, 0xf4, 0x21, 0xf3, 0x32, 0xf4, 0x32, 0xf5, 0x42, 0xf5, 0x54, 0xf6, 0x54, 0xf6, 0x54, 0xf5,
    0x31, 0xf4, 0x64, 0xf7, 0x42, 0xf4, 0x63, 0xf8, 0x65, 0xf7, 0x43, 0xf5, 0x86, 0xf9, 0x64, 0xf7,
    0x32, 0xf4, 0x32, 0xf4, 0x42, 0xf5, 0x32, 0xf4, 0x32, 0xf4, 0x32, 0xf4, 0x21, 0xf3, 0x22, 0xf3,
    0x54, 0xf6, 0x32, 0xf4, 0x97, 0xfa, 0x43, 0xf5, 0x21, 0xf3, 0x22, 0xf3, 0x21, 0xf3, 0x32, 0xf4,
    0x42, 0xf5, 0x42, 0xf5, 0x32, 0xf4, 0x22, 0xf3, 0x54, 0xf7, 0x64, 0xf7, 0x22, 0xf3, 0x53, 0xf7,
    0x32, 0xf3, 0x21, 0xf3, 0x32, 0xf4, 0x43, 0xf5, 0x42, 0xf5, 0x64, 0xf8, 0x43, 0xf5, 0x32, 0xf4,
    0x43, 0xf5, 0x54, 0xf6, 0x44, 0xf5, 0x54, 0xf5, 0x54, 0xf6, 0x42, 0xf5, 0x54, 0xf6, 0x75, 0xf8,
    0x54, 0xf5, 0x33, 0xf4, 0x43, 0xf5, 0x32, 0xf4, 0x43, 0xf5, 0x86, 0xf9, 0x64, 0xf7, 0x76, 0xf8,
    0x32, 0xf4, 0x22, 0xf3, 0x32, 0xf4, 0x21, 0xf3, 0x86, 0xf9, 0x75, 0xf8, 0x32, 0xf5, 0x43, 0xf5,
    0x42, 0xf5, 0x21, 0xf3, 0x42, 0xf5, 0x65, 0xf7, 0x21, 0xf3, 0x32, 0xf4, 0x42, 0xf5, 0x43, 0xf6,
    0x64, 0xf8, 0x54, 0xf6, 0x42, 0xf6, 0x43, 0xf5, 0x65, 0xf7, 0x75, 0xf8, 0x43, 0xf5, 0x43, 0xf5,
    0x32, 0xf4, 0x32, 0xf3, 0x32, 0xf4, 0x43, 0xf4, 0x32, 0xf4, 0x32, 0xf4, 0x43, 0xf5, 0x43, 0xf5,
    0x32, 0xf4, 0x32, 0xf4, 0x32, 0xf4, 0x22, 0xf3, 0x42, 0xf5, 0x42, 0xf5, 0x32, 0xf4, 0x21, 0xf3,
    0x43, 0xf4, 0x43, 0xf5, 0x54, 0xf6, 0x54, 0xf6, 0x32, 0xf4, 0x42, 0xf5, 0x32, 0xf4, 0x43, 0xf6,
    0x65, 0xf7, 0x64, 0xf6, 0x54, 0xf6, 0x54, 0xf6, 0x32, 0xf4, 0x42, 0xf5, 0x43, 0xf5, 0x31, 0xf5,
    0x53, 0xf6, 0x54, 0xf6, 0x54, 0xf6, 0x75, 0xf8, 0x43, 0xf5, 0x32, 0xf4, 0x43, 0xf5, 0x32, 0xf4,
    0x64, 0xf7, 0x43, 0xf5, 0x53, 0xf6, 0x43, 0xf5, 0x54, 0xf6, 0x65, 0xf7, 0x54, 0xf5, 0x54, 0xf6,
    0x53, 0xf6, 0x43, 0xf5, 0x64, 0xf7, 0x53, 0xf6, 0x54, 0xf5, 0x54, 0xf6, 0x43, 0xf5, 0x54, 0xf6,
    0x65, 0xf7, 0x75, 0xf8, 0x64, 0xf7, 0x43, 0xf5, 0x53, 0xf6, 0x31, 0xf3, 0x42, 0xf6, 0x42, 0xf6,
    0x42, 0xf5, 0x42, 0xf6, 0x64, 0xf8, 0x63, 0xf9, 0x42, 0xf5, 0x42, 0xf6, 0x53, 0xf6, 0x32, 0xf5,
    0x43, 0xf5, 0x43, 0xf5, 0x32, 0xf4, 0x54, 0xf6, 0x43, 0xf5, 0x43, 0xf5, 0x54, 0xf6, 0x44, 0xf5,
    0x32, 0xf4, 0x54, 0xf6, 0x43, 0xf5, 0x43, 0xf5, 0x55, 0xf6, 0x43, 0xf5, 0x54, 0xf6, 0x65, 0xf7,
    0x65, 0xf7, 0x54, 0xf6, 0x76, 0xf8, 0x65, 0xf7, 0x43, 0xf5, 0x54, 0xf6, 0x43, 0xf5, 0x53, 0xf5,
    0x75, 0xf8, 0x43, 0xf5, 0x53, 0xf5, 0x43, 0xf5, 0x43, 0xf5, 0x54, 0xf5, 0x54, 0xf6, 0x43, 0xf5,
    0x54, 0xf6, 0x43, 0xf5, 0x65, 0xf7, 0x54, 0xf6, 0x43, 0xf6, 0x53, 0xf6, 0x53, 0xf6, 0x53, 0xf6,
    0x75, 0xf8, 0x54, 0xf6, 0x54, 0xf6, 0x54, 0xf6, 0x43, 0xf5, 0x43, 0xf5, 0x42, 0xf5, 0x43, 0xf5,
    0x54, 0xf5, 0x54, 0xf5, 0x54, 0xf6, 0x54, 0xf6, 0x54, 0xf6, 0x54, 0xf6, 0x54, 0xf6, 0x75, 0xf8,
    0x43, 0xf5, 0x54, 0xf6, 0x54, 0xf6, 0x54, 0xf6, 0x54, 0xf6, 0x65, 0xf7, 0x54, 0xf6, 0x43, 0xf5,
    0x43, 0xf5, 0x53, 0xf6, 0x53, 0xf6, 0x53, 0xf6, 0x42, 0xf5, 0x42, 0xf5, 0x64, 0xf7, 0x43, 0xf5,
    0x53, 0xf6, 0x53, 0xf6, 0x53, 0xf6, 0x64, 0xf7, 0x76, 0xf9, 0x65, 0xf8, 0x64, 0xf7, 0x64, 0xf7,
    0x43, 0xf5, 0x64, 0xf7, 0x32, 0xf4, 0x32, 0xf4, 0x32, 0xf3, 0x32, 0xf4, 0x31, 0xf4, 0x42, 0xf6,
    0x32, 0xf4, 0x32, 0xf5, 0x43, 0xf6, 0x42, 0xf5, 0x43, 0xf6, 0x43, 0xf5, 0x43, 0xf5, 0x43, 0xf5,
    0x53, 0xf6, 0x43, 0xf5, 0x32, 0xf5, 0x32, 0xf4, 0x42, 0xf5, 0x43, 0xf5, 0x43, 0xf5, 0x32, 0xf4,
    0x43, 0xf5, 0x21, 0xf3, 0x43, 0xf5, 0x32, 0xf4, 0x32, 0xf4, 0x32, 0xf4, 0x32, 0xf4, 0x32, 0xf4,
    0x32, 0xf4, 0x22, 0xf3, 0x21, 0xf3, 0x21, 0xf3, 0x32, 0xf3, 0x43, 0xf5, 0x43, 0xf4, 0x54, 0xf5,
    0x42, 0xf5, 0x32, 0xf5, 0x32, 0xf4, 0x32, 0xf4, 0x43, 0xf5, 0x54, 0xf6, 0x43, 0xf5, 0x43, 0xf5,
    0x43, 0xf4, 0x32, 0xf4, 0x43, 0xf5, 0x32, 0xf4, 0x42, 0xf5, 0x32, 0xf4, 0x53, 0xf6, 0x43, 0xf5,
    0x32, 0xf4, 0x43, 0xf5, 0x32, 0xf4, 0x43, 0xf5, 0x53, 0xf6, 0x31, 0xf4, 0x32, 0xf4, 0x53, 0xf6,
    0x42, 0xf5, 0x43, 0xf5, 0x43, 0xf5, 0x53, 0xf6, 0x42, 0xf5, 0x43, 0xf6, 0x53, 0xf6, 0x43, 0xf5,
    0x32, 0xf4, 0x43, 0xf6, 0x42, 0xf5, 0x43, 0xf5, 0x65, 0xf7, 0x43, 0xf5, 0x43, 0xf5, 0x42, 0xf5,
    0x42, 0xf5, 0x53, 0xf6, 0x54, 0xf7, 0x75, 0xf8, 0x43, 0xf6, 0x75, 0xf8, 0x53, 0xf6, 0x75, 0xf8,
    0x75, 0xf8, 0x76, 0xf8, 0x64, 0xf7, 0x75, 0xf8, 0x54, 0xf7, 0x64, 0xf8, 0x86, 0xf9, 0x53, 0xf6,
    0x32, 0xf5, 0x53, 0xf6, 0x42, 0xf6, 0x43, 0xf6, 0x64, 0xf7, 0x43, 0xf5, 0x53, 0xf6, 0x53, 0xf6,
    0x42, 0xf6, 0x43, 0xf6, 0x53, 0xf6, 0x53, 0xf6, 0x64, 0xf7, 0x54, 0xf6, 0x65, 0xf7, 0x75, 0xf8,
    0x43, 0xf6, 0x75, 0xf9, 0x42, 0xf5, 0x75, 0xf8, 0x65, 0xf8, 0x54, 0xf7, 0x64, 0xf7, 0x63, 0xf8,
    0x32, 0xf4, 0x53, 0xf6, 0x75, 0xf8, 0x43, 0xf5, 0x53, 0xf7, 0x63, 0xf8, 0x21, 0xf3, 0x32, 0xf4,
    0x42, 0xf5, 0x32, 0xf4, 0x42, 0xf5, 0x54, 0xf6, 0x32, 0xf4, 0x43, 0xf5, 0x43, 0xf5, 0x32, 0xf4,
    0x42, 0xf5, 0x43, 0xf5, 0x53, 0xf6, 0x54, 0xf6, 0x53, 0xf6, 0x43, 0xf5, 0x54, 0xf7, 0x42, 0xf5,
    0x32, 0xf4, 0x43, 0xf5, 0x32, 0xf4, 0x32, 0xf4, 0x42, 0xf5, 0x64, 0xf8, 0x32, 0xf4, 0x42, 0xf6,
    0x43, 0xf5, 0x32, 0xf3, 0x32, 0xf4, 0x32, 0xf4, 0x32, 0xf4, 0x53, 0xf6, 0x32, 0xf4, 0x53, 0xf6,
    0x54, 0xf6, 0x54, 0xf6, 0x54, 0xf6, 0x53, 0xf6, 0x43, 0xf6, 0x42, 0xf6, 0x42, 0xf5, 0x42, 0xf5,
    0x42, 0xf5, 0x53, 0xf6, 0x53, 0xf7, 0x53, 0xf6, 0x42, 0xf5, 0x43, 0xf5, 0x32, 0xf5, 0x53, 0xf6,
    0x42, 0xf5, 0x32, 0xf4, 0x43, 0xf5, 0x43, 0xf5, 0x32, 0xf4, 0x75, 0xf9, 0x32, 0xf4, 0x53, 0xf6,
    0x54, 0xf7, 0x32, 0xf4, 0x43, 0xf6, 0x32, 0xf4, 0x32, 0xf4, 0x53, 0xf7, 0x32, 0xf4, 0x42, 0xf5,
    0x64, 0xf7, 0x43, 0xf5, 0x42, 0xf5, 0x32, 0xf5, 0x65, 0xf7, 0x65, 0xf8, 0x43, 0xf5, 0x64, 0xf8,
    0x43, 0xf5, 0x32, 0xf4, 0x32, 0xf4, 0x42, 0xf5, 0x42, 0xf5, 0x43, 0xf6, 0x53, 0xf7, 0x43, 0xf6,
    0x64, 0xf7, 0x43, 0xf5, 0x53, 0xf7, 0x53, 0xf7, 0x32, 0xf3, 0x21, 0xf3, 0x53, 0xf7, 0x42, 0xf6,
    0x42, 0xf5, 0x42, 0xf5, 0x32, 0xf5, 0x43, 0xf5, 0x53, 0xf7, 0x42, 0xf6, 0x53, 0xf6, 0x21, 0xf3,
    0x43, 0xf5, 0x42, 0xf5, 0x32, 0xf5, 0x53, 0xf6, 0x53, 0xf7, 0x53, 0xf7, 0x65, 0xf8, 0x52, 0xf7,
    0x32, 0xf4, 0x42, 0xf5, 0x32, 0xf4, 0x42, 0xf5, 0x43, 0xf6, 0x42, 0xf5, 0x53, 0xf6, 0x53, 0xf5,
    0x42, 0xf6, 0x75, 0xf8, 0x52, 0xf7, 0x85, 0xf9, 0x43, 0xf5, 0x21, 0xf3, 0x64, 0xf7, 0x32, 0xf4,
    0x42, 0xf5, 0x86, 0xfa, 0x32, 0xf4, 0x42, 0xf5, 0x85, 0xfa, 0x53, 0xf6, 0x64, 0xf8, 0x53, 0xf6,
    0x75, 0xf7, 0x64, 0xf6, 0x65, 0xf7, 0x54, 0xf6, 0x32, 0xf4, 0x32, 0xf3, 0x54, 0xf5, 0x43, 0xf5,
    0x54, 0xf6, 0x65, 0xf7, 0x43, 0xf5, 0x43, 0xf5, 0x75, 0xf7, 0x54, 0xf6, 0x65, 0xf7, 0x54, 0xf6,
    0x43, 0xf4, 0x22, 0xf3, 0x43, 0xf4, 0x32, 0xf4, 0x42, 0xf5, 0x42, 0xf6, 0x42, 0xf6, 0x42, 0xf6,
    0x32, 0xf3, 0x31, 0xf4, 0x22, 0xf3, 0x31, 0xf4, 0x42, 0xf5, 0x42, 0xf6, 0x32, 0xf4, 0x43, 0xf5,
    0x42, 0xf5, 0x32, 0xf4, 0x43, 0xf4, 0x32, 0xf5, 0x43, 0xf5, 0x32, 0xf4, 0x32, 0xf5, 0x33, 0xf4,
    0x32, 0xf4, 0x42, 0xf5, 0x32, 0xf5, 0x75, 0xf8, 0x32, 0xf5, 0x54, 0xf6, 0x54, 0xf6, 0x43, 0xf5,
    0x32, 0xf4, 0x54, 0xf5, 0x44, 0xf5, 0x54, 0xf5, 0x55, 0xf6, 0x54, 0xf5, 0x44, 0xf5, 0x44, 0xf5,
    0x44, 0xf5, 0x44, 0xf5, 0x55, 0xf6, 0x54, 0xf6, 0x33, 0xf4, 0x44, 0xf5, 0x44, 0xf5, 0x43, 0xf4,
    0x32, 0xf5, 0x43, 0xf5, 0x64, 0xf8, 0x54, 0xf7, 0x53, 0xf6, 0x64, 0xf8, 0x42, 0xf5, 0x43, 0xf6,
    0x75, 0xf9, 0x64, 0xf7, 0x32, 0xf4, 0x43, 0xf5, 0x43, 0xf6, 0x42, 0xf5, 0x76, 0xf8, 0x43, 0xf5,
    0x64, 0xf7, 0x42, 0xf5, 0x65, 0xf7, 0x54, 0xf7, 0x53, 0xf6, 0x64, 0xf8, 0x64, 0xf8, 0x53, 0xf7,
    0x53, 0xf7, 0x75, 0xf9, 0x53, 0xf7, 0x64, 0xf8, 0x64, 0xf8, 0x64, 0xf7, 0x74, 0xf8, 0x75, 0xf8,
    0x21, 0xf3, 0x32, 0xf4, 0x54, 0xf5, 0x32, 0xf3, 0x87, 0xf9, 0x53, 0xf6, 0x43, 0xf5, 0x43, 0xf5,
    0x76, 0xf8, 0x43, 0xf4, 0x65, 0xf6, 0x32, 0xf3, 0x32, 0xf4, 0x42, 0xf5, 0x32, 0xf4, 0x42, 0xf6,
    0x42, 0xf6, 0x64, 0xf8, 0x53, 0xf6, 0x75, 0xf9, 0x64, 0xf8, 0x86, 0xf9, 0x75, 0xf9, 0x86, 0xf9,
    0x75, 0xf8, 0x75, 0xf9, 0x64, 0xf8, 0x75, 0xf9, 0x86, 0xfa, 0x85, 0xf9, 0x64, 0xf8, 0x74, 0xf9,
    0x54, 0xf7, 0x75, 0xf9, 0x64, 0xf7, 0x75, 0xf8, 0x64, 0xf7, 0x32, 0xf4, 0x21, 0xf3, 0x43, 0xf5,
    0x43, 0xf5, 0x54, 0xf7, 0x43, 0xf5, 0x42, 0xf5, 0x43, 0xf6, 0x32, 0xf4, 0x54, 0xf6, 0x65, 0xf6,
    0x44, 0xf5, 0x65, 0xf7, 0x54, 0xf5, 0x54, 0xf5, 0x54, 0xf6, 0x43, 0xf4, 0x65, 0xf7, 0x33, 0xf4,
    0x33, 0xf4, 0x54, 0xf6, 0x44, 0xf5, 0x32, 0xf4, 0x54, 0xf5, 0x33, 0xf4, 0x32, 0xf4, 0x32, 0xf4,
    0x42, 0xf5, 0x42, 0xf6, 0x53, 0xf7, 0x42, 0xf5, 0x42, 0xf5, 0x54, 0xf6, 0x21, 0xf4, 0x43, 0xf5,
    0x64, 0xf7, 0x31, 0xf3, 0x42, 0xf6, 0x43, 0xf6, 0x32, 0xf4, 0x53, 0xf6, 0x53, 0xf7, 0x53, 0xf7,
    0x32, 0xf4, 0x32, 0xf3, 0x32, 0xf4, 0x43, 0xf5, 0x21, 0xf3, 0x42, 0xf5, 0x54, 0xf6, 0x43, 0xf6,
    0x42, 0xf6, 0x64, 0xf7, 0x43, 0xf5, 0x42, 0xf5, 0x65, 0xf8, 0x43, 0xf6, 0x53, 0xf6, 0x42, 0xf6,
    0x65, 0xf6, 0x43, 0xf4, 0x33, 0xf4, 0x22, 0xf3, 0x31, 0xf4, 0x42, 0xf6, 0x53, 0xf6, 0x53, 0xf7,
    0x22, 0xf3, 0x21, 0xf3, 0x42, 0xf5, 0x21, 0xf3, 0x64, 0xf7, 0x43, 0xf6, 0x32, 0xf4, 0x64, 0xf7,
    0x42, 0xf6, 0x42, 0xf6, 0x42, 0xf6, 0x32, 0xf5, 0x52, 0xf7, 0x63, 0xf8, 0x42, 0xf6, 0x52, 0xf7,
    0x31, 0xf5, 0x42, 0xf5, 0x43, 0xf6, 0x42, 0xf5, 0x42, 0xf5, 0x42, 0xf6, 0x31, 0xf4, 0x42, 0xf6,
    0x42, 0xf5, 0x32, 0xf4, 0x32, 0xf4, 0x54, 0xf6, 0x54, 0xf6, 0x64, 0xf7, 0x54, 0xf6, 0x54, 0xf6,
    0x42, 0xf5, 0x65, 0xf7, 0x42, 0xf6, 0x43, 0xf5, 0x55, 0xf6, 0x54, 0xf6, 0x65, 0xf6, 0x65, 0xf7,
    0x53, 0xf6, 0x43, 0xf6, 0x54, 0xf5, 0x21, 0xf3, 0x42, 0xf5, 0x42, 0xf7, 0x31, 0xf4, 0x53, 0xf7,
    0x65, 0xf6, 0x11, 0xf2, 0x54, 0xf6, 0x21, 0xf3, 0x31, 0xf4, 0x53, 0xf6, 0x32, 0xf5, 0x31, 0xf4,
    0x64, 0xf8, 0x64, 0xf8, 0x64, 0xf7, 0x53, 0xf7, 0x53, 0xf7, 0x86, 0xf9, 0x53, 0xf7, 0x75, 0xf8,
    0x53, 0xf6, 0x63, 0xf7, 0x64, 0xf8, 0x63, 0xf7, 0x74, 0xf8, 0x75, 0xf9, 0x64, 0xf8, 0x75, 0xf8,
    0x86, 0xfa, 0x74, 0xf8, 0x86, 0xf9, 0x64, 0xf8, 0x75, 0xf9, 0x64, 0xf8, 0x75, 0xf9, 0x75, 0xf9,
    0x86, 0xf9, 0x53, 0xf7, 0x75, 0xf9, 0x64, 0xf8, 0x75, 0xf9, 0x75, 0xf9, 0x64, 0xf8, 0x75, 0xf9,
    0x86, 0xf9, 0x74, 0xf8, 0x75, 0xf9, 0x75, 0xf9, 0x75, 0xf9, 0x86, 0xf9, 0x86, 0xfa, 0x86, 0xf9,
    0x75, 0xf9, 0x85, 0xf9, 0x75, 0xf9, 0x75, 0xf9, 0x63, 0xf7, 0x53, 0xf7, 0x42, 0xf6, 0x53, 0xf7,
    0x75, 0xf8, 0x53, 0xf7, 0x64, 0xf7, 0x42, 0xf6, 0x63, 0xf8, 0x74, 0xf9, 0x52, 0xf7, 0x74, 0xf8,
    0x74, 0xf9, 0x63, 0xf8, 0x74, 0xf8, 0x63, 0xf8, 0x42, 0xf6, 0x53, 0xf6, 0x53, 0xf7, 0x43, 0xf6,
    0x64, 0xf7, 0x64, 0xf8, 0x64, 0xf7, 0x53, 0xf7, 0x64, 0xf8, 0x64, 0xf8, 0x64, 0xf8, 0x74, 0xf8,
    0x64, 0xf7, 0x53, 0xf7, 0x74, 0xf8, 0x75, 0xf9, 0x74, 0xf8, 0x86, 0xfa, 0x86, 0xfa, 0x86, 0xfa,
    0x64, 0xf8, 0x53, 0xf6, 0x43, 0xf5, 0x53, 0xf6, 0x21, 0xf3, 0x32, 0xf4, 0x32, 0xf5, 0x32, 0xf4,
    0x53, 0xf6, 0x32, 0xf5, 0x64, 0xf7, 0x31, 0xf4, 0x42, 0xf5, 0x32, 0xf4, 0x21, 0xf2, 0x32, 0xf4,
    0x75, 0xf9, 0x86, 0xf9, 0x85, 0xf9, 0x75, 0xf9, 0x75, 0xf9, 0x75, 0xf9, 0x64, 0xf8, 0x75, 0xf9,
    0x64, 0xf7, 0x64, 0xf8, 0x42, 0xf5, 0x43, 0xf6, 0x64, 0xf7, 0x75, 0xf9, 0x64, 0xf8, 0x75, 0xf8,
    0x64, 0xf7, 0x21, 0xf3, 0x64, 0xf7, 0x21, 0xf3, 0x21, 0xf3, 0x32, 0xf5, 0x31, 0xf4, 0x32, 0xf4,
    0x75, 0xf8, 0x31, 0xf4, 0x42, 0xf5, 0x31, 0xf4, 0x21, 0xf3, 0x43, 0xf4, 0x21, 0xf3, 0x32, 0xf3,
    0x74, 0xf9, 0x64, 0xf8, 0x53, 0xf7, 0x52, 0xf7, 0x32, 0xf5, 0x53, 0xf7, 0x42, 0xf5, 0x42, 0xf6,
    0x53, 0xf7, 0x53, 0xf7, 0x53, 0xf7, 0x52, 0xf7, 0x52, 0xf7, 0x42, 0xf5, 0x42, 0xf6, 0x32, 0xf5,
    0x53, 0xf7, 0x53, 0xf7, 0x32, 0xf5, 0x53, 0xf6, 0x53, 0xf7, 0x53, 0xf7, 0x53, 0xf7, 0x53, 0xf7,
    0x32, 0xf5, 0x43, 0xf6, 0x53, 0xf7, 0x64, 0xf8, 0x53, 0xf7, 0x63, 0xf8, 0x64, 0xf8, 0x53, 0xf8,
    0x52, 0xf7, 0x42, 0xf6, 0x64, 0xf7, 0x42, 0xf6, 0x42, 0xf5, 0x43, 0xf6, 0x42, 0xf6, 0x42, 0xf6,
    0x32, 0xf5, 0x42, 0xf5, 0x32, 0xf4, 0x42, 0xf5, 0x53, 0xf7, 0x42, 0xf6, 0x31, 0xf4, 0x31, 0xf5,
    0x53, 0xf7, 0x53, 0xf7, 0x42, 0xf6, 0x42, 0xf6, 0x53, 0xf7, 0x53, 0xf7, 0x53, 0xf7, 0x52, 0xf7,
    0x42, 0xf6, 0x53, 0xf7, 0x32, 0xf5, 0x32, 0xf5, 0x53, 0xf7, 0x53, 0xf7, 0x42, 0xf6, 0x42, 0xf6,
    0x53, 0xf6, 0x53, 0xf6, 0x53, 0xf7, 0x53, 0xf7, 0x64, 0xf8, 0x64, 0xf7, 0x43, 0xf6, 0x32, 0xf4,
    0x53, 0xf7, 0x42, 0xf6, 0x53, 0xf7, 0x53, 0xf7, 0x54, 0xf7, 0x43, 0xf6, 0x53, 0xf7, 0x43, 0xf6,
    0x21, 0xf3, 0x32, 0xf4, 0x21, 0xf3, 0x54, 0xf7, 0x54, 0xf6, 0x53, 0xf6, 0x75, 0xf8, 0x53, 0xf7,
    0x21, 0xf4, 0x32, 0xf4, 0x42, 0xf6, 0x31, 0xf5, 0x32, 0xf4, 0x42, 0xf5, 0x53, 0xf6, 0x64, 0xf8,
    0x42, 0xf6, 0x53, 0xf7, 0x52, 0xf7, 0x53, 0xf7, 0x63, 0xf8, 0x53, 0xf7, 0x42, 0xf6, 0x64, 0xf7,
    0x42, 0xf6, 0x42, 0xf7, 0x32, 0xf5, 0x42, 0xf6, 0x42, 0xf5, 0x31, 0xf4, 0x42, 0xf6, 0x32, 0xf4,
    0x53, 0xf7, 0x64, 0xf8, 0x64, 0xf8, 0x75, 0xf9, 0x64, 0xf7, 0x64, 0xf7, 0x75, 0xf9, 0x75, 0xf9,
    0x64, 0xf8, 0x75, 0xf8, 0x64, 0xf7, 0x42, 0xf5, 0x64, 0xf8, 0x64, 0xf8, 0x53, 0xf7, 0x53, 0xf6,
    0x53, 0xf6, 0x43, 0xf5, 0x75, 0xf8, 0x32, 0xf4, 0x63, 0xf7, 0x54, 0xf6, 0x42, 0xf6, 0x65, 0xf7,
    0x53, 0xf6, 0x53, 0xf6, 0x64, 0xf7, 0x86, 0xf9, 0x42, 0xf5, 0x53, 0xf6, 0x53, 0xf6, 0x53, 0xf6,
    0x43, 0xf6, 0x54, 0xf6, 0x64, 0xf7, 0x54, 0xf6, 0x64, 0xf8, 0x75, 0xf9, 0x43, 0xf5, 0x75, 0xf9,
    0x64, 0xf7, 0x42, 0xf5, 0x54, 0xf6, 0x32, 0xf4, 0x42, 0xf4, 0x65, 0xf8, 0x32, 0xf4, 0x54, 0xf6,
    0x64, 0xf8, 0x64, 0xf8, 0x64, 0xf8, 0x53, 0xf7, 0x43, 0xf5, 0x53, 0xf6, 0x43, 0xf6, 0x53, 0xf6,
    0x42, 0xf6, 0x42, 0xf5, 0x53, 0xf6, 0x53, 0xf7, 0x43, 0xf6, 0x43, 0xf6, 0x53, 0xf6, 0x32, 0xf4,
    0x43, 0xf6, 0x65, 0xf7, 0x53, 0xf6, 0x65, 0xf7, 0x65, 0xf7, 0x53, 0xf6, 0x86, 0xf9, 0x42, 0xf5,
    0x43, 0xf6, 0x64, 0xf7, 0x64, 0xf7, 0x43, 0xf5, 0x64, 0xf8, 0x43, 0xf5, 0x53, 0xf6, 0x32, 0xf4,
    0x54, 0xf6, 0x32, 0xf4, 0x43, 0xf6, 0x32, 0xf5, 0x43, 0xf6, 0x43, 0xf4, 0x32, 0xf5, 0x31, 0xf4,
    0x42, 0xf5, 0x32, 0xf5, 0x32, 0xf4, 0x32, 0xf4, 0x53, 0xf7, 0x53, 0xf7, 0x52, 0xf6, 0x53, 0xf7,
    0x32, 0xf4, 0x21, 0xf3, 0x42, 0xf5, 0x42, 0xf5, 0x32, 0xf4, 0x32, 0xf4, 0x42, 0xf5, 0x42, 0xf5,
    0x53, 0xf6, 0x52, 0xf7, 0x43, 0xf6, 0x53, 0xf7, 0x52, 0xf7, 0x53, 0xf7, 0x42, 0xf6, 0x64, 0xf8,
    0x32, 0xf5, 0x32, 0xf5, 0x32, 0xf5, 0x42, 0xf5, 0x52, 0xf7, 0x53, 0xf7, 0x53, 0xf7, 0x53, 0xf6,
    0x43, 0xf5, 0x63, 0xf7, 0x42, 0xf5, 0x64, 0xf8, 0x63, 0xf8, 0x74, 0xf9, 0x64, 0xf8, 0x63, 0xf7,
    0x53, 0xf7, 0x43, 0xf6, 0x52, 0xf6, 0x42, 0xf5, 0x32, 0xf5, 0x65, 0xf8, 0x42, 0xf5, 0x53, 0xf7,
    0x42, 0xf6, 0x31, 0xf4, 0x42, 0xf6, 0x42, 0xf6, 0x31, 0xf4, 0x42, 0xf6, 0x32, 0xf5, 0x31, 0xf4,
    0x53, 0xf7, 0x75, 0xf8, 0x63, 0xf7, 0x54, 0xf7, 0x53, 0xf6, 0x42, 0xf5, 0x43, 0xf5, 0x43, 0xf5,
    0x64, 0xf8, 0x54, 0xf6, 0x64, 0xf7, 0x87, 0xf9, 0x43, 0xf5, 0x42, 0xf5, 0x32, 0xf4, 0x21, 0xf2,
    0x53, 0xf6, 0x53, 0xf6, 0x43, 0xf6, 0x64, 0xf7, 0x43, 0xf6, 0x32, 0xf4, 0x53, 0xf6, 0x53, 0xf6,
    0x32, 0xf4, 0x54, 0xf6, 0x43, 0xf5, 0x75, 0xf8, 0x43, 0xf5, 0x65, 0xf8, 0x43, 0xf5, 0x32, 0xf4,
    0x43, 0xf6, 0x76, 0xf9, 0x42, 0xf5, 0x64, 0xf7, 0x42, 0xf5, 0x32, 0xf5, 0x54, 0xf6, 0x53, 0xf6,
    0x42, 0xf5, 0x53, 0xf5, 0x43, 0xf5, 0x54, 0xf6, 0x65, 0xf7, 0x76, 0xf8, 0x65, 0xf7, 0x65, 0xf7,
    0x64, 0xf7, 0x64, 0xf7, 0x53, 0xf6, 0x53, 0xf6, 0x32, 0xf4, 0x32, 0xf4, 0x32, 0xf4, 0x32, 0xf5,
    0x43, 0xf6, 0x53, 0xf7, 0x54, 0xf6, 0x42, 0xf5, 0x42, 0xf5, 0x42, 0xf6, 0x32, 0xf5, 0x42, 0xf6,
    0x53, 0xf7, 0x75, 0xf9, 0x43, 0xf6, 0x53, 0xf7, 0x64, 0xf8, 0x53, 0xf7, 0x64, 0xf8, 0x53, 0xf7,
    0x86, 0xf9, 0x65, 0xf8, 0x64, 0xf7, 0x42, 0xf5, 0x53, 0xf7, 0x53, 0xf7, 0x43, 0xf5, 0x53, 0xf7,
    0x63, 0xf8, 0x63, 0xf7, 0x53, 0xf7, 0x42, 0xf6, 0x43, 0xf6, 0x31, 0xf4, 0x32, 0xf5, 0x31, 0xf5,
    0x32, 0xf5, 0x32, 0xf5, 0x42, 0xf5, 0x42, 0xf5, 0x42, 0xf5, 0x42, 0xf5, 0x42, 0xf5, 0x32, 0xf5,
    0x43, 0xf6, 0x53, 0xf6, 0x32, 0xf4, 0x32, 0xf4, 0x43, 0xf5, 0x64, 0xf7, 0x53, 0xf6, 0x54, 0xf7,
    0x42, 0xf5, 0x43, 0xf5, 0x53, 0xf7, 0x64, 0xf7, 0x32, 0xf5, 0x42, 0xf5, 0x42, 0xf5, 0x43, 0xf5,
    0x42, 0xf6, 0x42, 0xf5, 0x32, 0xf5, 0x42, 0xf5, 0x32, 0xf4, 0x32, 0xf4, 0x43, 0xf5, 0x32, 0xf4,
    0x42, 0xf6, 0x43, 0xf5, 0x43, 0xf6, 0x42, 0xf5, 0x43, 0xf5, 0x32, 0xf4, 0x43, 0xf5, 0x43, 0xf5,
    0x53, 0xf6, 0x43, 0xf5, 0x42, 0xf5, 0x75, 0xf8, 0x43, 0xf5, 0x31, 0xf4, 0x87, 0xf9, 0x32, 0xf4,
    0x42, 0xf5, 0x43, 0xf5, 0x74, 0xf9, 0x31, 0xf4, 0x86, 0xf9, 0x64, 0xf7, 0x54, 0xf6, 0x53, 0xf6,
    0x22, 0xf3, 0x31, 0xf4, 0x32, 0xf4, 0x32, 0xf4, 0x31, 0xf5, 0x53, 0xf6, 0x54, 0xf7, 0x65, 0xf8,
    0x32, 0xf4, 0x53, 0xf6, 0x43, 0xf5, 0x43, 0xf6, 0x53, 0xf7, 0x65, 0xf8, 0x52, 0xf7, 0x42, 0xf6,
    0x43, 0xf6, 0x10, 0xf2, 0x32, 0xf4, 0x21, 0xf4, 0x43, 0xf4, 0x54, 0xf6, 0x53, 0xf6, 0x54, 0xf6,
    0x64, 0xf7, 0x31, 0xf5, 0x53, 0xf7, 0x42, 0xf5, 0x31, 0xf4, 0x54, 0xf6, 0x21, 0xf3, 0x54, 0xf6,
    0x32, 0xf4, 0x32, 0xf4, 0x54, 0xf6, 0x64, 0xf7, 0x21, 0xf3, 0x32, 0xf5, 0x53, 0xf6, 0x43, 0xf5,
    0x76, 0xf7, 0x65, 0xf7, 0x65, 0xf6, 0x65, 0xf6, 0x65, 0xf7, 0x76, 0xf8, 0x65, 0xf6, 0x65, 0xf7,
    0x53, 0xf6, 0x42, 0xf5, 0x64, 0xf7, 0x42, 0xf5, 0x32, 0xf4, 0x43, 0xf5, 0x32, 0xf4, 0x43, 0xf5,
    0x75, 0xf8, 0x32, 0xf4, 0x32, 0xf3, 0x32, 0xf4, 0x33, 0xf4, 0x33, 0xf4, 0x33, 0xf4, 0x32, 0xf3,
    0x33, 0xf4, 0x32, 0xf4, 0x32, 0xf4, 0x53, 0xf6, 0x42, 0xf5, 0x31, 0xf4, 0x52, 0xf6, 0x53, 0xf7,
    0x42, 0xf5, 0x43, 0xf6, 0x64, 0xf7, 0x54, 0xf7, 0x42, 0xf6, 0x64, 0xf8, 0x42, 0xf5, 0x43, 0xf5,
    0x32, 0xf3, 0x32, 0xf5, 0x54, 0xf6, 0x54, 0xf6, 0x64, 0xf7, 0x54, 0xf7, 0x32, 0xf4, 0x42, 0xf5,
    0x76, 0xf8, 0x76, 0xf8, 0x65, 0xf7, 0x76, 0xf8, 0x32, 0xf4, 0x32, 0xf5, 0x54, 0xf6, 0x21, 0xf3,
    0x65, 0xf7, 0x65, 0xf7, 0x21, 0xf3, 0x32, 0xf4, 0x32, 0xf4, 0x43, 0xf5, 0x42, 0xf5, 0x53, 0xf6,
    0x32, 0xf4, 0x42, 0xf5, 0x42, 0xf5, 0x42, 0xf5, 0x42, 0xf5, 0x64, 0xf8, 0x42, 0xf6, 0x53, 0xf6,
    0x42, 0xf5, 0x42, 0xf5, 0x31, 0xf5, 0x41, 0xf5, 0x21, 0xf3, 0x54, 0xf6, 0x54, 0xf6, 0x65, 0xf7,
    0x32, 0xf5, 0x42, 0xf6, 0x31, 0xf4, 0x32, 0xf5, 0x65, 0xf7, 0x75, 0xf7, 0x65, 0xf7, 0x76, 0xf7,
    0x54, 0xf6, 0x65, 0xf6, 0x65, 0xf6, 0x65, 0xf7, 0x54, 0xf6, 0x65, 0xf7, 0x64, 0xf7, 0x65, 0xf7,
    0x76, 0xf8, 0x76, 0xf8, 0x76, 0xf7, 0x75, 0xf7, 0x97, 0xf9, 0x65, 0xf7, 0x87, 0xf9, 0x87, 0xf9,
    0x21, 0xf3, 0x42, 0xf5, 0x32, 0xf4, 0x65, 0xf7, 0x65, 0xf7, 0x65, 0xf7, 0x86, 0xf9, 0x65, 0xf7,
    0x32, 0xf4, 0x75, 0xf8, 0x32, 0xf4, 0x53, 0xf6, 0x87, 0xf9, 0x76, 0xf8, 0x43, 0xf5, 0x54, 0xf6,
    0x65, 0xf6, 0x54, 0xf6, 0x54, 0xf6, 0x54, 0xf6, 0x65, 0xf6, 0x76, 0xf8, 0x43, 0xf5, 0x43, 0xf5,
    0x76, 0xf8, 0x65, 0xf7, 0x65, 0xf7, 0x32, 0xf4, 0x32, 0xf4, 0x43, 0xf5, 0x21, 0xf3, 0x43, 0xf5,
    0x75, 0xf7, 0x76, 0xf7, 0x65, 0xf7, 0x65, 0xf6, 0x43, 0xf4, 0x21, 0xf3, 0x32, 0xf3, 0x21, 0xf4,
    0x54, 0xf5, 0x43, 0xf4, 0x65, 0xf7, 0x32, 0xf3, 0x32, 0xf4, 0x31, 0xf5, 0x32, 0xf4, 0x42, 0xf6,
    0x42, 0xf5, 0x43, 0xf6, 0x32, 0xf5, 0x32, 0xf4, 0x42, 0xf5, 0x43, 0xf5, 0x42, 0xf5, 0x43, 0xf5,
    0x21, 0xf4, 0x32, 0xf5, 0x43, 0xf6, 0x43, 0xf5, 0x32, 0xf4, 0x43, 0xf6, 0x42, 0xf5, 0x42, 0xf5,
    0x54, 0xf6, 0x21, 0xf3, 0x32, 0xf3, 0x31, 0xf4, 0x52, 0xf6, 0x53, 0xf7, 0x43, 0xf6, 0x53, 0xf6,
    0x32, 0xf4, 0x32, 0xf4, 0x55, 0xf6, 0x44, 0xf5, 0x32, 0xf4, 0x42, 0xf5, 0x33, 0xf3, 0x22, 0xf3,
    0x54, 0xf7, 0x64, 0xf7, 0x64, 0xf7, 0x43, 0xf5, 0x43, 0xf5, 0x32, 0xf4, 0x32, 0xf4, 0x32, 0xf4,
    0x53, 0xf6, 0x31, 0xf4, 0x21, 0xf3, 0x32, 0xf4, 0x32, 0xf4, 0x32, 0xf4, 0x32, 0xf4, 0x54, 0xf7,
    0x22, 0xf3, 0x42, 0xf5, 0x43, 0xf5, 0x32, 0xf5, 0x64, 0xf7, 0x42, 0xf6, 0x42, 0xf5, 0x42, 0xf6,
    0x65, 0xf7, 0x32, 0xf4, 0x54, 0xf5, 0x43, 0xf5, 0x32, 0xf4, 0x42, 0xf6, 0x42, 0xf5, 0x53, 0xf6,
    0x32, 0xf4, 0x53, 0xf7, 0x42, 0xf6, 0x43, 0xf6, 0x53, 0xf6, 0x21, 0xf3, 0x43, 0xf6, 0x32, 0xf4,
    0x53, 0xf7, 0x43, 0xf6, 0x54, 0xf7, 0x53, 0xf7, 0x42, 0xf6, 0x64, 0xf7, 0x42, 0xf5, 0x63, 0xf8,
    0x32, 0xf4, 0x43, 0xf5, 0x42, 0xf5, 0x53, 0xf6, 0x53, 0xf6, 0x53, 0xf6, 0x43, 0xf6, 0x43, 0xf6,
    0x53, 0xf6, 0x53, 0xf7, 0x53, 0xf7, 0x43, 0xf5, 0x54, 0xf7, 0x43, 0xf6, 0x43, 0xf5, 0x53, 0xf6,
    0x53, 0xf7, 0x53, 0xf6, 0x42, 0xf6, 0x42, 0xf6, 0x53, 0xf6, 0x42, 0xf6, 0x53, 0xf7, 0x52, 0xf7,
    0x42, 0xf6, 0x42, 0xf5, 0x43, 0xf6, 0x54, 0xf7, 0x53, 0xf7, 0x42, 0xf6, 0x64, 0xf8, 0x42, 0xf6,
    0x21, 0xf3, 0x42, 0xf6, 0x32, 0xf3, 0x43, 0xf5, 0x63, 0xf7, 0x54, 0xf6, 0x53, 0xf6, 0x64, 0xf7,
    0x53, 0xf6, 0x53, 0xf7, 0x53, 0xf7, 0x63, 0xf7, 0x63, 0xf8, 0x43, 0xf6, 0x63, 0xf8, 0x32, 0xf5,
    0x32, 0xf5, 0x42, 0xf6, 0x64, 0xf7, 0x53, 0xf6, 0x64, 0xf8, 0x53, 0xf6, 0x64, 0xf8, 0x64, 0xf8,
    0x54, 0xf6, 0x53, 0xf6, 0x32, 0xf4, 0x42, 0xf6, 0x54, 0xf6, 0x64, 0xf8, 0x64, 0xf7, 0x53, 0xf6,
    0x53, 0xf6, 0x76, 0xf8, 0x42, 0xf6, 0x64, 0xf7, 0x53, 0xf7, 0x53, 0xf7, 0x53, 0xf7, 0x53, 0xf7,
    0x53, 0xf7, 0x53, 0xf6, 0x53, 0xf6, 0x75, 0xf8, 0x42, 0xf5, 0x42, 0xf6, 0x75, 0xf9, 0x53, 0xf7,
    0x42, 0xf6, 0x53, 0xf7, 0x53, 0xf6, 0x42, 0xf5, 0x53, 0xf7, 0x42, 0xf6, 0x42, 0xf6, 0x42, 0xf6,
    0x42, 0xf6, 0x42, 0xf5, 0x53, 0xf6, 0x64, 0xf7, 0x42, 0xf5, 0x43, 0xf6, 0x43, 0xf6, 0x53, 0xf6,
    0x54, 0xf7, 0x32, 0xf4, 0x54, 0xf7, 0x53, 0xf7, 0x33, 0xf4, 0x43, 0xf5, 0x54, 0xf6, 0x42, 0xf5,
    0x43, 0xf6, 0x53, 0xf7, 0x53, 0xf6, 0x53, 0xf6, 0x53, 0xf7, 0x42, 0xf6, 0x53, 0xf7, 0x53, 0xf7,
    0x43, 0xf6, 0x42, 0xf5, 0x43, 0xf6, 0x42, 0xf5, 0x42, 0xf5, 0x53, 0xf6, 0x32, 0xf4, 0x54, 0xf7,
    0x42, 0xf6, 0x53, 0xf7, 0x53, 0xf7, 0x65, 0xf8, 0x53, 0xf7, 0x31, 0xf4, 0x64, 0xf7, 0x31, 0xf4,
    0x54, 0xf6, 0x53, 0xf6, 0x43, 0xf6, 0x42, 0xf6, 0x42, 0xf6, 0x42, 0xf6, 0x32, 0xf5, 0x53, 0xf7,
    0x42, 0xf5, 0x42, 0xf5, 0x32, 0xf4, 0x32, 0xf4, 0x42, 0xf5, 0x32, 0xf5, 0x32, 0xf4, 0x43, 0xf5,
    0x53, 0xf7, 0x76, 0xf9, 0x53, 0xf6, 0x43, 0xf5, 0x64, 0xf7, 0x21, 0xf3, 0x32, 0xf4, 0x32, 0xf4,
    0x43, 0xf5, 0x33, 0xf4, 0x44, 0xf5, 0x44, 0xf5, 0x54, 0xf6, 0x53, 0xf6, 0x55, 0xf6, 0x42, 0xf5,
    0x42, 0xf5, 0x86, 0xf9, 0x53, 0xf6, 0x76, 0xf8, 0x64, 0xf7, 0x64, 0xf8, 0x54, 0xf6, 0x54, 0xf6,
    0x32, 0xf4, 0x53, 0xf7, 0x43, 0xf4, 0x54, 0xf6, 0x65, 0xf7, 0x53, 0xf6, 0x53, 0xf6, 0x53, 0xf6,
    0x53, 0xf6, 0x42, 0xf5, 0x42, 0xf5, 0x31, 0xf4, 0x64, 0xf7, 0x64, 0xf7, 0x32, 0xf5, 0x32, 0xf5,
    0x43, 0xf6, 0x43, 0xf6, 0x53, 0xf6, 0x53, 0xf7, 0x53, 0xf6, 0x43, 0xf6, 0x53, 0xf7, 0x53, 0xf6,
    0x43, 0xf4, 0x32, 0xf4, 0x32, 0xf4, 0x32, 0xf4, 0x64, 0xf7, 0x65, 0xf8, 0x53, 0xf6, 0x53, 0xf6,
    0x53, 0xf7, 0x43, 0xf6, 0x53, 0xf7, 0x43, 0xf6, 0x43, 0xf6, 0x43, 0xf5, 0x43, 0xf5, 0x32, 0xf4,
    0x53, 0xf6, 0x75, 0xf8, 0x32, 0xf4, 0x53, 0xf6, 0x53, 0xf6, 0x42, 0xf5, 0x32, 0xf5, 0x63, 0xf7,
    0x32, 0xf4, 0x43, 0xf5, 0x42, 0xf5, 0x74, 0xf8, 0x32, 0xf5, 0x43, 0xf6, 0x65, 0xf8, 0x53, 0xf6,
    0x43, 0xf6, 0x53, 0xf6, 0x53, 0xf7, 0x64, 0xf8, 0x74, 0xf9, 0x74, 0xf8, 0x64, 0xf8, 0x53, 0xf7,
    0x63, 0xf9, 0x63, 0xf8, 0x53, 0xf7, 0x53, 0xf6, 0x63, 0xf8, 0x53, 0xf7, 0x53, 0xf7, 0x64, 0xf7,
    0x53, 0xf6, 0x54, 0xf6, 0x64, 0xf8, 0x76, 0xf8, 0x64, 0xf7, 0x86, 0xf9, 0x64, 0xf7, 0x64, 0xf7,
    0x64, 0xf8, 0x64, 0xf7, 0x75, 0xf8, 0x53, 0xf7, 0x76, 0xf8, 0x64, 0xf7, 0x74, 0xf8, 0x75, 0xf8,
    0x43, 0xf6, 0x53, 0xf6, 0x54, 0xf6, 0x65, 0xf7, 0x42, 0xf6, 0x42, 0xf6, 0x31, 0xf4, 0x42, 0xf6,
    0x54, 0xf6, 0x53, 0xf6, 0x53, 0xf6, 0x53, 0xf6, 0x43, 0xf5, 0x54, 0xf5, 0x43, 0xf5, 0x43, 0xf4,
    0x75, 0xf8, 0x64, 0xf8, 0x53, 0xf7, 0x54, 0xf7, 0x53, 0xf7, 0x63, 0xf7, 0x64, 0xf7, 0x64, 0xf8,
    0x32, 0xf4, 0x32, 0xf4, 0x32, 0xf4, 0x32, 0xf4, 0x43, 0xf6, 0x64, 0xf7, 0x32, 0xf5, 0x31, 0xf4,
    0x75, 0xf8, 0x42, 0xf5, 0x87, 0xf9, 0x86, 0xf9, 0x32, 0xf4, 0x43, 0xf5, 0x42, 0xf5, 0x42, 0xf5,
    0x64, 0xf7, 0x43, 0xf5, 0x65, 0xf7, 0x21, 0xf3, 0x32, 0xf4, 0x32, 0xf5, 0x32, 0xf4, 0x42, 0xf6,
    0x42, 0xf5, 0x32, 0xf4, 0x53, 0xf6, 0x33, 0xf4, 0x43, 0xf5, 0x53, 0xf7, 0x43, 0xf5, 0x53, 0xf7,
    0x53, 0xf6, 0x42, 0xf5, 0x64, 0xf8, 0x43, 0xf5, 0x54, 0xf6, 0x65, 0xf8, 0x43, 0xf5, 0x54, 0xf5,
    0x43, 0xf5, 0x42, 0xf5, 0x42, 0xf5, 0x53, 0xf6, 0x64, 0xf9, 0x53, 0xf6, 0x64, 0xf7, 0x53, 0xf6,
    0x53, 0xf7, 0x64, 0xf7, 0x64, 0xf7, 0x75, 0xf8, 0x54, 0xf6, 0x54, 0xf6, 0x43, 0xf5, 0x43, 0xf5,
    0x43, 0xf5, 0x43, 0xf5, 0x54, 0xf6, 0x42, 0xf5, 0x43, 0xf5, 0x32, 0xf4, 0x53, 0xf6, 0x42, 0xf6,
    0x54, 0xf6, 0x43, 0xf5, 0x44, 0xf5, 0x65, 0xf7, 0x32, 0xf4, 0x21, 0xf3, 0x32, 0xf4, 0x53, 0xf6,
    0x32, 0xf5, 0x42, 0xf5, 0x42, 0xf5, 0x43, 0xf5, 0x32, 0xf4, 0x21, 0xf3, 0x43, 0xf5, 0x53, 0xf6,
    0x75, 0xf8, 0x65, 0xf7, 0x64, 0xf8, 0x43, 0xf5, 0x42, 0xf4, 0x43, 0xf5, 0x32, 0xf4, 0x54, 0xf6,
    0x32, 0xf4, 0x43, 0xf5, 0x43, 0xf5, 0x54, 0xf6, 0x32, 0xf4, 0x42, 0xf5, 0x32, 0xf4, 0x31, 0xf4,
    0x43, 0xf5, 0x44, 0xf5, 0x32, 0xf4, 0x32, 0xf4, 0x32, 0xf3, 0x32, 0xf4, 0x32, 0xf4, 0x32, 0xf4,
    0x53, 0xf6, 0x54, 0xf6, 0x43, 0xf6, 0x42, 0xf5, 0x43, 0xf5, 0x54, 0xf6, 0x42, 0xf4, 0x54, 0xf5,
    0x32, 0xf4, 0x32, 0xf4, 0x21, 0xf3, 0x21, 0xf3, 0x32, 0xf4, 0x43, 0xf5, 0x53, 0xf7, 0x53, 0xf6,
    0x54, 0xf5, 0x32, 0xf4, 0x43, 0xf5, 0x43, 0xf6, 0x32, 0xf3, 0x22, 0xf3, 0x54, 0xf5, 0x54, 0xf5,
    0x43, 0xf5, 0x54, 0xf6, 0x43, 0xf6, 0x64, 0xf7, 0x65, 0xf6, 0x65, 0xf7, 0x54, 0xf6, 0x65, 0xf7,
    0x54, 0xf6, 0x54, 0xf6, 0x43, 0xf5, 0x54, 0xf6, 0x43, 0xf5, 0x43, 0xf4, 0x54, 0xf6, 0x54, 0xf6,
    0x32, 0xf4, 0x43, 0xf6, 0x32, 0xf4, 0x42, 0xf5, 0x43, 0xf5, 0x64, 0xf6, 0x53, 0xf6, 0x64, 0xf7,
    0x54, 0xf5, 0x65, 0xf7, 0x43, 0xf5, 0x32, 0xf4, 0x32, 0xf5, 0x42, 0xf5, 0x43, 0xf5, 0x53, 0xf7,
    0x54, 0xf6, 0x11, 0xf2, 0x32, 0xf4, 0x21, 0xf3, 0x43, 0xf6, 0x64, 0xf8, 0x53, 0xf6, 0x54, 0xf7,
    0x32, 0xf4, 0x32, 0xf4, 0x54, 0xf6, 0x54, 0xf6, 0x32, 0xf3, 0x32, 0xf4, 0x42, 0xf4, 0x54, 0xf6,
    0x64, 0xf7, 0x64, 0xf6, 0x65, 0xf7, 0x54, 0xf6, 0x65, 0xf7, 0x65, 0xf7, 0x65, 0xf7, 0x76, 0xf8,
    0x32, 0xf4, 0x32, 0xf4, 0x54, 0xf6, 0x75, 0xf8, 0x32, 0xf4, 0x32, 0xf4, 0x54, 0xf6, 0x54, 0xf6,
    0x55, 0xf6, 0x75, 0xf8, 0x54, 0xf5, 0x54, 0xf6, 0x75, 0xf7, 0x65, 0xf7, 0x65, 0xf7, 0x76, 0xf7,
    0x32, 0xf4, 0x33, 0xf4, 0x21, 0xf3, 0x44, 0xf5, 0x43, 0xf4, 0x43, 0xf5, 0x43, 0xf4, 0x43, 0xf5,
    0x43, 0xf5, 0x32, 0xf4, 0x75, 0xf8, 0x53, 0xf6, 0x32, 0xf4, 0x43, 0xf5, 0x21, 0xf3, 0x21, 0xf3,
    0x54, 0xf6, 0x54, 0xf5, 0x54, 0xf6, 0x43, 0xf5, 0x43, 0xf4, 0x53, 0xf6, 0x32, 0xf4, 0x53, 0xf7,
    0x43, 0xf5, 0x43, 0xf5, 0x42, 0xf5, 0x32, 0xf4, 0x42, 0xf5, 0x32, 0xf5, 0x32, 0xf5, 0x42, 0xf5,
    0x65, 0xf7, 0x75, 0xf8, 0x65, 0xf7, 0x64, 0xf7, 0x43, 0xf5, 0x11, 0xf2, 0x65, 0xf7, 0x32, 0xf3,
    0x65, 0xf7, 0x64, 0xf7, 0x65, 0xf7, 0x65, 0xf7, 0x76, 0xf8, 0x54, 0xf5, 0x64, 0xf7, 0x54, 0xf6,
    0x32, 0xf5, 0x32, 0xf4, 0x31, 0xf4, 0x32, 0xf5, 0x32, 0xf5, 0x42, 0xf5, 0x32, 0xf4, 0x42, 0xf5,
    0x32, 0xf4, 0x32, 0xf4, 0x21, 0xf3, 0x32, 0xf5, 0x32, 0xf4, 0x32, 0xf4, 0x32, 0xf4, 0x43, 0xf6,
    0x53, 0xf7, 0x32, 0xf4, 0x53, 0xf6, 0x32, 0xf5, 0x32, 0xf4, 0x32, 0xf5, 0x32, 0xf5, 0x53, 0xf6,
    0x53, 0xf7, 0x32, 0xf5, 0x54, 0xf6, 0x31, 0xf4, 0x42, 0xf5, 0x63, 0xf8, 0x32, 0xf5, 0x65, 0xf8,
    0x53, 0xf7, 0x64, 0xf8, 0x53, 0xf7, 0x64, 0xf7, 0x65, 0xf8, 0x75, 0xf8, 0x64, 0xf7, 0x53, 0xf6,
    0x64, 0xf8, 0x64, 0xf8, 0x75, 0xf9, 0x64, 0xf8, 0x54, 0xf6, 0x32, 0xf4, 0x75, 0xf8, 0x54, 0xf7,
    0x43, 0xf5, 0x43, 0xf6, 0x53, 0xf6, 0x53, 0xf7, 0x42, 0xf5, 0x53, 0xf6, 0x32, 0xf4, 0x42, 0xf6,
    0x42, 0xf5, 0x53, 0xf6, 0x43, 0xf6, 0x42, 0xf6, 0x32, 0xf4, 0x43, 0xf5, 0x53, 0xf6, 0x33, 0xf4,
    0x64, 0xf8, 0x53, 0xf7, 0x53, 0xf7, 0x53, 0xf7, 0x64, 0xf7, 0x65, 0xf8, 0x53, 0xf6, 0x42, 0xf5,
    0x42, 0xf6, 0x32, 0xf5, 0x43, 0xf5, 0x32, 0xf4, 0x32, 0xf4, 0x32, 0xf4, 0x32, 0xf4, 0x43, 0xf5,
    0x65, 0xf7, 0x64, 0xf7, 0x64, 0xf7, 0x76, 0xf8, 0x54, 0xf7, 0x54, 0xf6, 0x87, 0xf9, 0x43, 0xf5,
    0x43, 0xf5, 0x64, 0xf7, 0x43, 0xf5, 0x42, 0xf5, 0x55, 0xf6, 0x11, 0xf1, 0x32, 0xf4, 0x42, 0xf5,
    0x21, 0xf3, 0x42, 0xf5, 0x31, 0xf4, 0x53, 0xf6, 0x32, 0xf4, 0x53, 0xf6, 0x42, 0xf5, 0x42, 0xf6,
    0x42, 0xf6, 0x53, 0xf7, 0x54, 0xf7, 0x53, 0xf6, 0x32, 0xf5, 0x32, 0xf4, 0x32, 0xf4, 0x32, 0xf4,
    0x32, 0xf5, 0x53, 0xf7, 0x32, 0xf5, 0x43, 0xf6, 0x53, 0xf7, 0x53, 0xf6, 0x43, 0xf6, 0x43, 0xf5,
    0x32, 0xf5, 0x32, 0xf4, 0x32, 0xf4, 0x42, 0xf6, 0x42, 0xf5, 0x65, 0xf7, 0x53, 0xf7, 0x75, 0xf8,
    0x65, 0xf7, 0x64, 0xf7, 0x75, 0xf8, 0x86, 0xf9, 0x43, 0xf6, 0x76, 0xf8, 0x75, 0xf8, 0x87, 0xf9,
    0x87, 0xf9, 0x76, 0xf8, 0x86, 0xf9, 0x54, 0xf7, 0x65, 0xf8, 0x86, 0xf9, 0x64, 0xf7, 0x75, 0xf8,
    0x53, 0xf6, 0x42, 0xf5, 0x42, 0xf5, 0x42, 0xf5, 0x54, 0xf7, 0x54, 0xf5, 0x54, 0xf7, 0x54, 0xf6,
    0x32, 0xf4, 0x43, 0xf6, 0x42, 0xf5, 0x53, 0xf6, 0x53, 0xf7, 0x32, 0xf4, 0x43, 0xf5, 0x21, 0xf3,
    0x43, 0xf5, 0x43, 0xf5, 0x32, 0xf3, 0x32, 0xf4, 0x54, 0xf6, 0x53, 0xf6, 0x42, 0xf5, 0x32, 0xf4,
    0x32, 0xf4, 0x32, 0xf4, 0x43, 0xf6, 0x42, 0xf5, 0x54, 0xf6, 0x43, 0xf5, 0x42, 0xf5, 0x43, 0xf6,
    0x76, 0xf8, 0x54, 0xf7, 0x86, 0xf9, 0x64, 0xf7, 0x43, 0xf5, 0x21, 0xf2, 0x43, 0xf5, 0x21, 0xf3,
    0x54, 0xf6, 0x53, 0xf6, 0x54, 0xf6, 0x43, 0xf6, 0x43, 0xf6, 0x53, 0xf6, 0x21, 0xf3, 0x53, 0xf6,
    0x32, 0xf4, 0x32, 0xf4, 0x21, 0xf3, 0x54, 0xf6, 0x31, 0xf4, 0x42, 0xf5, 0x32, 0xf5, 0x42, 0xf5,
    0x64, 0xf7, 0x54, 0xf6, 0x75, 0xf8, 0x54, 0xf6, 0x53, 0xf6, 0x53, 0xf6, 0x43, 0xf6, 0x63, 0xf8,
    0x64, 0xf7, 0x42, 0xf5, 0x65, 0xf8, 0x31, 0xf4, 0x53, 0xf7, 0x32, 0xf4, 0x42, 0xf5, 0x42, 0xf5,
    0x53, 0xf6, 0x21, 0xf3, 0x42, 0xf5, 0x21, 0xf2, 0x32, 0xf5, 0x32, 0xf5, 0x32, 0xf4, 0x42, 0xf5,
    0x32, 0xf4, 0x54, 0xf7, 0x32, 0xf5, 0x43, 0xf6, 0x75, 0xf8, 0x76, 0xf7, 0x75, 0xf8, 0x65, 0xf6,
    0x42, 0xf5, 0x53, 0xf6, 0x53, 0xf6, 0x54, 0xf6, 0x54, 0xf6, 0x66, 0xf7, 0x54, 0xf6, 0x54, 0xf6,
    0x21, 0xf3, 0x43, 0xf5, 0x21, 0xf3, 0x75, 0xf8, 0x43, 0xf6, 0x32, 0xf4, 0x43, 0xf5, 0x43, 0xf5,
    0x32, 0xf4, 0x43, 0xf5, 0x42, 0xf5, 0x32, 0xf4, 0x43, 0xf5, 0x43, 0xf5, 0x43, 0xf5, 0x53, 0xf6,
    0x54, 0xf6, 0x54, 0xf6, 0x54, 0xf6, 0x54, 0xf5, 0x54, 0xf6, 0x54, 0xf6, 0x55, 0xf6, 0x65, 0xf7,
    0x53, 0xf6, 0x64, 0xf6, 0x64, 0xf7, 0x65, 0xf7, 0x65, 0xf6, 0x65, 0xf7, 0x65, 0xf7, 0x65, 0xf6,
    0x54, 0xf6, 0x76, 0xf8, 0x65, 0xf6, 0x76, 0xf8, 0x65, 0xf7, 0x55, 0xf6, 0x65, 0xf6, 0x54, 0xf5,
    0x65, 0xf6, 0x54, 0xf5, 0x65, 0xf6, 0x65, 0xf6, 0x54, 0xf6, 0x76, 0xf8, 0x65, 0xf7, 0x76, 0xf8,
    0x54, 0xf6, 0x54, 0xf5, 0x54, 0xf6, 0x54, 0xf5, 0x65, 0xf7, 0x76, 0xf8, 0x87, 0xf9, 0x76, 0xf7,
    0x54, 0xf5, 0x65, 0xf6, 0x65, 0xf7, 0x76, 0xf8, 0x76, 0xf8, 0x65, 0xf6, 0x54, 0xf5, 0x65, 0xf6,
    0x65, 0xf7, 0x65, 0xf7, 0x65, 0xf6, 0x65, 0xf6, 0x65, 0xf7, 0x65, 0xf7, 0x65, 0xf6, 0x76, 0xf8,
    0x76, 0xf7, 0x65, 0xf6, 0x55, 0xf6, 0x65, 0xf6, 0x65, 0xf6, 0x65, 0xf7, 0x55, 0xf6, 0x76, 0xf7,
    0x87, 0xf9, 0x76, 0xf8, 0x76, 0xf7, 0x44, 0xf5, 0x44, 0xf5, 0x54, 0xf6, 0x65, 0xf6, 0x65, 0xf6,
    0x76, 0xf8, 0x65, 0xf6, 0x76, 0xf8, 0x65, 0xf7, 0x65, 0xf6, 0x65, 0xf6, 0x76, 0xf7, 0x66, 0xf7,
    0x42, 0xf5, 0x43, 0xf5, 0x54, 0xf7, 0x64, 0xf7, 0x43, 0xf5, 0x43, 0xf5, 0x65, 0xf7, 0x54, 0xf6,
    0x43, 0xf5, 0x53, 0xf6, 0x32, 0xf4, 0x54, 0xf7, 0x54, 0xf5, 0x54, 0xf5, 0x32, 0xf5, 0x42, 0xf5,
    0x65, 0xf7, 0x65, 0xf7, 0x65, 0xf6, 0x64, 0xf6, 0x54, 0xf7, 0x65, 0xf7, 0x54, 0xf5, 0x43, 0xf5,
    0x54, 0xf5, 0x54, 0xf5, 0x43, 0xf5, 0x32, 0xf4, 0x44, 0xf5, 0x43, 0xf4, 0x32, 0xf4, 0x54, 0xf6,
    0x54, 0xf6, 0x75, 0xf8, 0x76, 0xf8, 0x64, 0xf7, 0x32, 0xf5, 0x42, 0xf5, 0x21, 0xf4, 0x42, 0xf5,
    0x42, 0xf5, 0x32, 0xf4, 0x42, 0xf5, 0x32, 0xf4, 0x32, 0xf4, 0x54, 0xf6, 0x54, 0xf6, 0x54, 0xf6,
    0x42, 0xf6, 0x53, 0xf6, 0x42, 0xf6, 0x42, 0xf6, 0x54, 0xf6, 0x65, 0xf6, 0x43, 0xf5, 0x33, 0xf4,
    0x43, 0xf5, 0x64, 0xf7, 0x21, 0xf3, 0x54, 0xf6, 0x43, 0xf6, 0x32, 0xf5, 0x43, 0xf5, 0x32, 0xf4,
    0x54, 0xf5, 0x65, 0xf6, 0x43, 0xf5, 0x65, 0xf7, 0x65, 0xf6, 0x65, 0xf6, 0x65, 0xf6, 0x55, 0xf6,
    0x54, 0xf6, 0x65, 0xf6, 0x64, 0xf7, 0x64, 0xf7, 0x65, 0xf6, 0x66, 0xf7, 0x65, 0xf6, 0x76, 0xf7,
    0x65, 0xf7, 0x65, 0xf6, 0x55, 0xf6, 0x65, 0xf6, 0x76, 0xf7, 0x76, 0xf7, 0x76, 0xf7, 0x65, 0xf6,
    0x65, 0xf6, 0x66, 0xf7, 0x76, 0xf7, 0x76, 0xf7, 0x66, 0xf7, 0x66, 0xf7, 0x65, 0xf6, 0x65, 0xf7,
    0x54, 0xf5, 0x54, 0xf6, 0x44, 0xf4, 0x54, 0xf5, 0x65, 0xf6, 0x65, 0xf7, 0x65, 0xf6, 0x65, 0xf6,
    0x43, 0xf5, 0x54, 0xf5, 0x42, 0xf5, 0x42, 0xf5, 0x55, 0xf6, 0x54, 0xf5, 0x54, 0xf7, 0x54, 0xf6,
    0x76, 0xf7, 0x65, 0xf7, 0x65, 0xf6, 0x65, 0xf6, 0x54, 0xf5, 0x54, 0xf5, 0x65, 0xf7, 0x55, 0xf6,
    0x65, 0xf6, 0x55, 0xf6, 0x44, 0xf5, 0x33, 0xf4, 0x54, 0xf5, 0x32, 0xf3, 0x21, 0xf2, 0x22, 0xf3,
    0x63, 0xf8, 0x63, 0xf8, 0x53, 0xf7, 0x64, 0xf9, 0x63, 0xf8, 0x64, 0xf8, 0x63, 0xf8, 0x74, 0xf9,
    0x42, 0xf5, 0x42, 0xf6, 0x42, 0xf5, 0x54, 0xf6, 0x63, 0xf8, 0x53, 0xf7, 0x43, 0xf6, 0x42, 0xf5,
    0x74, 0xf9, 0x43, 0xf6, 0x74, 0xf9, 0x31, 0xf4, 0x43, 0xf6, 0x42, 0xf5, 0x42, 0xf5, 0x53, 0xf6,
    0x42, 0xf6, 0x64, 0xf7, 0x32, 0xf4, 0x64, 0xf7, 0x54, 0xf6, 0x54, 0xf6, 0x53, 0xf6, 0x43, 0xf6,
    0x53, 0xf6, 0x54, 0xf6, 0x42, 0xf5, 0x32, 0xf4, 0x54, 0xf6, 0x43, 0xf5, 0x43, 0xf5, 0x32, 0xf3,
    0x43, 0xf5, 0x55, 0xf6, 0x65, 0xf7, 0x65, 0xf6, 0x65, 0xf7, 0x44, 0xf5, 0x65, 0xf6, 0x65, 0xf7,
    0x43, 0xf4, 0x43, 0xf5, 0x43, 0xf4, 0x44, 0xf5, 0x42, 0xf5, 0x43, 0xf5, 0x43, 0xf5, 0x75, 0xf8,
    0x22, 0xf3, 0x21, 0xf3, 0x33, 0xf4, 0x21, 0xf3, 0x32, 0xf4, 0x65, 0xf7, 0x32, 0xf4, 0x54, 0xf7,
    0x43, 0xf5, 0x53, 0xf7, 0x31, 0xf3, 0x54, 0xf7, 0x64, 0xf7, 0x42, 0xf4, 0x54, 0xf6, 0x21, 0xf3,
    0x43, 0xf5, 0x65, 0xf7, 0x54, 0xf6, 0x54, 0xf6, 0x65, 0xf7, 0x43, 0xf4, 0x65, 0xf7, 0x64, 0xf7,
    0x54, 0xf6, 0x54, 0xf5, 0x43, 0xf5, 0x54, 0xf6, 0x44, 0xf5, 0x44, 0xf5, 0x32, 0xf4, 0x32, 0xf4,
    0x54, 0xf6, 0x75, 0xf8, 0x21, 0xf3, 0x42, 0xf5, 0x32, 0xf5, 0x32, 0xf4, 0x42, 0xf5, 0x53, 0xf6,
    0x54, 0xf6, 0x64, 0xf7, 0x53, 0xf6, 0x54, 0xf6, 0x64, 0xf7, 0x65, 0xf7, 0x54, 0xf6, 0x64, 0xf7,
    0x65, 0xf7, 0x64, 0xf7, 0x64, 0xf7, 0x64, 0xf7, 0x54, 0xf6, 0x64, 0xf7, 0x64, 0xf7, 0x31, 0xf4,
    0x43, 0xf5, 0x42, 0xf5, 0x54, 0xf6, 0x54, 0xf6, 0x43, 0xf5, 0x32, 0xf4, 0x65, 0xf7, 0x43, 0xf5,
    0x43, 0xf5, 0x43, 0xf5, 0x32, 0xf4, 0x32, 0xf5, 0x65, 0xf7, 0x64, 0xf7, 0x54, 0xf6, 0x54, 0xf6,
    0x65, 0xf7, 0x65, 0xf7, 0x64, 0xf7, 0x65, 0xf7, 0x44, 0xf5, 0x55, 0xf6, 0x65, 0xf6, 0x44, 0xf5,
    0x53, 0xf7, 0x43, 0xf5, 0x43, 0xf6, 0x43, 0xf5, 0x43, 0xf5, 0x31, 0xf4, 0x32, 0xf4, 0x32, 0xf4,
    0x43, 0xf4, 0x21, 0xf3, 0x21, 0xf3, 0x53, 0xf7, 0x42, 0xf5, 0x43, 0xf5, 0x53, 0xf6, 0x54, 0xf5,
    0x42, 0xf5, 0x85, 0xf9, 0x32, 0xf4, 0x53, 0xf7, 0x64, 0xf7, 0x54, 0xf5, 0x43, 0xf5, 0x32, 0xf4,
    0x54, 0xf6, 0x43, 0xf5, 0x76, 0xf8, 0x54, 0xf6, 0x32, 0xf4, 0x43, 0xf5, 0x54, 0xf6, 0x53, 0xf6,
    0x66, 0xf7, 0x65, 0xf7, 0x76, 0xf8, 0x65, 0xf6, 0x65, 0xf7, 0x43, 0xf5, 0x65, 0xf6, 0x44, 0xf5,
    0x43, 0xf5, 0x43, 0xf5, 0x43, 0xf4, 0x32, 0xf4, 0x54, 0xf6, 0x32, 0xf4, 0x32, 0xf4, 0x42, 0xf5,
    0x32, 0xf3, 0x43, 0xf5, 0x32, 0xf4, 0x43, 0xf5, 0x53, 0xf5, 0x54, 0xf6, 0x43, 0xf5, 0x54, 0xf5,
    0x32, 0xf4, 0x32, 0xf4, 0x43, 0xf4, 0x32, 0xf4, 0x32, 0xf4, 0x31, 0xf4, 0x32, 0xf4, 0x32, 0xf3,
    0x32, 0xf3, 0x32, 0xf4, 0x21, 0xf3, 0x43, 0xf5, 0x54, 0xf6, 0x54, 0xf6, 0x65, 0xf7, 0x75, 0xf7,
    0x53, 0xf7, 0x43, 0xf6, 0x32, 0xf4, 0x42, 0xf6, 0x43, 0xf5, 0x65, 0xf7, 0x42, 0xf6, 0x43, 0xf5,
    0x54, 0xf5, 0x43, 0xf5, 0x76, 0xf7, 0x54, 0xf5, 0x42, 0xf5, 0x32, 0xf3, 0x43, 0xf5, 0x43, 0xf5,
    0x21, 0xf3, 0x32, 0xf4, 0x32, 0xf5, 0x32, 0xf4, 0x43, 0xf5, 0x65, 0xf7, 0x42, 0xf5, 0x54, 0xf5,
    0x32, 0xf4, 0x32, 0xf4, 0x33, 0xf4, 0x22, 0xf3, 0x42, 0xf5, 0x44, 0xf5, 0x32, 0xf4, 0x21, 0xf3,
    0x54, 0xf6, 0x43, 0xf4, 0x32, 0xf4, 0x22, 0xf3, 0x43, 0xf5, 0x64, 0xf7, 0x21, 0xf3, 0x42, 0xf6,
    0x43, 0xf4, 0x33, 0xf4, 0x32, 0xf4, 0x32, 0xf4, 0x21, 0xf3, 0x42, 0xf6, 0x21, 0xf3, 0x43, 0xf5,
    0x43, 0xf4, 0x21, 0xf3, 0x32, 0xf4, 0x42, 0xf5, 0x32, 0xf4, 0x32, 0xf5, 0x43, 0xf5, 0x21, 0xf3,
    0x32, 0xf5, 0x43, 0xf6, 0x53, 0xf6, 0x53, 0xf6, 0x64, 0xf7, 0x53, 0xf6, 0x53, 0xf6, 0x64, 0xf7,
    0x43, 0xf5, 0x32, 0xf4, 0x21, 0xf3, 0x32, 0xf4, 0x32, 0xf4, 0x32, 0xf4, 0x32, 0xf4, 0x21, 0xf3,
    0x54, 0xf6, 0x53, 0xf6, 0x64, 0xf7, 0x54, 0xf6, 0x43, 0xf5, 0x43, 0xf5, 0x43, 0xf5, 0x43, 0xf5,
    0x53, 0xf6, 0x53, 0xf7, 0x43, 0xf5, 0x43, 0xf5, 0x53, 0xf7, 0x65, 0xf7, 0x54, 0xf6, 0x54, 0xf7,
    0x54, 0xf6, 0x43, 0xf6, 0x54, 0xf6, 0x54, 0xf6, 0x42, 0xf5, 0x43, 0xf5, 0x43, 0xf5, 0x43, 0xf5,
    0x64, 0xf7, 0x54, 0xf7, 0x54, 0xf6, 0x54, 0xf7, 0x54, 0xf6, 0x42, 0xf5, 0x54, 0xf6, 0x54, 0xf6,
    0x54, 0xf6, 0x54, 0xf6, 0x54, 0xf7, 0x64, 0xf7, 0x64, 0xf7, 0x76, 0xf8, 0x64, 0xf7, 0x65, 0xf7,
    0x43, 0xf5, 0x43, 0xf5, 0x32, 0xf3, 0x32, 0xf4, 0x21, 0xf4, 0x31, 0xf5, 0x32, 0xf5, 0x42, 0xf6,
    0x21, 0xf3, 0x21, 0xf3, 0x21, 0xf3, 0x21, 0xf3, 0x32, 0xf4, 0x42, 0xf5, 0x32, 0xf4, 0x43, 0xf4,
    0x42, 0xf5, 0x32, 0xf4, 0x32, 0xf5, 0x43, 0xf5, 0x32, 0xf3, 0x43, 0xf5, 0x32, 0xf4, 0x54, 0xf6,
    0x43, 0xf5, 0x43, 0xf5, 0x54, 0xf5, 0x43, 0xf5, 0x54, 0xf6, 0x32, 0xf4, 0x64, 0xf7, 0x32, 0xf4,
    0x32, 0xf4, 0x31, 0xf4, 0x32, 0xf4, 0x32, 0xf4, 0x32, 0xf4, 0x32, 0xf4, 0x32, 0xf5, 0x21, 0xf3,
    0x32, 0xf4, 0x42, 0xf5, 0x32, 0xf4, 0x32, 0xf3, 0x43, 0xf6, 0x21, 0xf3, 0x32, 0xf4, 0x54, 0xf6,
    0x43, 0xf5, 0x43, 0xf5, 0x32, 0xf4, 0x42, 0xf5, 0x65, 0xf7, 0x32, 0xf4, 0x42, 0xf5, 0x42, 0xf5,
    0x53, 0xf6, 0x53, 0xf7, 0x43, 0xf5, 0x53, 0xf6, 0x43, 0xf6, 0x32, 0xf4, 0x53, 0xf6, 0x32, 0xf4,
    0x65, 0xf7, 0x43, 0xf5, 0x43, 0xf5, 0x43, 0xf5, 0x53, 0xf6, 0x54, 0xf6, 0x54, 0xf6, 0x43, 0xf6,
    0x43, 0xf5, 0x54, 0xf6, 0x32, 0xf4, 0x54, 0xf6, 0x65, 0xf7, 0x64, 0xf7, 0x65, 0xf7, 0x65, 0xf7,
    0x54, 0xf7, 0x64, 0xf7, 0x64, 0xf7, 0x76, 0xf8, 0x54, 0xf7, 0x54, 0xf6, 0x65, 0xf7, 0x64, 0xf7,
    0x65, 0xf7, 0x65, 0xf7, 0x64, 0xf7, 0x54, 0xf6, 0x64, 0xf7, 0x65, 0xf7, 0x54, 0xf6, 0x65, 0xf7,
    0x21, 0xf4, 0x43, 0xf5, 0x42, 0xf6, 0x32, 0xf4, 0x65, 0xf7, 0x64, 0xf6, 0x54, 0xf6, 0x54, 0xf6,
    0x42, 0xf5, 0x21, 0xf3, 0x32, 0xf4, 0x31, 0xf4, 0x54, 0xf6, 0x65, 0xf7, 0x42, 0xf6, 0x54, 0xf6,
    0x54, 0xf6, 0x65, 0xf7, 0x64, 0xf7, 0x65, 0xf7, 0x54, 0xf6, 0x64, 0xf6, 0x54, 0xf6, 0x65, 0xf6,
    0x65, 0xf7, 0x65, 0xf7, 0x76, 0xf8, 0x65, 0xf7, 0x65, 0xf7, 0x65, 0xf7, 0x65, 0xf7, 0x76, 0xf8,
    0x32, 0xf4, 0x21, 0xf2, 0x32, 0xf3, 0x21, 0xf2, 0x21, 0xf3, 0x32, 0xf4, 0x31, 0xf4, 0x21, 0xf3,
    0x54, 0xf6, 0x32, 0xf4, 0x54, 0xf6, 0x42, 0xf5, 0x53, 0xf6, 0x54, 0xf6, 0x53, 0xf7, 0x65, 0xf7,
    0x32, 0xf4, 0x43, 0xf4, 0x65, 0xf6, 0x65, 0xf7, 0x43, 0xf5, 0x43, 0xf5, 0x65, 0xf6, 0x43, 0xf5,
    0x65, 0xf6, 0x76, 0xf7, 0x55, 0xf6, 0x65, 0xf6, 0x65, 0xf7, 0x43, 0xf5, 0x65, 0xf7, 0x54, 0xf6,
    0x44, 0xf5, 0x11, 0xf2, 0x43, 0xf4, 0x21, 0xf2, 0x43, 0xf5, 0x76, 0xf8, 0x33, 0xf4, 0x54, 0xf5,
    0x32, 0xf3, 0x21, 0xf3, 0x22, 0xf3, 0x31, 0xf4, 0x43, 0xf5, 0x54, 0xf6, 0x53, 0xf6, 0x75, 0xf7,
    0x66, 0xf7, 0x65, 0xf7, 0x65, 0xf7, 0x76, 0xf7, 0x65, 0xf7, 0x76, 0xf8, 0x65, 0xf7, 0x76, 0xf7,
    0x65, 0xf7, 0x76, 0xf7, 0x65, 0xf7, 0x54, 0xf5, 0x65, 0xf7, 0x54, 0xf6, 0x42, 0xf4, 0x53, 0xf6,
    0x65, 0xf7, 0x55, 0xf6, 0x65, 0xf7, 0x65, 0xf7, 0x65, 0xf7, 0x65, 0xf6, 0x65, 0xf6, 0x65, 0xf7,
    0x54, 0xf6, 0x65, 0xf6, 0x65, 0xf6, 0x65, 0xf6, 0x66, 0xf7, 0x65, 0xf6, 0x55, 0xf6, 0x44, 0xf5,
    0x32, 0xf4, 0x43, 0xf6, 0x43, 0xf5, 0x53, 0xf6, 0x43, 0xf5, 0x54, 0xf5, 0x53, 0xf6, 0x43, 0xf5,
    0x43, 0xf4, 0x43, 0xf5, 0x43, 0xf5, 0x54, 0xf6, 0x43, 0xf5, 0x33, 0xf4, 0x43, 0xf4, 0x32, 0xf4,
    0x54, 0xf6, 0x54, 0xf5, 0x65, 0xf6, 0x65, 0xf7, 0x54, 0xf5, 0x66, 0xf7, 0x65, 0xf7, 0x76, 0xf7,
    0x65, 0xf6, 0x66, 0xf7, 0x54, 0xf5, 0x55, 0xf6, 0x54, 0xf6, 0x65, 0xf6, 0x54, 0xf5, 0x65, 0xf6,
    0x44, 0xf5, 0x54, 0xf6, 0x43, 0xf5, 0x65, 0xf7, 0x54, 0xf7, 0x42, 0xf5, 0x53, 0xf6, 0x42, 0xf5,
    0x54, 0xf6, 0x75, 0xf7, 0x66, 0xf7, 0x44, 0xf5, 0x54, 0xf6, 0x31, 0xf4, 0x43, 0xf4, 0x21, 0xf3,
    0x44, 0xf5, 0x43, 0xf4, 0x54, 0xf6, 0x54, 0xf5, 0x32, 0xf3, 0x42, 0xf4, 0x33, 0xf4, 0x43, 0xf5,
    0x54, 0xf6, 0x55, 0xf6, 0x43, 0xf4, 0x43, 0xf5, 0x32, 0xf4, 0x32, 0xf5, 0x21, 0xf3, 0x32, 0xf4,
    0x42, 0xf5, 0x43, 0xf5, 0x42, 0xf5, 0x65, 0xf7, 0x43, 0xf5, 0x43, 0xf4, 0x43, 0xf5, 0x32, 0xf4,
    0x53, 0xf7, 0x53, 0xf6, 0x53, 0xf6, 0x53, 0xf6, 0x53, 0xf6, 0x53, 0xf6, 0x43, 0xf6, 0x64, 0xf8,
    0x43, 0xf4, 0x32, 0xf4, 0x53, 0xf6, 0x53, 0xf6, 0x32, 0xf3, 0x32, 0xf3, 0x32, 0xf4, 0x32, 0xf3,
    0x53, 0xf7, 0x53, 0xf6, 0x53, 0xf6, 0x75, 0xf8, 0x22, 0xf3, 0x43, 0xf5, 0x43, 0xf5, 0x54, 0xf5,
    0x32, 0xf3, 0x31, 0xf4, 0x21, 0xf3, 0x21, 0xf3, 0x32, 0xf5, 0x75, 0xf8, 0x32, 0xf5, 0x53, 0xf6,
    0x43, 0xf4, 0x21, 0xf3, 0x44, 0xf5, 0x21, 0xf3, 0x42, 0xf5, 0x52, 0xf7, 0x43, 0xf5, 0x42, 0xf6,
    0x76, 0xf7, 0x65, 0xf6, 0x76, 0xf7, 0x65, 0xf6, 0x55, 0xf6, 0x65, 0xf6, 0x65, 0xf7, 0x66, 0xf7,
    0x65, 0xf7, 0x65, 0xf7, 0x55, 0xf6, 0x54, 0xf5, 0x55, 0xf6, 0x65, 0xf7, 0x66, 0xf7, 0x65, 0xf6,
    0x65, 0xf6, 0x32, 0xf4, 0x65, 0xf6, 0x43, 0xf4, 0x32, 0xf4, 0x21, 0xf3, 0x21, 0xf3, 0x21, 0xf4,
    0x65, 0xf6, 0x32, 0xf3, 0x43, 0xf4, 0x32, 0xf3, 0x21, 0xf3, 0x31, 0xf4, 0x22, 0xf3, 0x21, 0xf3,
    0x54, 0xf6, 0x54, 0xf5, 0x43, 0xf4, 0x32, 0xf4, 0x54, 0xf5, 0x43, 0xf4, 0x22, 0xf3, 0x32, 0xf4,
    0x21, 0xf2, 0x21, 0xf3, 0x32, 0xf5, 0x32, 0xf5, 0x31, 0xf4, 0x32, 0xf5, 0x42, 0xf5, 0x42, 0xf5,
    0x33, 0xf4, 0x32, 0xf4, 0x32, 0xf4, 0x32, 0xf5, 0x43, 0xf5, 0x53, 0xf6, 0x42, 0xf5, 0x64, 0xf7,
    0x32, 0xf5, 0x42, 0xf5, 0x43, 0xf5, 0x54, 0xf6, 0x32, 0xf4, 0x42, 0xf5, 0x43, 0xf5, 0x31, 0xf4,
    0x32, 0xf5, 0x42, 0xf6, 0x31, 0xf4, 0x42, 0xf5, 0x32, 0xf4, 0x43, 0xf5, 0x31, 0xf4, 0x32, 0xf4,
    0x31, 0xf4, 0x32, 0xf4, 0x21, 0xf3, 0x32, 0xf4, 0x32, 0xf4, 0x32, 0xf4, 0x32, 0xf5, 0x43, 0xf5,
    0x43, 0xf5, 0x22, 0xf3, 0x32, 0xf4, 0x32, 0xf4, 0x42, 0xf5, 0x31, 0xf5, 0x43, 0xf6, 0x53, 0xf6,
    0x32, 0xf5, 0x42, 0xf6, 0x32, 0xf5, 0x53, 0xf7, 0x43, 0xf6, 0x53, 0xf6, 0x43, 0xf6, 0x42, 0xf5,
    0x32, 0xf4, 0x32, 0xf5, 0x54, 0xf7, 0x32, 0xf4, 0x43, 0xf6, 0x53, 0xf6, 0x42, 0xf5, 0x53, 0xf6,
    0x43, 0xf6, 0x32, 0xf4, 0x42, 0xf5, 0x42, 0xf5, 0x43, 0xf5, 0x53, 0xf6, 0x53, 0xf7, 0x53, 0xf6,
    0x32, 0xf4, 0x42, 0xf5, 0x32, 0xf4, 0x53, 0xf7, 0x42, 0xf5, 0x32, 0xf4, 0x42, 0xf5, 0x43, 0xf5,
    0x42, 0xf5, 0x42, 0xf6, 0x42, 0xf5, 0x42, 0xf6, 0x53, 0xf6, 0x32, 0xf4, 0x42, 0xf6, 0x32, 0xf4,
    0x32, 0xf4, 0x42, 0xf5, 0x54, 0xf7, 0x53, 0xf7, 0x32, 0xf5, 0x42, 0xf5, 0x42, 0xf5, 0x32, 0xf5,
    0x64, 0xf7, 0x54, 0xf7, 0x64, 0xf7, 0x54, 0xf7, 0x43, 0xf5, 0x32, 0xf4, 0x22, 0xf3, 0x43, 0xf4,
    0x65, 0xf7, 0x65, 0xf6, 0x43, 0xf5, 0x22, 0xf3, 0x54, 0xf6, 0x54, 0xf6, 0x32, 0xf3, 0x53, 0xf6,
    0x32, 0xf5, 0x32, 0xf5, 0x32, 0xf4, 0x43, 0xf5, 0x43, 0xf5, 0x74, 0xf9, 0x42, 0xf6, 0x43, 0xf6,
    0x43, 0xf5, 0x32, 0xf4, 0x43, 0xf5, 0x32, 0xf4, 0x32, 0xf4, 0x54, 0xf5, 0x32, 0xf4, 0x33, 0xf4,
    0x53, 0xf7, 0x43, 0xf5, 0x42, 0xf6, 0x53, 0xf6, 0x32, 0xf4, 0x32, 0xf4, 0x32, 0xf5, 0x54, 0xf6,
    0x33, 0xf4, 0x42, 0xf5, 0x32, 0xf4, 0x32, 0xf5, 0x42, 0xf5, 0x43, 0xf5, 0x42, 0xf6, 0x65, 0xf8,
    0x33, 0xf4, 0x21, 0xf4, 0x33, 0xf4, 0x31, 0xf4, 0x42, 0xf6, 0x53, 0xf7, 0x42, 0xf7, 0x42, 0xf5,
    0x22, 0xf3, 0x31, 0xf4, 0x32, 0xf4, 0x32, 0xf4, 0x42, 0xf5, 0x43, 0xf5, 0x54, 0xf6, 0x32, 0xf4,
    0x54, 0xf5, 0x54, 0xf5, 0x54, 0xf5, 0x54, 0xf6, 0x66, 0xf7, 0x43, 0xf5, 0x54, 0xf5, 0x65, 0xf6,
    0x42, 0xf4, 0x32, 0xf4, 0x32, 0xf4, 0x42, 0xf5, 0x32, 0xf4, 0x54, 0xf6, 0x32, 0xf4, 0x43, 0xf5,
    0x31, 0xf4, 0x32, 0xf5, 0x32, 0xf4, 0x32, 0xf5, 0x32, 0xf4, 0x42, 0xf5, 0x43, 0xf6, 0x43, 0xf5,
    0x55, 0xf6, 0x65, 0xf6, 0x65, 0xf6, 0x43, 0xf4, 0x55, 0xf6, 0x44, 0xf5, 0x54, 0xf5, 0x43, 0xf5,
    0x43, 0xf5, 0x64, 0xf7, 0x54, 0xf6, 0x86, 0xf9, 0x54, 0xf6, 0x43, 0xf5, 0x43, 0xf6, 0x43, 0xf5,
    0x21, 0xf3, 0x43, 0xf6, 0x32, 0xf4, 0x53, 0xf6, 0x65, 0xf7, 0x43, 0xf5, 0x54, 0xf6, 0x43, 0xf5,
    0x42, 0xf5, 0x42, 0xf5, 0x54, 0xf5, 0x42, 0xf5, 0x53, 0xf6, 0x43, 0xf5, 0x42, 0xf5, 0x53, 0xf6,
    0x42, 0xf6, 0x42, 0xf5, 0x53, 0xf7, 0x42, 0xf5, 0x32, 0xf5, 0x43, 0xf5, 0x32, 0xf4, 0x32, 0xf4,
    0x64, 0xf8, 0x43, 0xf6, 0x53, 0xf6, 0x43, 0xf6, 0x54, 0xf6, 0x32, 0xf4, 0x53, 0xf6, 0x32, 0xf4,
    0x32, 0xf4, 0x32, 0xf5, 0x32, 0xf4, 0x43, 0xf6, 0x42, 0xf5, 0x43, 0xf6, 0x43, 0xf6, 0x75, 0xf8,
    0x32, 0xf5, 0x42, 0xf5, 0x53, 0xf7, 0x53, 0xf7, 0x64, 0xf7, 0x53, 0xf7, 0x64, 0xf8, 0x54, 0xf7,
    0x32, 0xf4, 0x32, 0xf3, 0x43, 0xf5, 0x43, 0xf5, 0x54, 0xf6, 0x42, 0xf5, 0x75, 0xf8, 0x54, 0xf5,
    0x54, 0xf6, 0x54, 0xf6, 0x54, 0xf5, 0x32, 0xf4, 0x54, 0xf6, 0x65, 0xf7, 0x43, 0xf5, 0x87, 0xf8,
    0x42, 0xf5, 0x64, 0xf7, 0x43, 0xf4, 0x43, 0xf5, 0x64, 0xf8, 0x32, 0xf4, 0x32, 0xf4, 0x32, 0xf4,
    0x65, 0xf7, 0x76, 0xf8, 0x55, 0xf6, 0x65, 0xf6, 0x54, 0xf6, 0x54, 0xf6, 0x65, 0xf7, 0x65, 0xf7,
    0x54, 0xf6, 0x42, 0xf6, 0x65, 0xf8, 0x43, 0xf6, 0x42, 0xf5, 0x43, 0xf5, 0x32, 0xf4, 0x32, 0xf4,
    0x53, 0xf7, 0x42, 0xf6, 0x64, 0xf8, 0x42, 0xf6, 0x43, 0xf6, 0x43, 0xf5, 0x53, 0xf7, 0x53, 0xf6,
    0x43, 0xf5, 0x43, 0xf5, 0x43, 0xf4, 0x32, 0xf5, 0x43, 0xf6, 0x65, 0xf7, 0x53, 0xf6, 0x65, 0xf6,
    0x43, 0xf5, 0x32, 0xf5, 0x63, 0xf7, 0x63, 0xf8, 0x54, 0xf6, 0x65, 0xf7, 0x43, 0xf5, 0x55, 0xf6,
    0x53, 0xf6, 0x32, 0xf5, 0x74, 0xf9, 0x42, 0xf5, 0x53, 0xf6, 0x64, 0xf8, 0x75, 0xf8, 0x64, 0xf9,
    0x42, 0xf5, 0x32, 0xf5, 0x21, 0xf3, 0x42, 0xf6, 0x53, 0xf7, 0x42, 0xf7, 0x42, 0xf6, 0x32, 0xf5,
    0x63, 0xf8, 0x52, 0xf7, 0x52, 0xf7, 0x31, 0xf4, 0x42, 0xf5, 0x54, 0xf6, 0x53, 0xf7, 0x63, 0xf7,
    0x42, 0xf5, 0x53, 0xf6, 0x53, 0xf6, 0x64, 0xf8, 0x63, 0xf8, 0x42, 0xf6, 0x63, 0xf8, 0x53, 0xf6,
    0x31, 0xf4, 0x31, 0xf5, 0x32, 0xf5, 0x53, 0xf6, 0x43, 0xf6, 0x64, 0xf7, 0x43, 0xf6, 0x42, 0xf5,
    0x31, 0xf5, 0x42, 0xf6, 0x43, 0xf5, 0x43, 0xf4, 0x53, 0xf7, 0x53, 0xf6, 0x43, 0xf5, 0x43, 0xf5,
    0x76, 0xf8, 0x75, 0xf8, 0x64, 0xf7, 0x87, 0xf9, 0x54, 0xf6, 0x64, 0xf7, 0x64, 0xf7, 0x64, 0xf7,
    0x64, 0xf7, 0x76, 0xf8, 0x64, 0xf7, 0x32, 0xf4, 0x43, 0xf5, 0x43, 0xf5, 0x32, 0xf4, 0x32, 0xf4,
    0x54, 0xf6, 0x55, 0xf6, 0x54, 0xf5, 0x44, 0xf5, 0x54, 0xf6, 0x54, 0xf6, 0x43, 0xf5, 0x54, 0xf6,
    0x43, 0xf5, 0x43, 0xf4, 0x33, 0xf4, 0x43, 0xf5, 0x54, 0xf5, 0x43, 0xf5, 0x43, 0xf5, 0x43, 0xf5,
    0x32, 0xf4, 0x32, 0xf4, 0x43, 0xf5, 0x21, 0xf3, 0x53, 0xf6, 0x42, 0xf6, 0x54, 0xf6, 0x53, 0xf6,
    0x53, 0xf6, 0x21, 0xf2, 0x53, 0xf6, 0x31, 0xf3, 0x42, 0xf5, 0x32, 0xf4, 0x32, 0xf4, 0x32, 0xf4,
    0x53, 0xf6, 0x54, 0xf7, 0x54, 0xf6, 0x43, 0xf5, 0x32, 0xf5, 0x21, 0xf4, 0x65, 0xf7, 0x53, 0xf6,
    0x22, 0xf3, 0x31, 0xf4, 0x32, 0xf4, 0x42, 0xf5, 0x42, 0xf6, 0x54, 0xf6, 0x32, 0xf5, 0x54, 0xf6,
    0x32, 0xf4, 0x53, 0xf6, 0x42, 0xf5, 0x32, 0xf4, 0x43, 0xf6, 0x43, 0xf6, 0x43, 0xf5, 0x42, 0xf5,
    0x54, 0xf6, 0x43, 0xf5, 0x64, 0xf7, 0x53, 0xf6, 0x54, 0xf7, 0x64, 0xf8, 0x64, 0xf7, 0x54, 0xf6,
    0x53, 0xf7, 0x43, 0xf5, 0x32, 0xf5, 0x42, 0xf5, 0x21, 0xf3, 0x54, 0xf6, 0x43, 0xf5, 0x53, 0xf6,
    0x32, 0xf5, 0x53, 0xf6, 0x32, 0xf4, 0x42, 0xf5, 0x76, 0xf9, 0x53, 0xf7, 0x64, 0xf7, 0x64, 0xf8,
    0x64, 0xf7, 0x53, 0xf6, 0x43, 0xf6, 0x43, 0xf6, 0x64, 0xf7, 0x31, 0xf3, 0x32, 0xf4, 0x32, 0xf4,
    0x31, 0xf4, 0x21, 0xf4, 0x42, 0xf5, 0x42, 0xf6, 0x42, 0xf5, 0x43, 0xf6, 0x43, 0xf6, 0x42, 0xf5,
    0x32, 0xf4, 0x43, 0xf5, 0x53, 0xf7, 0x42, 0xf5, 0x43, 0xf4, 0x32, 0xf3, 0x21, 0xf3, 0x21, 0xf3,
    0x53, 0xf7, 0x42, 0xf5, 0x32, 0xf4, 0x31, 0xf4, 0x32, 0xf4, 0x31, 0xf4, 0x53, 0xf6, 0x42, 0xf6,
    0x21, 0xf3, 0x42, 0xf5, 0x21, 0xf4, 0x42, 0xf6, 0x42, 0xf6, 0x21, 0xf4, 0x42, 0xf6, 0x42, 0xf5,
    0x53, 0xf6, 0x43, 0xf6, 0x53, 0xf7, 0x64, 0xf7, 0x42, 0xf6, 0x53, 0xf6, 0x42, 0xf6, 0x53, 0xf7,
    0x42, 0xf5, 0x32, 0xf5, 0x64, 0xf8, 0x32, 0xf4, 0x53, 0xf6, 0x63, 0xf7, 0x53, 0xf7, 0x64, 0xf8,
    0x42, 0xf5, 0x42, 0xf5, 0x21, 0xf3, 0x53, 0xf6, 0x64, 0xf7, 0x32, 0xf5, 0x53, 0xf6, 0x31, 0xf4,
    0x53, 0xf7, 0x53, 0xf6, 0x53, 0xf7, 0x43, 0xf6, 0x42, 0xf6, 0x42, 0xf5, 0x31, 0xf4, 0x42, 0xf5,
    0x42, 0xf6, 0x42, 0xf6, 0x32, 0xf5, 0x32, 0xf4, 0x53, 0xf7, 0x53, 0xf6, 0x42, 0xf6, 0x42, 0xf6,
    0x32, 0xf5, 0x31, 0xf5, 0x31, 0xf4, 0x53, 0xf6, 0x42, 0xf6, 0x42, 0xf5, 0x75, 0xf9, 0x53, 0xf6,
    0x32, 0xf5, 0x54, 0xf7, 0x53, 0xf7, 0x42, 0xf5, 0x65, 0xf7, 0x43, 0xf5, 0x42, 0xf5, 0x32, 0xf4,
    0x42, 0xf5, 0x64, 0xf7, 0x64, 0xf7, 0x43, 0xf5, 0x32, 0xf5, 0x31, 0xf4, 0x31, 0xf4, 0x42, 0xf6,
    0x54, 0xf6, 0x42, 0xf5, 0x21, 0xf3, 0x43, 0xf5, 0x52, 0xf7, 0x53, 0xf6, 0x86, 0xfa, 0x54, 0xf7,
    0x42, 0xf6, 0x53, 0xf7, 0x42, 0xf6, 0x42, 0xf6, 0x43, 0xf6, 0x32, 0xf5, 0x42, 0xf5, 0x43, 0xf5,
    0x42, 0xf6, 0x43, 0xf6, 0x42, 0xf6, 0x53, 0xf6, 0x64, 0xf7, 0x64, 0xf7, 0x64, 0xf8, 0x54, 0xf7,
    0x32, 0xf4, 0x42, 0xf5, 0x43, 0xf5, 0x42, 0xf5, 0x75, 0xf8, 0x54, 0xf7, 0x42, 0xf5, 0x43, 0xf5,
    0x54, 0xf7, 0x53, 0xf6, 0x53, 0xf7, 0x53, 0xf6, 0x32, 0xf4, 0x43, 0xf5, 0x43, 0xf5, 0x43, 0xf6,
    0x32, 0xf4, 0x64, 0xf7, 0x42, 0xf6, 0x53, 0xf6, 0x76, 0xf8, 0x65, 0xf7, 0x64, 0xf7, 0x32, 0xf5,
    0x42, 0xf6, 0x31, 0xf5, 0x42, 0xf5, 0x42, 0xf5, 0x31, 0xf5, 0x53, 0xf6, 0x31, 0xf4, 0x32, 0xf4,
    0x21, 0xf3, 0x32, 0xf4, 0x32, 0xf4, 0x43, 0xf4, 0x42, 0xf5, 0x32, 0xf4, 0x32, 0xf4, 0x42, 0xf5,
    0x54, 0xf6, 0x43, 0xf4, 0x43, 0xf6, 0x32, 0xf5, 0x32, 0xf4, 0x43, 0xf6, 0x42, 0xf6, 0x42, 0xf6,
    0x32, 0xf4, 0x42, 0xf5, 0x42, 0xf5, 0x42, 0xf5, 0x32, 0xf4, 0x32, 0xf4, 0x42, 0xf6, 0x53, 0xf6,
    0x31, 0xf5, 0x42, 0xf6, 0x42, 0xf5, 0x32, 0xf5, 0x42, 0xf6, 0x53, 0xf7, 0x43, 0xf6, 0x53, 0xf7,
    0x32, 0xf5, 0x42, 0xf6, 0x43, 0xf5, 0x31, 0xf4, 0x42, 0xf6, 0x42, 0xf5, 0x42, 0xf6, 0x42, 0xf5,
    0x43, 0xf5, 0x42, 0xf5, 0x42, 0xf5, 0x75, 0xf8, 0x53, 0xf7, 0x42, 0xf6, 0x64, 0xf8, 0x53, 0xf7,
    0x32, 0xf5, 0x42, 0xf5, 0x53, 0xf7, 0x54, 0xf7, 0x42, 0xf6, 0x42, 0xf6, 0x53, 0xf6, 0x21, 0xf4,
    0x64, 0xf8, 0x64, 0xf7, 0x42, 0xf6, 0x53, 0xf7, 0x64, 0xf7, 0x43, 0xf5, 0x54, 0xf7, 0x53, 0xf7,
    0x43, 0xf5, 0x32, 0xf4, 0x42, 0xf5, 0x43, 0xf6, 0x32, 0xf4, 0x42, 0xf5, 0x42, 0xf5, 0x42, 0xf5,
    0x42, 0xf5, 0x32, 0xf4, 0x31, 0xf4, 0x21, 0xf3, 0x32, 0xf4, 0x42, 0xf6, 0x32, 0xf4, 0x43, 0xf6,
    0x31, 0xf4, 0x43, 0xf6, 0x32, 0xf3, 0x32, 0xf5, 0x42, 0xf6, 0x42, 0xf6, 0x32, 0xf4, 0x32, 0xf5,
    0x32, 0xf4, 0x32, 0xf4, 0x42, 0xf5, 0x32, 0xf4, 0x32, 0xf4, 0x32, 0xf4, 0x32, 0xf4, 0x32, 0xf5,
    0x32, 0xf4, 0x31, 0xf4, 0x43, 0xf5, 0x42, 0xf5, 0x42, 0xf5, 0x43, 0xf5, 0x32, 0xf5, 0x53, 0xf6,
    0x43, 0xf5, 0x53, 0xf7, 0x42, 0xf5, 0x53, 0xf6, 0x53, 0xf6, 0x54, 0xf6, 0x64, 0xf8, 0x43, 0xf5,
    0x43, 0xf5, 0x43, 0xf5, 0x43, 0xf5, 0x43, 0xf5, 0x43, 0xf5, 0x43, 0xf6, 0x43, 0xf6, 0x32, 0xf4,
    0x32, 0xf5, 0x32, 0xf4, 0x32, 0xf4, 0x32, 0xf4, 0x32, 0xf5, 0x32, 0xf4, 0x32, 0xf4, 0x42, 0xf5,
    0x43, 0xf5, 0x53, 0xf7, 0x32, 0xf4, 0x42, 0xf5, 0x53, 0xf7, 0x43, 0xf6, 0x42, 0xf5, 0x32, 0xf4,
    0x53, 0xf6, 0x32, 0xf5, 0x53, 0xf6, 0x43, 0xf5, 0x22, 0xf3, 0x32, 0xf4, 0x32, 0xf4, 0x32, 0xf5,
    0x43, 0xf5, 0x32, 0xf4, 0x42, 0xf5, 0x42, 0xf5, 0x32, 0xf5, 0x42, 0xf6, 0x32, 0xf5, 0x42, 0xf5,
    0x53, 0xf6, 0x32, 0xf5, 0x54, 0xf7, 0x43, 0xf5, 0x42, 0xf5, 0x53, 0xf6, 0x42, 0xf5, 0x42, 0xf6,
    0x42, 0xf6, 0x42, 0xf5, 0x42, 0xf6, 0x53, 0xf7, 0x32, 0xf4, 0x32, 0xf5, 0x42, 0xf6, 0x43, 0xf6,
    0x32, 0xf5, 0x53, 0xf6, 0x42, 0xf5, 0x42, 0xf6, 0x42, 0xf6, 0x43, 0xf5, 0x31, 0xf5, 0x32, 0xf4,
    0x32, 0xf4, 0x32, 0xf4, 0x53, 0xf6, 0x32, 0xf5, 0x42, 0xf5, 0x42, 0xf6, 0x32, 0xf4, 0x54, 0xf7,
    0x74, 0xf8, 0x53, 0xf6, 0x65, 0xf8, 0x64, 0xf7, 0x53, 0xf6, 0x65, 0xf7, 0x54, 0xf6, 0x65, 0xf7,
    0x53, 0xf6, 0x43, 0xf5, 0x75, 0xf8, 0x53, 0xf6, 0x43, 0xf6, 0x75, 0xf9, 0x54, 0xf7, 0x75, 0xf8,
    0x75, 0xf8, 0x65, 0xf8, 0x64, 0xf8, 0x75, 0xf9, 0x64, 0xf7, 0x53, 0xf7, 0x64, 0xf7, 0x32, 0xf4,
    0x64, 0xf7, 0x65, 0xf7, 0x54, 0xf7, 0x54, 0xf6, 0x65, 0xf7, 0x76, 0xf8, 0x65, 0xf7, 0x75, 0xf8,
    0x54, 0xf6, 0x54, 0xf7, 0x54, 0xf7, 0x75, 0xf8, 0x54, 0xf7, 0x65, 0xf7, 0x64, 0xf7, 0x54, 0xf7,
    0x86, 0xf9, 0x75, 0xf8, 0x75, 0xf8, 0x76, 0xf8, 0x64, 0xf7, 0x32, 0xf4, 0x76, 0xf9, 0x53, 0xf6,
    0x64, 0xf7, 0x54, 0xf6, 0x64, 0xf7, 0x64, 0xf7, 0x75, 0xf8, 0x64, 0xf7, 0x65, 0xf8, 0x53, 0xf6,
    0x31, 0xf4, 0x63, 0xf7, 0x53, 0xf7, 0x53, 0xf7, 0x53, 0xf6, 0x42, 0xf6, 0x43, 0xf6, 0x53, 0xf7,
    0x53, 0xf7, 0x42, 0xf6, 0x32, 0xf5, 0x32, 0xf5, 0x53, 0xf7, 0x43, 0xf5, 0x53, 0xf7, 0x53, 0xf7,
    0x42, 0xf6, 0x42, 0xf6, 0x53, 0xf6, 0x53, 0xf6, 0x53, 0xf6, 0x54, 0xf7, 0x64, 0xf8, 0x43, 0xf6,
    0x32, 0xf5, 0x53, 0xf6, 0x53, 0xf6, 0x43, 0xf6, 0x63, 0xf8, 0x53, 0xf6, 0x53, 0xf7, 0x43, 0xf6,
    0x53, 0xf7, 0x43, 0xf6, 0x64, 0xf8, 0x65, 0xf8, 0x43, 0xf6, 0x54, 0xf7, 0x53, 0xf6, 0x64, 0xf7,
    0x75, 0xf8, 0x65, 0xf7, 0x54, 0xf7, 0x64, 0xf7, 0x54, 0xf7, 0x75, 0xf9, 0x64, 0xf7, 0x53, 0xf7,
    0x75, 0xf8, 0x64, 0xf8, 0x54, 0xf7, 0x43, 0xf6, 0x42, 0xf5, 0x42, 0xf5, 0x32, 0xf5, 0x42, 0xf5,
    0x64, 0xf7, 0x43, 0xf5, 0x53, 0xf6, 0x53, 0xf6, 0x43, 0xf6, 0x64, 0xf7, 0x52, 0xf7, 0x53, 0xf7,
    0x32, 0xf4, 0x43, 0xf6, 0x42, 0xf5, 0x43, 0xf6, 0x54, 0xf7, 0x43, 0xf6, 0x53, 0xf6, 0x42, 0xf5,
    0x64, 0xf8, 0x43, 0xf6, 0x64, 0xf7, 0x42, 0xf6, 0x53, 0xf6, 0x43, 0xf6, 0x53, 0xf7, 0x53, 0xf7,
    0x53, 0xf6, 0x53, 0xf6, 0x42, 0xf5, 0x43, 0xf6, 0x42, 0xf5, 0x43, 0xf6, 0x32, 0xf4, 0x43, 0xf6,
    0x42, 0xf5, 0x32, 0xf5, 0x32, 0xf5, 0x43, 0xf5, 0x43, 0xf5, 0x53, 0xf6, 0x64, 0xf7, 0x43, 0xf5,
    0x43, 0xf6, 0x43, 0xf6, 0x53, 0xf6, 0x42, 0xf5, 0x43, 0xf6, 0x53, 0xf6, 0x42, 0xf5, 0x43, 0xf6,
    0x64, 0xf8, 0x42, 0xf6, 0x53, 0xf6, 0x53, 0xf7, 0x53, 0xf7, 0x53, 0xf6, 0x42, 0xf6, 0x42, 0xf6,
    0x53, 0xf6, 0x43, 0xf5, 0x53, 0xf7, 0x43, 0xf5, 0x54, 0xf6, 0x53, 0xf6, 0x43, 0xf5, 0x54, 0xf6,
    0x53, 0xf6, 0x43, 0xf6, 0x42, 0xf5, 0x42, 0xf5, 0x32, 0xf4, 0x32, 0xf4, 0x43, 0xf5, 0x43, 0xf6,
    0x53, 0xf6, 0x54, 0xf7, 0x53, 0xf6, 0x53, 0xf6, 0x53, 0xf6, 0x43, 0xf5, 0x53, 0xf6, 0x53, 0xf7,
    0x43, 0xf6, 0x42, 0xf5, 0x32, 0xf5, 0x43, 0xf5, 0x53, 0xf6, 0x53, 0xf6, 0x43, 0xf5, 0x43, 0xf5,
    0x53, 0xf6, 0x53, 0xf6, 0x53, 0xf7, 0x43, 0xf6, 0x42, 0xf6, 0x42, 0xf5, 0x42, 0xf5, 0x32, 0xf4,
    0x53, 0xf7, 0x53, 0xf6, 0x53, 0xf7, 0x64, 0xf7, 0x43, 0xf5, 0x32, 0xf4, 0x32, 0xf5, 0x64, 0xf7,
    0x32, 0xf4, 0x42, 0xf5, 0x42, 0xf5, 0x42, 0xf5, 0x43, 0xf6, 0x43, 0xf6, 0x53, 0xf6, 0x43, 0xf6,
    0x32, 0xf5, 0x43, 0xf6, 0x43, 0xf5, 0x43, 0xf5, 0x43, 0xf6, 0x53, 0xf6, 0x53, 0xf6, 0x43, 0xf6,
    0x53, 0xf7, 0x53, 0xf6, 0x53, 0xf6, 0x43, 0xf5, 0x64, 0xf7, 0x75, 0xf8, 0x64, 0xf7, 0x64, 0xf7,
    0x53, 0xf6, 0x54, 0xf6, 0x53, 0xf6, 0x64, 0xf7, 0x42, 0xf5, 0x53, 0xf6, 0x42, 0xf5, 0x42, 0xf5,
    0x43, 0xf6, 0x53, 0xf7, 0x42, 0xf5, 0x53, 0xf6, 0x43, 0xf6, 0x64, 0xf8, 0x43, 0xf6, 0x42, 0xf5,
    0x54, 0xf7, 0x75, 0xf8, 0x75, 0xf9, 0x64, 0xf7, 0x64, 0xf7, 0x43, 0xf5, 0x64, 0xf8, 0x53, 0xf7,
    0x53, 0xf6, 0x32, 0xf4, 0x43, 0xf5, 0x32, 0xf4, 0x42, 0xf5, 0x42, 0xf5, 0x32, 0xf4, 0x32, 0xf5,
    0x32, 0xf4, 0x32, 0xf4, 0x32, 0xf4, 0x43, 0xf5, 0x53, 0xf7, 0x42, 0xf6, 0x63, 0xf7, 0x63, 0xf8,
    0x53, 0xf7, 0x53, 0xf7, 0x64, 0xf8, 0x53, 0xf6, 0x53, 0xf7, 0x42, 0xf5, 0x64, 0xf8, 0x53, 0xf6,
    0x64, 0xf7, 0x53, 0xf6, 0x43, 0xf6, 0x32, 0xf4, 0x75, 0xf8, 0x64, 0xf7, 0x32, 0xf3, 0x32, 0xf4,
    0x21, 0xf3, 0x54, 0xf7, 0x43, 0xf5, 0x53, 0xf6, 0x75, 0xf8, 0x42, 0xf6, 0x43, 0xf6, 0x32, 0xf5,
    0x75, 0xf8, 0x32, 0xf4, 0x53, 0xf6, 0x31, 0xf4, 0x32, 0xf4, 0x32, 0xf5, 0x42, 0xf5, 0x42, 0xf5,
    0x64, 0xf7, 0x42, 0xf5, 0x54, 0xf6, 0x43, 0xf6, 0x43, 0xf6, 0x43, 0xf5, 0x53, 0xf6, 0x32, 0xf3,
    0x54, 0xf6, 0x54, 0xf7, 0x53, 0xf6, 0x64, 0xf8, 0x64, 0xf7, 0x42, 0xf6, 0x64, 0xf8, 0x42, 0xf6,
    0x42, 0xf5, 0x32, 0xf4, 0x32, 0xf3, 0x32, 0xf4, 0x32, 0xf4, 0x32, 0xf4, 0x42, 0xf5, 0x42, 0xf5,
    0x32, 0xf5, 0x42, 0xf5, 0x42, 0xf6, 0x53, 0xf7, 0x42, 0xf6, 0x42, 0xf6, 0x42, 0xf5, 0x32, 0xf5,
    0x32, 0xf4, 0x54, 0xf7, 0x32, 0xf4, 0x43, 0xf6, 0x64, 0xf7, 0x43, 0xf6, 0x64, 0xf7, 0x43, 0xf6,
    0x32, 0xf4, 0x43, 0xf6, 0x43, 0xf6, 0x54, 0xf7, 0x54, 0xf6, 0x64, 0xf7, 0x54, 0xf6, 0x76, 0xf8,
    0x53, 0xf6, 0x32, 0xf4, 0x32, 0xf4, 0x42, 0xf5, 0x32, 0xf5, 0x42, 0xf5, 0x43, 0xf6, 0x32, 0xf5,
    0x54, 0xf6, 0x43, 0xf5, 0x65, 0xf8, 0x32, 0xf4, 0x54, 0xf6, 0x43, 0xf6, 0x53, 0xf6, 0x54, 0xf6,
    0x54, 0xf7, 0x75, 0xf8, 0x54, 0xf6, 0x75, 0xf8, 0x75, 0xf8, 0x65, 0xf7, 0x86, 0xf9, 0x87, 0xf9,
    0x65, 0xf7, 0x76, 0xf8, 0x53, 0xf6, 0x75, 0xf8, 0x76, 0xf8, 0x75, 0xf8, 0x76, 0xf8, 0x65, 0xf8,
    0x75, 0xf8, 0x64, 0xf7, 0x75, 0xf8, 0x65, 0xf7, 0x64, 0xf7, 0x65, 0xf8, 0x86, 0xf9, 0x87, 0xf9,
    0x64, 0xf7, 0x75, 0xf8, 0x64, 0xf7, 0x65, 0xf7, 0x76, 0xf8, 0x65, 0xf8, 0x64, 0xf7, 0x64, 0xf7,
    0x53, 0xf7, 0x53, 0xf6, 0x42, 0xf5, 0x43, 0xf5, 0x43, 0xf5, 0x53, 0xf6, 0x31, 0xf4, 0x42, 0xf5,
    0x42, 0xf5, 0x43, 0xf5, 0x32, 0xf4, 0x32, 0xf5, 0x32, 0xf5, 0x32, 0xf5, 0x32, 0xf4, 0x43, 0xf5,
    0x64, 0xf7, 0x75, 0xf8, 0x53, 0xf7, 0x75, 0xf8, 0x54, 0xf7, 0x54, 0xf6, 0x43, 0xf5, 0x43, 0xf5,
    0x32, 0xf4, 0x43, 0xf5, 0x43, 0xf5, 0x42, 0xf5, 0x53, 0xf6, 0x32, 0xf4, 0x32, 0xf5, 0x42, 0xf5,
    0x64, 0xf7, 0x75, 0xf8, 0x64, 0xf7, 0x64, 0xf7, 0x65, 0xf7, 0x65, 0xf7, 0x54, 0xf6, 0x65, 0xf7,
    0x53, 0xf6, 0x64, 0xf7, 0x53, 0xf6, 0x53, 0xf6, 0x53, 0xf6, 0x65, 0xf8, 0x64, 0xf7, 0x64, 0xf7,
    0x65, 0xf7, 0x54, 0xf6, 0x75, 0xf8, 0x64, 0xf8, 0x53, 0xf6, 0x32, 0xf4, 0x43, 0xf5, 0x21, 0xf3,
    0x64, 0xf7, 0x64, 0xf7, 0x43, 0xf6, 0x53, 0xf7, 0x53, 0xf6, 0x21, 0xf3, 0x64, 0xf7, 0x42, 0xf5,
    0x42, 0xf5, 0x43, 0xf5, 0x32, 0xf4, 0x54, 0xf6, 0x53, 0xf6, 0x53, 0xf6, 0x54, 0xf6, 0x32, 0xf4,
    0x32, 0xf4, 0x32, 0xf4, 0x32, 0xf5, 0x31, 0xf4, 0x53, 0xf6, 0x32, 0xf4, 0x21, 0xf3, 0x32, 0xf4,
    0x42, 0xf5, 0x43, 0xf5, 0x32, 0xf4, 0x32, 0xf4, 0x42, 0xf5, 0x43, 0xf6, 0x42, 0xf5, 0x42, 0xf6,
    0x32, 0xf4, 0x53, 0xf6, 0x43, 0xf5, 0x64, 0xf7, 0x53, 0xf7, 0x53, 0xf6, 0x64, 0xf7, 0x64, 0xf7,
    0x21, 0xf4, 0x32, 0xf5, 0x31, 0xf4, 0x32, 0xf5, 0x43, 0xf5, 0x43, 0xf6, 0x32, 0xf4, 0x43, 0xf5,
    0x53, 0xf6, 0x43, 0xf5, 0x32, 0xf5, 0x32, 0xf5, 0x32, 0xf4, 0x43, 0xf5, 0x43, 0xf5, 0x43, 0xf5,
    0x53, 0xf6, 0x54, 0xf6, 0x32, 0xf5, 0x42, 0xf5, 0x31, 0xf4, 0x43, 0xf5, 0x32, 0xf4, 0x43, 0xf4,
    0x42, 0xf5, 0x32, 0xf4, 0x43, 0xf6, 0x53, 0xf6, 0x32, 0xf4, 0x42, 0xf5, 0x54, 0xf7, 0x43, 0xf6,
    0x53, 0xf7, 0x42, 0xf5, 0x53, 0xf7, 0x53, 0xf7, 0x32, 0xf5, 0x32, 0xf4, 0x32, 0xf5, 0x42, 0xf5,
    0x32, 0xf5, 0x42, 0xf5, 0x43, 0xf5, 0x32, 0xf4, 0x53, 0xf7, 0x42, 0xf6, 0x42, 0xf5, 0x32, 0xf4,
    0x42, 0xf5, 0x53, 0xf6, 0x32, 0xf5, 0x31, 0xf4, 0x53, 0xf6, 0x54, 0xf6, 0x32, 0xf4, 0x32, 0xf4,
    0x43, 0xf5, 0x54, 0xf6, 0x65, 0xf7, 0x54, 0xf6, 0x32, 0xf4, 0x22, 0xf3, 0x43, 0xf4, 0x43, 0xf5,
    0x64, 0xf8, 0x42, 0xf5, 0x53, 0xf7, 0x42, 0xf5, 0x42, 0xf5, 0x43, 0xf5, 0x42, 0xf5, 0x64, 0xf7,
    0x42, 0xf5, 0x32, 0xf5, 0x43, 0xf5, 0x53, 0xf6, 0x43, 0xf6, 0x43, 0xf6, 0x53, 0xf6, 0x53, 0xf6,
    0x43, 0xf5, 0x54, 0xf6, 0x43, 0xf5, 0x54, 0xf6, 0x43, 0xf5, 0x43, 0xf5, 0x54, 0xf7, 0x43, 0xf5,
    0x54, 0xf6, 0x54, 0xf6, 0x54, 0xf6, 0x64, 0xf7, 0x54, 0xf6, 0x43, 0xf5, 0x53, 0xf6, 0x53, 0xf6,
    0x43, 0xf5, 0x54, 0xf6, 0x54, 0xf6, 0x54, 0xf6, 0x64, 0xf7, 0x54, 0xf7, 0x65, 0xf7, 0x64, 0xf7,
    0x54, 0xf6, 0x54, 0xf6, 0x53, 0xf6, 0x54, 0xf6, 0x75, 0xf8, 0x54, 0xf6, 0x65, 0xf7, 0x54, 0xf6,
    0x54, 0xf6, 0x65, 0xf7, 0x64, 0xf7, 0x54, 0xf7, 0x54, 0xf6, 0x54, 0xf7, 0x54, 0xf6, 0x53, 0xf6,
    0x64, 0xf7, 0x53, 0xf6, 0x54, 0xf6, 0x75, 0xf8, 0x53, 0xf6, 0x54, 0xf7, 0x54, 0xf6, 0x53, 0xf5,
    0x53, 0xf7, 0x43, 0xf6, 0x53, 0xf6, 0x64, 0xf7, 0x42, 0xf6, 0x53, 0xf6, 0x42, 0xf5, 0x42, 0xf6,
    0x53, 0xf6, 0x54, 0xf6, 0x64, 0xf7, 0x54, 0xf6, 0x53, 0xf6, 0x53, 0xf6, 0x64, 0xf7, 0x54, 0xf7,
    0x42, 0xf6, 0x42, 0xf6, 0x52, 0xf6, 0x42, 0xf5, 0x42, 0xf6, 0x42, 0xf5, 0x42, 0xf5, 0x32, 0xf4,
    0x53, 0xf7, 0x53, 0xf6, 0x53, 0xf7, 0x43, 0xf6, 0x42, 0xf5, 0x32, 0xf4, 0x42, 0xf5, 0x32, 0xf5,
    0x54, 0xf6, 0x54, 0xf6, 0x54, 0xf6, 0x54, 0xf6, 0x76, 0xf8, 0x43, 0xf6, 0x54, 0xf6, 0x53, 0xf6,
    0x43, 0xf5, 0x43, 0xf5, 0x43, 0xf5, 0x43, 0xf5, 0x53, 0xf6, 0x53, 0xf6, 0x53, 0xf6, 0x43, 0xf6,
    0x53, 0xf6, 0x43, 0xf6, 0x54, 0xf6, 0x53, 0xf6, 0x32, 0xf5, 0x42, 0xf6, 0x32, 0xf4, 0x53, 0xf7,
    0x43, 0xf6, 0x43, 0xf6, 0x42, 0xf5, 0x42, 0xf5, 0x32, 0xf5, 0x64, 0xf7, 0x43, 0xf6, 0x65, 0xf7,
    0x75, 0xf8, 0x64, 0xf7, 0x75, 0xf9, 0x43, 0xf5, 0x43, 0xf5, 0x54, 0xf6, 0x43, 0xf5, 0x54, 0xf6,
    0x53, 0xf7, 0x53, 0xf6, 0x32, 0xf5, 0x53, 0xf7, 0x53, 0xf6, 0x54, 0xf6, 0x43, 0xf5, 0x64, 0xf7,
    0x54, 0xf6, 0x65, 0xf8, 0x64, 0xf7, 0x53, 0xf6, 0x54, 0xf6, 0x43, 0xf5, 0x53, 0xf6, 0x43, 0xf5,
    0x54, 0xf7, 0x54, 0xf7, 0x64, 0xf7, 0x64, 0xf7, 0x53, 0xf6, 0x53, 0xf6, 0x43, 0xf5, 0x53, 0xf6,
    0x21, 0xf3, 0x42, 0xf5, 0x21, 0xf4, 0x31, 0xf4, 0x43, 0xf5, 0x54, 0xf7, 0x43, 0xf5, 0x53, 0xf6,
    0x32, 0xf4, 0x21, 0xf4, 0x32, 0xf4, 0x21, 0xf3, 0x42, 0xf5, 0x53, 0xf6, 0x32, 0xf5, 0x42, 0xf5,
    0x64, 0xf7, 0x54, 0xf6, 0x54, 0xf6, 0x43, 0xf5, 0x43, 0xf6, 0x53, 0xf6, 0x43, 0xf5, 0x53, 0xf6,
    0x53, 0xf6, 0x43, 0xf5, 0x42, 0xf5, 0x54, 0xf7, 0x54, 0xf6, 0x43, 0xf5, 0x75, 0xf8, 0x32, 0xf5,
    0x53, 0xf6, 0x54, 0xf6, 0x42, 0xf6, 0x53, 0xf6, 0x53, 0xf6, 0x43, 0xf6, 0x53, 0xf6, 0x42, 0xf5,
    0x53, 0xf6, 0x42, 0xf5, 0x42, 0xf5, 0x32, 0xf4, 0x53, 0xf6, 0x43, 0xf6, 0x42, 0xf5, 0x32, 0xf4,
    0x32, 0xf5, 0x42, 0xf5, 0x43, 0xf5, 0x21, 0xf3, 0x43, 0xf5, 0x86, 0xf9, 0x43, 0xf5, 0x54, 0xf6,
    0x42, 0xf5, 0x42, 0xf6, 0x32, 0xf4, 0x42, 0xf5, 0x54, 0xf6, 0x43, 0xf5, 0x54, 0xf6, 0x53, 0xf6,
    0x42, 0xf5, 0x32, 0xf4, 0x42, 0xf5, 0x43, 0xf6, 0x32, 0xf4, 0x32, 0xf5, 0x54, 0xf7, 0x43, 0xf4,
    0x32, 0xf4, 0x43, 0xf5, 0x32, 0xf4, 0x32, 0xf5, 0x54, 0xf6, 0x32, 0xf4, 0x32, 0xf4, 0x32, 0xf4,
    0x32, 0xf4, 0x43, 0xf5, 0x32, 0xf4, 0x32, 0xf4, 0x43, 0xf5, 0x53, 0xf6, 0x31, 0xf4, 0x43, 0xf6,
    0x43, 0xf5, 0x32, 0xf3, 0x43, 0xf5, 0x22, 0xf3, 0x32, 0xf4, 0x64, 0xf7, 0x53, 0xf6, 0x64, 0xf8,
    0x32, 0xf4, 0x21, 0xf3, 0x42, 0xf5, 0x32, 0xf4, 0x65, 0xf6, 0x76, 0xf8, 0x76, 0xf8, 0x66, 0xf7,
    0x42, 0xf5, 0x32, 0xf5, 0x43, 0xf6, 0x32, 0xf4, 0x65, 0xf6, 0x76, 0xf8, 0x22, 0xf3, 0x77, 0xf8,
    0x55, 0xf6, 0x54, 0xf5, 0x66, 0xf7, 0x76, 0xf8, 0x76, 0xf7, 0x54, 0xf6, 0x65, 0xf7, 0x66, 0xf7,
    0x87, 0xf9, 0x76, 0xf7, 0x98, 0xf9, 0x65, 0xf6, 0x55, 0xf6, 0x54, 0xf5, 0x43, 0xf4, 0x21, 0xf3,
    0x53, 0xf7, 0x32, 0xf4, 0x42, 0xf6, 0x42, 0xf6, 0x43, 0xf6, 0x54, 0xf6, 0x53, 0xf7, 0x42, 0xf5,
    0x42, 0xf6, 0x42, 0xf6, 0x32, 0xf5, 0x42, 0xf5, 0x42, 0xf6, 0x42, 0xf6, 0x75, 0xf8, 0x64, 0xf8,
    0x43, 0xf5, 0x43, 0xf4, 0x42, 0xf5, 0x43, 0xf5, 0x32, 0xf4, 0x43, 0xf5, 0x32, 0xf4, 0x43, 0xf6,
    0x42, 0xf6, 0x42, 0xf5, 0x42, 0xf5, 0x33, 0xf4, 0x43, 0xf5, 0x44, 0xf5, 0x54, 0xf5, 0x54, 0xf5,
    0x32, 0xf4, 0x53, 0xf7, 0x32, 0xf3, 0x64, 0xf7, 0x53, 0xf6, 0x54, 0xf6, 0x53, 0xf6, 0x42, 0xf5,
    0x43, 0xf5, 0x75, 0xf8, 0x54, 0xf6, 0x65, 0xf8, 0x31, 0xf4, 0x32, 0xf5, 0x42, 0xf6, 0x53, 0xf6,
    0x42, 0xf6, 0x43, 0xf6, 0x31, 0xf4, 0x53, 0xf7, 0x53, 0xf6, 0x32, 0xf4, 0x75, 0xf9, 0x43, 0xf6,
    0x53, 0xf6, 0x64, 0xf8, 0x64, 0xf8, 0x74, 0xf8, 0x86, 0xf9, 0x86, 0xfa, 0x75, 0xf9, 0x75, 0xf9,
    0x64, 0xf7, 0x53, 0xf6, 0x53, 0xf6, 0x42, 0xf6, 0x53, 0xf8, 0x42, 0xf5, 0x63, 0xf9, 0x74, 0xf9,
    0x32, 0xf4, 0x32, 0xf5, 0x44, 0xf5, 0x32, 0xf4, 0x53, 0xf8, 0x63, 0xf8, 0x63, 0xf8, 0x64, 0xf8,
    0x53, 0xf7, 0x75, 0xf9, 0x64, 0xf8, 0x75, 0xf9, 0x64, 0xf8, 0x64, 0xf8, 0x63, 0xf8, 0x74, 0xf8,
    0x53, 0xf7, 0x53, 0xf7, 0x63, 0xf7, 0x43, 0xf6, 0x64, 0xf8, 0x63, 0xf8, 0x53, 0xf7, 0x64, 0xf8,
    0x42, 0xf6, 0x42, 0xf6, 0x53, 0xf6, 0x52, 0xf7, 0x42, 0xf6, 0x42, 0xf6, 0x64, 0xf8, 0x43, 0xf6,
    0x42, 0xf6, 0x42, 0xf7, 0x53, 0xf6, 0x21, 0xf4, 0x64, 0xf8, 0x32, 0xf5, 0x21, 0xf3, 0x21, 0xf3,
    0x32, 0xf4, 0x43, 0xf5, 0x43, 0xf4, 0x32, 0xf4, 0x44, 0xf5, 0x54, 0xf5, 0x32, 0xf4, 0x43, 0xf5,
    0x31, 0xf4, 0x43, 0xf5, 0x32, 0xf5, 0x76, 0xf8, 0x43, 0xf5, 0x64, 0xf6, 0x75, 0xf7, 0x65, 0xf7,
    0x64, 0xf8, 0x64, 0xf7, 0x65, 0xf8, 0x64, 0xf7, 0x53, 0xf6, 0x42, 0xf6, 0x65, 0xf8, 0x53, 0xf7,
    0x65, 0xf8, 0x65, 0xf8, 0x64, 0xf8, 0x75, 0xf8, 0x64, 0xf7, 0x54, 0xf7, 0x64, 0xf7, 0x64, 0xf7,
    0x42, 0xf6, 0x54, 0xf6, 0x42, 0xf6, 0x63, 0xf7, 0x65, 0xf7, 0x65, 0xf6, 0x43, 0xf6, 0x65, 0xf7,
    0x53, 0xf7, 0x31, 0xf4, 0x42, 0xf6, 0x32, 0xf5, 0x64, 0xf7, 0x53, 0xf6, 0x53, 0xf6, 0x42, 0xf5,
    0x32, 0xf4, 0x54, 0xf6, 0x53, 0xf6, 0x75, 0xf8, 0x53, 0xf7, 0x53, 0xf7, 0x53, 0xf6, 0x52, 0xf7,
    0x65, 0xf7, 0x76, 0xf8, 0x43, 0xf5, 0x64, 0xf7, 0x42, 0xf5, 0x42, 0xf5, 0x22, 0xf3, 0x32, 0xf4,
    0x53, 0xf7, 0x64, 0xf8, 0x42, 0xf6, 0x53, 0xf7, 0x64, 0xf8, 0x64, 0xf8, 0x75, 0xf9, 0x74, 0xf8,
    0x42, 0xf5, 0x53, 0xf7, 0x42, 0xf5, 0x53, 0xf7, 0x75, 0xf9, 0x74, 0xf9, 0x53, 0xf7, 0x53, 0xf6,
    0x54, 0xf6, 0x32, 0xf4, 0x54, 0xf5, 0x32, 0xf4, 0x32, 0xf4, 0x43, 0xf5, 0x43, 0xf4, 0x54, 0xf7,
    0x43, 0xf4, 0x33, 0xf4, 0x54, 0xf5, 0x43, 0xf4, 0x43, 0xf5, 0x43, 0xf5, 0x53, 0xf6, 0x53, 0xf6,
    0x64, 0xf7, 0x53, 0xf7, 0x64, 0xf8, 0x75, 0xf9, 0x63, 0xf8, 0x63, 0xf7, 0x64, 0xf8, 0x63, 0xf7,
    0x54, 0xf7, 0x64, 0xf8, 0x32, 0xf4, 0x53, 0xf7, 0x65, 0xf7, 0x43, 0xf5, 0x53, 0xf6, 0x32, 0xf4,
    0x43, 0xf5, 0x32, 0xf4, 0x53, 0xf6, 0x21, 0xf3, 0x31, 0xf4, 0x32, 0xf5, 0x31, 0xf4, 0x42, 0xf5,
    0x64, 0xf7, 0x21, 0xf3, 0x75, 0xf8, 0x32, 0xf4, 0x32, 0xf4, 0x63, 0xf8, 0x21, 0xf3, 0x64, 0xf8,
    0x42, 0xf5, 0x32, 0xf5, 0x63, 0xf7, 0x64, 0xf8, 0x32, 0xf4, 0x21, 0xf3, 0x42, 0xf6, 0x21, 0xf3,
    0x74, 0xf8, 0x85, 0xf9, 0x74, 0xf8, 0x53, 0xf6, 0x42, 0xf6, 0x21, 0xf4, 0x53, 0xf6, 0x32, 0xf4,
    0x54, 0xf6, 0x32, 0xf4, 0x32, 0xf4, 0x31, 0xf4, 0x32, 0xf4, 0x43, 0xf5, 0x32, 0xf4, 0x32, 0xf4,
    0x42, 0xf6, 0x42, 0xf5, 0x43, 0xf6, 0x42, 0xf5, 0x42, 0xf5, 0x43, 0xf6, 0x32, 0xf4, 0x53, 0xf6,
    0x42, 0xf5, 0x42, 0xf5, 0x32, 0xf4, 0x42, 0xf5, 0x42, 0xf5, 0x21, 0xf3, 0x21, 0xf3, 0x22, 0xf3,
    0x42, 0xf5, 0x42, 0xf5, 0x75, 0xf9, 0x53, 0xf6, 0x42, 0xf5, 0x43, 0xf4, 0x53, 0xf7, 0x32, 0xf4,
    0x64, 0xf7, 0x32, 0xf4, 0x43, 0xf5, 0x43, 0xf5, 0x32, 0xf4, 0x32, 0xf4, 0x32, 0xf4, 0x32, 0xf3,
    0x42, 0xf5, 0x43, 0xf5, 0x32, 0xf3, 0x32, 0xf4, 0x32, 0xf3, 0x33, 0xf4, 0x43, 0xf4, 0x43, 0xf5,
    0x43, 0xf4, 0x33, 0xf4, 0x43, 0xf5, 0x54, 0xf6, 0x42, 0xf5, 0x64, 0xf8, 0x32, 0xf4, 0x64, 0xf7,
    0x32, 0xf3, 0x43, 0xf5, 0x43, 0xf4, 0x21, 0xf3, 0x43, 0xf4, 0x32, 0xf3, 0x33, 0xf4, 0x32, 0xf4,
    0x32, 0xf3, 0x54, 0xf6, 0x54, 0xf5, 0x54, 0xf5, 0x43, 0xf5, 0x44, 0xf5, 0x43, 0xf4, 0x54, 0xf6,
    0x54, 0xf5, 0x55, 0xf6, 0x43, 0xf4, 0x55, 0xf6, 0x54, 0xf6, 0x55, 0xf6, 0x54, 0xf6, 0x65, 0xf6,
    0x54, 0xf5, 0x33, 0xf4, 0x55, 0xf6, 0x32, 0xf4, 0x42, 0xf5, 0x43, 0xf6, 0x21, 0xf2, 0x31, 0xf4,
    0x44, 0xf5, 0x32, 0xf3, 0x54, 0xf5, 0x43, 0xf4, 0x21, 0xf3, 0x31, 0xf4, 0x32, 0xf3, 0x32, 0xf5,
    0x42, 0xf5, 0x32, 0xf4, 0x43, 0xf5, 0x32, 0xf4, 0x32, 0xf4, 0x43, 0xf5, 0x32, 0xf4, 0x54, 0xf5,
    0x32, 0xf5, 0x43, 0xf5, 0x42, 0xf5, 0x54, 0xf5, 0x65, 0xf6, 0x65, 0xf7, 0x65, 0xf6, 0x65, 0xf7,
    0x32, 0xf4, 0x43, 0xf5, 0x43, 0xf4, 0x54, 0xf6, 0x53, 0xf6, 0x42, 0xf5, 0x21, 0xf3, 0x21, 0xf3,
    0x65, 0xf6, 0x54, 0xf6, 0x76, 0xf7, 0x65, 0xf7, 0x32, 0xf4, 0x32, 0xf4, 0x43, 0xf5, 0x43, 0xf5,
    0x32, 0xf5, 0x54, 0xf6, 0x31, 0xf4, 0x32, 0xf5, 0x76, 0xf8, 0x65, 0xf7, 0x54, 0xf7, 0x54, 0xf6,
    0x31, 0xf5, 0x53, 0xf7, 0x42, 0xf5, 0x74, 0xf9, 0x53, 0xf6, 0x32, 0xf5, 0x53, 0xf6, 0x53, 0xf7,
    0x65, 0xf7, 0x43, 0xf5, 0x54, 0xf5, 0x43, 0xf4, 0x43, 0xf5, 0x64, 0xf8, 0x53, 0xf6, 0x53, 0xf6,
    0x53, 0xf6, 0x21, 0xf3, 0x54, 0xf7, 0x32, 0xf4, 0x32, 0xf4, 0x32, 0xf4, 0x65, 0xf7, 0x54, 0xf6,
    0x44, 0xf5, 0x43, 0xf4, 0x43, 0xf5, 0x54, 0xf5, 0x65, 0xf6, 0x55, 0xf6, 0x76, 0xf7, 0x55, 0xf6,
    0x32, 0xf4, 0x43, 0xf4, 0x32, 0xf5, 0x22, 0xf3, 0x54, 0xf6, 0x43, 0xf5, 0x22, 0xf3, 0x42, 0xf5,
    0x33, 0xf4, 0x33, 0xf4, 0x22, 0xf3, 0x32, 0xf3, 0x32, 0xf4, 0x53, 0xf6, 0x43, 0xf5, 0x53, 0xf6,
    0x32, 0xf4, 0x32, 0xf4, 0x64, 0xf8, 0x53, 0xf7, 0x54, 0xf6, 0x53, 0xf6, 0x53, 0xf6, 0x53, 0xf6,
    0x43, 0xf5, 0x43, 0xf5, 0x32, 0xf5, 0x53, 0xf6, 0x76, 0xf8, 0x43, 0xf5, 0x64, 0xf7, 0x53, 0xf6,
    0x32, 0xf4, 0x42, 0xf5, 0x42, 0xf5, 0x43, 0xf6, 0x32, 0xf5, 0x43, 0xf6, 0x42, 0xf5, 0x32, 0xf4,
    0x53, 0xf6, 0x53, 0xf7, 0x64, 0xf7, 0x53, 0xf6, 0x54, 0xf7, 0x64, 0xf7, 0x53, 0xf6, 0x64, 0xf7,
    0x54, 0xf7, 0x54, 0xf6, 0x53, 0xf6, 0x75, 0xf8, 0x53, 0xf6, 0x75, 0xf8, 0x75, 0xf8, 0x86, 0xf9,
    0x43, 0xf6, 0x75, 0xf8, 0x64, 0xf7, 0x43, 0xf6, 0x65, 0xf8, 0x42, 0xf5, 0x43, 0xf6, 0x43, 0xf6,
    0x54, 0xf7, 0x42, 0xf5, 0x32, 0xf5, 0x42, 0xf6, 0x32, 0xf4, 0x42, 0xf5, 0x32, 0xf5, 0x32, 0xf4,
    0x31, 0xf5, 0x32, 0xf4, 0x42, 0xf5, 0x31, 0xf4, 0x33, 0xf4, 0x33, 0xf4, 0x33, 0xf4, 0x43, 0xf5,
    0x43, 0xf6, 0x43, 0xf5, 0x43, 0xf5, 0x53, 0xf6, 0x43, 0xf5, 0x32, 0xf4, 0x54, 0xf7, 0x21, 0xf3,
    0x42, 0xf6, 0x53, 0xf7, 0x42, 0xf6, 0x43, 0xf6, 0x32, 0xf4, 0x32, 0xf4, 0x32, 0xf4, 0x42, 0xf5,
    0x32, 0xf5, 0x32, 0xf4, 0x42, 0xf5, 0x32, 0xf4, 0x21, 0xf3, 0x42, 0xf5, 0x31, 0xf4, 0x43, 0xf6,
    0x53, 0xf6, 0x43, 0xf6, 0x43, 0xf6, 0x32, 0xf4, 0x43, 0xf5, 0x32, 0xf3, 0x32, 0xf4, 0x32, 0xf4,
    0x32, 0xf5, 0x32, 0xf4, 0x53, 0xf6, 0x32, 0xf5, 0x32, 0xf4, 0x43, 0xf5, 0x32, 0xf4, 0x32, 0xf4,
    0x43, 0xf4, 0x32, 0xf4, 0x43, 0xf5, 0x43, 0xf5, 0x42, 0xf5, 0x53, 0xf6, 0x43, 0xf5, 0x86, 0xf9,
    0x43, 0xf5, 0x54, 0xf6, 0x54, 0xf6, 0x32, 0xf4, 0x75, 0xf8, 0x75, 0xf9, 0x65, 0xf8, 0x75, 0xf8,
    0x43, 0xf5, 0x65, 0xf7, 0x75, 0xf8, 0x64, 0xf7, 0x86, 0xf8, 0x43, 0xf5, 0x65, 0xf8, 0x64, 0xf7,
    0x64, 0xf8, 0x53, 0xf7, 0x64, 0xf7, 0x54, 0xf7, 0x53, 0xf7, 0x63, 0xf8, 0x52, 0xf7, 0x63, 0xf7,
    0x53, 0xf6, 0x54, 0xf6, 0x43, 0xf5, 0x43, 0xf5, 0x43, 0xf5, 0x54, 0xf7, 0x32, 0xf4, 0x32, 0xf4,
    0x32, 0xf3, 0x21, 0xf2, 0x32, 0xf4, 0x64, 0xf7, 0x53, 0xf6, 0x42, 0xf5, 0x64, 0xf8, 0x53, 0xf7,
    0x53, 0xf6, 0x64, 0xf8, 0x32, 0xf4, 0x53, 0xf6, 0x53, 0xf7, 0x43, 0xf6, 0x53, 0xf6, 0x32, 0xf4,
    0x42, 0xf5, 0x32, 0xf5, 0x53, 0xf7, 0x32, 0xf5, 0x42, 0xf5, 0x42, 0xf5, 0x32, 0xf4, 0x43, 0xf4,
    0x32, 0xf5, 0x42, 0xf5, 0x53, 0xf6, 0x75, 0xf8, 0x53, 0xf6, 0x64, 0xf7, 0x64, 0xf7, 0x53, 0xf6,
    0x53, 0xf6, 0x65, 0xf8, 0x42, 0xf5, 0x53, 0xf7, 0x54, 0xf7, 0x53, 0xf7, 0x64, 0xf7, 0x64, 0xf7,
    0x54, 0xf6, 0x42, 0xf5, 0x53, 0xf6, 0x43, 0xf6, 0x43, 0xf6, 0x32, 0xf5, 0x53, 0xf6, 0x42, 0xf5,
    0x75, 0xf8, 0x64, 0xf7, 0x53, 0xf7, 0x43, 0xf6, 0x42, 0xf5, 0x53, 0xf6, 0x32, 0xf5, 0x43, 0xf6,
    0x64, 0xf7, 0x64, 0xf8, 0x54, 0xf7, 0x65, 0xf8, 0x64, 0xf8, 0x64, 0xf8, 0x75, 0xf9, 0x75, 0xf8,
    0x75, 0xf8, 0x64, 0xf7, 0x75, 0xf9, 0x43, 0xf6, 0x64, 0xf8, 0x64, 0xf8, 0x42, 0xf6, 0x75, 0xf8,
    0x53, 0xf7, 0x42, 0xf6, 0x64, 0xf7, 0x42, 0xf5, 0x54, 0xf6, 0x32, 0xf5, 0x54, 0xf6, 0x42, 0xf5,
    0x53, 0xf7, 0x53, 0xf6, 0x75, 0xf9, 0x64, 0xf8, 0x54, 0xf7, 0x53, 0xf6, 0x53, 0xf6, 0x54, 0xf7,
    0x43, 0xf6, 0x85, 0xfa, 0x43, 0xf6, 0x74, 0xf9, 0x53, 0xf7, 0x53, 0xf6, 0x64, 0xf8, 0x52, 0xf7,
    0x64, 0xf7, 0x64, 0xf7, 0x53, 0xf6, 0x53, 0xf6, 0x52, 0xf7, 0x63, 0xf8, 0x21, 0xf4, 0x42, 0xf6,
    0x53, 0xf7, 0x42, 0xf6, 0x53, 0xf7, 0x53, 0xf6, 0x43, 0xf6, 0x43, 0xf5, 0x42, 0xf5, 0x32, 0xf4,
    0x53, 0xf8, 0x21, 0xf3, 0x32, 0xf5, 0x32, 0xf5, 0x21, 0xf3, 0x43, 0xf4, 0x53, 0xf6, 0x43, 0xf4,
    0x32, 0xf5, 0x42, 0xf5, 0x42, 0xf5, 0x42, 0xf5, 0x31, 0xf4, 0x43, 0xf4, 0x31, 0xf4, 0x43, 0xf5,
    0x42, 0xf5, 0x31, 0xf4, 0x32, 0xf5, 0x21, 0xf3, 0x21, 0xf3, 0x32, 0xf4, 0x32, 0xf3, 0x32, 0xf4,
    0x32, 0xf5, 0x54, 0xf7, 0x43, 0xf5, 0x75, 0xf9, 0x75, 0xf8, 0x65, 0xf7, 0x64, 0xf7, 0x54, 0xf5,
    0x21, 0xf3, 0x64, 0xf7, 0x22, 0xf3, 0x43, 0xf5, 0x64, 0xf7, 0x43, 0xf5, 0x54, 0xf6, 0x32, 0xf4,
    0x75, 0xf9, 0x74, 0xf9, 0x64, 0xf7, 0x75, 0xf9, 0x64, 0xf8, 0x43, 0xf5, 0x54, 0xf7, 0x43, 0xf5,
    0x43, 0xf5, 0x43, 0xf5, 0x43, 0xf5, 0x43, 0xf5, 0x32, 0xf4, 0x32, 0xf4, 0x43, 0xf4, 0x43, 0xf5,
    0x43, 0xf5, 0x54, 0xf5, 0x43, 0xf5, 0x54, 0xf6, 0x65, 0xf6, 0x76, 0xf8, 0x65, 0xf7, 0x54, 0xf6,
    0x43, 0xf5, 0x43, 0xf5, 0x54, 0xf5, 0x54, 0xf6, 0x65, 0xf7, 0x54, 0xf6, 0x54, 0xf6, 0x54, 0xf6,
    0x32, 0xf4, 0x43, 0xf4, 0x43, 0xf5, 0x43, 0xf5, 0x32, 0xf4, 0x32, 0xf4, 0x43, 0xf5, 0x43, 0xf5,
    0x32, 0xf4, 0x32, 0xf4, 0x43, 0xf5, 0x32, 0xf4, 0x64, 0xf7, 0x65, 0xf7, 0x54, 0xf6, 0x64, 0xf6,
    0x65, 0xf7, 0x65, 0xf7, 0x43, 0xf5, 0x54, 0xf6, 0x54, 0xf6, 0x43, 0xf5, 0x43, 0xf5, 0x32, 0xf4,
    0x43, 0xf5, 0x43, 0xf5, 0x54, 0xf6, 0x42, 0xf5, 0x53, 0xf6, 0x54, 0xf6, 0x32, 0xf4, 0x54, 0xf6,
    0x76, 0xf8, 0x75, 0xf8, 0x54, 0xf5, 0x64, 0xf6, 0x65, 0xf7, 0x43, 0xf5, 0x86, 0xf9, 0x64, 0xf7,
    0x54, 0xf6, 0x54, 0xf6, 0x54, 0xf6, 0x65, 0xf7, 0x76, 0xf8, 0x54, 0xf6, 0x76, 0xf8, 0x54, 0xf6,
    0x53, 0xf6, 0x53, 0xf6, 0x53, 0xf6, 0x53, 0xf6, 0x53, 0xf6, 0x64, 0xf7, 0x53, 0xf6, 0x53, 0xf6,
    0x42, 0xf5, 0x53, 0xf6, 0x32, 0xf4, 0x53, 0xf7, 0x54, 0xf7, 0x43, 0xf5, 0x64, 0xf7, 0x43, 0xf6,
    0x53, 0xf5, 0x54, 0xf6, 0x54, 0xf6, 0x54, 0xf5, 0x54, 0xf6, 0x54, 0xf6, 0x43, 0xf5, 0x54, 0xf6,
    0x43, 0xf5, 0x43, 0xf5, 0x53, 0xf6, 0x43, 0xf5, 0x53, 0xf6, 0x64, 0xf7, 0x43, 0xf5, 0x54, 0xf6,
    0x42, 0xf5, 0x53, 0xf6, 0x54, 0xf7, 0x43, 0xf6, 0x54, 0xf7, 0x43, 0xf6, 0x53, 0xf6, 0x53, 0xf6,
    0x75, 0xf8, 0x54, 0xf7, 0x65, 0xf7, 0x54, 0xf6, 0x53, 0xf6, 0x42, 0xf5, 0x43, 0xf6, 0x42, 0xf5,
    0x32, 0xf4, 0x32, 0xf4, 0x32, 0xf4, 0x32, 0xf4, 0x54, 0xf6, 0x65, 0xf7, 0x43, 0xf5, 0x43, 0xf5,
    0x52, 0xf6, 0x32, 0xf5, 0x42, 0xf5, 0x32, 0xf4, 0x32, 0xf4, 0x31, 0xf4, 0x21, 0xf4, 0x32, 0xf5,
    0x42, 0xf5, 0x31, 0xf4, 0x32, 0xf4, 0x42, 0xf6, 0x32, 0xf5, 0x53, 0xf6, 0x53, 0xf6, 0x42, 0xf5,
    0x32, 0xf4, 0x43, 0xf5, 0x43, 0xf5, 0x43, 0xf5, 0x32, 0xf4, 0x32, 0xf4, 0x32, 0xf5, 0x32, 0xf3,
    0x21, 0xf3, 0x21, 0xf3, 0x21, 0xf3, 0x32, 0xf5, 0x32, 0xf4, 0x42, 0xf5, 0x53, 0xf7, 0x42, 0xf6,
    0x31, 0xf4, 0x42, 0xf6, 0x42, 0xf6, 0x42, 0xf6, 0x52, 0xf6, 0x43, 0xf6, 0x42, 0xf6, 0x42, 0xf5,
    0x43, 0xf5, 0x32, 0xf4, 0x42, 0xf5, 0x32, 0xf5, 0x53, 0xf6, 0x43, 0xf6, 0x64, 0xf7, 0x54, 0xf6,
    0x52, 0xf7, 0x53, 0xf7, 0x53, 0xf7, 0x53, 0xf7, 0x65, 0xf7, 0x32, 0xf5, 0x53, 0xf6, 0x43, 0xf6,
    0x53, 0xf6, 0x43, 0xf5, 0x43, 0xf5, 0x43, 0xf5, 0x43, 0xf5, 0x65, 0xf7, 0x43, 0xf5, 0x64, 0xf7,
    0x43, 0xf4, 0x42, 0xf4, 0x32, 0xf4, 0x22, 0xf3, 0x43, 0xf5, 0x53, 0xf6, 0x32, 0xf4, 0x42, 0xf5,
    0x76, 0xf8, 0x53, 0xf7, 0x75, 0xf8, 0x64, 0xf7, 0x42, 0xf6, 0x42, 0xf5, 0x43, 0xf6, 0x42, 0xf5,
    0x75, 0xf8, 0x64, 0xf7, 0x53, 0xf6, 0x64, 0xf7, 0x42, 0xf5, 0x42, 0xf5, 0x42, 0xf5, 0x32, 0xf4,
    0x32, 0xf3, 0x32, 0xf4, 0x32, 0xf4, 0x22, 0xf3, 0x42, 0xf4, 0x43, 0xf4, 0x43, 0xf4, 0x43, 0xf5,
    0x32, 0xf4, 0x32, 0xf4, 0x42, 0xf6, 0x42, 0xf5, 0x43, 0xf5, 0x75, 0xf8, 0x43, 0xf6, 0x54, 0xf6,
    0x32, 0xf4, 0x53, 0xf6, 0x32, 0xf4, 0x43, 0xf5, 0x43, 0xf5, 0x21, 0xf3, 0x53, 0xf6, 0x32, 0xf4,
    0x32, 0xf4, 0x43, 0xf4, 0x32, 0xf4, 0x43, 0xf5, 0x32, 0xf4, 0x32, 0xf4, 0x32, 0xf4, 0x32, 0xf4,
    0x64, 0xf7, 0x53, 0xf7, 0x53, 0xf6, 0x43, 0xf6, 0x53, 0xf7, 0x43, 0xf6, 0x43, 0xf5, 0x32, 0xf4,
    0x42, 0xf6, 0x32, 0xf5, 0x53, 0xf6, 0x42, 0xf5, 0x42, 0xf5, 0x42, 0xf5, 0x32, 0xf4, 0x42, 0xf5,
    0x43, 0xf5, 0x32, 0xf4, 0x42, 0xf5, 0x32, 0xf4, 0x32, 0xf4, 0x32, 0xf4, 0x22, 0xf3, 0x32, 0xf3,
    0x32, 0xf4, 0x32, 0xf5, 0x43, 0xf6, 0x31, 0xf4, 0x21, 0xf3, 0x32, 0xf4, 0x21, 0xf3, 0x32, 0xf4,
    0x43, 0xf6, 0x43, 0xf5, 0x42, 0xf5, 0x43, 0xf6, 0x32, 0xf4, 0x53, 0xf6, 0x42, 0xf5, 0x43, 0xf6,
    0x42, 0xf5, 0x43, 0xf6, 0x42, 0xf5, 0x42, 0xf5, 0x42, 0xf5, 0x43, 0xf6, 0x32, 0xf5, 0x53, 0xf7,
    0x53, 0xf6, 0x32, 0xf5, 0x42, 0xf5, 0x32, 0xf5, 0x43, 0xf5, 0x32, 0xf4, 0x54, 0xf5, 0x32, 0xf3,
    0x42, 0xf6, 0x42, 0xf5, 0x42, 0xf5, 0x43, 0xf6, 0x32, 0xf4, 0x32, 0xf3, 0x32, 0xf4, 0x32, 0xf4,
    0x43, 0xf5, 0x65, 0xf7, 0x65, 0xf7, 0x65, 0xf7, 0x65, 0xf6, 0x87, 0xf9, 0x54, 0xf5, 0x76, 0xf7,
    0x54, 0xf6, 0x65, 0xf7, 0x53, 0xf6, 0x65, 0xf7, 0x54, 0xf6, 0x65, 0xf7, 0x65, 0xf7, 0x65, 0xf7,
    0x54, 0xf6, 0x21, 0xf3, 0x87, 0xf9, 0x43, 0xf4, 0x43, 0xf6, 0x64, 0xf7, 0x21, 0xf3, 0x75, 0xf8,
    0x76, 0xf7, 0x32, 0xf4, 0x64, 0xf6, 0x54, 0xf6, 0x32, 0xf4, 0x53, 0xf6, 0x53, 0xf6, 0x65, 0xf8,
    0x43, 0xf5, 0x76, 0xf8, 0x32, 0xf3, 0x32, 0xf4, 0x86, 0xf8, 0x54, 0xf6, 0x54, 0xf5, 0x32, 0xf3,
    0x32, 0xf4, 0x32, 0xf4, 0x32, 0xf4, 0x64, 0xf8, 0x42, 0xf5, 0x31, 0xf4, 0x53, 0xf7, 0x32, 0xf4,
    0x32, 0xf4, 0x43, 0xf5, 0x21, 0xf3, 0x32, 0xf5, 0x32, 0xf4, 0x43, 0xf5, 0x43, 0xf5, 0x43, 0xf5,
    0x31, 0xf4, 0x32, 0xf5, 0x42, 0xf5, 0x53, 0xf6, 0x32, 0xf4, 0x32, 0xf3, 0x43, 0xf5, 0x43, 0xf5,
    0x53, 0xf6, 0x53, 0xf6, 0x53, 0xf7, 0x53, 0xf7, 0x31, 0xf4, 0x32, 0xf5, 0x21, 0xf3, 0x31, 0xf4,
    0x53, 0xf7, 0x32, 0xf4, 0x53, 0xf7, 0x42, 0xf5, 0x32, 0xf4, 0x54, 0xf7, 0x54, 0xf7, 0x75, 0xf9,
    0x42, 0xf5, 0x42, 0xf5, 0x42, 0xf6, 0x42, 0xf6, 0x42, 0xf6, 0x42, 0xf5, 0x53, 0xf7, 0x64, 0xf7,
    0x64, 0xf7, 0x64, 0xf7, 0x75, 0xf8, 0x65, 0xf7, 0x64, 0xf7, 0x53, 0xf7, 0x64, 0xf7, 0x54, 0xf7,
    0x53, 0xf6, 0x53, 0xf6, 0x32, 0xf5, 0x54, 0xf7, 0x75, 0xf8, 0x64, 0xf8, 0x75, 0xf8, 0x64, 0xf8,
    0x43, 0xf5, 0x64, 0xf7, 0x43, 0xf5, 0x64, 0xf7, 0x76, 0xf8, 0x65, 0xf8, 0x76, 0xf8, 0x75, 0xf8,
    0x75, 0xf8, 0x64, 0xf7, 0x86, 0xf9, 0x87, 0xf9, 0x53, 0xf6, 0x42, 0xf6, 0x76, 0xf9, 0x53, 0xf6,
    0x75, 0xf8, 0x87, 0xf9, 0x65, 0xf8, 0x76, 0xf8, 0x87, 0xfa, 0x54, 0xf7, 0x76, 0xf9, 0x53, 0xf7,
    0x42, 0xf6, 0x53, 0xf7, 0x76, 0xf9, 0x53, 0xf7, 0x32, 0xf5, 0x42, 0xf5, 0x52, 0xf7, 0x53, 0xf8,
    0x53, 0xf7, 0x53, 0xf7, 0x42, 0xf6, 0x64, 0xf7, 0x53, 0xf6, 0x42, 0xf6, 0x64, 0xf7, 0x42, 0xf6,
    0x54, 0xf7, 0x64, 0xf8, 0x54, 0xf6, 0x42, 0xf5, 0x65, 0xf8, 0x54, 0xf6, 0x54, 0xf7, 0x43, 0xf5,
    0x53, 0xf7, 0x42, 0xf5, 0x64, 0xf7, 0x42, 0xf6, 0x53, 0xf6, 0x53, 0xf6, 0x43, 0xf6, 0x32, 0xf5,
    0x53, 0xf7, 0x86, 0xf9, 0x64, 0xf7, 0x64, 0xf7, 0x53, 0xf7, 0x42, 0xf6, 0x53, 0xf7, 0x31, 0xf5,
    0x76, 0xf8, 0x64, 0xf7, 0x64, 0xf7, 0x65, 0xf8, 0x65, 0xf8, 0x64, 0xf8, 0x65, 0xf7, 0x64, 0xf7,
    0x64, 0xf7, 0x54, 0xf7, 0x64, 0xf7, 0x86, 0xf9, 0x42, 0xf5, 0x21, 0xf3, 0x32, 0xf4, 0x32, 0xf4,
    0x75, 0xf9, 0x97, 0xfa, 0x65, 0xf8, 0x65, 0xf8, 0x43, 0xf5, 0x21, 0xf3, 0x22, 0xf3, 0x21, 0xf3,
    0x53, 0xf7, 0x43, 0xf6, 0x53, 0xf6, 0x53, 0xf6, 0x53, 0xf6, 0x32, 0xf5, 0x43, 0xf6, 0x32, 0xf4,
    0x43, 0xf6, 0x42, 0xf5, 0x32, 0xf4, 0x32, 0xf4, 0x54, 0xf7, 0x42, 0xf5, 0x43, 0xf6, 0x53, 0xf7,
    0x42, 0xf6, 0x42, 0xf5, 0x43, 0xf6, 0x43, 0xf6, 0x53, 0xf6, 0x53, 0xf7, 0x42, 0xf5, 0x32, 0xf5,
    0x32, 0xf4, 0x42, 0xf5, 0x43, 0xf6, 0x42, 0xf6, 0x42, 0xf6, 0x32, 0xf5, 0x53, 0xf7, 0x32, 0xf5,
    0x42, 0xf5, 0x43, 0xf5, 0x53, 0xf6, 0x53, 0xf6, 0x42, 0xf5, 0x53, 0xf7, 0x42, 0xf5, 0x32, 0xf4,
    0x43, 0xf6, 0x43, 0xf6, 0x32, 0xf4, 0x43, 0xf5, 0x42, 0xf5, 0x32, 0xf4, 0x32, 0xf4, 0x32, 0xf4,
    0x53, 0xf7, 0x42, 0xf5, 0x53, 0xf6, 0x64, 0xf7, 0x53, 0xf7, 0x31, 0xf4, 0x42, 0xf6, 0x32, 0xf5,
    0x43, 0xf6, 0x53, 0xf6, 0x31, 0xf4, 0x43, 0xf5, 0x21, 0xf3, 0x31, 0xf5, 0x53, 0xf6, 0x53, 0xf6,
    0x43, 0xf6, 0x42, 0xf5, 0x32, 0xf5, 0x42, 0xf6, 0x31, 0xf5, 0x21, 0xf3, 0x42, 0xf5, 0x21, 0xf3,
    0x32, 0xf5, 0x42, 0xf6, 0x42, 0xf5, 0x32, 0xf4, 0x42, 0xf5, 0x32, 0xf4, 0x32, 0xf4, 0x54, 0xf6,
    0x32, 0xf4, 0x32, 0xf4, 0x32, 0xf4, 0x43, 0xf5, 0x32, 0xf3, 0x32, 0xf4, 0x32, 0xf4, 0x21, 0xf3,
    0x54, 0xf6, 0x54, 0xf6, 0x54, 0xf6, 0x54, 0xf6, 0x54, 0xf6, 0x32, 0xf3, 0x64, 0xf7, 0x32, 0xf3,
    0x21, 0xf3, 0x21, 0xf3, 0x31, 0xf4, 0x43, 0xf5, 0x54, 0xf6, 0x65, 0xf7, 0x65, 0xf7, 0x64, 0xf7,
    0x32, 0xf4, 0x42, 0xf5, 0x64, 0xf7, 0x54, 0xf6, 0x42, 0xf6, 0x54, 0xf6, 0x32, 0xf4, 0x42, 0xf5,
    0x53, 0xf5, 0x54, 0xf6, 0x53, 0xf6, 0x42, 0xf5, 0x65, 0xf7, 0x54, 0xf6, 0x54, 0xf6, 0x54, 0xf6,
    0x65, 0xf7, 0x53, 0xf6, 0x65, 0xf7, 0x43, 0xf5, 0x53, 0xf6, 0x42, 0xf5, 0x32, 0xf4, 0x32, 0xf4,
    0x22, 0xf3, 0x32, 0xf5, 0x21, 0xf3, 0x32, 0xf4, 0x32, 0xf4, 0x32, 0xf4, 0x32, 0xf4, 0x42, 0xf6,
    0x43, 0xf5, 0x43, 0xf5, 0x42, 0xf5, 0x42, 0xf5, 0x42, 0xf5, 0x32, 0xf5, 0x53, 0xf7, 0x42, 0xf5,
    0x53, 0xf6, 0x65, 0xf7, 0x64, 0xf7, 0x54, 0xf7, 0x64, 0xf7, 0x64, 0xf7, 0x53, 0xf6, 0x75, 0xf8,
    0x42, 0xf5, 0x43, 0xf5, 0x42, 0xf5, 0x42, 0xf6, 0x43, 0xf5, 0x64, 0xf7, 0x43, 0xf6, 0x42, 0xf5,
    0x53, 0xf7, 0x53, 0xf7, 0x53, 0xf7, 0x42, 0xf6, 0x64, 0xf7, 0x53, 0xf7, 0x65, 0xf7, 0x65, 0xf7,
    0x64, 0xf7, 0x43, 0xf5, 0x64, 0xf8, 0x53, 0xf7, 0x75, 0xf8, 0x64, 0xf8, 0x54, 0xf7, 0x75, 0xf8,
    0x42, 0xf5, 0x53, 0xf7, 0x64, 0xf7, 0x64, 0xf8, 0x31, 0xf4, 0x22, 0xf3, 0x21, 0xf3, 0x21, 0xf3,
    0x53, 0xf6, 0x75, 0xf8, 0x64, 0xf7, 0x64, 0xf7, 0x43, 0xf5, 0x21, 0xf2, 0x43, 0xf5, 0x21, 0xf3,
    0x64, 0xf8, 0x32, 0xf5, 0x74, 0xf8, 0x31, 0xf4, 0x21, 0xf3, 0x32, 0xf4, 0x32, 0xf4, 0x32, 0xf4,
    0x32, 0xf5, 0x32, 0xf4, 0x21, 0xf3, 0x32, 0xf4, 0x43, 0xf5, 0x32, 0xf4, 0x43, 0xf5, 0x33, 0xf4,
    0x32, 0xf5, 0x32, 0xf4, 0x42, 0xf5, 0x43, 0xf6, 0x32, 0xf4, 0x32, 0xf5, 0x43, 0xf5, 0x43, 0xf5,
    0x32, 0xf4, 0x32, 0xf5, 0x43, 0xf5, 0x43, 0xf5, 0x32, 0xf5, 0x43, 0xf5, 0x32, 0xf4, 0x32, 0xf5,
    0x32, 0xf4, 0x43, 0xf5, 0x32, 0xf4, 0x42, 0xf5, 0x44, 0xf5, 0x32, 0xf4, 0x42, 0xf5, 0x32, 0xf4,
    0x43, 0xf5, 0x43, 0xf4, 0x43, 0xf5, 0x43, 0xf5, 0x32, 0xf4, 0x43, 0xf5, 0x32, 0xf4, 0x32, 0xf4,
    0x32, 0xf4, 0x32, 0xf5, 0x32, 0xf4, 0x42, 0xf5, 0x42, 0xf5, 0x43, 0xf6, 0x53, 0xf6, 0x53, 0xf6,
    0x32, 0xf4, 0x42, 0xf5, 0x32, 0xf4, 0x32, 0xf4, 0x43, 0xf6, 0x43, 0xf5, 0x32, 0xf4, 0x32, 0xf4,
    0x43, 0xf5, 0x65, 0xf8, 0x43, 0xf5, 0x64, 0xf8, 0x65, 0xf8, 0x75, 0xf8, 0x53, 0xf7, 0x75, 0xf8,
    0x21, 0xf3, 0x53, 0xf7, 0x11, 0xf2, 0x42, 0xf5, 0x64, 0xf8, 0x64, 0xf8, 0x75, 0xf9, 0x64, 0xf8,
    0x75, 0xf8, 0x54, 0xf7, 0x64, 0xf8, 0x42, 0xf6, 0x63, 0xf7, 0x64, 0xf8, 0x64, 0xf8, 0x75, 0xf9,
    0x43, 0xf5, 0x42, 0xf5, 0x43, 0xf6, 0x42, 0xf6, 0x53, 0xf7, 0x75, 0xf8, 0x75, 0xf9, 0x75, 0xf9,
    0x21, 0xf2, 0x21, 0xf3, 0x21, 0xf3, 0x32, 0xf4, 0x32, 0xf4, 0x42, 0xf5, 0x32, 0xf4, 0x32, 0xf4,
    0x32, 0xf4, 0x43, 0xf5, 0x32, 0xf5, 0x43, 0xf6, 0x54, 0xf6, 0x54, 0xf6, 0x64, 0xf7, 0x54, 0xf6,
    0x42, 0xf6, 0x53, 0xf7, 0x42, 0xf5, 0x42, 0xf6, 0x76, 0xf8, 0x75, 0xf9, 0x64, 0xf8, 0x74, 0xf9,
    0x32, 0xf4, 0x42, 0xf5, 0x32, 0xf4, 0x32, 0xf5, 0x42, 0xf5, 0x53, 0xf6, 0x42, 0xf5, 0x32, 0xf5,
    0x64, 0xf8, 0x64, 0xf7, 0x75, 0xf8, 0x86, 0xf9, 0x43, 0xf6, 0x42, 0xf6, 0x54, 0xf7, 0x42, 0xf6,
    0x64, 0xf8, 0x86, 0xf9, 0x64, 0xf8, 0x64, 0xf8, 0x76, 0xf9, 0x53, 0xf6, 0x75, 0xf9, 0x53, 0xf6,
    0x32, 0xf5, 0x32, 0xf4, 0x42, 0xf5, 0x42, 0xf5, 0x21, 0xf3, 0x21, 0xf4, 0x32, 0xf4, 0x43, 0xf5,
    0x42, 0xf5, 0x43, 0xf6, 0x21, 0xf3, 0x32, 0xf4, 0x42, 0xf5, 0x53, 0xf6, 0x32, 0xf5, 0x32, 0xf5,
    0x63, 0xf8, 0x53, 0xf7, 0x53, 0xf7, 0x42, 0xf5, 0x64, 0xf8, 0x54, 0xf7, 0x52, 0xf6, 0x42, 0xf6,
    0x31, 0xf5, 0x31, 0xf4, 0x53, 0xf7, 0x42, 0xf5, 0x42, 0xf5, 0x42, 0xf5, 0x32, 0xf5, 0x42, 0xf5,
    0x10, 0xf2, 0x32, 0xf4, 0x32, 0xf4, 0x32, 0xf3, 0x32, 0xf4, 0x32, 0xf4, 0x22, 0xf3, 0x32, 0xf4,
    0x53, 0xf6, 0x42, 0xf4, 0x42, 0xf5, 0x43, 0xf6, 0x43, 0xf5, 0x32, 0xf4, 0x43, 0xf5, 0x32, 0xf4,
    0x32, 0xf5, 0x32, 0xf5, 0x43, 0xf6, 0x43, 0xf5, 0x32, 0xf5, 0x42, 0xf5, 0x31, 0xf4, 0x32, 0xf4,
    0x43, 0xf5, 0x43, 0xf5, 0x43, 0xf6, 0x53, 0xf7, 0x42, 0xf6, 0x42, 0xf6, 0x42, 0xf5, 0x42, 0xf6,
    0x32, 0xf4, 0x43, 0xf5, 0x32, 0xf4, 0x42, 0xf5, 0x53, 0xf6, 0x52, 0xf6, 0x32, 0xf5, 0x64, 0xf7,
    0x42, 0xf5, 0x42, 0xf5, 0x52, 0xf6, 0x42, 0xf6, 0x42, 0xf5, 0x53, 0xf6, 0x32, 0xf5, 0x31, 0xf4,
    0x64, 0xf8, 0x53, 0xf7, 0x53, 0xf6, 0x42, 0xf6, 0x42, 0xf6, 0x43, 0xf6, 0x42, 0xf6, 0x53, 0xf7,
    0x43, 0xf5, 0x32, 0xf5, 0x32, 0xf4, 0x31, 0xf4, 0x42, 0xf6, 0x53, 0xf7, 0x32, 0xf5, 0x53, 0xf6,
    0x53, 0xf7, 0x53, 0xf7, 0x53, 0xf6, 0x53, 0xf6, 0x42, 0xf6, 0x31, 0xf4, 0x42, 0xf6, 0x31, 0xf4,
    0x53, 0xf7, 0x42, 0xf6, 0x42, 0xf6, 0x42, 0xf6, 0x31, 0xf4, 0x32, 0xf4, 0x42, 0xf5, 0x32, 0xf5,
    0x75, 0xf9, 0x63, 0xf8, 0x64, 0xf7, 0x42, 0xf6, 0x42, 0xf6, 0x32, 0xf5, 0x31, 0xf4, 0x42, 0xf5,
    0x31, 0xf5, 0x31, 0xf5, 0x31, 0xf5, 0x21, 0xf4, 0x31, 0xf4, 0x54, 0xf6, 0x32, 0xf3, 0x42, 0xf5,
    0x43, 0xf6, 0x53, 0xf6, 0x43, 0xf5, 0x32, 0xf5, 0x43, 0xf5, 0x32, 0xf4, 0x32, 0xf4, 0x32, 0xf3,
    0x43, 0xf5, 0x31, 0xf4, 0x43, 0xf6, 0x43, 0xf5, 0x32, 0xf4, 0x32, 0xf4, 0x32, 0xf4, 0x32, 0xf4,
    0x31, 0xf5, 0x32, 0xf4, 0x31, 0xf5, 0x32, 0xf4, 0x32, 0xf3, 0x42, 0xf5, 0x42, 0xf5, 0x32, 0xf4,
    0x42, 0xf6, 0x32, 0xf4, 0x42, 0xf6, 0x32, 0xf5, 0x32, 0xf4, 0x32, 0xf4, 0x32, 0xf4, 0x43, 0xf6,
    0x53, 0xf6, 0x43, 0xf5, 0x32, 0xf4, 0x32, 0xf4, 0x32, 0xf4, 0x32, 0xf4, 0x53, 0xf6, 0x54, 0xf6,
    0x32, 0xf4, 0x32, 0xf5, 0x54, 0xf7, 0x53, 0xf7, 0x64, 0xf8, 0x54, 0xf7, 0x43, 0xf6, 0x21, 0xf3,
    0x54, 0xf6, 0x64, 0xf7, 0x76, 0xf8, 0x76, 0xf8, 0x64, 0xf7, 0x65, 0xf7, 0x65, 0xf7, 0x76, 0xf8,
    0x64, 0xf7, 0x76, 0xf8, 0x21, 0xf3, 0x32, 0xf4, 0x64, 0xf7, 0x75, 0xf8, 0x53, 0xf6, 0x43, 0xf5,
    0x65, 0xf7, 0x21, 0xf3, 0x54, 0xf6, 0x21, 0xf3, 0x42, 0xf5, 0x53, 0xf6, 0x32, 0xf4, 0x43, 0xf6,
    0x43, 0xf5, 0x21, 0xf3, 0x32, 0xf3, 0x21, 0xf3, 0x43, 0xf6, 0x64, 0xf8, 0x54, 0xf6, 0x54, 0xf7,
    0x32, 0xf4, 0x42, 0xf5, 0x42, 0xf5, 0x42, 0xf6, 0x54, 0xf6, 0x32, 0xf4, 0x32, 0xf4, 0x42, 0xf6,
    0x32, 0xf4, 0x32, 0xf3, 0x43, 0xf5, 0x43, 0xf4, 0x42, 0xf5, 0x43, 0xf6, 0x32, 0xf4, 0x42, 0xf5,
    0x21, 0xf3, 0x32, 0xf4, 0x42, 0xf6, 0x43, 0xf5, 0x43, 0xf4, 0x54, 0xf5, 0x44, 0xf5, 0x44, 0xf5,
    0x54, 0xf6, 0x43, 0xf4, 0x43, 0xf5, 0x54, 0xf5, 0x43, 0xf4, 0x65, 0xf6, 0x54, 0xf5, 0x76, 0xf7,
    0x64, 0xf7, 0x64, 0xf8, 0x53, 0xf7, 0x75, 0xf9, 0x54, 0xf7, 0x32, 0xf5, 0x64, 0xf7, 0x32, 0xf4,
    0x42, 0xf6, 0x53, 0xf7, 0x43, 0xf5, 0x32, 0xf4, 0x43, 0xf6, 0x32, 0xf4, 0x32, 0xf4, 0x31, 0xf4,
    0x32, 0xf5, 0x32, 0xf5, 0x32, 0xf4, 0x32, 0xf4, 0x42, 0xf5, 0x32, 0xf4, 0x32, 0xf4, 0x32, 0xf5,
    0x43, 0xf5, 0x32, 0xf4, 0x31, 0xf4, 0x31, 0xf4, 0x43, 0xf6, 0x53, 0xf6, 0x42, 0xf6, 0x42, 0xf6,
    0x55, 0xf6, 0x32, 0xf3, 0x44, 0xf5, 0x54, 0xf5, 0x21, 0xf2, 0x32, 0xf3, 0x22, 0xf3, 0x32, 0xf4,
    0x65, 0xf6, 0x65, 0xf6, 0x65, 0xf7, 0x44, 0xf5, 0x44, 0xf5, 0x54, 0xf6, 0x43, 0xf4, 0x54, 0xf5,
    0x21, 0xf2, 0x42, 0xf6, 0x32, 0xf3, 0x53, 0xf7, 0x64, 0xf8, 0x63, 0xf8, 0x64, 0xf8, 0x75, 0xf8,
    0x43, 0xf4, 0x43, 0xf4, 0x44, 0xf5, 0x33, 0xf4, 0x21, 0xf3, 0x42, 0xf5, 0x33, 0xf4, 0x42, 0xf5,
    0x21, 0xf3, 0x32, 0xf4, 0x21, 0xf3, 0x42, 0xf5, 0x42, 0xf6, 0x32, 0xf4, 0x32, 0xf5, 0x32, 0xf4,
    0x32, 0xf5, 0x32, 0xf4, 0x21, 0xf3, 0x43, 0xf5, 0x32, 0xf4, 0x32, 0xf4, 0x32, 0xf4, 0x42, 0xf5,
    0x22, 0xf3, 0x33, 0xf4, 0x32, 0xf4, 0x22, 0xf3, 0x44, 0xf5, 0x65, 0xf6, 0x33, 0xf4, 0x55, 0xf6,
    0x42, 0xf5, 0x32, 0xf5, 0x54, 0xf7, 0x54, 0xf7, 0x43, 0xf5, 0x44, 0xf5, 0x54, 0xf6, 0x43, 0xf5,
    0x32, 0xf3, 0x42, 0xf5, 0x32, 0xf4, 0x42, 0xf5, 0x32, 0xf5, 0x43, 0xf6, 0x42, 0xf5, 0x53, 0xf6,
    0x32, 0xf4, 0x42, 0xf5, 0x32, 0xf4, 0x42, 0xf5, 0x42, 0xf5, 0x43, 0xf5, 0x42, 0xf5, 0x43, 0xf5,
    0x43, 0xf5, 0x43, 0xf6, 0x53, 0xf6, 0x32, 0xf4, 0x43, 0xf5, 0x43, 0xf5, 0x32, 0xf4, 0x42, 0xf5,
    0x43, 0xf5, 0x32, 0xf4, 0x53, 0xf6, 0x64, 0xf7, 0x42, 0xf5, 0x42, 0xf5, 0x43, 0xf5, 0x32, 0xf4,
    0x54, 0xf5, 0x32, 0xf3, 0x43, 0xf4, 0x22, 0xf3, 0x33, 0xf4, 0x43, 0xf4, 0x43, 0xf4, 0x44, 0xf5,
    0x33, 0xf4, 0x32, 0xf3, 0x32, 0xf3, 0x32, 0xf3, 0x43, 0xf4, 0x54, 0xf6, 0x43, 0xf5, 0x55, 0xf6,
    0x44, 0xf4, 0x44, 0xf5, 0x43, 0xf4, 0x54, 0xf5, 0x32, 0xf3, 0x21, 0xf3, 0x32, 0xf3, 0x33, 0xf4,
    0x44, 0xf5, 0x43, 0xf4, 0x44, 0xf5, 0x43, 0xf4, 0x32, 0xf3, 0x32, 0xf4, 0x32, 0xf3, 0x31, 0xf4,
    0x32, 0xf4, 0x32, 0xf3, 0x32, 0xf4, 0x32, 0xf3, 0x43, 0xf5, 0x65, 0xf7, 0x43, 0xf4, 0x54, 0xf6,
    0x32, 0xf4, 0x21, 0xf3, 0x43, 0xf5, 0x43, 0xf5, 0x32, 0xf3, 0x43, 0xf5, 0x32, 0xf4, 0x53, 0xf6,
    0x44, 0xf5, 0x33, 0xf3, 0x33, 0xf4, 0x32, 0xf3, 0x21, 0xf2, 0x42, 0xf5, 0x32, 0xf4, 0x42, 0xf5,
    0x43, 0xf5, 0x64, 0xf7, 0x75, 0xf8, 0x54, 0xf7, 0x42, 0xf5, 0x42, 0xf5, 0x42, 0xf5, 0x43, 0xf5,
    0x43, 0xf5, 0x42, 0xf5, 0x43, 0xf5, 0x32, 0xf4, 0x32, 0xf4, 0x54, 0xf6, 0x21, 0xf3, 0x54, 0xf6,
    0x63, 0xf7, 0x53, 0xf7, 0x53, 0xf7, 0x74, 0xf8, 0x21, 0xf3, 0x22, 0xf3, 0x32, 0xf4, 0x54, 0xf5,
    0x53, 0xf6, 0x32, 0xf5, 0x43, 0xf5, 0x32, 0xf4, 0x43, 0xf5, 0x55, 0xf5, 0x44, 0xf4, 0x54, 0xf5,
    0x43, 0xf4, 0x44, 0xf5, 0x55, 0xf6, 0x54, 0xf5, 0x44, 0xf4, 0x44, 0xf4, 0x44, 0xf5, 0x44, 0xf5,
    0x42, 0xf5, 0x64, 0xf8, 0x53, 0xf6, 0x54, 0xf7, 0x54, 0xf5, 0x55, 0xf6, 0x55, 0xf6, 0x44, 0xf5,
    0x42, 0xf6, 0x54, 0xf6, 0x42, 0xf6, 0x43, 0xf6, 0x54, 0xf5, 0x55, 0xf6, 0x54, 0xf6, 0x65, 0xf6,
    0x55, 0xf6, 0x54, 0xf5, 0x54, 0xf5, 0x44, 0xf5, 0x44, 0xf5, 0x54, 0xf5, 0x44, 0xf5, 0x54, 0xf5,
    0x55, 0xf6, 0x44, 0xf4, 0x55, 0xf6, 0x44, 0xf5, 0x55, 0xf6, 0x55, 0xf6, 0x66, 0xf7, 0x55, 0xf5,
    0x55, 0xf6, 0x55, 0xf6, 0x55, 0xf6, 0x54, 0xf5, 0x44, 0xf5, 0x43, 0xf4, 0x54, 0xf5, 0x55, 0xf6,
    0x44, 0xf5, 0x54, 0xf5, 0x44, 0xf4, 0x44, 0xf5, 0x54, 0xf5, 0x44, 0xf5, 0x44, 0xf4, 0x44, 0xf5,
    0x33, 0xf4, 0x33, 0xf4, 0x54, 0xf5, 0x55, 0xf6, 0x43, 0xf4, 0x43, 0xf5, 0x54, 0xf5, 0x44, 0xf4,
    0x44, 0xf5, 0x44, 0xf5, 0x44, 0xf5, 0x44, 0xf5, 0x54, 0xf5, 0x44, 0xf5, 0x44, 0xf5, 0x33, 0xf4,
    0x54, 0xf5, 0x44, 0xf5, 0x55, 0xf5, 0x54, 0xf5, 0x44, 0xf5, 0x44, 0xf4, 0x44, 0xf5, 0x44, 0xf5,
    0x54, 0xf5, 0x54, 0xf5, 0x44, 0xf5, 0x55, 0xf5, 0x44, 0xf5, 0x54, 0xf5, 0x54, 0xf5, 0x44, 0xf5,
    0x44, 0xf5, 0x54, 0xf5, 0x54, 0xf5, 0x43, 0xf4, 0x43, 0xf4, 0x22, 0xf2, 0x33, 0xf3, 0x21, 0xf2,
    0x44, 0xf5, 0x33, 0xf3, 0x44, 0xf4, 0x22, 0xf2, 0x22, 0xf3, 0x42, 0xf5, 0x32, 0xf4, 0x42, 0xf6,
    0x31, 0xf4, 0x42, 0xf5, 0x43, 0xf5, 0x32, 0xf4, 0x43, 0xf5, 0x65, 0xf7, 0x42, 0xf5, 0x53, 0xf6,
    0x32, 0xf4, 0x42, 0xf5, 0x42, 0xf6, 0x53, 0xf8, 0x42, 0xf5, 0x42, 0xf5, 0x53, 0xf7, 0x63, 0xf7,
    0x54, 0xf5, 0x55, 0xf6, 0x43, 0xf6, 0x43, 0xf4, 0x77, 0xf8, 0x55, 0xf6, 0x54, 0xf5, 0x65, 0xf7,
    0x42, 0xf6, 0x42, 0xf5, 0x32, 0xf4, 0x32, 0xf5, 0x32, 0xf3, 0x32, 0xf3, 0x32, 0xf4, 0x32, 0xf4,
    0x43, 0xf6, 0x53, 0xf7, 0x32, 0xf4, 0x21, 0xf3, 0x64, 0xf8, 0x64, 0xf8, 0x31, 0xf4, 0x64, 0xf9,
    0x33, 0xf4, 0x32, 0xf3, 0x33, 0xf4, 0x43, 0xf4, 0x42, 0xf5, 0x43, 0xf6, 0x54, 0xf6, 0x43, 0xf5,
    0x32, 0xf4, 0x32, 0xf4, 0x32, 0xf4, 0x32, 0xf5, 0x32, 0xf5, 0x53, 0xf6, 0x53, 0xf7, 0x42, 0xf6,
    0x21, 0xf3, 0x31, 0xf4, 0x31, 0xf5, 0x31, 0xf5, 0x42, 0xf5, 0x32, 0xf4, 0x32, 0xf5, 0x32, 0xf4,
    0x54, 0xf5, 0x54, 0xf5, 0x55, 0xf6, 0x44, 0xf5, 0x54, 0xf5, 0x54, 0xf5, 0x44, 0xf5, 0x55, 0xf5,
    0x33, 0xf4, 0x43, 0xf4, 0x32, 0xf5, 0x32, 0xf5, 0x54, 0xf5, 0x54, 0xf5, 0x43, 0xf5, 0x33, 0xf4,
    0x33, 0xf4, 0x22, 0xf3, 0x33, 0xf4, 0x32, 0xf4, 0x42, 0xf6, 0x42, 0xf6, 0x42, 0xf5, 0x42, 0xf5,
    0x32, 0xf3, 0x22, 0xf3, 0x32, 0xf4, 0x32, 0xf4, 0x32, 0xf4, 0x32, 0xf4, 0x32, 0xf3, 0x33, 0xf4,
    0x53, 0xf7, 0x42, 0xf6, 0x53, 0xf7, 0x65, 0xf7, 0x42, 0xf6, 0x43, 0xf6, 0x64, 0xf7, 0x54, 0xf7,
    0x43, 0xf6, 0x64, 0xf7, 0x43, 0xf5, 0x53, 0xf6, 0x43, 0xf6, 0x42, 0xf5, 0x32, 0xf5, 0x42, 0xf5,
    0x43, 0xf6, 0x32, 0xf4, 0x43, 0xf6, 0x32, 0xf4, 0x44, 0xf5, 0x54, 0xf5, 0x43, 0xf4, 0x43, 0xf5,
    0x31, 0xf5, 0x32, 0xf5, 0x53, 0xf7, 0x64, 0xf7, 0x43, 0xf5, 0x32, 0xf4, 0x42, 0xf6, 0x31, 0xf4,
    0x32, 0xf4, 0x32, 0xf5, 0x43, 0xf5, 0x32, 0xf4, 0x43, 0xf5, 0x43, 0xf5, 0x43, 0xf5, 0x43, 0xf5,
    0x32, 0xf4, 0x32, 0xf4, 0x32, 0xf4, 0x42, 0xf5, 0x43, 0xf5, 0x43, 0xf5, 0x32, 0xf4, 0x42, 0xf5,
    0x43, 0xf5, 0x43, 0xf5, 0x43, 0xf5, 0x32, 0xf5, 0x43, 0xf5, 0x43, 0xf5, 0x43, 0xf5, 0x43, 0xf5,
    0x43, 0xf5, 0x32, 0xf4, 0x43, 0xf5, 0x32, 0xf4, 0x32, 0xf4, 0x32, 0xf4, 0x32, 0xf4, 0x32, 0xf5,
    0x42, 0xf5, 0x42, 0xf5, 0x43, 0xf5, 0x42, 0xf5, 0x32, 0xf4, 0x32, 0xf4, 0x32, 0xf4, 0x32, 0xf3,
    0x32, 0xf3, 0x32, 0xf5, 0x21, 0xf2, 0x32, 0xf4, 0x32, 0xf4, 0x33, 0xf4, 0x65, 0xf7, 0x55, 0xf6,
    0x32, 0xf4, 0x32, 0xf4, 0x43, 0xf4, 0x54, 0xf5, 0x22, 0xf3, 0x32, 0xf4, 0x32, 0xf3, 0x32, 0xf4,
    0x44, 0xf5, 0x54, 0xf5, 0x54, 0xf6, 0x43, 0xf4, 0x32, 0xf4, 0x43, 0xf5, 0x43, 0xf4, 0x53, 0xf6,
    0x64, 0xf7, 0x43, 0xf5, 0x65, 0xf8, 0x53, 0xf6, 0x32, 0xf5, 0x43, 0xf5, 0x32, 0xf4, 0x21, 0xf3,
    0x54, 0xf6, 0x43, 0xf5, 0x32, 0xf4, 0x32, 0xf4, 0x32, 0xf4, 0x32, 0xf5, 0x32, 0xf5, 0x53, 0xf6,
    0x54, 0xf7, 0x43, 0xf6, 0x42, 0xf5, 0x42, 0xf5, 0x43, 0xf5, 0x54, 0xf6, 0x42, 0xf4, 0x65, 0xf7,
    0x54, 0xf6, 0x43, 0xf5, 0x65, 0xf7, 0x54, 0xf6, 0x32, 0xf4, 0x54, 0xf6, 0x54, 0xf5, 0x54, 0xf6,
    0x32, 0xf3, 0x32, 0xf4, 0x32, 0xf4, 0x32, 0xf3, 0x43, 0xf5, 0x43, 0xf6, 0x32, 0xf4, 0x42, 0xf5,
    0x43, 0xf5, 0x21, 0xf3, 0x42, 0xf5, 0x21, 0xf3, 0x32, 0xf4, 0x31, 0xf4, 0x21, 0xf4, 0x31, 0xf4,
    0x54, 0xf5, 0x65, 0xf6, 0x43, 0xf5, 0x65, 0xf7, 0x75, 0xf8, 0x65, 0xf7, 0x65, 0xf7, 0x75, 0xf8,
    0x43, 0xf5, 0x76, 0xf7, 0x53, 0xf5, 0x54, 0xf6, 0x65, 0xf7, 0x65, 0xf7, 0x65, 0xf6, 0x64, 0xf6,
    0x22, 0xf3, 0x44, 0xf5, 0x43, 0xf5, 0x55, 0xf6, 0x65, 0xf6, 0x55, 0xf5, 0x44, 0xf5, 0x54, 0xf5,
    0x43, 0xf5, 0x55, 0xf6, 0x53, 0xf6, 0x33, 0xf4, 0x43, 0xf5, 0x54, 0xf5, 0x43, 0xf4, 0x43, 0xf4,
    0x76, 0xf7, 0x44, 0xf5, 0x66, 0xf7, 0x55, 0xf6, 0x32, 0xf4, 0x42, 0xf5, 0x54, 0xf6, 0x53, 0xf6,
    0x65, 0xf6, 0x54, 0xf6, 0x43, 0xf5, 0x43, 0xf5, 0x54, 0xf6, 0x54, 0xf5, 0x22, 0xf3, 0x43, 0xf5,
    0x65, 0xf8, 0x43, 0xf5, 0x54, 0xf7, 0x32, 0xf4, 0x33, 0xf4, 0x43, 0xf5, 0x22, 0xf3, 0x43, 0xf5,
    0x54, 0xf6, 0x32, 0xf4, 0x64, 0xf7, 0x32, 0xf4, 0x31, 0xf3, 0x32, 0xf5, 0x32, 0xf4, 0x32, 0xf5,
    0x43, 0xf5, 0x43, 0xf6, 0x43, 0xf5, 0x43, 0xf5, 0x32, 0xf3, 0x55, 0xf6, 0x43, 0xf4, 0x43, 0xf4,
    0x42, 0xf5, 0x43, 0xf5, 0x42, 0xf6, 0x42, 0xf5, 0x54, 0xf6, 0x43, 0xf5, 0x43, 0xf5, 0x76, 0xf8,
    0x32, 0xf4, 0x21, 0xf3, 0x22, 0xf3, 0x21, 0xf2, 0x32, 0xf4, 0x64, 0xf7, 0x43, 0xf5, 0x54, 0xf6,
    0x43, 0xf4, 0x32, 0xf3, 0x65, 0xf6, 0x43, 0xf5, 0x53, 0xf6, 0x43, 0xf5, 0x43, 0xf5, 0x22, 0xf3,
    0x43, 0xf5, 0x43, 0xf5, 0x32, 0xf4, 0x42, 0xf5, 0x43, 0xf5, 0x42, 0xf5, 0x43, 0xf5, 0x53, 0xf6,
    0x53, 0xf6, 0x54, 0xf5, 0x54, 0xf5, 0x65, 0xf6, 0x32, 0xf4, 0x43, 0xf5, 0x43, 0xf5, 0x32, 0xf4,
    0x44, 0xf5, 0x64, 0xf7, 0x43, 0xf5, 0x64, 0xf7, 0x43, 0xf4, 0x32, 0xf4, 0x43, 0xf5, 0x64, 0xf7,
    0x65, 0xf7, 0x53, 0xf6, 0x64, 0xf7, 0x32, 0xf4, 0x43, 0xf5, 0x54, 0xf6, 0x43, 0xf5, 0x65, 0xf7,
    0x43, 0xf4, 0x54, 0xf6, 0x65, 0xf7, 0x65, 0xf6, 0x32, 0xf4, 0x32, 0xf5, 0x33, 0xf4, 0x42, 0xf5,
    0x65, 0xf6, 0x54, 0xf6, 0x54, 0xf6, 0x33, 0xf4, 0x32, 0xf4, 0x42, 0xf5, 0x32, 0xf4, 0x54, 0xf7,
    0x65, 0xf6, 0x65, 0xf7, 0x65, 0xf7, 0x65, 0xf6, 0x65, 0xf7, 0x54, 0xf6, 0x65, 0xf7, 0x65, 0xf7,
    0x54, 0xf6, 0x65, 0xf6, 0x55, 0xf6, 0x65, 0xf6, 0x65, 0xf7, 0x65, 0xf6, 0x65, 0xf7, 0x65, 0xf6,
    0x42, 0xf5, 0x32, 0xf5, 0x43, 0xf5, 0x43, 0xf5, 0x42, 0xf5, 0x42, 0xf5, 0x42, 0xf5, 0x42, 0xf6,
    0x43, 0xf5, 0x43, 0xf5, 0x44, 0xf5, 0x54, 0xf6, 0x53, 0xf6, 0x42, 0xf6, 0x43, 0xf5, 0x53, 0xf6,
    0x55, 0xf6, 0x55, 0xf6, 0x54, 0xf6, 0x43, 0xf5, 0x65, 0xf7, 0x65, 0xf7, 0x54, 0xf6, 0x54, 0xf5,
    0x54, 0xf6, 0x43, 0xf5, 0x43, 0xf6, 0x54, 0xf6, 0x65, 0xf6, 0x54, 0xf5, 0x55, 0xf6, 0x54, 0xf6,
    0x65, 0xf6, 0x65, 0xf7, 0x65, 0xf7, 0x76, 0xf8, 0x65, 0xf7, 0x43, 0xf4, 0x65, 0xf7, 0x54, 0xf5,
    0x76, 0xf8, 0x76, 0xf8, 0x87, 0xf9, 0x65, 0xf7, 0x65, 0xf7, 0x54, 0xf6, 0x54, 0xf6, 0x54, 0xf6,
    0x32, 0xf4, 0x53, 0xf6, 0x31, 0xf4, 0x32, 0xf4, 0x43, 0xf6, 0x43, 0xf5, 0x42, 0xf5, 0x53, 0xf6,
    0x32, 0xf5, 0x32, 0xf4, 0x32, 0xf4, 0x21, 0xf3, 0x32, 0xf4, 0x32, 0xf4, 0x32, 0xf3, 0x32, 0xf3,
    0x64, 0xf8, 0x53, 0xf6, 0x54, 0xf7, 0x42, 0xf5, 0x42, 0xf5, 0x43, 0xf5, 0x53, 0xf6, 0x86, 0xf9,
    0x43, 0xf5, 0x43, 0xf5, 0x32, 0xf4, 0x42, 0xf5, 0x53, 0xf6, 0x75, 0xf8, 0x43, 0xf5, 0x32, 0xf4,
    0x22, 0xf3, 0x21, 0xf2, 0x43, 0xf4, 0x43, 0xf5, 0x22, 0xf3, 0x32, 0xf4, 0x32, 0xf4, 0x32, 0xf4,
    0x54, 0xf6, 0x64, 0xf6, 0x54, 0xf5, 0x65, 0xf6, 0x32, 0xf4, 0x32, 0xf4, 0x32, 0xf4, 0x42, 0xf5,
    0x32, 0xf4, 0x32, 0xf4, 0x32, 0xf4, 0x32, 0xf4, 0x42, 0xf5, 0x32, 0xf4, 0x32, 0xf4, 0x43, 0xf5,
    0x32, 0xf4, 0x32, 0xf3, 0x32, 0xf3, 0x32, 0xf3, 0x32, 0xf3, 0x32, 0xf4, 0x43, 0xf5, 0x43, 0xf4,
    0x53, 0xf6, 0x65, 0xf6, 0x54, 0xf6, 0x65, 0xf7, 0x65, 0xf6, 0x76, 0xf8, 0x54, 0xf6, 0x76, 0xf8,
    0x53, 0xf6, 0x64, 0xf7, 0x54, 0xf6, 0x65, 0xf7, 0x65, 0xf6, 0x65, 0xf7, 0x65, 0xf7, 0x65, 0xf7,
    0x76, 0xf8, 0x43, 0xf5, 0x65, 0xf7, 0x54, 0xf6, 0x54, 0xf6, 0x65, 0xf7, 0x54, 0xf6, 0x55, 0xf6,
    0x54, 0xf6, 0x54, 0xf7, 0x43, 0xf5, 0x43, 0xf4, 0x43, 0xf5, 0x32, 0xf3, 0x42, 0xf5, 0x42, 0xf5,
    0x43, 0xf6, 0x65, 0xf7, 0x42, 0xf6, 0x54, 0xf6, 0x65, 0xf6, 0x43, 0xf5, 0x32, 0xf4, 0x32, 0xf4,
    0x53, 0xf6, 0x53, 0xf6, 0x64, 0xf8, 0x53, 0xf6, 0x21, 0xf3, 0x32, 0xf5, 0x32, 0xf4, 0x32, 0xf4,
    0x32, 0xf3, 0x32, 0xf4, 0x32, 0xf3, 0x21, 0xf3, 0x42, 0xf6, 0x53, 0xf8, 0x32, 0xf4, 0x43, 0xf5,
    0x42, 0xf5, 0x32, 0xf4, 0x32, 0xf4, 0x43, 0xf5, 0x32, 0xf4, 0x43, 0xf5, 0x42, 0xf5, 0x43, 0xf5,
    0x54, 0xf6, 0x43, 0xf5, 0x22, 0xf3, 0x32, 0xf3, 0x43, 0xf5, 0x53, 0xf6, 0x42, 0xf5, 0x32, 0xf4,
    0x21, 0xf3, 0x32, 0xf4, 0x42, 0xf6, 0x32, 0xf4, 0x43, 0xf5, 0x43, 0xf5, 0x42, 0xf5, 0x43, 0xf5,
    0x32, 0xf3, 0x54, 0xf6, 0x32, 0xf4, 0x65, 0xf7, 0x65, 0xf7, 0x44, 0xf5, 0x65, 0xf7, 0x65, 0xf7,
    0x42, 0xf5, 0x43, 0xf5, 0x43, 0xf5, 0x64, 0xf7, 0x54, 0xf5, 0x65, 0xf7, 0x54, 0xf6, 0x54, 0xf6,
    0x53, 0xf7, 0x53, 0xf6, 0x54, 0xf7, 0x53, 0xf6, 0x42, 0xf5, 0x43, 0xf5, 0x43, 0xf6, 0x43, 0xf6,
    0x54, 0xf7, 0x42, 0xf5, 0x43, 0xf6, 0x42, 0xf5, 0x53, 0xf7, 0x53, 0xf6, 0x43, 0xf6, 0x42, 0xf5,
    0x65, 0xf8, 0x43, 0xf5, 0x64, 0xf7, 0x43, 0xf5, 0x43, 0xf5, 0x43, 0xf4, 0x42, 0xf5, 0x43, 0xf5,
    0x43, 0xf5, 0x43, 0xf6, 0x32, 0xf4, 0x43, 0xf6, 0x42, 0xf5, 0x43, 0xf5, 0x65, 0xf8, 0x53, 0xf6,
    0x53, 0xf7, 0x64, 0xf7, 0x53, 0xf6, 0x54, 0xf6, 0x64, 0xf7, 0x64, 0xf7, 0x64, 0xf7, 0x54, 0xf7,
    0x32, 0xf4, 0x32, 0xf4, 0x43, 0xf6, 0x42, 0xf5, 0x42, 0xf5, 0x43, 0xf5, 0x43, 0xf5, 0x65, 0xf7,
    0x54, 0xf7, 0x21, 0xf3, 0x53, 0xf6, 0x21, 0xf3, 0x42, 0xf5, 0x43, 0xf5, 0x64, 0xf7, 0x43, 0xf5,
    0x32, 0xf5, 0x43, 0xf5, 0x32, 0xf5, 0x42, 0xf5, 0x54, 0xf6, 0x43, 0xf5, 0x43, 0xf5, 0x54, 0xf6,
    0x42, 0xf5, 0x42, 0xf5, 0x32, 0xf4, 0x43, 0xf5, 0x43, 0xf5, 0x43, 0xf5, 0x64, 0xf7, 0x75, 0xf7,
    0x32, 0xf4, 0x54, 0xf6, 0x53, 0xf6, 0x54, 0xf6, 0x64, 0xf6, 0x54, 0xf6, 0x53, 0xf5, 0x54, 0xf6,
    0x32, 0xf4, 0x42, 0xf5, 0x54, 0xf6, 0x42, 0xf5, 0x43, 0xf6, 0x54, 0xf6, 0x42, 0xf6, 0x54, 0xf6,
    0x76, 0xf8, 0x31, 0xf3, 0x76, 0xf8, 0x54, 0xf6, 0x42, 0xf5, 0x53, 0xf6, 0x43, 0xf6, 0x53, 0xf6,
    0x43, 0xf5, 0x32, 0xf4, 0x32, 0xf3, 0x32, 0xf4, 0x32, 0xf4, 0x32, 0xf4, 0x32, 0xf4, 0x32, 0xf4,
    0x54, 0xf6, 0x54, 0xf6, 0x54, 0xf6, 0x54, 0xf7, 0x32, 0xf4, 0x42, 0xf5, 0x54, 0xf7, 0x43, 0xf5,
    0x32, 0xf4, 0x42, 0xf4, 0x32, 0xf4, 0x43, 0xf5, 0x43, 0xf5, 0x32, 0xf4, 0x32, 0xf5, 0x32, 0xf5,
    0x42, 0xf5, 0x42, 0xf5, 0x42, 0xf5, 0x43, 0xf5, 0x32, 0xf5, 0x31, 0xf5, 0x43, 0xf6, 0x42, 0xf5,
    0x54, 0xf6, 0x43, 0xf6, 0x65, 0xf6, 0x43, 0xf5, 0x64, 0xf7, 0x54, 0xf6, 0x54, 0xf6, 0x65, 0xf7,
    0x54, 0xf6, 0x53, 0xf6, 0x65, 0xf7, 0x54, 0xf5, 0x54, 0xf6, 0x54, 0xf6, 0x54, 0xf6, 0x53, 0xf6,
    0x75, 0xf8, 0x64, 0xf7, 0x65, 0xf7, 0x64, 0xf7, 0x53, 0xf6, 0x64, 0xf7, 0x64, 0xf7, 0x54, 0xf7,
    0x65, 0xf7, 0x65, 0xf7, 0x65, 0xf7, 0x65, 0xf7, 0x64, 0xf7, 0x53, 0xf6, 0x65, 0xf7, 0x54, 0xf7,
    0x42, 0xf5, 0x54, 0xf6, 0x21, 0xf3, 0x42, 0xf5, 0x54, 0xf6, 0x64, 0xf7, 0x75, 0xf8, 0x64, 0xf7,
    0x32, 0xf4, 0x32, 0xf4, 0x22, 0xf3, 0x32, 0xf4, 0x42, 0xf4, 0x21, 0xf3, 0x32, 0xf3, 0x32, 0xf4,
    0x75, 0xf8, 0x54, 0xf6, 0x32, 0xf4, 0x32, 0xf4, 0x43, 0xf5, 0x53, 0xf6, 0x53, 0xf6, 0x53, 0xf6,
    0x32, 0xf4, 0x43, 0xf6, 0x42, 0xf5, 0x42, 0xf6, 0x53, 0xf7, 0x65, 0xf7, 0x53, 0xf7, 0x65, 0xf7,
    0x32, 0xf3, 0x32, 0xf3, 0x43, 0xf4, 0x43, 0xf4, 0x32, 0xf3, 0x43, 0xf5, 0x22, 0xf3, 0x42, 0xf5,
    0x64, 0xf7, 0x43, 0xf4, 0x42, 0xf5, 0x21, 0xf3, 0x21, 0xf3, 0x32, 0xf4, 0x32, 0xf4, 0x42, 0xf5,
    0x43, 0xf5, 0x43, 0xf5, 0x42, 0xf5, 0x32, 0xf5, 0x43, 0xf6, 0x65, 0xf7, 0x32, 0xf4, 0x54, 0xf6,
    0x42, 0xf6, 0x42, 0xf5, 0x42, 0xf6, 0x32, 0xf5, 0x32, 0xf4, 0x43, 0xf4, 0x32, 0xf5, 0x43, 0xf5,
    0x65, 0xf7, 0x54, 0xf6, 0x65, 0xf7, 0x65, 0xf7, 0x54, 0xf5, 0x54, 0xf6, 0x54, 0xf6, 0x54, 0xf5,
    0x76, 0xf7, 0x76, 0xf8, 0x65, 0xf6, 0x76, 0xf8, 0x54, 0xf6, 0x54, 0xf6, 0x65, 0xf6, 0x65, 0xf6,
    0x64, 0xf7, 0x64, 0xf7, 0x43, 0xf5, 0x53, 0xf6, 0x75, 0xf8, 0x54, 0xf6, 0x65, 0xf8, 0x54, 0xf6,
    0x43, 0xf5, 0x42, 0xf5, 0x65, 0xf7, 0x54, 0xf6, 0x53, 0xf6, 0x65, 0xf7, 0x43, 0xf5, 0x65, 0xf7,
    0x65, 0xf7, 0x76, 0xf7, 0x76, 0xf7, 0x65, 0xf7, 0x55, 0xf6, 0x64, 0xf7, 0x55, 0xf6, 0x54, 0xf6,
    0x65, 0xf7, 0x65, 0xf7, 0x65, 0xf7, 0x64, 0xf7, 0x65, 0xf7, 0x65, 0xf6, 0x64, 0xf7, 0x65, 0xf7,
    0x76, 0xf8, 0x65, 0xf7, 0x65, 0xf7, 0x54, 0xf6, 0x54, 0xf6, 0x33, 0xf4, 0x65, 0xf6, 0x44, 0xf5,
    0x55, 0xf6, 0x65, 0xf6, 0x44, 0xf5, 0x33, 0xf4, 0x54, 0xf5, 0x54, 0xf5, 0x43, 0xf4, 0x54, 0xf5,
    0x32, 0xf4, 0x32, 0xf4, 0x32, 0xf4, 0x32, 0xf4, 0x32, 0xf4, 0x32, 0xf4, 0x42, 0xf5, 0x21, 0xf3,
    0x42, 0xf5, 0x32, 0xf4, 0x31, 0xf4, 0x31, 0xf4, 0x32, 0xf4, 0x32, 0xf4, 0x32, 0xf4, 0x32, 0xf4,
    0x21, 0xf4, 0x32, 0xf5, 0x32, 0xf5, 0x32, 0xf5, 0x42, 0xf6, 0x42, 0xf5, 0x32, 0xf5, 0x32, 0xf5,
    0x43, 0xf6, 0x32, 0xf4, 0x32, 0xf4, 0x21, 0xf2, 0x32, 0xf4, 0x21, 0xf4, 0x21, 0xf3, 0x53, 0xf6,
    0x32, 0xf4, 0x31, 0xf5, 0x43, 0xf5, 0x42, 0xf5, 0x31, 0xf4, 0x21, 0xf3, 0x32, 0xf5, 0x32, 0xf4,
    0x64, 0xf7, 0x53, 0xf6, 0x53, 0xf6, 0x43, 0xf5, 0x32, 0xf4, 0x32, 0xf5, 0x32, 0xf3, 0x42, 0xf5,
    0x42, 0xf5, 0x21, 0xf3, 0x43, 0xf5, 0x21, 0xf3, 0x21, 0xf3, 0x54, 0xf6, 0x21, 0xf3, 0x43, 0xf5,
    0x32, 0xf4, 0x22, 0xf3, 0x42, 0xf6, 0x32, 0xf4, 0x42, 0xf5, 0x42, 0xf5, 0x32, 0xf4, 0x42, 0xf6,
    0x42, 0xf6, 0x31, 0xf5, 0x53, 0xf7, 0x42, 0xf6, 0x53, 0xf7, 0x53, 0xf7, 0x53, 0xf6, 0x42, 0xf6,
    0x32, 0xf5, 0x42, 0xf5, 0x43, 0xf5, 0x42, 0xf6, 0x53, 0xf7, 0x64, 0xf7, 0x53, 0xf7, 0x53, 0xf6,
    0x53, 0xf6, 0x53, 0xf6, 0x64, 0xf8, 0x42, 0xf6, 0x32, 0xf4, 0x21, 0xf3, 0x21, 0xf3, 0x42, 0xf4,
    0x65, 0xf8, 0x42, 0xf5, 0x53, 0xf6, 0x43, 0xf6, 0x53, 0xf6, 0x43, 0xf5, 0x53, 0xf6, 0x42, 0xf6,
    0x32, 0xf4, 0x32, 0xf4, 0x21, 0xf3, 0x32, 0xf3, 0x42, 0xf5, 0x53, 0xf6, 0x32, 0xf4, 0x43, 0xf6,
    0x32, 0xf4, 0x32, 0xf4, 0x21, 0xf3, 0x21, 0xf2, 0x53, 0xf6, 0x43, 0xf5, 0x43, 0xf6, 0x32, 0xf5,
    0x42, 0xf5, 0x42, 0xf6, 0x43, 0xf6, 0x52, 0xf7, 0x64, 0xf8, 0x53, 0xf6, 0x53, 0xf6, 0x53, 0xf7,
    0x42, 0xf5, 0x53, 0xf7, 0x31, 0xf4, 0x42, 0xf6, 0x32, 0xf5, 0x42, 0xf6, 0x42, 0xf6, 0x31, 0xf4,
    0x53, 0xf6, 0x43, 0xf5, 0x43, 0xf5, 0x54, 0xf6, 0x53, 0xf6, 0x53, 0xf6, 0x64, 0xf7, 0x43, 0xf5,
    0x54, 0xf6, 0x65, 0xf7, 0x54, 0xf6, 0x65, 0xf7, 0x65, 0xf7, 0x43, 0xf5, 0x65, 0xf6, 0x43, 0xf5,
    0x32, 0xf4, 0x32, 0xf4, 0x32, 0xf4, 0x42, 0xf5, 0x32, 0xf5, 0x32, 0xf4, 0x32, 0xf5, 0x42, 0xf5,
    0x32, 0xf4, 0x42, 0xf5, 0x32, 0xf4, 0x43, 0xf5, 0x43, 0xf5, 0x42, 0xf5, 0x32, 0xf4, 0x32, 0xf5,
    0x33, 0xf4, 0x54, 0xf6, 0x43, 0xf4, 0x44, 0xf5, 0x54, 0xf5, 0x33, 0xf4, 0x44, 0xf5, 0x43, 0xf4,
    0x54, 0xf5, 0x44, 0xf5, 0x65, 0xf6, 0x43, 0xf4, 0x44, 0xf5, 0x65, 0xf6, 0x54, 0xf5, 0x76, 0xf7,
    0x32, 0xf4, 0x42, 0xf5, 0x43, 0xf4, 0x42, 0xf5, 0x21, 0xf3, 0x32, 0xf5, 0x32, 0xf5, 0x32, 0xf4,
    0x66, 0xf7, 0x33, 0xf4, 0x65, 0xf7, 0x54, 0xf5, 0x42, 0xf5, 0x42, 0xf5, 0x21, 0xf2, 0x32, 0xf4,
    0x21, 0xf3, 0x42, 0xf5, 0x43, 0xf5, 0x43, 0xf6, 0x42, 0xf6, 0x31, 0xf4, 0x53, 0xf6, 0x42, 0xf5,
    0x43, 0xf6, 0x42, 0xf5, 0x42, 0xf5, 0x43, 0xf6, 0x42, 0xf5, 0x32, 0xf4, 0x32, 0xf4, 0x32, 0xf4,
    0x21, 0xf4, 0x54, 0xf7, 0x31, 0xf4, 0x32, 0xf5, 0x75, 0xf8, 0x32, 0xf5, 0x32, 0xf4, 0x42, 0xf5,
    0x32, 0xf4, 0x32, 0xf4, 0x43, 0xf5, 0x43, 0xf5, 0x21, 0xf2, 0x22, 0xf3, 0x42, 0xf5, 0x32, 0xf4,
    0x32, 0xf4, 0x22, 0xf3, 0x21, 0xf3, 0x21, 0xf3, 0x32, 0xf3, 0x43, 0xf5, 0x32, 0xf3, 0x43, 0xf5,
    0x32, 0xf4, 0x32, 0xf4, 0x32, 0xf4, 0x22, 0xf3, 0x22, 0xf3, 0x32, 0xf4, 0x32, 0xf4, 0x43, 0xf5,
    0x54, 0xf7, 0x54, 0xf7, 0x32, 0xf5, 0x32, 0xf4, 0x43, 0xf6, 0x43, 0xf5, 0x42, 0xf5, 0x42, 0xf6,
    0x33, 0xf4, 0x43, 0xf5, 0x43, 0xf5, 0x43, 0xf5, 0x32, 0xf4, 0x42, 0xf5, 0x32, 0xf4, 0x43, 0xf5,
    0x42, 0xf5, 0x43, 0xf5, 0x43, 0xf6, 0x64, 0xf7, 0x43, 0xf5, 0x32, 0xf4, 0x43, 0xf4, 0x22, 0xf3,
    0x32, 0xf4, 0x32, 0xf4, 0x33, 0xf4, 0x32, 0xf4, 0x32, 0xf5, 0x21, 0xf3, 0x32, 0xf4, 0x32, 0xf5,
    0x32, 0xf5, 0x32, 0xf4, 0x21, 0xf2, 0x32, 0xf4, 0x53, 0xf6, 0x54, 0xf7, 0x53, 0xf6, 0x43, 0xf5,
    0x32, 0xf5, 0x32, 0xf4, 0x43, 0xf5, 0x43, 0xf5, 0x43, 0xf5, 0x42, 0xf5, 0x43, 0xf5, 0x42, 0xf5,
    0x54, 0xf5, 0x43, 0xf4, 0x54, 0xf5, 0x65, 0xf6, 0x53, 0xf6, 0x53, 0xf6, 0x63, 0xf7, 0x42, 0xf6,
    0x43, 0xf4, 0x55, 0xf6, 0x43, 0xf5, 0x33, 0xf4, 0x53, 0xf6, 0x32, 0xf4, 0x43, 0xf5, 0x32, 0xf4,
    0x32, 0xf4, 0x32, 0xf3, 0x32, 0xf4, 0x32, 0xf3, 0x22, 0xf3, 0x43, 0xf5, 0x22, 0xf3, 0x32, 0xf4,
    0x32, 0xf4, 0x32, 0xf4, 0x32, 0xf5, 0x32, 0xf4, 0x43, 0xf4, 0x43, 0xf5, 0x32, 0xf4, 0x43, 0xf5,
    0x65, 0xf7, 0x65, 0xf7, 0x43, 0xf4, 0x54, 0xf6, 0x54, 0xf7, 0x54, 0xf6, 0x54, 0xf6, 0x43, 0xf4,
    0x32, 0xf3, 0x44, 0xf5, 0x54, 0xf6, 0x54, 0xf5, 0x43, 0xf4, 0x43, 0xf4, 0x43, 0xf4, 0x33, 0xf4,
    0x43, 0xf4, 0x33, 0xf4, 0x44, 0xf5, 0x54, 0xf5, 0x43, 0xf5, 0x43, 0xf5, 0x44, 0xf4, 0x43, 0xf4,
    0x44, 0xf4, 0x54, 0xf5, 0x43, 0xf4, 0x54, 0xf5, 0x54, 0xf5, 0x43, 0xf4, 0x44, 0xf5, 0x44, 0xf5,
    0x54, 0xf7, 0x65, 0xf7, 0x43, 0xf6, 0x53, 0xf6, 0x43, 0xf4, 0x43, 0xf4, 0x43, 0xf4, 0x43, 0xf4,
    0x32, 0xf3, 0x21, 0xf3, 0x32, 0xf4, 0x43, 0xf4, 0x32, 0xf4, 0x43, 0xf4, 0x32, 0xf3, 0x43, 0xf4,
    0x33, 0xf4, 0x43, 0xf4, 0x43, 0xf4, 0x44, 0xf5, 0x44, 0xf5, 0x44, 0xf5, 0x44, 0xf5, 0x44, 0xf5,
    0x43, 0xf5, 0x43, 0xf5, 0x53, 0xf5, 0x43, 0xf5, 0x54, 0xf5, 0x65, 0xf6, 0x54, 0xf5, 0x54, 0xf6,
    0x55, 0xf6, 0x33, 0xf4, 0x65, 0xf6, 0x43, 0xf4, 0x32, 0xf4, 0x32, 0xf4, 0x33, 0xf4, 0x44, 0xf5,
    0x55, 0xf6, 0x44, 0xf5, 0x43, 0xf4, 0x43, 0xf5, 0x54, 0xf6, 0x65, 0xf7, 0x65, 0xf7, 0x65, 0xf6,
    0x32, 0xf3, 0x32, 0xf4, 0x32, 0xf3, 0x22, 0xf2, 0x32, 0xf3, 0x32, 0xf4, 0x32, 0xf3, 0x32, 0xf4,
    0x55, 0xf6, 0x33, 0xf3, 0x55, 0xf6, 0x54, 0xf5, 0x22, 0xf2, 0x32, 0xf4, 0x43, 0xf4, 0x32, 0xf3,
    0x44, 0xf5, 0x43, 0xf4, 0x54, 0xf5, 0x43, 0xf4, 0x65, 0xf7, 0x65, 0xf7, 0x55, 0xf6, 0x65, 0xf6,
    0x54, 0xf6, 0x54, 0xf5, 0x43, 0xf4, 0x54, 0xf5, 0x54, 0xf5, 0x65, 0xf6, 0x44, 0xf5, 0x65, 0xf6,
    0x54, 0xf5, 0x54, 0xf5, 0x44, 0xf5, 0x54, 0xf5, 0x66, 0xf7, 0x65, 0xf6, 0x76, 0xf7, 0x65, 0xf6,
    0x33, 0xf4, 0x44, 0xf5, 0x43, 0xf4, 0x32, 0xf3, 0x65, 0xf7, 0x44, 0xf5, 0x33, 0xf4, 0x32, 0xf3,
    0x43, 0xf5, 0x54, 0xf6, 0x43, 0xf5, 0x64, 0xf6, 0x43, 0xf5, 0x43, 0xf4, 0x43, 0xf5, 0x32, 0xf4,
    0x32, 0xf3, 0x43, 0xf5, 0x22, 0xf3, 0x33, 0xf4, 0x54, 0xf6, 0x42, 0xf5, 0x32, 0xf4, 0x42, 0xf5,
    0x44, 0xf5, 0x43, 0xf4, 0x43, 0xf4, 0x33, 0xf4, 0x65, 0xf6, 0x65, 0xf6, 0x64, 0xf7, 0x65, 0xf7,
    0x42, 0xf5, 0x33, 0xf4, 0x42, 0xf5, 0x32, 0xf4, 0x54, 0xf6, 0x76, 0xf7, 0x54, 0xf6, 0x65, 0xf6,
    0x33, 0xf4, 0x32, 0xf3, 0x44, 0xf5, 0x33, 0xf4, 0x22, 0xf3, 0x43, 0xf4, 0x32, 0xf4, 0x43, 0xf5,
    0x33, 0xf4, 0x32, 0xf3, 0x32, 0xf3, 0x32, 0xf4, 0x43, 0xf5, 0x54, 0xf5, 0x42, 0xf5, 0x32, 0xf4,
    0x32, 0xf4, 0x32, 0xf4, 0x32, 0xf4, 0x43, 0xf4, 0x32, 0xf4, 0x32, 0xf3, 0x32, 0xf4, 0x32, 0xf4,
    0x32, 0xf4, 0x54, 0xf5, 0x32, 0xf4, 0x44, 0xf5, 0x32, 0xf4, 0x32, 0xf4, 0x43, 0xf4, 0x32, 0xf4,
    0x54, 0xf6, 0x44, 0xf5, 0x55, 0xf6, 0x65, 0xf6, 0x65, 0xf7, 0x65, 0xf7, 0x54, 0xf5, 0x55, 0xf6,
    0x65, 0xf6, 0x55, 0xf5, 0x65, 0xf6, 0x55, 0xf5, 0x44, 0xf5, 0x54, 0xf5, 0x55, 0xf6, 0x65, 0xf6,
    0x54, 0xf6, 0x65, 0xf6, 0x55, 0xf6, 0x76, 0xf7, 0x22, 0xf3, 0x22, 0xf3, 0x65, 0xf6, 0x32, 0xf3,
    0x66, 0xf7, 0x65, 0xf6, 0x65, 0xf6, 0x43, 0xf4, 0x54, 0xf5, 0x54, 0xf6, 0x32, 0xf4, 0x54, 0xf6,
    0x43, 0xf4, 0x54, 0xf5, 0x43, 0xf4, 0x55, 0xf6, 0x54, 0xf5, 0x55, 0xf6, 0x65, 0xf6, 0x55, 0xf6,
    0x44, 0xf5, 0x54, 0xf5, 0x43, 0xf5, 0x54, 0xf5, 0x65, 0xf6, 0x65, 0xf6, 0x66, 0xf7, 0x76, 0xf7,
    0x54, 0xf5, 0x43, 0xf4, 0x54, 0xf5, 0x43, 0xf5, 0x54, 0xf6, 0x54, 0xf6, 0x65, 0xf7, 0x64, 0xf7,
    0x32, 0xf4, 0x43, 0xf5, 0x43, 0xf5, 0x64, 0xf7, 0x64, 0xf7, 0x53, 0xf6, 0x43, 0xf4, 0x43, 0xf5,
    0x22, 0xf3, 0x21, 0xf3, 0x22, 0xf3, 0x32, 0xf4, 0x32, 0xf4, 0x32, 0xf4, 0x32, 0xf4, 0x32, 0xf4,
    0x22, 0xf3, 0x32, 0xf4, 0x43, 0xf5, 0x32, 0xf4, 0x21, 0xf3, 0x21, 0xf3, 0x22, 0xf3, 0x21, 0xf2,
    0x32, 0xf4, 0x32, 0xf4, 0x32, 0xf4, 0x21, 0xf3, 0x32, 0xf4, 0x32, 0xf4, 0x32, 0xf4, 0x32, 0xf4,
    0x32, 0xf4, 0x32, 0xf3, 0x21, 0xf2, 0x22, 0xf3, 0x32, 0xf4, 0x32, 0xf5, 0x32, 0xf4, 0x32, 0xf3,
    0x43, 0xf5, 0x65, 0xf7, 0x53, 0xf6, 0x75, 0xf8, 0x32, 0xf4, 0x21, 0xf3, 0x43, 0xf5, 0x32, 0xf3,
    0x43, 0xf5, 0x54, 0xf6, 0x43, 0xf4, 0x43, 0xf4, 0x54, 0xf6, 0x21, 0xf2, 0x33, 0xf4, 0x22, 0xf3,
    0x32, 0xf4, 0x32, 0xf4, 0x32, 0xf4, 0x32, 0xf4, 0x43, 0xf5, 0x43, 0xf4, 0x32, 0xf4, 0x32, 0xf4,
    0x21, 0xf3, 0x21, 0xf3, 0x32, 0xf4, 0x42, 0xf5, 0x22, 0xf3, 0x32, 0xf4, 0x42, 0xf5, 0x64, 0xf8,
    0x55, 0xf6, 0x44, 0xf5, 0x65, 0xf6, 0x66, 0xf7, 0x55, 0xf6, 0x65, 0xf6, 0x65, 0xf6, 0x43, 0xf4,
    0x55, 0xf6, 0x65, 0xf7, 0x55, 0xf6, 0x55, 0xf6, 0x76, 0xf8, 0x43, 0xf4, 0x76, 0xf7, 0x54, 0xf5,
    0x53, 0xf6, 0x43, 0xf5, 0x32, 0xf4, 0x43, 0xf4, 0x43, 0xf5, 0x43, 0xf5, 0x32, 0xf4, 0x32, 0xf4,
    0x43, 0xf5, 0x43, 0xf5, 0x43, 0xf5, 0x43, 0xf5, 0x32, 0xf4, 0x32, 0xf3, 0x54, 0xf5, 0x32, 0xf4,
    0x32, 0xf3, 0x32, 0xf3, 0x32, 0xf3, 0x32, 0xf3, 0x44, 0xf5, 0x44, 0xf5, 0x32, 0xf3, 0x33, 0xf4,
    0x32, 0xf4, 0x32, 0xf4, 0x33, 0xf4, 0x22, 0xf3, 0x32, 0xf4, 0x21, 0xf3, 0x42, 0xf5, 0x32, 0xf4,
    0x43, 0xf4, 0x43, 0xf4, 0x43, 0xf4, 0x32, 0xf3, 0x53, 0xf6, 0x53, 0xf7, 0x42, 0xf6, 0x63, 0xf7,
    0x43, 0xf5, 0x32, 0xf5, 0x32, 0xf4, 0x32, 0xf4, 0x42, 0xf5, 0x43, 0xf5, 0x32, 0xf4, 0x32, 0xf4,
    0x43, 0xf5, 0x32, 0xf3, 0x43, 0xf5, 0x53, 0xf6, 0x53, 0xf6, 0x54, 0xf7, 0x64, 0xf8, 0x64, 0xf8,
    0x32, 0xf3, 0x53, 0xf6, 0x21, 0xf3, 0x32, 0xf4, 0x53, 0xf7, 0x54, 0xf7, 0x42, 0xf6, 0x64, 0xf7,
    0x53, 0xf6, 0x53, 0xf6, 0x53, 0xf6, 0x43, 0xf5, 0x32, 0xf4, 0x42, 0xf6, 0x32, 0xf4, 0x42, 0xf5,
    0x64, 0xf7, 0x43, 0xf5, 0x53, 0xf6, 0x32, 0xf4, 0x32, 0xf4, 0x54, 0xf6, 0x43, 0xf5, 0x65, 0xf7,
    0x21, 0xf3, 0x22, 0xf3, 0x32, 0xf4, 0x22, 0xf3, 0x32, 0xf3, 0x32, 0xf4, 0x32, 0xf3, 0x43, 0xf6,
    0x32, 0xf4, 0x43, 0xf5, 0x32, 0xf5, 0x43, 0xf6, 0x53, 0xf6, 0x43, 0xf5, 0x65, 0xf7, 0x43, 0xf5,
    0x53, 0xf7, 0x53, 0xf6, 0x64, 0xf8, 0x54, 0xf5, 0x54, 0xf6, 0x65, 0xf6, 0x76, 0xf7, 0x55, 0xf6,
    0x43, 0xf5, 0x55, 0xf6, 0x32, 0xf4, 0x54, 0xf5, 0x66, 0xf7, 0x65, 0xf6, 0x65, 0xf7, 0x54, 0xf5,
    0x32, 0xf5, 0x43, 0xf5, 0x64, 0xf7, 0x32, 0xf4, 0x42, 0xf6, 0x53, 0xf6, 0x32, 0xf5, 0x53, 0xf7,
    0x42, 0xf6, 0x21, 0xf4, 0x43, 0xf6, 0x42, 0xf5, 0x32, 0xf5, 0x43, 0xf5, 0x42, 0xf5, 0x32, 0xf4,
    0x42, 0xf6, 0x42, 0xf5, 0x75, 0xf9, 0x32, 0xf4, 0x53, 0xf6, 0x54, 0xf6, 0x42, 0xf5, 0x43, 0xf5,
    0x53, 0xf6, 0x43, 0xf6, 0x43, 0xf5, 0x42, 0xf6, 0x43, 0xf6, 0x32, 0xf5, 0x53, 0xf8, 0x42, 0xf6,
    0x42, 0xf5, 0x32, 0xf4, 0x31, 0xf4, 0x32, 0xf4, 0x32, 0xf5, 0x32, 0xf5, 0x42, 0xf5, 0x64, 0xf7,
    0x31, 0xf4, 0x32, 0xf4, 0x32, 0xf5, 0x43, 0xf6, 0x53, 0xf6, 0x54, 0xf6, 0x53, 0xf7, 0x32, 0xf4,
    0x43, 0xf6, 0x43, 0xf6, 0x64, 0xf8, 0x64, 0xf7, 0x43, 0xf5, 0x43, 0xf5, 0x54, 0xf6, 0x42, 0xf5,
    0x54, 0xf6, 0x53, 0xf6, 0x32, 0xf4, 0x43, 0xf5, 0x53, 0xf6, 0x42, 0xf5, 0x43, 0xf5, 0x53, 0xf6,
    0x43, 0xf5, 0x42, 0xf5, 0x43, 0xf5, 0x65, 0xf7, 0x31, 0xf3, 0x32, 0xf4, 0x31, 0xf4, 0x32, 0xf5,
    0x42, 0xf5, 0x43, 0xf5, 0x21, 0xf3, 0x32, 0xf4, 0x42, 0xf5, 0x43, 0xf6, 0x43, 0xf5, 0x32, 0xf5,
    0x54, 0xf6, 0x32, 0xf4, 0x42, 0xf5, 0x42, 0xf6, 0x53, 0xf7, 0x64, 0xf7, 0x52, 0xf7, 0x64, 0xf8,
    0x53, 0xf6, 0x42, 0xf5, 0x42, 0xf6, 0x42, 0xf5, 0x42, 0xf5, 0x53, 0xf7, 0x42, 0xf5, 0x53, 0xf6,
    0x32, 0xf4, 0x43, 0xf5, 0x32, 0xf4, 0x43, 0xf5, 0x43, 0xf4, 0x43, 0xf5, 0x43, 0xf5, 0x53, 0xf6,
    0x32, 0xf5, 0x43, 0xf6, 0x43, 0xf6, 0x64, 0xf7, 0x43, 0xf6, 0x53, 0xf7, 0x64, 0xf8, 0x42, 0xf6,
    0x53, 0xf6, 0x42, 0xf5, 0x74, 0xf9, 0x53, 0xf6, 0x32, 0xf4, 0x42, 0xf5, 0x32, 0xf5, 0x32, 0xf4,
    0x64, 0xf8, 0x64, 0xf8, 0x42, 0xf6, 0x64, 0xf7, 0x53, 0xf7, 0x42, 0xf5, 0x53, 0xf6, 0x42, 0xf5,
    0x53, 0xf7, 0x75, 0xf9, 0x42, 0xf5, 0x43, 0xf6, 0x53, 0xf7, 0x32, 0xf4, 0x43, 0xf5, 0x42, 0xf5,
    0x42, 0xf5, 0x32, 0xf5, 0x43, 0xf6, 0x32, 0xf5, 0x32, 0xf5, 0x43, 0xf5, 0x43, 0xf5, 0x32, 0xf4,
    0x32, 0xf4, 0x42, 0xf5, 0x53, 0xf6, 0x53, 0xf6, 0x53, 0xf6, 0x43, 0xf5, 0x43, 0xf5, 0x22, 0xf3,
    0x54, 0xf6, 0x65, 0xf7, 0x43, 0xf5, 0x65, 0xf6, 0x65, 0xf7, 0x54, 0xf6, 0x65, 0xf7, 0x65, 0xf7,
    0x32, 0xf5, 0x43, 0xf5, 0x42, 0xf5, 0x54, 0xf7, 0x54, 0xf6, 0x43, 0xf5, 0x53, 0xf6, 0x43, 0xf5,
    0x53, 0xf6, 0x65, 0xf8, 0x43, 0xf5, 0x65, 0xf7, 0x75, 0xf8, 0x54, 0xf6, 0x65, 0xf8, 0x65, 0xf8,
    0x32, 0xf4, 0x32, 0xf4, 0x43, 0xf4, 0x22, 0xf3, 0x43, 0xf5, 0x43, 0xf5, 0x32, 0xf3, 0x64, 0xf7,
    0x43, 0xf5, 0x43, 0xf5, 0x64, 0xf7, 0x32, 0xf4, 0x32, 0xf4, 0x75, 0xf8, 0x43, 0xf5, 0x53, 0xf6,
    0x42, 0xf5, 0x64, 0xf8, 0x42, 0xf5, 0x64, 0xf7, 0x86, 0xf9, 0x75, 0xf8, 0x53, 0xf6, 0x75, 0xf8,
    0x53, 0xf7, 0x42, 0xf5, 0x53, 0xf5, 0x43, 0xf5, 0x32, 0xf5, 0x43, 0xf6, 0x32, 0xf4, 0x43, 0xf6,
    0x64, 0xf7, 0x43, 0xf6, 0x75, 0xf9, 0x75, 0xf8, 0x42, 0xf6, 0x31, 0xf4, 0x53, 0xf7, 0x21, 0xf3,
    0x75, 0xf8, 0x42, 0xf6, 0x42, 0xf5, 0x31, 0xf4, 0x32, 0xf5, 0x42, 0xf5, 0x21, 0xf2, 0x32, 0xf4,
    0x53, 0xf6, 0x32, 0xf4, 0x53, 0xf6, 0x32, 0xf4, 0x53, 0xf6, 0x53, 0xf6, 0x53, 0xf6, 0x64, 0xf7,
    0x43, 0xf6, 0x32, 0xf4, 0x54, 0xf6, 0x55, 0xf5, 0x33, 0xf4, 0x54, 0xf5, 0x43, 0xf4, 0x32, 0xf3,
    0x32, 0xf4, 0x42, 0xf5, 0x53, 0xf6, 0x43, 0xf6, 0x32, 0xf4, 0x32, 0xf4, 0x43, 0xf6, 0x32, 0xf4,
    0x44, 0xf5, 0x32, 0xf4, 0x32, 0xf3, 0x32, 0xf3, 0x42, 0xf5, 0x32, 0xf4, 0x43, 0xf5, 0x43, 0xf5,
    0x54, 0xf6, 0x64, 0xf8, 0x75, 0xf9, 0x53, 0xf6, 0x53, 0xf7, 0x32, 0xf4, 0x32, 0xf4, 0x32, 0xf3,
    0x53, 0xf7, 0x42, 0xf5, 0x42, 0xf6, 0x32, 0xf4, 0x32, 0xf4, 0x32, 0xf4, 0x32, 0xf4, 0x43, 0xf5,
    0x21, 0xf3, 0x64, 0xf7, 0x21, 0xf3, 0x43, 0xf5, 0x43, 0xf5, 0x43, 0xf5, 0x32, 0xf4, 0x43, 0xf5,
    0x32, 0xf4, 0x22, 0xf3, 0x54, 0xf6, 0x43, 0xf5, 0x32, 0xf3, 0x32, 0xf4, 0x32, 0xf4, 0x32, 0xf4,
    0x42, 0xf5, 0x32, 0xf4, 0x43, 0xf5, 0x32, 0xf4, 0x43, 0xf5, 0x54, 0xf6, 0x43, 0xf5, 0x43, 0xf5,
    0x32, 0xf4, 0x31, 0xf4, 0x32, 0xf4, 0x43, 0xf5, 0x43, 0xf5, 0x54, 0xf6, 0x53, 0xf6, 0x54, 0xf6,
    0x54, 0xf6, 0x64, 0xf7, 0x54, 0xf6, 0x64, 0xf7, 0x64, 0xf7, 0x65, 0xf8, 0x65, 0xf7, 0x76, 0xf8,
    0x53, 0xf6, 0x54, 0xf6, 0x54, 0xf7, 0x54, 0xf6, 0x65, 0xf7, 0x65, 0xf7, 0x54, 0xf6, 0x53, 0xf6,
    0x42, 0xf5, 0x53, 0xf6, 0x43, 0xf6, 0x54, 0xf7, 0x53, 0xf6, 0x64, 0xf7, 0x43, 0xf6, 0x65, 0xf8,
    0x43, 0xf6, 0x53, 0xf6, 0x32, 0xf4, 0x42, 0xf5, 0x32, 0xf4, 0x43, 0xf5, 0x42, 0xf5, 0x42, 0xf5,
    0x54, 0xf6, 0x64, 0xf7, 0x64, 0xf7, 0x54, 0xf6, 0x76, 0xf8, 0x43, 0xf5, 0x65, 0xf7, 0x54, 0xf6,
    0x43, 0xf5, 0x43, 0xf5, 0x43, 0xf5, 0x54, 0xf6, 0x54, 0xf7, 0x65, 0xf8, 0x65, 0xf7, 0x54, 0xf7,
    0x54, 0xf6, 0x32, 0xf4, 0x65, 0xf7, 0x21, 0xf3, 0x32, 0xf4, 0x42, 0xf5, 0x32, 0xf4, 0x43, 0xf5,
    0x65, 0xf7, 0x43, 0xf5, 0x54, 0xf6, 0x32, 0xf4, 0x32, 0xf4, 0x42, 0xf5, 0x42, 0xf5, 0x43, 0xf5,
    0x54, 0xf6, 0x64, 0xf7, 0x43, 0xf6, 0x32, 0xf4, 0x64, 0xf7, 0x64, 0xf7, 0x43, 0xf6, 0x54, 0xf6,
    0x32, 0xf4, 0x43, 0xf6, 0x32, 0xf4, 0x32, 0xf5, 0x53, 0xf6, 0x42, 0xf5, 0x42, 0xf5, 0x42, 0xf5,
    0x32, 0xf4, 0x54, 0xf6, 0x43, 0xf5, 0x42, 0xf4, 0x53, 0xf6, 0x64, 0xf7, 0x32, 0xf4, 0x54, 0xf6,
    0x32, 0xf4, 0x43, 0xf5, 0x32, 0xf4, 0x43, 0xf5, 0x32, 0xf5, 0x42, 0xf6, 0x32, 0xf4, 0x42, 0xf5,
    0x65, 0xf7, 0x54, 0xf6, 0x54, 0xf6, 0x53, 0xf6, 0x54, 0xf6, 0x43, 0xf6, 0x53, 0xf6, 0x43, 0xf6,
    0x43, 0xf6, 0x42, 0xf5, 0x53, 0xf7, 0x42, 0xf6, 0x42, 0xf5, 0x42, 0xf6, 0x42, 0xf5, 0x53, 0xf6,
    0x33, 0xf4, 0x43, 0xf5, 0x43, 0xf5, 0x43, 0xf5, 0x43, 0xf4, 0x21, 0xf4, 0x43, 0xf4, 0x22, 0xf3,
    0x43, 0xf4, 0x43, 0xf4, 0x32, 0xf4, 0x33, 0xf4, 0x32, 0xf3, 0x32, 0xf4, 0x32, 0xf4, 0x42, 0xf5,
    0x53, 0xf6, 0x42, 0xf6, 0x42, 0xf5, 0x32, 0xf5, 0x42, 0xf5, 0x53, 0xf7, 0x32, 0xf5, 0x32, 0xf5,
    0x32, 0xf4, 0x32, 0xf4, 0x32, 0xf3, 0x32, 0xf4, 0x32, 0xf5, 0x32, 0xf5, 0x32, 0xf5, 0x21, 0xf3,
    0x65, 0xf7, 0x65, 0xf7, 0x64, 0xf7, 0x75, 0xf8, 0x43, 0xf5, 0x43, 0xf5, 0x76, 0xf8, 0x54, 0xf6,
    0x53, 0xf7, 0x54, 0xf7, 0x53, 0xf7, 0x64, 0xf7, 0x65, 0xf7, 0x65, 0xf7, 0x65, 0xf7, 0x43, 0xf5,
    0x32, 0xf3, 0x42, 0xf5, 0x32, 0xf4, 0x43, 0xf5, 0x43, 0xf5, 0x54, 0xf6, 0x53, 0xf6, 0x65, 0xf7,
    0x32, 0xf4, 0x32, 0xf4, 0x21, 0xf3, 0x32, 0xf3, 0x43, 0xf5, 0x53, 0xf6, 0x32, 0xf4, 0x33, 0xf4,
    0x54, 0xf7, 0x65, 0xf8, 0x54, 0xf7, 0x64, 0xf7, 0x64, 0xf7, 0x32, 0xf4, 0x43, 0xf5, 0x32, 0xf3,
    0x42, 0xf5, 0x42, 0xf5, 0x43, 0xf5, 0x54, 0xf7, 0x42, 0xf5, 0x32, 0xf5, 0x42, 0xf5, 0x53, 0xf7,
    0x32, 0xf3, 0x43, 0xf5, 0x22, 0xf3, 0x43, 0xf5, 0x43, 0xf5, 0x43, 0xf5, 0x43, 0xf5, 0x44, 0xf5,
    0x43, 0xf6, 0x32, 0xf5, 0x53, 0xf7, 0x32, 0xf3, 0x32, 0xf4, 0x43, 0xf4, 0x21, 0xf3, 0x32, 0xf3,
    0x22, 0xf3, 0x43, 0xf5, 0x32, 0xf3, 0x21, 0xf3, 0x53, 0xf6, 0x64, 0xf7, 0x32, 0xf4, 0x43, 0xf5,
    0x32, 0xf4, 0x32, 0xf4, 0x32, 0xf4, 0x32, 0xf4, 0x42, 0xf5, 0x65, 0xf8, 0x42, 0xf5, 0x64, 0xf8,
    0x53, 0xf6, 0x42, 0xf5, 0x32, 0xf5, 0x21, 0xf3, 0x53, 0xf6, 0x43, 0xf5, 0x43, 0xf5, 0x65, 0xf6,
    0x54, 0xf6, 0x32, 0xf3, 0x43, 0xf6, 0x55, 0xf6, 0x65, 0xf6, 0x55, 0xf6, 0x65, 0xf6, 0x55, 0xf6,
    0x43, 0xf4, 0x32, 0xf4, 0x32, 0xf4, 0x32, 0xf3, 0x31, 0xf4, 0x31, 0xf4, 0x32, 0xf4, 0x21, 0xf3,
    0x21, 0xf3, 0x22, 0xf3, 0x42, 0xf5, 0x33, 0xf4, 0x44, 0xf5, 0x43, 0xf4, 0x66, 0xf7, 0x65, 0xf6,
    0x22, 0xf3, 0x65, 0xf6, 0x33, 0xf4, 0x65, 0xf6, 0x65, 0xf7, 0x65, 0xf6, 0x65, 0xf6, 0x76, 0xf7,
    0x55, 0xf6, 0x54, 0xf5, 0x65, 0xf7, 0x54, 0xf5, 0x55, 0xf6, 0x66, 0xf7, 0x44, 0xf5, 0x54, 0xf5,
    0x65, 0xf6, 0x65, 0xf6, 0x54, 0xf5, 0x54, 0xf6, 0x65, 0xf6, 0x54, 0xf5, 0x54, 0xf5, 0x65, 0xf6,
    0x54, 0xf6, 0x65, 0xf6, 0x54, 0xf6, 0x55, 0xf6, 0x54, 0xf5, 0x55, 0xf6, 0x65, 0xf6, 0x54, 0xf5,
    0x32, 0xf3, 0x43, 0xf4, 0x43, 0xf4, 0x43, 0xf5, 0x43, 0xf5, 0x33, 0xf4, 0x53, 0xf6, 0x53, 0xf5,
    0x44, 0xf5, 0x43, 0xf5, 0x33, 0xf4, 0x43, 0xf4, 0x53, 0xf6, 0x43, 0xf5, 0x43, 0xf5, 0x43, 0xf5,
    0x54, 0xf6, 0x54, 0xf5, 0x65, 0xf7, 0x65, 0xf6, 0x55, 0xf6, 0x44, 0xf5, 0x54, 0xf5, 0x44, 0xf5,
    0x65, 0xf6, 0x54, 0xf5, 0x55, 0xf6, 0x54, 0xf5, 0x54, 0xf5, 0x66, 0xf7, 0x76, 0xf8, 0x66, 0xf7,
    0x33, 0xf4, 0x43, 0xf4, 0x43, 0xf4, 0x43, 0xf4, 0x53, 0xf6, 0x53, 0xf6, 0x43, 0xf5, 0x43, 0xf5,
    0x65, 0xf6, 0x33, 0xf4, 0x44, 0xf5, 0x33, 0xf4, 0x32, 0xf4, 0x43, 0xf5, 0x44, 0xf5, 0x33, 0xf4,
    0x54, 0xf6, 0x66, 0xf7, 0x65, 0xf7, 0x65, 0xf6, 0x65, 0xf6, 0x65, 0xf6, 0x54, 0xf5, 0x65, 0xf6,
    0x76, 0xf8, 0x65, 0xf7, 0x76, 0xf8, 0x77, 0xf8, 0x65, 0xf6, 0x65, 0xf7, 0x76, 0xf7, 0x65, 0xf6,
    0x76, 0xf7, 0x54, 0xf5, 0x66, 0xf7, 0x55, 0xf6, 0x66, 0xf7, 0x65, 0xf6, 0x65, 0xf7, 0x76, 0xf8,
    0x66, 0xf7, 0x65, 0xf6, 0x55, 0xf6, 0x65, 0xf6, 0x65, 0xf6, 0x76, 0xf7, 0x76, 0xf8, 0x65, 0xf6,
    0x76, 0xf8, 0x76, 0xf7, 0x76, 0xf7, 0x66, 0xf7, 0x65, 0xf6, 0x65, 0xf6, 0x44, 0xf5, 0x54, 0xf6,
    0x54, 0xf5, 0x54, 0xf5, 0x54, 0xf5, 0x54, 0xf5, 0x54, 0xf5, 0x54, 0xf6, 0x44, 0xf5, 0x54, 0xf6,
    0x54, 0xf5, 0x66, 0xf7, 0x44, 0xf5, 0x77, 0xf8, 0x77, 0xf8, 0x65, 0xf6, 0x66, 0xf7, 0x44, 0xf5,
    0x65, 0xf6, 0x76, 0xf8, 0x65, 0xf7, 0x55, 0xf6, 0x54, 0xf5, 0x54, 0xf5, 0x44, 0xf5, 0x65, 0xf6,
    0x65, 0xf7, 0x65, 0xf6, 0x76, 0xf7, 0x77, 0xf8, 0x65, 0xf6, 0x55, 0xf6, 0x65, 0xf6, 0x55, 0xf6,
    0x65, 0xf7, 0x76, 0xf8, 0x55, 0xf6, 0x65, 0xf6, 0x55, 0xf6, 0x65, 0xf6, 0x54, 0xf5, 0x76, 0xf7,
    0x54, 0xf6, 0x43, 0xf5, 0x65, 0xf7, 0x54, 0xf5, 0x76, 0xf7, 0x65, 0xf7, 0x65, 0xf6, 0x54, 0xf6,
    0x76, 0xf7, 0x66, 0xf7, 0x76, 0xf7, 0x76, 0xf7, 0x54, 0xf5, 0x32, 0xf4, 0x43, 0xf5, 0x22, 0xf3,
    0x76, 0xf8, 0x66, 0xf7, 0x65, 0xf6, 0x55, 0xf6, 0x54, 0xf5, 0x65, 0xf6, 0x65, 0xf6, 0x66, 0xf7,
    0x65, 0xf6, 0x54, 0xf5, 0x54, 0xf5, 0x33, 0xf4, 0x66, 0xf7, 0x76, 0xf7, 0x54, 0xf6, 0x54, 0xf5,
    0x65, 0xf7, 0x66, 0xf7, 0x76, 0xf7, 0x65, 0xf6, 0x33, 0xf4, 0x22, 0xf3, 0x54, 0xf6, 0x64, 0xf7,
    0x54, 0xf5, 0x54, 0xf7, 0x42, 0xf5, 0x53, 0xf6, 0x75, 0xf9, 0x53, 0xf6, 0x53, 0xf7, 0x64, 0xf7,
    0x32, 0xf4, 0x22, 0xf3, 0x43, 0xf5, 0x22, 0xf3, 0x21, 0xf3, 0x32, 0xf4, 0x32, 0xf4, 0x32, 0xf4,
    0x43, 0xf4, 0x22, 0xf3, 0x44, 0xf5, 0x43, 0xf4, 0x22, 0xf3, 0x32, 0xf4, 0x43, 0xf4, 0x22, 0xf3,
    0x32, 0xf4, 0x43, 0xf5, 0x32, 0xf4, 0x43, 0xf5, 0x43, 0xf5, 0x32, 0xf4, 0x43, 0xf5, 0x43, 0xf5,
    0x32, 0xf4, 0x32, 0xf3, 0x32, 0xf3, 0x32, 0xf4, 0x32, 0xf4, 0x32, 0xf4, 0x32, 0xf4, 0x53, 0xf6,
    0x54, 0xf6, 0x54, 0xf6, 0x43, 0xf5, 0x43, 0xf5, 0x44, 0xf5, 0x22, 0xf3, 0x54, 0xf5, 0x32, 0xf3,
    0x43, 0xf5, 0x54, 0xf6, 0x43, 0xf5, 0x43, 0xf5, 0x54, 0xf6, 0x21, 0xf2, 0x32, 0xf4, 0x21, 0xf3,
    0x43, 0xf4, 0x32, 0xf4, 0x32, 0xf3, 0x32, 0xf5, 0x43, 0xf6, 0x64, 0xf8, 0x43, 0xf5, 0x64, 0xf8,
    0x32, 0xf5, 0x42, 0xf6, 0x42, 0xf5, 0x42, 0xf6, 0x43, 0xf6, 0x53, 0xf6, 0x43, 0xf6, 0x32, 0xf4,
    0x43, 0xf5, 0x64, 0xf7, 0x32, 0xf4, 0x42, 0xf5, 0x42, 0xf5, 0x43, 0xf6, 0x53, 0xf6, 0x54, 0xf6,
    0x32, 0xf4, 0x32, 0xf3, 0x53, 0xf6, 0x32, 0xf3, 0x32, 0xf4, 0x43, 0xf5, 0x43, 0xf4, 0x43, 0xf4,
    0x53, 0xf6, 0x22, 0xf3, 0x53, 0xf6, 0x32, 0xf4, 0x22, 0xf3, 0x32, 0xf3, 0x32, 0xf4, 0x32, 0xf4,
    0x32, 0xf4, 0x43, 0xf5, 0x32, 0xf3, 0x32, 0xf4, 0x54, 0xf6, 0x43, 0xf6, 0x32, 0xf4, 0x32, 0xf4,
    0x53, 0xf7, 0x43, 0xf5, 0x53, 0xf7, 0x75, 0xf8, 0x33, 0xf4, 0x43, 0xf4, 0x33, 0xf4, 0x44, 0xf5,
    0x21, 0xf3, 0x54, 0xf6, 0x42, 0xf5, 0x21, 0xf3, 0x54, 0xf6, 0x43, 0xf5, 0x32, 0xf4, 0x53, 0xf5,
    0x43, 0xf5, 0x32, 0xf4, 0x44, 0xf5, 0x54, 0xf6, 0x43, 0xf4, 0x44, 0xf4, 0x66, 0xf7, 0x65, 0xf6,
    0x32, 0xf3, 0x54, 0xf6, 0x43, 0xf4, 0x44, 0xf5, 0x65, 0xf6, 0x54, 0xf6, 0x66, 0xf7, 0x65, 0xf6,
    0x54, 0xf5, 0x43, 0xf5, 0x32, 0xf4, 0x52, 0xf7, 0x42, 0xf5, 0x32, 0xf5, 0x64, 0xf8, 0x54, 0xf7,
    0x32, 0xf4, 0x42, 0xf6, 0x32, 0xf3, 0x43, 0xf6, 0x42, 0xf6, 0x43, 0xf5, 0x42, 0xf5, 0x22, 0xf3,
    0x43, 0xf5, 0x54, 0xf6, 0x43, 0xf5, 0x54, 0xf5, 0x54, 0xf6, 0x32, 0xf4, 0x43, 0xf5, 0x32, 0xf5,
    0x54, 0xf6, 0x54, 0xf6, 0x54, 0xf6, 0x65, 0xf7, 0x43, 0xf5, 0x42, 0xf5, 0x43, 0xf5, 0x42, 0xf5,
    0x53, 0xf6, 0x53, 0xf6, 0x32, 0xf5, 0x32, 0xf4, 0x31, 0xf4, 0x21, 0xf3, 0x32, 0xf4, 0x32, 0xf4,
    0x53, 0xf6, 0x75, 0xf8, 0x64, 0xf7, 0x75, 0xf8, 0x53, 0xf7, 0x43, 0xf5, 0x42, 0xf5, 0x42, 0xf5,
    0x42, 0xf5, 0x64, 0xf7, 0x32, 0xf4, 0x32, 0xf4, 0x32, 0xf4, 0x42, 0xf5, 0x22, 0xf3, 0x43, 0xf5,
    0x32, 0xf3, 0x43, 0xf4, 0x32, 0xf3, 0x32, 0xf4, 0x32, 0xf4, 0x43, 0xf5, 0x43, 0xf4, 0x43, 0xf5,
    0x32, 0xf5, 0x32, 0xf4, 0x42, 0xf5, 0x32, 0xf5, 0x32, 0xf4, 0x32, 0xf4, 0x32, 0xf4, 0x43, 0xf5,
    0x53, 0xf7, 0x43, 0xf6, 0x64, 0xf7, 0x53, 0xf6, 0x32, 0xf4, 0x43, 0xf4, 0x42, 0xf5, 0x43, 0xf5,
    0x33, 0xf4, 0x54, 0xf5, 0x43, 0xf4, 0x65, 0xf6, 0x66, 0xf7, 0x65, 0xf6, 0x76, 0xf7, 0x65, 0xf6,
    0x43, 0xf4, 0x54, 0xf5, 0x43, 0xf4, 0x43, 0xf5, 0x65, 0xf6, 0x66, 0xf7, 0x55, 0xf6, 0x76, 0xf7,
    0x53, 0xf7, 0x42, 0xf5, 0x53, 0xf6, 0x43, 0xf6, 0x53, 0xf6, 0x54, 0xf6, 0x64, 0xf8, 0x43, 0xf5,
    0x43, 0xf5, 0x32, 0xf4, 0x43, 0xf6, 0x42, 0xf5, 0x42, 0xf6, 0x53, 0xf6, 0x32, 0xf4, 0x54, 0xf5,
    0x44, 0xf5, 0x65, 0xf6, 0x54, 0xf5, 0x54, 0xf6, 0x66, 0xf7, 0x76, 0xf7, 0x55, 0xf6, 0x77, 0xf8,
    0x54, 0xf5, 0x44, 0xf5, 0x65, 0xf6, 0x54, 0xf5, 0x44, 0xf5, 0x65, 0xf6, 0x54, 0xf5, 0x54, 0xf5,
    0x54, 0xf6, 0x43, 0xf5, 0x32, 0xf3, 0x32, 0xf4, 0x32, 0xf4, 0x32, 0xf4, 0x32, 0xf3, 0x32, 0xf5,
    0x32, 0xf3, 0x43, 0xf4, 0x32, 0xf4, 0x32, 0xf4, 0x32, 0xf3, 0x32, 0xf5, 0x43, 0xf5, 0x53, 0xf6,
    0x43, 0xf6, 0x53, 0xf6, 0x43, 0xf5, 0x42, 0xf5, 0x31, 0xf4, 0x75, 0xf8, 0x42, 0xf5, 0x75, 0xf9,
    0x32, 0xf4, 0x32, 0xf5, 0x42, 0xf6, 0x53, 0xf7, 0x42, 0xf5, 0x32, 0xf5, 0x42, 0xf5, 0x31, 0xf4,
    0x31, 0xf5, 0x53, 0xf7, 0x32, 0xf4, 0x64, 0xf7, 0x64, 0xf7, 0x54, 0xf6, 0x64, 0xf7, 0x64, 0xf7,
    0x54, 0xf7, 0x54, 0xf6, 0x64, 0xf7, 0x75, 0xf8, 0x64, 0xf7, 0x64, 0xf7, 0x64, 0xf7, 0x43, 0xf5,
    0x43, 0xf6, 0x64, 0xf8, 0x43, 0xf5, 0x53, 0xf6, 0x43, 0xf5, 0x31, 0xf4, 0x54, 0xf7, 0x21, 0xf3,
    0x42, 0xf5, 0x43, 0xf5, 0x32, 0xf4, 0x43, 0xf6, 0x42, 0xf5, 0x21, 0xf3, 0x21, 0xf3, 0x32, 0xf4,
    0x64, 0xf7, 0x42, 0xf5, 0x64, 0xf8, 0x53, 0xf6, 0x53, 0xf6, 0x43, 0xf6, 0x53, 0xf6, 0x65, 0xf8,
    0x42, 0xf6, 0x42, 0xf6, 0x53, 0xf6, 0x53, 0xf6, 0x53, 0xf6, 0x75, 0xf8, 0x53, 0xf7, 0x75, 0xf9,
    0x75, 0xf9, 0x75, 0xf8, 0x64, 0xf8, 0x75, 0xf8, 0x53, 0xf6, 0x43, 0xf6, 0x54, 0xf7, 0x65, 0xf8,
    0x64, 0xf8, 0x75, 0xf9, 0x64, 0xf8, 0x64, 0xf8, 0x64, 0xf7, 0x75, 0xf8, 0x64, 0xf7, 0x65, 0xf8,
    0x64, 0xf7, 0x65, 0xf8, 0x32, 0xf4, 0x52, 0xf7, 0x31, 0xf5, 0x64, 0xf8, 0x31, 0xf4, 0x42, 0xf5,
    0x53, 0xf6, 0x54, 0xf7, 0x53, 0xf6, 0x54, 0xf6, 0x32, 0xf4, 0x42, 0xf5, 0x32, 0xf4, 0x42, 0xf5,
    0x64, 0xf8, 0x64, 0xf8, 0x64, 0xf7, 0x64, 0xf8, 0x64, 0xf8, 0x43, 0xf6, 0x53, 0xf7, 0x42, 0xf6,
    0x42, 0xf6, 0x42, 0xf6, 0x42, 0xf6, 0x53, 0xf6, 0x42, 0xf6, 0x64, 0xf8, 0x53, 0xf7, 0x74, 0xf9,
    0x65, 0xf8, 0x65, 0xf8, 0x53, 0xf7, 0x42, 0xf5, 0x54, 0xf6, 0x43, 0xf5, 0x43, 0xf5, 0x42, 0xf5,
    0x31, 0xf4, 0x31, 0xf4, 0x22, 0xf3, 0x32, 0xf5, 0x32, 0xf4, 0x32, 0xf4, 0x53, 0xf7, 0x53, 0xf7,
    0x42, 0xf5, 0x53, 0xf7, 0x53, 0xf6, 0x43, 0xf6, 0x32, 0xf4, 0x32, 0xf4, 0x32, 0xf4, 0x42, 0xf5,
    0x32, 0xf4, 0x43, 0xf5, 0x64, 0xf7, 0x64, 0xf7, 0x53, 0xf6, 0x53, 0xf7, 0x53, 0xf6, 0x74, 0xf8,
    0x43, 0xf4, 0x42, 0xf5, 0x32, 0xf4, 0x32, 0xf4, 0x64, 0xf8, 0x53, 0xf6, 0x43, 0xf6, 0x42, 0xf5,
    0x32, 0xf4, 0x54, 0xf6, 0x32, 0xf4, 0x75, 0xf8, 0x53, 0xf6, 0x43, 0xf5, 0x54, 0xf6, 0x32, 0xf5,
    0x53, 0xf7, 0x64, 0xf7, 0x64, 0xf7, 0x64, 0xf7, 0x65, 0xf8, 0x64, 0xf8, 0x54, 0xf7, 0x65, 0xf8,
    0x53, 0xf6, 0x64, 0xf7, 0x53, 0xf7, 0x53, 0xf7, 0x53, 0xf6, 0x54, 0xf7, 0x53, 0xf6, 0x53, 0xf6,
    0x43, 0xf5, 0x32, 0xf4, 0x32, 0xf4, 0x32, 0xf4, 0x32, 0xf4, 0x53, 0xf6, 0x43, 0xf5, 0x53, 0xf7,
    0x53, 0xf6, 0x53, 0xf6, 0x64, 0xf8, 0x64, 0xf7, 0x53, 0xf6, 0x64, 0xf7, 0x64, 0xf8, 0x75, 0xf8,
    0x42, 0xf6, 0x21, 0xf3, 0x42, 0xf6, 0x31, 0xf4, 0x31, 0xf4, 0x42, 0xf6, 0x64, 0xf7, 0x65, 0xf8,
    0x54, 0xf7, 0x42, 0xf5, 0x86, 0xf9, 0x64, 0xf8, 0x54, 0xf6, 0x64, 0xf7, 0x42, 0xf5, 0x21, 0xf3,
    0x64, 0xf7, 0x64, 0xf8, 0x64, 0xf7, 0x75, 0xf8, 0x86, 0xf9, 0x86, 0xf9, 0x87, 0xfa, 0x76, 0xf9,
    0x75, 0xf8, 0x64, 0xf7, 0x53, 0xf6, 0x64, 0xf8, 0x75, 0xf8, 0x65, 0xf8, 0x75, 0xf8, 0x75, 0xf8,
    0x75, 0xf8, 0x86, 0xf9, 0x86, 0xf9, 0x75, 0xf8, 0x43, 0xf5, 0x32, 0xf4, 0x64, 0xf7, 0x43, 0xf5,
    0x75, 0xf8, 0x42, 0xf5, 0x64, 0xf7, 0x31, 0xf3, 0x65, 0xf8, 0x32, 0xf4, 0x21, 0xf3, 0x43, 0xf5,
    0x64, 0xf7, 0x42, 0xf6, 0x64, 0xf7, 0x53, 0xf7, 0x21, 0xf3, 0x31, 0xf4, 0x53, 0xf7, 0x42, 0xf5,
    0x53, 0xf6, 0x53, 0xf7, 0x53, 0xf6, 0x53, 0xf7, 0x64, 0xf8, 0x43, 0xf6, 0x64, 0xf7, 0x31, 0xf4,
    0x32, 0xf4, 0x54, 0xf7, 0x32, 0xf4, 0x43, 0xf6, 0x65, 0xf8, 0x75, 0xf8, 0x54, 0xf7, 0x53, 0xf6,
    0x53, 0xf6, 0x43, 0xf6, 0x43, 0xf5, 0x53, 0xf6, 0x53, 0xf6, 0x42, 0xf5, 0x53, 0xf7, 0x43, 0xf5,
    0x53, 0xf7, 0x53, 0xf7, 0x64, 0xf7, 0x64, 0xf7, 0x32, 0xf4, 0x11, 0xf2, 0x53, 0xf6, 0x21, 0xf3,
    0x75, 0xf8, 0x64, 0xf7, 0x64, 0xf8, 0x42, 0xf6, 0x63, 0xf8, 0x42, 0xf5, 0x52, 0xf7, 0x53, 0xf8,
    0x21, 0xf3, 0x42, 0xf5, 0x32, 0xf4, 0x32, 0xf4, 0x43, 0xf6, 0x42, 0xf5, 0x42, 0xf5, 0x43, 0xf6,
    0x43, 0xf5, 0x33, 0xf4, 0x43, 0xf5, 0x44, 0xf5, 0x32, 0xf4, 0x32, 0xf4, 0x43, 0xf4, 0x32, 0xf4,
    0x43, 0xf6, 0x32, 0xf4, 0x42, 0xf5, 0x64, 0xf7, 0x43, 0xf5, 0x53, 0xf5, 0x65, 0xf7, 0x54, 0xf5,
    0x52, 0xf7, 0x63, 0xf8, 0x32, 0xf4, 0x53, 0xf7, 0x76, 0xf7, 0x55, 0xf6, 0x65, 0xf7, 0x65, 0xf7,
    0x65, 0xf7, 0x65, 0xf7, 0x54, 0xf6, 0x65, 0xf7, 0x54, 0xf6, 0x54, 0xf5, 0x75, 0xf7, 0x76, 0xf8,
    0x54, 0xf6, 0x65, 0xf7, 0x65, 0xf7, 0x64, 0xf7, 0x65, 0xf7, 0x75, 0xf7, 0x53, 0xf6, 0x43, 0xf5,
    0x32, 0xf4, 0x53, 0xf6, 0x65, 0xf7, 0x42, 0xf5, 0x54, 0xf7, 0x65, 0xf6, 0x42, 0xf5, 0x43, 0xf5,
    0x54, 0xf6, 0x43, 0xf6, 0x32, 0xf5, 0x32, 0xf4, 0x42, 0xf5, 0x31, 0xf4, 0x42, 0xf5, 0x42, 0xf5,
    0x75, 0xf8, 0x43, 0xf5, 0x54, 0xf6, 0x43, 0xf5, 0x53, 0xf6, 0x54, 0xf7, 0x53, 0xf6, 0x53, 0xf6,
    0x43, 0xf5, 0x53, 0xf6, 0x32, 0xf5, 0x42, 0xf5, 0x42, 0xf6, 0x32, 0xf5, 0x42, 0xf5, 0x43, 0xf5,
    0x42, 0xf6, 0x32, 0xf4, 0x54, 0xf7, 0x53, 0xf7, 0x42, 0xf5, 0x65, 0xf8, 0x53, 0xf7, 0x52, 0xf7,
    0x64, 0xf7, 0x43, 0xf6, 0x53, 0xf6, 0x32, 0xf4, 0x42, 0xf6, 0x42, 0xf5, 0x32, 0xf5, 0x43, 0xf5,
    0x33, 0xf4, 0x44, 0xf5, 0x32, 0xf5, 0x32, 0xf4, 0x54, 0xf5, 0x32, 0xf4, 0x43, 0xf4, 0x22, 0xf3,
    0x42, 0xf5, 0x43, 0xf5, 0x53, 0xf6, 0x53, 0xf6, 0x32, 0xf3, 0x32, 0xf3, 0x64, 0xf7, 0x54, 0xf7,
    0x32, 0xf4, 0x32, 0xf5, 0x32, 0xf5, 0x43, 0xf5, 0x43, 0xf5, 0x43, 0xf5, 0x43, 0xf5, 0x32, 0xf4,
    0x32, 0xf4, 0x42, 0xf5, 0x43, 0xf5, 0x21, 0xf3, 0x43, 0xf5, 0x54, 0xf6, 0x43, 0xf5, 0x32, 0xf4,
    0x21, 0xf3, 0x43, 0xf5, 0x43, 0xf5, 0x43, 0xf5, 0x64, 0xf7, 0x54, 0xf6, 0x65, 0xf7, 0x54, 0xf6,
    0x54, 0xf5, 0x22, 0xf3, 0x32, 0xf4, 0x32, 0xf4, 0x54, 0xf6, 0x64, 0xf7, 0x32, 0xf4, 0x43, 0xf6,
    0x31, 0xf4, 0x32, 0xf4, 0x22, 0xf3, 0x32, 0xf5, 0x32, 0xf4, 0x21, 0xf4, 0x32, 0xf4, 0x21, 0xf3,
    0x53, 0xf6, 0x54, 0xf6, 0x53, 0xf6, 0x64, 0xf7, 0x43, 0xf5, 0x43, 0xf4, 0x64, 0xf7, 0x65, 0xf7,
    0x32, 0xf4, 0x32, 0xf3, 0x32, 0xf4, 0x32, 0xf3, 0x22, 0xf3, 0x43, 0xf4, 0x22, 0xf3, 0x32, 0xf4,
    0x32, 0xf4, 0x32, 0xf4, 0x54, 0xf6, 0x43, 0xf5, 0x21, 0xf3, 0x32, 0xf4, 0x32, 0xf3, 0x54, 0xf6,
    0x53, 0xf6, 0x54, 0xf7, 0x54, 0xf6, 0x64, 0xf7, 0x64, 0xf7, 0x65, 0xf7, 0x54, 0xf6, 0x43, 0xf6,
    0x53, 0xf6, 0x53, 0xf5, 0x54, 0xf6, 0x54, 0xf6, 0x43, 0xf5, 0x43, 0xf6, 0x54, 0xf6, 0x43, 0xf5,
    0x64, 0xf7, 0x54, 0xf6, 0x64, 0xf7, 0x43, 0xf5, 0x32, 0xf3, 0x43, 0xf5, 0x31, 0xf4, 0x42, 0xf5,
    0x43, 0xf5, 0x42, 0xf4, 0x32, 0xf4, 0x43, 0xf5, 0x54, 0xf7, 0x54, 0xf6, 0x54, 0xf6, 0x43, 0xf5,
    0x32, 0xf4, 0x53, 0xf6, 0x53, 0xf6, 0x42, 0xf6, 0x54, 0xf6, 0x53, 0xf7, 0x43, 0xf5, 0x43, 0xf6,
    0x53, 0xf6, 0x53, 0xf6, 0x32, 0xf5, 0x42, 0xf6, 0x42, 0xf5, 0x42, 0xf5, 0x53, 0xf6, 0x65, 0xf7,
    0x53, 0xf7, 0x63, 0xf8, 0x43, 0xf6, 0x43, 0xf5, 0x53, 0xf7, 0x42, 0xf5, 0x43, 0xf5, 0x54, 0xf6,
    0x32, 0xf4, 0x43, 0xf5, 0x54, 0xf6, 0x54, 0xf6, 0x64, 0xf7, 0x65, 0xf8, 0x43, 0xf5, 0x32, 0xf4,
    0x32, 0xf4, 0x42, 0xf6, 0x43, 0xf5, 0x53, 0xf6, 0x65, 0xf7, 0x65, 0xf7, 0x64, 0xf7, 0x54, 0xf6,
    0x43, 0xf6, 0x53, 0xf7, 0x42, 0xf5, 0x43, 0xf6, 0x54, 0xf7, 0x54, 0xf6, 0x43, 0xf6, 0x65, 0xf8,
    0x65, 0xf7, 0x75, 0xf8, 0x65, 0xf7, 0x64, 0xf7, 0x64, 0xf7, 0x22, 0xf3, 0x75, 0xf8, 0x43, 0xf5,
    0x54, 0xf6, 0x64, 0xf7, 0x53, 0xf6, 0x43, 0xf5, 0x54, 0xf6, 0x21, 0xf3, 0x32, 0xf4, 0x32, 0xf4,
    0x64, 0xf7, 0x86, 0xf9, 0x76, 0xf9, 0x43, 0xf5, 0x54, 0xf7, 0x43, 0xf6, 0x32, 0xf4, 0x32, 0xf4,
    0x54, 0xf6, 0x32, 0xf4, 0x32, 0xf4, 0x54, 0xf7, 0x43, 0xf6, 0x42, 0xf6, 0x53, 0xf6, 0x42, 0xf6,
    0x53, 0xf6, 0x53, 0xf6, 0x42, 0xf5, 0x43, 0xf6, 0x53, 0xf6, 0x32, 0xf4, 0x75, 0xf8, 0x54, 0xf7,
    0x53, 0xf7, 0x53, 0xf6, 0x64, 0xf7, 0x54, 0xf6, 0x43, 0xf5, 0x54, 0xf7, 0x54, 0xf7, 0x53, 0xf6,
    0x32, 0xf4, 0x53, 0xf6, 0x21, 0xf3, 0x43, 0xf5, 0x53, 0xf6, 0x43, 0xf6, 0x43, 0xf5, 0x32, 0xf4,
    0x32, 0xf4, 0x43, 0xf5, 0x43, 0xf5, 0x42, 0xf5, 0x32, 0xf5, 0x42, 0xf5, 0x42, 0xf5, 0x32, 0xf4,
    0x43, 0xf6, 0x43, 0xf5, 0x43, 0xf5, 0x43, 0xf5, 0x43, 0xf6, 0x54, 0xf6, 0x53, 0xf6, 0x54, 0xf6,
    0x43, 0xf5, 0x43, 0xf6, 0x43, 0xf5, 0x64, 0xf7, 0x53, 0xf6, 0x43, 0xf6, 0x53, 0xf6, 0x54, 0xf7,
    0x43, 0xf4, 0x32, 0xf4, 0x54, 0xf6, 0x21, 0xf3, 0x32, 0xf4, 0x54, 0xf6, 0x32, 0xf4, 0x32, 0xf4,
    0x43, 0xf5, 0x32, 0xf4, 0x32, 0xf4, 0x32, 0xf3, 0x21, 0xf2, 0x43, 0xf5, 0x43, 0xf5, 0x54, 0xf6,
    0x43, 0xf5, 0x21, 0xf3, 0x54, 0xf6, 0x42, 0xf5, 0x42, 0xf5, 0x53, 0xf7, 0x63, 0xf8, 0x63, 0xf7,
    0x54, 0xf6, 0x42, 0xf5, 0x43, 0xf5, 0x32, 0xf4, 0x64, 0xf8, 0x54, 0xf6, 0x54, 0xf6, 0x54, 0xf6,
    0x32, 0xf5, 0x32, 0xf3, 0x42, 0xf6, 0x54, 0xf6, 0x54, 0xf6, 0x54, 0xf6, 0x54, 0xf6, 0x43, 0xf5,
    0x53, 0xf7, 0x75, 0xf8, 0x43, 0xf5, 0x42, 0xf6, 0x76, 0xf8, 0x53, 0xf6, 0x53, 0xf6, 0x42, 0xf5,
    0x65, 0xf7, 0x65, 0xf7, 0x76, 0xf8, 0x33, 0xf4, 0x32, 0xf4, 0x32, 0xf4, 0x21, 0xf3, 0x43, 0xf6,
    0x53, 0xf5, 0x22, 0xf3, 0x43, 0xf5, 0x32, 0xf4, 0x21, 0xf3, 0x43, 0xf5, 0x42, 0xf5, 0x42, 0xf5,
    0x64, 0xf7, 0x32, 0xf4, 0x64, 0xf7, 0x43, 0xf5, 0x32, 0xf4, 0x43, 0xf5, 0x32, 0xf4, 0x54, 0xf6,
    0x64, 0xf7, 0x43, 0xf5, 0x43, 0xf5, 0x43, 0xf6, 0x54, 0xf6, 0x53, 0xf6, 0x64, 0xf7, 0x53, 0xf6,
    0x54, 0xf7, 0x54, 0xf7, 0x53, 0xf6, 0x53, 0xf6, 0x53, 0xf6, 0x54, 0xf6, 0x54, 0xf6, 0x54, 0xf6,
    0x43, 0xf5, 0x64, 0xf7, 0x43, 0xf5, 0x53, 0xf6, 0x65, 0xf8, 0x53, 0xf6, 0x53, 0xf6, 0x43, 0xf5,
    0x42, 0xf5, 0x53, 0xf6, 0x32, 0xf4, 0x43, 0xf6, 0x64, 0xf7, 0x54, 0xf7, 0x53, 0xf6, 0x53, 0xf7,
    0x42, 0xf6, 0x54, 0xf7, 0x43, 0xf6, 0x54, 0xf6, 0x42, 0xf5, 0x53, 0xf6, 0x43, 0xf5, 0x32, 0xf5,
    0x53, 0xf6, 0x43, 0xf5, 0x53, 0xf7, 0x42, 0xf5, 0x32, 0xf4, 0x43, 0xf5, 0x32, 0xf4, 0x43, 0xf5,
    0x43, 0xf5, 0x43, 0xf5, 0x43, 0xf5, 0x53, 0xf6, 0x43, 0xf5, 0x42, 0xf4, 0x42, 0xf5, 0x32, 0xf4,
    0x42, 0xf5, 0x32, 0xf4, 0x43, 0xf5, 0x53, 0xf6, 0x42, 0xf5, 0x42, 0xf5, 0x32, 0xf4, 0x43, 0xf5,
    0x43, 0xf5, 0x53, 0xf6, 0x54, 0xf6, 0x42, 0xf5, 0x42, 0xf5, 0x43, 0xf5, 0x32, 0xf5, 0x32, 0xf5,
    0x32, 0xf4, 0x33, 0xf4, 0x32, 0xf4, 0x43, 0xf5, 0x32, 0xf4, 0x32, 0xf4, 0x43, 0xf5, 0x43, 0xf5,
    0x32, 0xf4, 0x43, 0xf4, 0x53, 0xf6, 0x43, 0xf5, 0x43, 0xf5, 0x42, 0xf5, 0x32, 0xf4, 0x32, 0xf4,
    0x54, 0xf6, 0x32, 0xf4, 0x64, 0xf7, 0x54, 0xf7, 0x42, 0xf5, 0x53, 0xf6, 0x53, 0xf6, 0x43, 0xf5,
    0x53, 0xf6, 0x64, 0xf8, 0x64, 0xf7, 0x54, 0xf7, 0x54, 0xf7, 0x43, 0xf6, 0x53, 0xf6, 0x54, 0xf7,
    0x65, 0xf7, 0x54, 0xf6, 0x32, 0xf4, 0x32, 0xf4, 0x32, 0xf4, 0x32, 0xf4, 0x32, 0xf4, 0x42, 0xf5,
    0x43, 0xf5, 0x42, 0xf5, 0x64, 0xf8, 0x42, 0xf5, 0x43, 0xf5, 0x42, 0xf5, 0x43, 0xf5, 0x32, 0xf4,
    0x43, 0xf5, 0x54, 0xf6, 0x43, 0xf5, 0x32, 0xf4, 0x43, 0xf5, 0x32, 0xf4, 0x32, 0xf5, 0x32, 0xf5,
    0x43, 0xf5, 0x32, 0xf4, 0x33, 0xf4, 0x33, 0xf4, 0x32, 0xf4, 0x42, 0xf5, 0x32, 0xf4, 0x64, 0xf7,
    0x42, 0xf5, 0x42, 0xf5, 0x42, 0xf5, 0x64, 0xf7, 0x42, 0xf5, 0x43, 0xf5, 0x54, 0xf6, 0x43, 0xf5,
    0x54, 0xf6, 0x65, 0xf7, 0x75, 0xf7, 0x64, 0xf7, 0x65, 0xf7, 0x43, 0xf5, 0x65, 0xf7, 0x76, 0xf8,
    0x43, 0xf5, 0x32, 0xf4, 0x54, 0xf6, 0x43, 0xf5, 0x43, 0xf5, 0x65, 0xf7, 0x32, 0xf4, 0x64, 0xf7,
    0x43, 0xf5, 0x42, 0xf5, 0x32, 0xf4, 0x32, 0xf4, 0x42, 0xf5, 0x64, 0xf7, 0x42, 0xf6, 0x53, 0xf6,
    0x54, 0xf6, 0x54, 0xf6, 0x64, 0xf7, 0x64, 0xf7, 0x54, 0xf6, 0x75, 0xf8, 0x65, 0xf7, 0x65, 0xf7,
    0x65, 0xf7, 0x64, 0xf7, 0x75, 0xf8, 0x75, 0xf7, 0x64, 0xf7, 0x54, 0xf6, 0x65, 0xf7, 0x43, 0xf4,
    0x53, 0xf6, 0x53, 0xf6, 0x64, 0xf7, 0x54, 0xf7, 0x53, 0xf6, 0x53, 0xf7, 0x53, 0xf6, 0x42, 0xf5,
    0x53, 0xf6, 0x43, 0xf5, 0x32, 0xf4, 0x53, 0xf7, 0x43, 0xf5, 0x43, 0xf6, 0x64, 0xf8, 0x53, 0xf6,
    0x54, 0xf7, 0x64, 0xf7, 0x53, 0xf7, 0x53, 0xf7, 0x75, 0xf8, 0x32, 0xf4, 0x87, 0xf9, 0x42, 0xf5,
    0x42, 0xf6, 0x64, 0xf8, 0x42, 0xf6, 0x75, 0xf8, 0x65, 0xf7, 0x32, 0xf4, 0x75, 0xf8, 0x21, 0xf4,
    0x43, 0xf5, 0x53, 0xf7, 0x43, 0xf5, 0x42, 0xf5, 0x53, 0xf7, 0x42, 0xf5, 0x42, 0xf5, 0x42, 0xf5,
    0x43, 0xf5, 0x43, 0xf5, 0x64, 0xf7, 0x53, 0xf6, 0x32, 0xf5, 0x53, 0xf6, 0x42, 0xf6, 0x63, 0xf8,
    0x42, 0xf5, 0x42, 0xf5, 0x43, 0xf6, 0x32, 0xf5, 0x42, 0xf5, 0x21, 0xf4, 0x32, 0xf5, 0x42, 0xf5,
    0x75, 0xf9, 0x32, 0xf5, 0x43, 0xf5, 0x32, 0xf4, 0x32, 0xf4, 0x43, 0xf5, 0x64, 0xf7, 0x65, 0xf7,
    0x32, 0xf4, 0x54, 0xf6, 0x32, 0xf5, 0x75, 0xf8, 0x75, 0xf8, 0x43, 0xf6, 0x63, 0xf7, 0x63, 0xf8,
    0x31, 0xf4, 0x53, 0xf6, 0x43, 0xf5, 0x75, 0xf8, 0x75, 0xf8, 0x75, 0xf8, 0x64, 0xf7, 0x65, 0xf8,
    0x64, 0xf6, 0x43, 0xf5, 0x43, 0xf5, 0x32, 0xf4, 0x42, 0xf5, 0x42, 0xf6, 0x53, 0xf6, 0x52, 0xf6,
    0x53, 0xf6, 0x42, 0xf5, 0x42, 0xf5, 0x32, 0xf4, 0x32, 0xf4, 0x32, 0xf4, 0x21, 0xf3, 0x32, 0xf4,
    0x42, 0xf5, 0x64, 0xf7, 0x54, 0xf6, 0x43, 0xf5, 0x32, 0xf4, 0x32, 0xf4, 0x21, 0xf3, 0x32, 0xf3,
    0x76, 0xf7, 0x76, 0xf7, 0x65, 0xf6, 0x54, 0xf5, 0x44, 0xf5, 0x32, 0xf4, 0x55, 0xf6, 0x43, 0xf4,
    0x32, 0xf4, 0x33, 0xf4, 0x32, 0xf3, 0x33, 0xf4, 0x32, 0xf4, 0x53, 0xf7, 0x53, 0xf6, 0x63, 0xf8,
    0x43, 0xf5, 0x32, 0xf4, 0x43, 0xf4, 0x32, 0xf4, 0x53, 0xf7, 0x53, 0xf6, 0x31, 0xf4, 0x43, 0xf6,
    0x43, 0xf5, 0x53, 0xf6, 0x54, 0xf6, 0x32, 0xf3, 0x53, 0xf7, 0x53, 0xf6, 0x43, 0xf6, 0x64, 0xf7,
    0x32, 0xf4, 0x42, 0xf5, 0x21, 0xf3, 0x74, 0xf8, 0x53, 0xf6, 0x53, 0xf6, 0x74, 0xf9, 0x75, 0xf8,
    0x64, 0xf7, 0x75, 0xf8, 0x64, 0xf7, 0x76, 0xf8, 0x86, 0xf9, 0x65, 0xf7, 0x76, 0xf8, 0x64, 0xf6,
    0x43, 0xf6, 0x76, 0xf8, 0x64, 0xf7, 0x86, 0xf9, 0x75, 0xf8, 0x64, 0xf7, 0x65, 0xf7, 0x65, 0xf7,
    0x32, 0xf4, 0x32, 0xf4, 0x32, 0xf5, 0x32, 0xf4, 0x53, 0xf7, 0x65, 0xf7, 0x32, 0xf4, 0x42, 0xf5,
    0x43, 0xf5, 0x43, 0xf5, 0x44, 0xf5, 0x54, 0xf5, 0x42, 0xf5, 0x42, 0xf6, 0x43, 0xf5, 0x42, 0xf5,
    0x54, 0xf6, 0x87, 0xf9, 0x43, 0xf5, 0x54, 0xf6, 0x54, 0xf6, 0x53, 0xf6, 0x75, 0xf8, 0x53, 0xf6,
    0x53, 0xf6, 0x43, 0xf5, 0x42, 0xf5, 0x32, 0xf4, 0x76, 0xf8, 0x54, 0xf6, 0x64, 0xf7, 0x43, 0xf5,
    0x64, 0xf6, 0x54, 0xf6, 0x65, 0xf7, 0x65, 0xf7, 0x42, 0xf5, 0x31, 0xf4, 0x42, 0xf5, 0x43, 0xf5,
    0x65, 0xf7, 0x65, 0xf7, 0x65, 0xf7, 0x54, 0xf6, 0x43, 0xf5, 0x32, 0xf4, 0x32, 0xf4, 0x21, 0xf3,
    0x64, 0xf7, 0x75, 0xf9, 0x75, 0xf9, 0x86, 0xf9, 0x75, 0xf8, 0x87, 0xf9, 0x75, 0xf9, 0x75, 0xf9,
    0x75, 0xf8, 0x76, 0xf9, 0x53, 0xf7, 0x75, 0xf8, 0x86, 0xf9, 0x64, 0xf7, 0x75, 0xf8, 0x64, 0xf7,
    0x43, 0xf5, 0x43, 0xf5, 0x54, 0xf6, 0x65, 0xf7, 0x43, 0xf5, 0x42, 0xf5, 0x65, 0xf7, 0x42, 0xf5,
    0x54, 0xf6, 0x53, 0xf6, 0x32, 0xf5, 0x42, 0xf5, 0x32, 0xf4, 0x32, 0xf4, 0x43, 0xf5, 0x43, 0xf4,
    0x53, 0xf7, 0x64, 0xf8, 0x42, 0xf6, 0x53, 0xf7, 0x75, 0xf8, 0x65, 0xf8, 0x75, 0xf8, 0x64, 0xf7,
    0x54, 0xf6, 0x43, 0xf5, 0x76, 0xf8, 0x32, 0xf4, 0x64, 0xf7, 0x75, 0xf8, 0x42, 0xf5, 0x75, 0xf8,
    0x43, 0xf4, 0x43, 0xf5, 0x32, 0xf4, 0x32, 0xf4, 0x43, 0xf5, 0x32, 0xf4, 0x43, 0xf6, 0x42, 0xf5,
    0x32, 0xf4, 0x43, 0xf5, 0x43, 0xf5, 0x32, 0xf4, 0x32, 0xf5, 0x43, 0xf5, 0x43, 0xf5, 0x53, 0xf6,
    0x42, 0xf5, 0x42, 0xf5, 0x53, 0xf6, 0x54, 0xf6, 0x21, 0xf3, 0x53, 0xf6, 0x21, 0xf3, 0x42, 0xf5,
    0x54, 0xf6, 0x43, 0xf5, 0x53, 0xf6, 0x53, 0xf6, 0x32, 0xf4, 0x42, 0xf5, 0x32, 0xf3, 0x32, 0xf4,
    0x43, 0xf5, 0x32, 0xf4, 0x32, 0xf4, 0x32, 0xf4, 0x43, 0xf6, 0x53, 0xf6, 0x43, 0xf5, 0x32, 0xf4,
    0x32, 0xf4, 0x42, 0xf5, 0x42, 0xf5, 0x32, 0xf4, 0x54, 0xf6, 0x65, 0xf7, 0x54, 0xf6, 0x65, 0xf7,
    0x32, 0xf4, 0x32, 0xf4, 0x32, 0xf3, 0x32, 0xf4, 0x32, 0xf4, 0x32, 0xf4, 0x43, 0xf5, 0x32, 0xf4,
    0x32, 0xf4, 0x32, 0xf4, 0x54, 0xf5, 0x54, 0xf6, 0x32, 0xf4, 0x33, 0xf4, 0x44, 0xf5, 0x43, 0xf4,
    0x64, 0xf8, 0x64, 0xf7, 0x53, 0xf7, 0x64, 0xf8, 0x43, 0xf5, 0x43, 0xf4, 0x54, 0xf6, 0x53, 0xf6,
    0x43, 0xf6, 0x42, 0xf5, 0x42, 0xf4, 0x32, 0xf4, 0x54, 0xf5, 0x43, 0xf5, 0x43, 0xf4, 0x43, 0xf5,
    0x75, 0xf8, 0x43, 0xf5, 0x75, 0xf8, 0x43, 0xf5, 0x42, 0xf5, 0x53, 0xf6, 0x32, 0xf4, 0x32, 0xf5,
    0x53, 0xf6, 0x43, 0xf5, 0x32, 0xf5, 0x53, 0xf7, 0x32, 0xf4, 0x65, 0xf7, 0x53, 0xf7, 0x54, 0xf6,
    0x32, 0xf4, 0x54, 0xf6, 0x32, 0xf4, 0x54, 0xf6, 0x43, 0xf5, 0x32, 0xf4, 0x43, 0xf5, 0x32, 0xf4,
    0x32, 0xf4, 0x32, 0xf4, 0x32, 0xf3, 0x32, 0xf4, 0x32, 0xf3, 0x32, 0xf4, 0x42, 0xf5, 0x43, 0xf5,
    0x43, 0xf5, 0x53, 0xf6, 0x43, 0xf5, 0x42, 0xf5, 0x53, 0xf7, 0x32, 0xf4, 0x43, 0xf6, 0x43, 0xf5,
    0x43, 0xf5, 0x42, 0xf5, 0x75, 0xf8, 0x53, 0xf6, 0x43, 0xf5, 0x43, 0xf5, 0x32, 0xf5, 0x32, 0xf3,
    0x86, 0xf9, 0x64, 0xf8, 0x75, 0xf9, 0x75, 0xf9, 0x53, 0xf6, 0x75, 0xf8, 0x75, 0xf8, 0x53, 0xf7,
    0x75, 0xf9, 0x75, 0xf9, 0x75, 0xf8, 0x86, 0xf9, 0x75, 0xf9, 0x53, 0xf7, 0x86, 0xf9, 0x64, 0xf7,
    0x86, 0xf9, 0x75, 0xf9, 0x86, 0xf9, 0x87, 0xfa, 0x64, 0xf7, 0x32, 0xf5, 0x53, 0xf7, 0x31, 0xf4,
    0x64, 0xf8, 0x65, 0xf8, 0x53, 0xf6, 0x32, 0xf5, 0x42, 0xf5, 0x32, 0xf4, 0x42, 0xf5, 0x32, 0xf4,
    0x75, 0xf9, 0x87, 0xfa, 0x75, 0xf8, 0x86, 0xf9, 0x75, 0xf9, 0x75, 0xf8, 0x97, 0xfa, 0x75, 0xf8,
    0x75, 0xf8, 0x53, 0xf7, 0x64, 0xf7, 0x53, 0xf7, 0x75, 0xf8, 0x53, 0xf6, 0x53, 0xf7, 0x31, 0xf4,
    0x43, 0xf5, 0x31, 0xf4, 0x32, 0xf5, 0x31, 0xf4, 0x32, 0xf4, 0x32, 0xf5, 0x31, 0xf4, 0x42, 0xf5,
    0x32, 0xf5, 0x32, 0xf4, 0x32, 0xf5, 0x32, 0xf5, 0x32, 0xf5, 0x42, 0xf5, 0x53, 0xf6, 0x43, 0xf5,
    0x31, 0xf4, 0x32, 0xf4, 0x21, 0xf3, 0x32, 0xf4, 0x32, 0xf4, 0x32, 0xf4, 0x32, 0xf4, 0x43, 0xf5,
    0x22, 0xf3, 0x32, 0xf5, 0x21, 0xf3, 0x42, 0xf5, 0x42, 0xf5, 0x43, 0xf5, 0x42, 0xf6, 0x43, 0xf5,
    0x43, 0xf5, 0x43, 0xf5, 0x43, 0xf5, 0x33, 0xf4, 0x54, 0xf6, 0x43, 0xf5, 0x43, 0xf4, 0x54, 0xf6,
    0x43, 0xf4, 0x32, 0xf3, 0x32, 0xf4, 0x32, 0xf4, 0x43, 0xf4, 0x54, 0xf5, 0x43, 0xf4, 0x43, 0xf4,
    0x32, 0xf4, 0x43, 0xf5, 0x32, 0xf4, 0x32, 0xf5, 0x32, 0xf5, 0x64, 0xf7, 0x32, 0xf5, 0x43, 0xf6,
    0x42, 0xf5, 0x42, 0xf5, 0x42, 0xf5, 0x43, 0xf5, 0x42, 0xf5, 0x42, 0xf6, 0x32, 0xf5, 0x65, 0xf8,
    0x75, 0xf8, 0x43, 0xf5, 0x54, 0xf6, 0x43, 0xf5, 0x32, 0xf3, 0x43, 0xf5, 0x32, 0xf4, 0x54, 0xf6,
    0x43, 0xf6, 0x53, 0xf6, 0x54, 0xf6, 0x53, 0xf6, 0x43, 0xf6, 0x53, 0xf6, 0x43, 0xf6, 0x53, 0xf6,
    0x42, 0xf5, 0x32, 0xf5, 0x32, 0xf4, 0x32, 0xf4, 0x42, 0xf5, 0x32, 0xf5, 0x43, 0xf6, 0x42, 0xf7,
    0x32, 0xf4, 0x43, 0xf6, 0x32, 0xf4, 0x32, 0xf4, 0x54, 0xf7, 0x32, 0xf5, 0x43, 0xf5, 0x32, 0xf4,
    0x53, 0xf6, 0x32, 0xf4, 0x42, 0xf6, 0x53, 0xf6, 0x64, 0xf7, 0x43, 0xf5, 0x32, 0xf4, 0x42, 0xf6,
    0x42, 0xf5, 0x64, 0xf7, 0x32, 0xf4, 0x42, 0xf5, 0x32, 0xf5, 0x43, 0xf6, 0x53, 0xf6, 0x42, 0xf5,
    0x43, 0xf5, 0x43, 0xf4, 0x32, 0xf4, 0x43, 0xf5, 0x32, 0xf4, 0x32, 0xf4, 0x32, 0xf4, 0x42, 0xf5,
    0x42, 0xf5, 0x43, 0xf5, 0x32, 0xf4, 0x43, 0xf5, 0x42, 0xf5, 0x53, 0xf6, 0x32, 0xf4, 0x53, 0xf7,
    0x32, 0xf4, 0x43, 0xf6, 0x43, 0xf6, 0x43, 0xf6, 0x43, 0xf5, 0x43, 0xf5, 0x43, 0xf6, 0x64, 0xf7,
    0x65, 0xf8, 0x32, 0xf5, 0x43, 0xf6, 0x54, 0xf7, 0x42, 0xf5, 0x64, 0xf7, 0x53, 0xf6, 0x42, 0xf5,
    0x32, 0xf5, 0x42, 0xf5, 0x53, 0xf6, 0x53, 0xf6, 0x54, 0xf6, 0x76, 0xf9, 0x64, 0xf7, 0x54, 0xf7,
    0x53, 0xf6, 0x43, 0xf6, 0x54, 0xf7, 0x65, 0xf8, 0x53, 0xf6, 0x64, 0xf7, 0x75, 0xf8, 0x65, 0xf7,
    0x54, 0xf6, 0x42, 0xf5, 0x43, 0xf6, 0x53, 0xf6, 0x43, 0xf5, 0x43, 0xf5, 0x42, 0xf5, 0x43, 0xf5,
    0x64, 0xf8, 0x54, 0xf7, 0x65, 0xf7, 0x65, 0xf7, 0x42, 0xf5, 0x64, 0xf7, 0x53, 0xf6, 0x53, 0xf6,
    0x43, 0xf5, 0x53, 0xf6, 0x64, 0xf7, 0x53, 0xf6, 0x75, 0xf8, 0x54, 0xf7, 0x54, 0xf6, 0x65, 0xf7,
    0x54, 0xf7, 0x43, 0xf5, 0x42, 0xf6, 0x43, 0xf5, 0x64, 0xf7, 0x43, 0xf5, 0x53, 0xf6, 0x32, 0xf5,
    0x75, 0xf8, 0x54, 0xf6, 0x65, 0xf8, 0x43, 0xf5, 0x53, 0xf6, 0x42, 0xf6, 0x53, 0xf6, 0x43, 0xf5,
    0x64, 0xf7, 0x53, 0xf6, 0x64, 0xf7, 0x43, 0xf6, 0x64, 0xf7, 0x64, 0xf7, 0x53, 0xf6, 0x54, 0xf6,
    0x64, 0xf7, 0x65, 0xf7, 0x64, 0xf7, 0x65, 0xf7, 0x65, 0xf6, 0x54, 0xf6, 0x55, 0xf6, 0x55, 0xf6,
    0x43, 0xf5, 0x43, 0xf5, 0x65, 0xf7, 0x54, 0xf6, 0x54, 0xf6, 0x54, 0xf6, 0x54, 0xf6, 0x54, 0xf7,
    0x54, 0xf6, 0x54, 0xf5, 0x54, 0xf6, 0x54, 0xf5, 0x54, 0xf6, 0x54, 0xf5, 0x54, 0xf6, 0x54, 0xf6,
    0x65, 0xf6, 0x55, 0xf6, 0x54, 0xf6, 0x54, 0xf6, 0x55, 0xf6, 0x65, 0xf7, 0x65, 0xf6, 0x65, 0xf6,
    0x65, 0xf7, 0x54, 0xf6, 0x54, 0xf5, 0x43, 0xf5, 0x54, 0xf6, 0x54, 0xf6, 0x43, 0xf5, 0x54, 0xf5,
    0x43, 0xf5, 0x43, 0xf5, 0x32, 0xf4, 0x53, 0xf6, 0x53, 0xf6, 0x54, 0xf6, 0x64, 0xf7, 0x75, 0xf8,
    0x54, 0xf6, 0x54, 0xf6, 0x54, 0xf6, 0x54, 0xf6, 0x43, 0xf5, 0x54, 0xf6, 0x65, 0xf7, 0x54, 0xf6,
    0x54, 0xf6, 0x54, 0xf6, 0x64, 0xf7, 0x32, 0xf4, 0x43, 0xf4, 0x32, 0xf4, 0x21, 0xf3, 0x21, 0xf3,
    0x44, 0xf5, 0x32, 0xf4, 0x54, 0xf5, 0x33, 0xf4, 0x32, 0xf4, 0x43, 0xf5, 0x33, 0xf4, 0x64, 0xf7,
    0x54, 0xf6, 0x33, 0xf4, 0x44, 0xf5, 0x21, 0xf3, 0x32, 0xf4, 0x42, 0xf5, 0x32, 0xf3, 0x32, 0xf4,
    0x54, 0xf6, 0x43, 0xf5, 0x32, 0xf4, 0x54, 0xf6, 0x32, 0xf4, 0x53, 0xf6, 0x32, 0xf4, 0x64, 0xf8,
    0x32, 0xf4, 0x43, 0xf5, 0x42, 0xf6, 0x32, 0xf5, 0x43, 0xf5, 0x75, 0xf8, 0x53, 0xf6, 0x53, 0xf6,
    0x33, 0xf4, 0x21, 0xf3, 0x32, 0xf3, 0x32, 0xf4, 0x32, 0xf4, 0x32, 0xf4, 0x43, 0xf5, 0x43, 0xf5,
    0x31, 0xf4, 0x32, 0xf4, 0x31, 0xf4, 0x32, 0xf4, 0x54, 0xf6, 0x54, 0xf6, 0x43, 0xf5, 0x42, 0xf5,
    0x43, 0xf6, 0x42, 0xf5, 0x32, 0xf4, 0x55, 0xf6, 0x54, 0xf7, 0x53, 0xf6, 0x54, 0xf6, 0x31, 0xf4,
    0x32, 0xf3, 0x54, 0xf6, 0x32, 0xf4, 0x43, 0xf5, 0x43, 0xf5, 0x42, 0xf5, 0x43, 0xf5, 0x53, 0xf6,
    0x42, 0xf5, 0x53, 0xf6, 0x43, 0xf6, 0x54, 0xf6, 0x54, 0xf6, 0x65, 0xf8, 0x54, 0xf6, 0x64, 0xf7,
    0x53, 0xf6, 0x54, 0xf6, 0x64, 0xf8, 0x64, 0xf7, 0x64, 0xf7, 0x64, 0xf7, 0x53, 0xf6, 0x53, 0xf5,
    0x75, 0xf9, 0x32, 0xf4, 0x75, 0xf8, 0x42, 0xf5, 0x32, 0xf4, 0x21, 0xf3, 0x21, 0xf3, 0x31, 0xf4,
    0x64, 0xf7, 0x32, 0xf4, 0x43, 0xf5, 0x42, 0xf5, 0x31, 0xf4, 0x42, 0xf5, 0x42, 0xf5, 0x53, 0xf6,
    0x52, 0xf7, 0x43, 0xf6, 0x42, 0xf6, 0x31, 0xf5, 0x43, 0xf4, 0x32, 0xf4, 0x32, 0xf4, 0x52, 0xf6,
    0x53, 0xf6, 0x54, 0xf7, 0x53, 0xf7, 0x64, 0xf8, 0x32, 0xf4, 0x32, 0xf4, 0x64, 0xf8, 0x32, 0xf4,
    0x32, 0xf4, 0x42, 0xf5, 0x32, 0xf3, 0x32, 0xf4, 0x43, 0xf6, 0x43, 0xf5, 0x43, 0xf5, 0x43, 0xf5,
    0x32, 0xf4, 0x22, 0xf3, 0x21, 0xf2, 0x32, 0xf4, 0x32, 0xf4, 0x43, 0xf4, 0x43, 0xf5, 0x42, 0xf5,
    0x31, 0xf4, 0x32, 0xf4, 0x31, 0xf4, 0x32, 0xf4, 0x32, 0xf4, 0x32, 0xf5, 0x42, 0xf6, 0x42, 0xf5,
    0x31, 0xf4, 0x32, 0xf5, 0x43, 0xf6, 0x43, 0xf6, 0x42, 0xf5, 0x42, 0xf5, 0x42, 0xf6, 0x32, 0xf5,
    0x32, 0xf4, 0x42, 0xf5, 0x42, 0xf5, 0x42, 0xf5, 0x53, 0xf6, 0x65, 0xf8, 0x53, 0xf7, 0x64, 0xf7,
    0x42, 0xf5, 0x53, 0xf7, 0x32, 0xf5, 0x64, 0xf7, 0x75, 0xf8, 0x64, 0xf7, 0x75, 0xf8, 0x64, 0xf8,
    0x54, 0xf7, 0x53, 0xf6, 0x43, 0xf5, 0x43, 0xf6, 0x32, 0xf5, 0x32, 0xf5, 0x43, 0xf6, 0x43, 0xf6,
    0x43, 0xf6, 0x43, 0xf6, 0x42, 0xf6, 0x53, 0xf7, 0x42, 0xf5, 0x75, 0xf8, 0x42, 0xf6, 0x65, 0xf8,
    0x43, 0xf5, 0x43, 0xf6, 0x43, 0xf5, 0x43, 0xf6, 0x43, 0xf6, 0x64, 0xf8, 0x54, 0xf7, 0x53, 0xf6,
    0x53, 0xf7, 0x53, 0xf6, 0x53, 0xf6, 0x43, 0xf6, 0x53, 0xf7, 0x42, 0xf5, 0x53, 0xf7, 0x64, 0xf7,
    0x43, 0xf5, 0x42, 0xf5, 0x43, 0xf5, 0x32, 0xf4, 0x43, 0xf5, 0x32, 0xf4, 0x32, 0xf4, 0x32, 0xf5,
    0x42, 0xf5, 0x32, 0xf4, 0x32, 0xf4, 0x43, 0xf6, 0x32, 0xf4, 0x32, 0xf4, 0x43, 0xf5, 0x32, 0xf4,
    0x42, 0xf5, 0x43, 0xf5, 0x43, 0xf5, 0x43, 0xf5, 0x42, 0xf5, 0x53, 0xf6, 0x43, 0xf6, 0x43, 0xf5,
    0x43, 0xf5, 0x43, 0xf5, 0x54, 0xf7, 0x43, 0xf6, 0x43, 0xf5, 0x32, 0xf4, 0x43, 0xf5, 0x43, 0xf5,
    0x42, 0xf5, 0x32, 0xf5, 0x32, 0xf4, 0x42, 0xf6, 0x42, 0xf6, 0x42, 0xf6, 0x53, 0xf7, 0x32, 0xf5,
    0x42, 0xf5, 0x42, 0xf5, 0x53, 0xf6, 0x31, 0xf4, 0x43, 0xf6, 0x54, 0xf6, 0x32, 0xf4, 0x43, 0xf5,
    0x32, 0xf4, 0x42, 0xf4, 0x32, 0xf4, 0x32, 0xf4, 0x43, 0xf5, 0x43, 0xf5, 0x32, 0xf4, 0x32, 0xf4,
    0x32, 0xf4, 0x21, 0xf3, 0x32, 0xf3, 0x32, 0xf4, 0x32, 0xf4, 0x43, 0xf5, 0x32, 0xf4, 0x43, 0xf5,
    0x43, 0xf6, 0x43, 0xf5, 0x32, 0xf4, 0x32, 0xf4, 0x43, 0xf6, 0x43, 0xf5, 0x53, 0xf6, 0x53, 0xf6,
    0x43, 0xf6, 0x54, 0xf6, 0x43, 0xf5, 0x64, 0xf7, 0x43, 0xf6, 0x43, 0xf6, 0x53, 0xf6, 0x53, 0xf6,
    0x53, 0xf6, 0x64, 0xf7, 0x43, 0xf6, 0x54, 0xf7, 0x64, 0xf7, 0x53, 0xf7, 0x54, 0xf6, 0x42, 0xf5,
    0x42, 0xf5, 0x42, 0xf5, 0x32, 0xf4, 0x42, 0xf5, 0x42, 0xf5, 0x43, 0xf5, 0x53, 0xf6, 0x43, 0xf5,
    0x42, 0xf5, 0x42, 0xf5, 0x43, 0xf5, 0x32, 0xf4, 0x43, 0xf5, 0x43, 0xf5, 0x32, 0xf4, 0x42, 0xf5,
    0x54, 0xf6, 0x54, 0xf6, 0x54, 0xf6, 0x54, 0xf6, 0x43, 0xf5, 0x43, 0xf5, 0x43, 0xf5, 0x43, 0xf6,
    0x32, 0xf4, 0x32, 0xf4, 0x42, 0xf5, 0x43, 0xf5, 0x43, 0xf5, 0x32, 0xf4, 0x32, 0xf4, 0x43, 0xf5,
    0x43, 0xf6, 0x43, 0xf5, 0x53, 0xf6, 0x43, 0xf5, 0x43, 0xf5, 0x43, 0xf5, 0x43, 0xf5, 0x32, 0xf5,
    0x65, 0xf8, 0x64, 0xf7, 0x64, 0xf7, 0x64, 0xf7, 0x53, 0xf6, 0x21, 0xf4, 0x53, 0xf6, 0x32, 0xf4,
    0x64, 0xf7, 0x43, 0xf6, 0x64, 0xf7, 0x42, 0xf6, 0x64, 0xf8, 0x32, 0xf4, 0x75, 0xf9, 0x32, 0xf4,
    0x32, 0xf4, 0x54, 0xf6, 0x32, 0xf4, 0x54, 0xf6, 0x53, 0xf6, 0x32, 0xf4, 0x64, 0xf7, 0x53, 0xf7,
    0x32, 0xf4, 0x43, 0xf5, 0x32, 0xf4, 0x42, 0xf5, 0x42, 0xf5, 0x31, 0xf4, 0x53, 0xf6, 0x43, 0xf5,
    0x53, 0xf6, 0x42, 0xf6, 0x42, 0xf6, 0x32, 0xf4, 0x64, 0xf7, 0x43, 0xf6, 0x21, 0xf3, 0x42, 0xf5,
    0x32, 0xf4, 0x33, 0xf4, 0x43, 0xf4, 0x54, 0xf5, 0x32, 0xf3, 0x32, 0xf4, 0x43, 0xf4, 0x54, 0xf5,
    0x53, 0xf7, 0x65, 0xf8, 0x54, 0xf7, 0x76, 0xf8, 0x76, 0xf8, 0x75, 0xf8, 0x76, 0xf8, 0x86, 0xf9,
    0x64, 0xf7, 0x53, 0xf6, 0x53, 0xf7, 0x43, 0xf5, 0x64, 0xf7, 0x64, 0xf7, 0x43, 0xf5, 0x64, 0xf7,
    0x53, 0xf6, 0x54, 0xf5, 0x43, 0xf6, 0x32, 0xf4, 0x32, 0xf3, 0x32, 0xf4, 0x32, 0xf4, 0x42, 0xf5,
    0x42, 0xf5, 0x64, 0xf8, 0x43, 0xf6, 0x97, 0xfb, 0x52, 0xf7, 0x53, 0xf6, 0x53, 0xf7, 0x53, 0xf7,
    0x32, 0xf4, 0x42, 0xf6, 0x64, 0xf7, 0x53, 0xf7, 0x52, 0xf6, 0x32, 0xf4, 0x53, 0xf7, 0x53, 0xf6,
    0x63, 0xf7, 0x53, 0xf7, 0x31, 0xf4, 0x42, 0xf5, 0x42, 0xf6, 0x42, 0xf6, 0x53, 0xf7, 0x42, 0xf6,
    0x65, 0xf7, 0x53, 0xf7, 0x54, 0xf6, 0x42, 0xf5, 0x53, 0xf7, 0x74, 0xf9, 0x53, 0xf7, 0x64, 0xf8,
    0x31, 0xf4, 0x75, 0xf8, 0x32, 0xf4, 0x22, 0xf3, 0x52, 0xf6, 0x42, 0xf6, 0x32, 0xf5, 0x53, 0xf7,
    0x42, 0xf5, 0x31, 0xf4, 0x53, 0xf6, 0x53, 0xf6, 0x43, 0xf5, 0x64, 0xf7, 0x42, 0xf5, 0x64, 0xf7,
    0x64, 0xf7, 0x64, 0xf8, 0x53, 0xf7, 0x63, 0xf8, 0x53, 0xf6, 0x53, 0xf7, 0x32, 0xf5, 0x53, 0xf8,
    0x43, 0xf4, 0x53, 0xf6, 0x53, 0xf6, 0x42, 0xf5, 0x53, 0xf6, 0x32, 0xf4, 0x43, 0xf6, 0x31, 0xf4,
    0x65, 0xf7, 0x43, 0xf5, 0x54, 0xf7, 0x54, 0xf7, 0x32, 0xf4, 0x64, 0xf7, 0x43, 0xf6, 0x75, 0xf9,
    0x32, 0xf4, 0x32, 0xf4, 0x32, 0xf4, 0x43, 0xf5, 0x43, 0xf6, 0x43, 0xf5, 0x65, 0xf7, 0x54, 0xf6,
    0x42, 0xf5, 0x42, 0xf5, 0x42, 0xf5, 0x32, 0xf5, 0x54, 0xf6, 0x54, 0xf6, 0x43, 0xf5, 0x32, 0xf4,
    0x64, 0xf7, 0x53, 0xf6, 0x64, 0xf7, 0x53, 0xf6, 0x43, 0xf5, 0x43, 0xf6, 0x32, 0xf4, 0x43, 0xf5,
    0x43, 0xf6, 0x42, 0xf5, 0x32, 0xf5, 0x32, 0xf4, 0x32, 0xf4, 0x32, 0xf4, 0x43, 0xf4, 0x32, 0xf4,
    0x42, 0xf6, 0x42, 0xf6, 0x43, 0xf5, 0x42, 0xf5, 0x32, 0xf4, 0x32, 0xf3, 0x32, 0xf5, 0x53, 0xf6,
    0x32, 0xf3, 0x32, 0xf4, 0x32, 0xf4, 0x43, 0xf5, 0x32, 0xf4, 0x42, 0xf6, 0x32, 0xf4, 0x43, 0xf6,
    0x32, 0xf4, 0x43, 0xf5, 0x22, 0xf3, 0x32, 0xf4, 0x43, 0xf5, 0x42, 0xf5, 0x44, 0xf5, 0x42, 0xf5,
    0x32, 0xf3, 0x32, 0xf4, 0x32, 0xf3, 0x43, 0xf5, 0x32, 0xf5, 0x21, 0xf4, 0x43, 0xf5, 0x42, 0xf6,
    0x53, 0xf7, 0x43, 0xf6, 0x53, 0xf7, 0x53, 0xf6, 0x21, 0xf4, 0x42, 0xf5, 0x42, 0xf5, 0x75, 0xf9,
    0x65, 0xf8, 0x75, 0xf8, 0x75, 0xf8, 0x75, 0xf8, 0x43, 0xf6, 0x53, 0xf7, 0x53, 0xf6, 0x43, 0xf6,
    0x32, 0xf4, 0x32, 0xf5, 0x53, 0xf7, 0x53, 0xf6, 0x32, 0xf5, 0x64, 0xf8, 0x53, 0xf6, 0x52, 0xf6,
    0x53, 0xf7, 0x53, 0xf6, 0x43, 0xf6, 0x42, 0xf5, 0x42, 0xf6, 0x53, 0xf6, 0x42, 0xf6, 0x64, 0xf8,
    0x75, 0xf9, 0x75, 0xf8, 0x53, 0xf7, 0x64, 0xf7, 0x75, 0xf8, 0x64, 0xf8, 0x75, 0xf8, 0x75, 0xf9,
    0x53, 0xf6, 0x53, 0xf7, 0x75, 0xf9, 0x52, 0xf6, 0x64, 0xf7, 0x75, 0xf8, 0x43, 0xf5, 0x32, 0xf3,
    0x54, 0xf6, 0x33, 0xf4, 0x54, 0xf6, 0x32, 0xf4, 0x44, 0xf5, 0x32, 0xf4, 0x43, 0xf5, 0x32, 0xf4,
    0x43, 0xf5, 0x32, 0xf4, 0x43, 0xf4, 0x32, 0xf4, 0x32, 0xf4, 0x33, 0xf3, 0x43, 0xf4, 0x43, 0xf4,
    0x43, 0xf6, 0x43, 0xf5, 0x43, 0xf5, 0x22, 0xf3, 0x43, 0xf5, 0x65, 0xf7, 0x32, 0xf4, 0x32, 0xf4,
    0x22, 0xf3, 0x32, 0xf3, 0x43, 0xf4, 0x32, 0xf3, 0x43, 0xf5, 0x53, 0xf6, 0x22, 0xf3, 0x32, 0xf5,
    0x43, 0xf4, 0x22, 0xf3, 0x43, 0xf4, 0x32, 0xf4, 0x32, 0xf4, 0x43, 0xf4, 0x22, 0xf3, 0x32, 0xf4,
    0x32, 0xf3, 0x32, 0xf4, 0x32, 0xf4, 0x43, 0xf4, 0x32, 0xf3, 0x43, 0xf4, 0x43, 0xf4, 0x32, 0xf3,
    0x44, 0xf5, 0x43, 0xf4, 0x54, 0xf5, 0x55, 0xf6, 0x32, 0xf3, 0x11, 0xf2, 0x33, 0xf4, 0x43, 0xf5,
    0x55, 0xf6, 0x33, 0xf4, 0x44, 0xf5, 0x21, 0xf2, 0x32, 0xf4, 0x53, 0xf6, 0x21, 0xf3, 0x32, 0xf4,
    0x32, 0xf5, 0x53, 0xf6, 0x32, 0xf5, 0x54, 0xf6, 0x53, 0xf6, 0x53, 0xf6, 0x65, 0xf7, 0x65, 0xf7,
    0x64, 0xf7, 0x54, 0xf5, 0x65, 0xf7, 0x44, 0xf5, 0x43, 0xf5, 0x43, 0xf4, 0x43, 0xf4, 0x43, 0xf5,
    0x54, 0xf7, 0x42, 0xf6, 0x65, 0xf7, 0x32, 0xf4, 0x63, 0xf7, 0x43, 0xf5, 0x42, 0xf6, 0x43, 0xf5,
    0x43, 0xf4, 0x21, 0xf3, 0x33, 0xf4, 0x21, 0xf3, 0x54, 0xf6, 0x65, 0xf6, 0x43, 0xf5, 0x65, 0xf7,
    0x43, 0xf4, 0x54, 0xf5, 0x32, 0xf4, 0x43, 0xf5, 0x43, 0xf5, 0x43, 0xf5, 0x43, 0xf5, 0x33, 0xf4,
    0x32, 0xf4, 0x42, 0xf5, 0x32, 0xf4, 0x32, 0xf5, 0x32, 0xf5, 0x32, 0xf5, 0x42, 0xf6, 0x53, 0xf6,
    0x32, 0xf3, 0x32, 0xf4, 0x21, 0xf3, 0x32, 0xf5, 0x42, 0xf5, 0x43, 0xf4, 0x43, 0xf5, 0x42, 0xf5,
    0x32, 0xf4, 0x21, 0xf3, 0x43, 0xf5, 0x22, 0xf3, 0x32, 0xf4, 0x42, 0xf5, 0x32, 0xf4, 0x54, 0xf6,
    0x43, 0xf6, 0x42, 0xf5, 0x53, 0xf6, 0x32, 0xf5, 0x64, 0xf8, 0x53, 0xf6, 0x32, 0xf5, 0x32, 0xf4,
    0x64, 0xf8, 0x43, 0xf6, 0x64, 0xf8, 0x64, 0xf7, 0x10, 0xf2, 0x32, 0xf4, 0x32, 0xf3, 0x43, 0xf5,
    0x21, 0xf3, 0x54, 0xf6, 0x32, 0xf4, 0x65, 0xf7, 0x75, 0xf8, 0x64, 0xf7, 0x65, 0xf8, 0x64, 0xf7,
    0x43, 0xf5, 0x65, 0xf7, 0x43, 0xf5, 0x54, 0xf6, 0x65, 0xf6, 0x65, 0xf7, 0x43, 0xf5, 0x43, 0xf5,
    0x75, 0xf9, 0x53, 0xf7, 0x65, 0xf8, 0x32, 0xf5, 0x42, 0xf6, 0x65, 0xf8, 0x53, 0xf6, 0x64, 0xf7,
    0x32, 0xf4, 0x31, 0xf4, 0x11, 0xf2, 0x43, 0xf4, 0x53, 0xf6, 0x43, 0xf6, 0x43, 0xf4, 0x21, 0xf3,
    0x43, 0xf5, 0x43, 0xf5, 0x64, 0xf7, 0x42, 0xf5, 0x43, 0xf4, 0x43, 0xf5, 0x43, 0xf5, 0x43, 0xf5,
    0x42, 0xf5, 0x42, 0xf5, 0x32, 0xf4, 0x32, 0xf4, 0x64, 0xf8, 0x42, 0xf6, 0x42, 0xf5, 0x42, 0xf5,
    0x54, 0xf6, 0x54, 0xf5, 0x53, 0xf5, 0x54, 0xf6, 0x65, 0xf6, 0x54, 0xf6, 0x54, 0xf6, 0x54, 0xf6,
    0x64, 0xf7, 0x54, 0xf6, 0x53, 0xf6, 0x42, 0xf5, 0x43, 0xf5, 0x54, 0xf6, 0x42, 0xf5, 0x53, 0xf7,
    0x32, 0xf4, 0x21, 0xf3, 0x53, 0xf6, 0x21, 0xf3, 0x32, 0xf5, 0x64, 0xf7, 0x54, 0xf6, 0x75, 0xf8,
    0x65, 0xf7, 0x31, 0xf4, 0x53, 0xf7, 0x32, 0xf5, 0x42, 0xf5, 0x75, 0xf9, 0x21, 0xf3, 0x32, 0xf5,
    0x43, 0xf5, 0x43, 0xf5, 0x54, 0xf6, 0x76, 0xf8, 0x43, 0xf5, 0x65, 0xf8, 0x75, 0xf8, 0x64, 0xf7,
    0x32, 0xf4, 0x54, 0xf6, 0x32, 0xf4, 0x21, 0xf3, 0x65, 0xf7, 0x43, 0xf5, 0x22, 0xf3, 0x32, 0xf3,
    0x43, 0xf5, 0x43, 0xf4, 0x43, 0xf4, 0x32, 0xf3, 0x32, 0xf3, 0x32, 0xf4, 0x32, 0xf4, 0x32, 0xf4,
    0x32, 0xf4, 0x32, 0xf3, 0x22, 0xf3, 0x32, 0xf4, 0x43, 0xf5, 0x43, 0xf4, 0x44, 0xf5, 0x43, 0xf4,
    0x32, 0xf4, 0x54, 0xf5, 0x44, 0xf4, 0x54, 0xf5, 0x54, 0xf5, 0x22, 0xf3, 0x55, 0xf6, 0x55, 0xf6,
    0x44, 0xf5, 0x44, 0xf4, 0x66, 0xf7, 0x55, 0xf6, 0x44, 0xf5, 0x55, 0xf5, 0x54, 0xf5, 0x44, 0xf5,
    0x21, 0xf3, 0x32, 0xf4, 0x44, 0xf5, 0x54, 0xf5, 0x43, 0xf4, 0x43, 0xf5, 0x43, 0xf5, 0x32, 0xf4,
    0x66, 0xf7, 0x65, 0xf6, 0x55, 0xf6, 0x65, 0xf6, 0x43, 0xf4, 0x43, 0xf4, 0x43, 0xf4, 0x43, 0xf4,
    0x44, 0xf5, 0x55, 0xf6, 0x44, 0xf5, 0x44, 0xf5, 0x65, 0xf6, 0x54, 0xf5, 0x66, 0xf6, 0x65, 0xf6,
    0x32, 0xf4, 0x54, 0xf5, 0x43, 0xf4, 0x21, 0xf2, 0x55, 0xf6, 0x76, 0xf7, 0x21, 0xf2, 0x32, 0xf4,
    0x65, 0xf6, 0x54, 0xf5, 0x55, 0xf6, 0x43, 0xf4, 0x22, 0xf3, 0x32, 0xf4, 0x32, 0xf4, 0x32, 0xf3,
    0x65, 0xf6, 0x32, 0xf3, 0x32, 0xf4, 0x33, 0xf4, 0x32, 0xf4, 0x32, 0xf4, 0x42, 0xf5, 0x52, 0xf7,
    0x32, 0xf3, 0x32, 0xf3, 0x21, 0xf3, 0x42, 0xf5, 0x32, 0xf4, 0x32, 0xf4, 0x32, 0xf4, 0x33, 0xf4,
    0x32, 0xf4, 0x32, 0xf4, 0x22, 0xf3, 0x42, 0xf5, 0x32, 0xf4, 0x44, 0xf5, 0x42, 0xf5, 0x43, 0xf5,
    0x32, 0xf4, 0x33, 0xf4, 0x43, 0xf4, 0x43, 0xf4, 0x43, 0xf4, 0x33, 0xf4, 0x32, 0xf4, 0x32, 0xf4,
    0x43, 0xf4, 0x33, 0xf4, 0x43, 0xf5, 0x32, 0xf4, 0x22, 0xf3, 0x32, 0xf4, 0x21, 0xf3, 0x32, 0xf4,
    0x32, 0xf4, 0x43, 0xf5, 0x32, 0xf4, 0x32, 0xf4, 0x43, 0xf5, 0x42, 0xf5, 0x21, 0xf3, 0x21, 0xf3,
    0x42, 0xf5, 0x43, 0xf5, 0x33, 0xf4, 0x43, 0xf5, 0x32, 0xf4, 0x32, 0xf4, 0x32, 0xf4, 0x43, 0xf5,
    0x43, 0xf5, 0x42, 0xf5, 0x43, 0xf5, 0x64, 0xf7, 0x42, 0xf6, 0x32, 0xf4, 0x43, 0xf5, 0x43, 0xf5,
    0x43, 0xf4, 0x54, 0xf7, 0x43, 0xf5, 0x43, 0xf5, 0x64, 0xf7, 0x65, 0xf7, 0x65, 0xf7, 0x65, 0xf7,
    0x31, 0xf4, 0x33, 0xf4, 0x32, 0xf4, 0x32, 0xf5, 0x43, 0xf4, 0x32, 0xf3, 0x32, 0xf5, 0x32, 0xf4,
    0x32, 0xf4, 0x21, 0xf4, 0x32, 0xf3, 0x32, 0xf4, 0x43, 0xf5, 0x54, 0xf6, 0x33, 0xf4, 0x43, 0xf4,
    0x44, 0xf5, 0x32, 0xf4, 0x22, 0xf3, 0x32, 0xf4, 0x31, 0xf4, 0x32, 0xf4, 0x53, 0xf6, 0x54, 0xf5,
    0x54, 0xf5, 0x43, 0xf4, 0x54, 0xf6, 0x76, 0xf8, 0x44, 0xf5, 0x43, 0xf4, 0x65, 0xf6, 0x54, 0xf6,
    0x65, 0xf6, 0x65, 0xf6, 0x76, 0xf7, 0x87, 0xf9, 0x65, 0xf6, 0x65, 0xf6, 0x87, 0xf9, 0x65, 0xf6,
    0x76, 0xf7, 0x77, 0xf8, 0x87, 0xf9, 0x76, 0xf7, 0x76, 0xf7, 0x76, 0xf7, 0x65, 0xf6, 0x76, 0xf7,
    0x77, 0xf8, 0x87, 0xf8, 0x87, 0xf8, 0x66, 0xf7, 0x65, 0xf6, 0x76, 0xf7, 0x44, 0xf5, 0x65, 0xf6,
    0x76, 0xf8, 0x66, 0xf7, 0x66, 0xf7, 0x76, 0xf7, 0x44, 0xf5, 0x54, 0xf5, 0x66, 0xf7, 0x65, 0xf7,
    0x43, 0xf4, 0x33, 0xf4, 0x43, 0xf4, 0x43, 0xf5, 0x43, 0xf5, 0x53, 0xf6, 0x65, 0xf7, 0x65, 0xf7,
    0x54, 0xf6, 0x76, 0xf8, 0x54, 0xf6, 0x76, 0xf7, 0x76, 0xf8, 0x65, 0xf7, 0x76, 0xf7, 0x54, 0xf6,
    0x43, 0xf5, 0x32, 0xf4, 0x54, 0xf6, 0x54, 0xf6, 0x33, 0xf4, 0x43, 0xf5, 0x53, 0xf5, 0x54, 0xf6,
    0x54, 0xf6, 0x64, 0xf6, 0x64, 0xf6, 0x65, 0xf7, 0x54, 0xf6, 0x53, 0xf6, 0x54, 0xf6, 0x53, 0xf6,
    0x76, 0xf7, 0x77, 0xf8, 0x87, 0xf8, 0x87, 0xf8, 0x76, 0xf7, 0x66, 0xf7, 0x76, 0xf7, 0x76, 0xf7,
    0x65, 0xf6, 0x65, 0xf6, 0x65, 0xf6, 0x54, 0xf5, 0x65, 0xf6, 0x66, 0xf7, 0x65, 0xf6, 0x54, 0xf5,
    0x55, 0xf6, 0x64, 0xf7, 0x76, 0xf7, 0x55, 0xf6, 0x65, 0xf6, 0x54, 0xf6, 0x54, 0xf5, 0x54, 0xf6,
    0x65, 0xf6, 0x54, 0xf6, 0x43, 0xf5, 0x53, 0xf6, 0x54, 0xf6, 0x65, 0xf6, 0x65, 0xf7, 0x76, 0xf8,
    0x65, 0xf7, 0x76, 0xf7, 0x55, 0xf6, 0x65, 0xf6, 0x65, 0xf6, 0x65, 0xf6, 0x65, 0xf7, 0x54, 0xf5,
    0x65, 0xf7, 0x55, 0xf6, 0x76, 0xf7, 0x76, 0xf8, 0x65, 0xf6, 0x66, 0xf7, 0x76, 0xf7, 0x76, 0xf7,
    0x65, 0xf6, 0x65, 0xf6, 0x54, 0xf5, 0x65, 0xf7, 0x87, 0xf8, 0x98, 0xf9, 0x98, 0xf9, 0x87, 0xf8,
    0x65, 0xf6, 0x65, 0xf7, 0x65, 0xf7, 0x65, 0xf7, 0x87, 0xf9, 0x76, 0xf7, 0x77, 0xf8, 0x76, 0xf7,
    0x76, 0xf8, 0x76, 0xf8, 0x76, 0xf8, 0x76, 0xf7, 0x76, 0xf8, 0x87, 0xf9, 0x76, 0xf7, 0x76, 0xf8,
    0x65, 0xf7, 0x76, 0xf8, 0x55, 0xf6, 0x76, 0xf7, 0x54, 0xf6, 0x65, 0xf7, 0x65, 0xf6, 0x55, 0xf6,
    0x76, 0xf8, 0x66, 0xf7, 0x76, 0xf7, 0x76, 0xf7, 0x87, 0xf8, 0x76, 0xf7, 0x76, 0xf7, 0x54, 0xf5,
    0x66, 0xf7, 0x44, 0xf5, 0x65, 0xf6, 0x54, 0xf5, 0x54, 0xf5, 0x55, 0xf6, 0x65, 0xf6, 0x55, 0xf6,
    0x76, 0xf8, 0x76, 0xf7, 0x76, 0xf8, 0x77, 0xf8, 0x66, 0xf7, 0x54, 0xf5, 0x76, 0xf7, 0x65, 0xf7,
    0x76, 0xf7, 0x65, 0xf6, 0x65, 0xf6, 0x54, 0xf6, 0x77, 0xf8, 0x76, 0xf7, 0x65, 0xf6, 0x76, 0xf7,
    0x54, 0xf5, 0x54, 0xf5, 0x65, 0xf6, 0x55, 0xf6, 0x54, 0xf6, 0x76, 0xf7, 0x55, 0xf6, 0x65, 0xf6,
    0x54, 0xf6, 0x55, 0xf6, 0x54, 0xf5, 0x55, 0xf6, 0x65, 0xf7, 0x76, 0xf7, 0x76, 0xf8, 0x76, 0xf8,
    0x54, 0xf5, 0x44, 0xf5, 0x54, 0xf5, 0x65, 0xf7, 0x65, 0xf6, 0x88, 0xf9, 0x76, 0xf7, 0x87, 0xf8,
    0x55, 0xf5, 0x65, 0xf6, 0x55, 0xf6, 0x65, 0xf6, 0x76, 0xf7, 0x65, 0xf6, 0x76, 0xf8, 0x54, 0xf5,
    0x76, 0xf8, 0x65, 0xf7, 0x77, 0xf8, 0x65, 0xf6, 0x65, 0xf7, 0x65, 0xf6, 0x54, 0xf5, 0x54, 0xf6,
    0x65, 0xf6, 0x55, 0xf6, 0x65, 0xf6, 0x65, 0xf6, 0x55, 0xf5, 0x55, 0xf6, 0x65, 0xf6, 0x65, 0xf6,
    0x33, 0xf4, 0x33, 0xf3, 0x32, 0xf4, 0x43, 0xf4, 0x21, 0xf2, 0x21, 0xf4, 0x32, 0xf3, 0x21, 0xf3,
    0x43, 0xf5, 0x33, 0xf4, 0x53, 0xf6, 0x32, 0xf4, 0x43, 0xf4, 0x32, 0xf4, 0x33, 0xf4, 0x32, 0xf4,
    0x21, 0xf4, 0x42, 0xf6, 0x31, 0xf4, 0x53, 0xf7, 0x42, 0xf5, 0x42, 0xf5, 0x53, 0xf7, 0x32, 0xf4,
    0x31, 0xf3, 0x32, 0xf3, 0x32, 0xf4, 0x32, 0xf4, 0x42, 0xf5, 0x21, 0xf3, 0x21, 0xf3, 0x21, 0xf3,
    0x54, 0xf6, 0x43, 0xf5, 0x65, 0xf6, 0x76, 0xf7, 0x43, 0xf4, 0x43, 0xf4, 0x43, 0xf5, 0x43, 0xf4,
    0x66, 0xf7, 0x66, 0xf7, 0x76, 0xf7, 0x76, 0xf7, 0x43, 0xf5, 0x43, 0xf5, 0x55, 0xf6, 0x43, 0xf5,
    0x32, 0xf3, 0x22, 0xf3, 0x32, 0xf4, 0x32, 0xf5, 0x22, 0xf3, 0x21, 0xf3, 0x32, 0xf4, 0x32, 0xf4,
    0x43, 0xf5, 0x52, 0xf7, 0x43, 0xf5, 0x32, 0xf4, 0x42, 0xf5, 0x32, 0xf4, 0x31, 0xf4, 0x32, 0xf4,
    0x32, 0xf4, 0x43, 0xf5, 0x32, 0xf3, 0x54, 0xf6, 0x43, 0xf5, 0x43, 0xf5, 0x32, 0xf4, 0x42, 0xf5,
    0x32, 0xf4, 0x32, 0xf4, 0x32, 0xf4, 0x32, 0xf5, 0x32, 0xf4, 0x42, 0xf5, 0x42, 0xf5, 0x42, 0xf6,
    0x53, 0xf6, 0x43, 0xf5, 0x42, 0xf5, 0x43, 0xf4, 0x54, 0xf6, 0x54, 0xf6, 0x43, 0xf5, 0x43, 0xf5,
    0x43, 0xf5, 0x43, 0xf5, 0x32, 0xf5, 0x33, 0xf4, 0x55, 0xf6, 0x75, 0xf8, 0x44, 0xf5, 0x66, 0xf7,
    0x32, 0xf4, 0x32, 0xf4, 0x22, 0xf3, 0x32, 0xf4, 0x42, 0xf5, 0x42, 0xf6, 0x43, 0xf5, 0x32, 0xf5,
    0x32, 0xf4, 0x43, 0xf5, 0x32, 0xf4, 0x32, 0xf4, 0x43, 0xf5, 0x42, 0xf5, 0x32, 0xf5, 0x42, 0xf5,
    0x42, 0xf6, 0x43, 0xf5, 0x32, 0xf5, 0x53, 0xf6, 0x44, 0xf5, 0x55, 0xf5, 0x65, 0xf6, 0x55, 0xf6,
    0x32, 0xf4, 0x43, 0xf4, 0x42, 0xf5, 0x43, 0xf4, 0x66, 0xf7, 0x55, 0xf6, 0x65, 0xf6, 0x54, 0xf5,
    0x76, 0xf8, 0x65, 0xf7, 0x76, 0xf8, 0x85, 0xf9, 0x75, 0xf8, 0x43, 0xf5, 0x97, 0xfa, 0x54, 0xf6,
    0x64, 0xf7, 0x64, 0xf7, 0x43, 0xf5, 0x53, 0xf5, 0x86, 0xf9, 0x64, 0xf7, 0x54, 0xf6, 0x54, 0xf6,
    0x32, 0xf3, 0x22, 0xf3, 0x22, 0xf3, 0x22, 0xf3, 0x21, 0xf3, 0x31, 0xf4, 0x21, 0xf3, 0x31, 0xf4,
    0x22, 0xf3, 0x43, 0xf4, 0x44, 0xf5, 0x33, 0xf4, 0x22, 0xf3, 0x33, 0xf4, 0x33, 0xf4, 0x54, 0xf6,
    0x54, 0xf6, 0x43, 0xf5, 0x54, 0xf6, 0x75, 0xf8, 0x65, 0xf7, 0x65, 0xf7, 0x76, 0xf8, 0x65, 0xf7,
    0x54, 0xf6, 0x65, 0xf7, 0x54, 0xf5, 0x54, 0xf6, 0x86, 0xf8, 0x76, 0xf7, 0x66, 0xf7, 0x76, 0xf7,
    0x65, 0xf6, 0x54, 0xf6, 0x76, 0xf7, 0x54, 0xf6, 0x33, 0xf4, 0x43, 0xf5, 0x33, 0xf4, 0x32, 0xf4,
    0x65, 0xf6, 0x55, 0xf6, 0x66, 0xf7, 0x65, 0xf6, 0x32, 0xf3, 0x33, 0xf4, 0x43, 0xf4, 0x33, 0xf3,
    0x33, 0xf4, 0x32, 0xf4, 0x33, 0xf4, 0x54, 0xf5, 0x21, 0xf2, 0x32, 0xf3, 0x33, 0xf4, 0x22, 0xf3,
    0x33, 0xf4, 0x44, 0xf5, 0x54, 0xf6, 0x44, 0xf5, 0x65, 0xf6, 0x43, 0xf4, 0x54, 0xf5, 0x44, 0xf5,
    0x32, 0xf4, 0x43, 0xf4, 0x21, 0xf2, 0x43, 0xf4, 0x55, 0xf6, 0x54, 0xf5, 0x44, 0xf5, 0x44, 0xf5,
    0x21, 0xf2, 0x43, 0xf4, 0x22, 0xf3, 0x43, 0xf5, 0x54, 0xf5, 0x54, 0xf5, 0x65, 0xf6, 0x54, 0xf5,
    0x55, 0xf6, 0x44, 0xf5, 0x33, 0xf4, 0x33, 0xf4, 0x43, 0xf4, 0x32, 0xf3, 0x22, 0xf3, 0x22, 0xf3,
    0x22, 0xf3, 0x32, 0xf3, 0x32, 0xf3, 0x31, 0xf3, 0x32, 0xf3, 0x43, 0xf4, 0x32, 0xf4, 0x43, 0xf5,
    0x31, 0xf4, 0x43, 0xf5, 0x32, 0xf5, 0x43, 0xf5, 0x55, 0xf6, 0x44, 0xf5, 0x55, 0xf5, 0x55, 0xf5,
    0x42, 0xf5, 0x43, 0xf5, 0x43, 0xf5, 0x32, 0xf5, 0x66, 0xf6, 0x55, 0xf5, 0x44, 0xf5, 0x44, 0xf5,
    0x53, 0xf7, 0x53, 0xf7, 0x53, 0xf7, 0x53, 0xf7, 0x64, 0xf7, 0x65, 0xf7, 0x65, 0xf7, 0x76, 0xf8,
    0x65, 0xf8, 0x54, 0xf7, 0x43, 0xf5, 0x43, 0xf5, 0x65, 0xf6, 0x33, 0xf4, 0x54, 0xf5, 0x32, 0xf4,
    0x21, 0xf3, 0x32, 0xf4, 0x43, 0xf5, 0x32, 0xf4, 0x43, 0xf5, 0x42, 0xf6, 0x32, 0xf5, 0x42, 0xf5,
    0x43, 0xf5, 0x54, 0xf6, 0x43, 0xf5, 0x54, 0xf6, 0x22, 0xf3, 0x32, 0xf4, 0x32, 0xf3, 0x32, 0xf4,
    0x32, 0xf4, 0x42, 0xf5, 0x43, 0xf5, 0x42, 0xf4, 0x43, 0xf5, 0x43, 0xf5, 0x43, 0xf5, 0x54, 0xf6,
    0x76, 0xf8, 0x54, 0xf6, 0x54, 0xf6, 0x54, 0xf6, 0x43, 0xf5, 0x43, 0xf5, 0x53, 0xf6, 0x53, 0xf6,
    0x33, 0xf4, 0x32, 0xf4, 0x43, 0xf4, 0x43, 0xf4, 0x32, 0xf4, 0x32, 0xf4, 0x32, 0xf4, 0x32, 0xf4,
    0x54, 0xf5, 0x54, 0xf6, 0x65, 0xf7, 0x44, 0xf5, 0x44, 0xf5, 0x32, 0xf3, 0x44, 0xf5, 0x32, 0xf3,
    0x43, 0xf6, 0x53, 0xf7, 0x42, 0xf5, 0x53, 0xf6, 0x42, 0xf6, 0x53, 0xf7, 0x42, 0xf5, 0x42, 0xf6,
    0x32, 0xf4, 0x32, 0xf4, 0x32, 0xf4, 0x43, 0xf5, 0x42, 0xf5, 0x42, 0xf6, 0x64, 0xf7, 0x32, 0xf4,
    0x42, 0xf5, 0x21, 0xf3, 0x53, 0xf7, 0x32, 0xf4, 0x42, 0xf5, 0x53, 0xf6, 0x32, 0xf5, 0x42, 0xf6,
    0x53, 0xf6, 0x54, 0xf6, 0x32, 0xf4, 0x53, 0xf6, 0x53, 0xf6, 0x64, 0xf7, 0x54, 0xf6, 0x54, 0xf7,
    0x32, 0xf4, 0x32, 0xf4, 0x42, 0xf6, 0x42, 0xf5, 0x64, 0xf8, 0x53, 0xf6, 0x53, 0xf6, 0x75, 0xf9,
    0x43, 0xf6, 0x53, 0xf7, 0x32, 0xf4, 0x42, 0xf5, 0x42, 0xf5, 0x53, 0xf6, 0x31, 0xf4, 0x42, 0xf5,
    0x32, 0xf4, 0x43, 0xf5, 0x53, 0xf6, 0x54, 0xf7, 0x65, 0xf7, 0x43, 0xf5, 0x32, 0xf4, 0x21, 0xf4,
    0x64, 0xf7, 0x53, 0xf6, 0x64, 0xf8, 0x64, 0xf8, 0x42, 0xf6, 0x53, 0xf6, 0x42, 0xf6, 0x64, 0xf8,
    0x32, 0xf4, 0x43, 0xf5, 0x42, 0xf6, 0x43, 0xf5, 0x43, 0xf5, 0x43, 0xf5, 0x33, 0xf4, 0x54, 0xf5,
    0x43, 0xf6, 0x43, 0xf4, 0x43, 0xf5, 0x43, 0xf4, 0x43, 0xf4, 0x54, 0xf5, 0x43, 0xf4, 0x54, 0xf6,
    0x44, 0xf5, 0x32, 0xf3, 0x54, 0xf5, 0x65, 0xf7, 0x54, 0xf6, 0x43, 0xf4, 0x76, 0xf8, 0x33, 0xf4,
    0x65, 0xf6, 0x76, 0xf8, 0x76, 0xf7, 0x76, 0xf8, 0x65, 0xf6, 0x32, 0xf4, 0x54, 0xf5, 0x43, 0xf4,
    0x43, 0xf4, 0x43, 0xf4, 0x43, 0xf4, 0x43, 0xf5, 0x43, 0xf5, 0x65, 0xf7, 0x33, 0xf4, 0x54, 0xf5,
    0x55, 0xf6, 0x54, 0xf5, 0x54, 0xf6, 0x65, 0xf7, 0x43, 0xf5, 0x44, 0xf5, 0x54, 0xf6, 0x44, 0xf5,
    0x65, 0xf6, 0x54, 0xf5, 0x65, 0xf7, 0x44, 0xf5, 0x33, 0xf4, 0x54, 0xf6, 0x43, 0xf5, 0x65, 0xf7,
    0x65, 0xf6, 0x43, 0xf5, 0x44, 0xf5, 0x43, 0xf5, 0x54, 0xf6, 0x65, 0xf7, 0x54, 0xf6, 0x44, 0xf5,
    0x33, 0xf4, 0x43, 0xf5, 0x32, 0xf4, 0x43, 0xf5, 0x42, 0xf5, 0x43, 0xf5, 0x53, 0xf6, 0x43, 0xf6,
    0x43, 0xf4, 0x43, 0xf4, 0x64, 0xf7, 0x43, 0xf5, 0x43, 0xf4, 0x32, 0xf4, 0x32, 0xf3, 0x32, 0xf4,
    0x53, 0xf7, 0x64, 0xf8, 0x53, 0xf7, 0x64, 0xf8, 0x64, 0xf8, 0x64, 0xf8, 0x63, 0xf7, 0x53, 0xf7,
    0x63, 0xf8, 0x85, 0xf9, 0x53, 0xf7, 0x64, 0xf8, 0x64, 0xf8, 0x53, 0xf7, 0x85, 0xf9, 0x64, 0xf8,
    0x54, 0xf6, 0x43, 0xf4, 0x65, 0xf6, 0x43, 0xf4, 0x32, 0xf3, 0x32, 0xf4, 0x43, 0xf4, 0x43, 0xf4,
    0x54, 0xf6, 0x54, 0xf5, 0x54, 0xf6, 0x55, 0xf6, 0x54, 0xf5, 0x44, 0xf5, 0x54, 0xf5, 0x44, 0xf5,
    0x32, 0xf3, 0x43, 0xf6, 0x32, 0xf3, 0x21, 0xf2, 0x96, 0xfa, 0x64, 0xf8, 0x42, 0xf5, 0x53, 0xf6,
    0x32, 0xf3, 0x22, 0xf2, 0x33, 0xf4, 0x32, 0xf3, 0x21, 0xf2, 0x54, 0xf6, 0x44, 0xf5, 0x87, 0xf8,
    0x65, 0xf6, 0x44, 0xf5, 0x54, 0xf6, 0x54, 0xf5, 0x44, 0xf5, 0x43, 0xf5, 0x32, 0xf4, 0x32, 0xf5,
    0x43, 0xf5, 0x32, 0xf4, 0x43, 0xf6, 0x32, 0xf4, 0x32, 0xf5, 0x42, 0xf5, 0x32, 0xf4, 0x43, 0xf6,
    0x64, 0xf7, 0x76, 0xf8, 0x42, 0xf6, 0x86, 0xf9, 0x64, 0xf7, 0x65, 0xf8, 0x86, 0xf9, 0x53, 0xf6,
    0x53, 0xf7, 0x42, 0xf6, 0x64, 0xf8, 0x42, 0xf6, 0x53, 0xf6, 0x32, 0xf4, 0x42, 0xf6, 0x53, 0xf6,
    0x42, 0xf5, 0x43, 0xf5, 0x42, 0xf5, 0x43, 0xf5, 0x43, 0xf5, 0x43, 0xf5, 0x43, 0xf5, 0x54, 0xf6,
    0x64, 0xf7, 0x54, 0xf7, 0x75, 0xf9, 0x53, 0xf6, 0x42, 0xf5, 0x53, 0xf6, 0x31, 0xf5, 0x42, 0xf6,
    0x43, 0xf6, 0x42, 0xf5, 0x54, 0xf6, 0x42, 0xf5, 0x42, 0xf5, 0x43, 0xf6, 0x43, 0xf5, 0x32, 0xf4,
    0x54, 0xf6, 0x32, 0xf5, 0x43, 0xf5, 0x43, 0xf5, 0x32, 0xf5, 0x32, 0xf5, 0x42, 0xf5, 0x53, 0xf6,
    0x43, 0xf5, 0x32, 0xf4, 0x21, 0xf4, 0x32, 0xf5, 0x42, 0xf5, 0x42, 0xf6, 0x53, 0xf6, 0x42, 0xf5,
    0x53, 0xf6, 0x75, 0xf9, 0x65, 0xf8, 0x65, 0xf8, 0x74, 0xf8, 0x32, 0xf4, 0x53, 0xf7, 0x32, 0xf4,
    0x42, 0xf6, 0x43, 0xf6, 0x32, 0xf5, 0x32, 0xf4, 0x32, 0xf5, 0x42, 0xf6, 0x31, 0xf4, 0x43, 0xf6,
    0x43, 0xf5, 0x42, 0xf5, 0x32, 0xf5, 0x43, 0xf6, 0x53, 0xf6, 0x43, 0xf6, 0x63, 0xf7, 0x53, 0xf7,
    0x43, 0xf5, 0x43, 0xf5, 0x53, 0xf6, 0x64, 0xf7, 0x64, 0xf7, 0x53, 0xf6, 0x53, 0xf6, 0x53, 0xf6,
    0x32, 0xf4, 0x53, 0xf6, 0x53, 0xf6, 0x54, 0xf6, 0x65, 0xf8, 0x53, 0xf6, 0x64, 0xf7, 0x43, 0xf6,
    0x43, 0xf6, 0x52, 0xf6, 0x64, 0xf7, 0x43, 0xf6, 0x42, 0xf6, 0x32, 0xf4, 0x43, 0xf4, 0x32, 0xf3,
    0x43, 0xf5, 0x65, 0xf7, 0x43, 0xf5, 0x76, 0xf8, 0x65, 0xf7, 0x75, 0xf8, 0x87, 0xf9, 0x76, 0xf8,
    0x64, 0xf8, 0x64, 0xf7, 0x64, 0xf8, 0x53, 0xf6, 0x42, 0xf6, 0x31, 0xf4, 0x64, 0xf7, 0x42, 0xf5,
    0x53, 0xf7, 0x53, 0xf6, 0x63, 0xf8, 0x53, 0xf7, 0x53, 0xf7, 0x53, 0xf6, 0x64, 0xf8, 0x53, 0xf7,
    0x43, 0xf5, 0x32, 0xf5, 0x75, 0xf8, 0x64, 0xf7, 0x64, 0xf7, 0x53, 0xf6, 0x64, 0xf7, 0x43, 0xf5,
    0x86, 0xf9, 0x65, 0xf7, 0x64, 0xf7, 0x43, 0xf6, 0x53, 0xf6, 0x42, 0xf5, 0x43, 0xf6, 0x42, 0xf5,
    0x53, 0xf7, 0x32, 0xf5, 0x32, 0xf5, 0x32, 0xf4, 0x43, 0xf5, 0x64, 0xf7, 0x54, 0xf5, 0x64, 0xf6,
    0x66, 0xf7, 0x43, 0xf5, 0x54, 0xf6, 0x54, 0xf5, 0x54, 0xf6, 0x43, 0xf5, 0x43, 0xf5, 0x43, 0xf5,
    0x43, 0xf5, 0x64, 0xf7, 0x32, 0xf4, 0x64, 0xf7, 0x74, 0xf9, 0x53, 0xf7, 0x75, 0xf9, 0x75, 0xf8,
    0x32, 0xf4, 0x64, 0xf7, 0x43, 0xf5, 0x54, 0xf7, 0x64, 0xf7, 0x65, 0xf8, 0x64, 0xf8, 0x64, 0xf8,
    0x53, 0xf6, 0x53, 0xf6, 0x32, 0xf5, 0x43, 0xf5, 0x53, 0xf6, 0x42, 0xf6, 0x53, 0xf6, 0x32, 0xf4,
    0x32, 0xf4, 0x43, 0xf5, 0x43, 0xf6, 0x53, 0xf6, 0x53, 0xf6, 0x42, 0xf6, 0x43, 0xf5, 0x32, 0xf5,
    0x54, 0xf6, 0x54, 0xf6, 0x76, 0xf8, 0x75, 0xf7, 0x76, 0xf8, 0x76, 0xf8, 0x65, 0xf7, 0x76, 0xf8,
    0x43, 0xf5, 0x53, 0xf5, 0x42, 0xf5, 0x32, 0xf4, 0x65, 0xf7, 0x65, 0xf7, 0x43, 0xf5, 0x43, 0xf4,
    0x53, 0xf7, 0x42, 0xf5, 0x43, 0xf6, 0x54, 0xf7, 0x42, 0xf5, 0x42, 0xf5, 0x75, 0xf8, 0x32, 0xf4,
    0x54, 0xf7, 0x53, 0xf7, 0x53, 0xf6, 0x53, 0xf7, 0x53, 0xf7, 0x42, 0xf5, 0x42, 0xf5, 0x21, 0xf3,
    0x53, 0xf6, 0x43, 0xf6, 0x43, 0xf5, 0x43, 0xf5, 0x52, 0xf6, 0x42, 0xf5, 0x42, 0xf6, 0x54, 0xf6,
    0x53, 0xf6, 0x31, 0xf5, 0x42, 0xf6, 0x53, 0xf6, 0x64, 0xf7, 0x76, 0xf8, 0x43, 0xf5, 0x64, 0xf6,
    0x44, 0xf5, 0x65, 0xf7, 0x43, 0xf4, 0x54, 0xf6, 0x54, 0xf6, 0x43, 0xf5, 0x43, 0xf5, 0x43, 0xf5,
    0x54, 0xf6, 0x43, 0xf5, 0x43, 0xf5, 0x43, 0xf4, 0x54, 0xf6, 0x33, 0xf4, 0x54, 0xf6, 0x43, 0xf4,
    0x43, 0xf5, 0x54, 0xf5, 0x33, 0xf4, 0x43, 0xf5, 0x43, 0xf5, 0x33, 0xf4, 0x43, 0xf5, 0x54, 0xf6,
    0x43, 0xf5, 0x44, 0xf5, 0x54, 0xf5, 0x43, 0xf4, 0x54, 0xf5, 0x54, 0xf6, 0x43, 0xf4, 0x54, 0xf5,
    0x44, 0xf4, 0x32, 0xf4, 0x43, 0xf4, 0x33, 0xf3, 0x54, 0xf6, 0x44, 0xf5, 0x43, 0xf4, 0x44, 0xf5,
    0x44, 0xf4, 0x44, 0xf5, 0x44, 0xf5, 0x43, 0xf4, 0x43, 0xf5, 0x44, 0xf5, 0x43, 0xf4, 0x43, 0xf4,
    0x43, 0xf5, 0x43, 0xf5, 0x44, 0xf5, 0x44, 0xf5, 0x55, 0xf6, 0x65, 0xf6, 0x43, 0xf4, 0x33, 0xf4,
    0x55, 0xf6, 0x54, 0xf5, 0x54, 0xf5, 0x65, 0xf6, 0x44, 0xf4, 0x43, 0xf4, 0x55, 0xf6, 0x44, 0xf4,
    0x54, 0xf6, 0x44, 0xf5, 0x55, 0xf6, 0x54, 0xf5, 0x54, 0xf5, 0x44, 0xf5, 0x54, 0xf6, 0x55, 0xf6,
    0x54, 0xf5, 0x44, 0xf5, 0x32, 0xf3, 0x43, 0xf4, 0x65, 0xf6, 0x65, 0xf7, 0x55, 0xf6, 0x54, 0xf5,
    0x43, 0xf4, 0x22, 0xf3, 0x66, 0xf7, 0x44, 0xf5, 0x43, 0xf5, 0x65, 0xf7, 0x22, 0xf3, 0x54, 0xf5,
    0x55, 0xf6, 0x65, 0xf6, 0x44, 0xf4, 0x65, 0xf6, 0x43, 0xf4, 0x21, 0xf2, 0x44, 0xf4, 0x21, 0xf2,
    0x32, 0xf3, 0x43, 0xf4, 0x43, 0xf4, 0x44, 0xf5, 0x33, 0xf4, 0x43, 0xf4, 0x33, 0xf4, 0x44, 0xf5,
    0x33, 0xf4, 0x55, 0xf6, 0x44, 0xf5, 0x66, 0xf7, 0x43, 0xf4, 0x66, 0xf7, 0x54, 0xf5, 0x54, 0xf5,
    0x44, 0xf4, 0x43, 0xf4, 0x44, 0xf5, 0x44, 0xf4, 0x43, 0xf4, 0x22, 0xf3, 0x43, 0xf4, 0x32, 0xf3,
    0x55, 0xf6, 0x54, 0xf5, 0x54, 0xf6, 0x54, 0xf5, 0x33, 0xf4, 0x33, 0xf3, 0x54, 0xf5, 0x33, 0xf3,
    0x55, 0xf6, 0x44, 0xf5, 0x55, 0xf6, 0x54, 0xf5, 0x44, 0xf4, 0x43, 0xf4, 0x55, 0xf6, 0x44, 0xf4,
    0x65, 0xf6, 0x54, 0xf5, 0x55, 0xf5, 0x54, 0xf5, 0x55, 0xf6, 0x54, 0xf5, 0x54, 0xf5, 0x44, 0xf5,
    0x44, 0xf5, 0x65, 0xf6, 0x43, 0xf4, 0x54, 0xf6, 0x44, 0xf5, 0x43, 0xf4, 0x54, 0xf5, 0x54, 0xf5,
    0x33, 0xf4, 0x44, 0xf5, 0x54, 0xf5, 0x55, 0xf6, 0x55, 0xf6, 0x43, 0xf4, 0x54, 0xf5, 0x43, 0xf4,
    0x54, 0xf5, 0x54, 0xf5, 0x55, 0xf6, 0x54, 0xf5, 0x44, 0xf5, 0x44, 0xf5, 0x44, 0xf5, 0x43, 0xf4,
    0x54, 0xf5, 0x54, 0xf5, 0x43, 0xf4, 0x54, 0xf5, 0x54, 0xf5, 0x44, 0xf5, 0x65, 0xf7, 0x54, 0xf5,
    0x55, 0xf6, 0x66, 0xf7, 0x54, 0xf5, 0x55, 0xf6, 0x44, 0xf5, 0x43, 0xf4, 0x54, 0xf5, 0x43, 0xf4,
    0x54, 0xf6, 0x55, 0xf6, 0x54, 0xf5, 0x54, 0xf5, 0x65, 0xf6, 0x43, 0xf4, 0x65, 0xf7, 0x55, 0xf6,
    0x65, 0xf6, 0x55, 0xf6, 0x55, 0xf6, 0x44, 0xf5, 0x54, 0xf5, 0x44, 0xf5, 0x54, 0xf5, 0x54, 0xf5,
    0x33, 0xf4, 0x55, 0xf6, 0x43, 0xf4, 0x43, 0xf4, 0x65, 0xf7, 0x54, 0xf6, 0x55, 0xf6, 0x54, 0xf5,
    0x43, 0xf5, 0x54, 0xf5, 0x54, 0xf5, 0x55, 0xf6, 0x65, 0xf6, 0x43, 0xf4, 0x65, 0xf6, 0x44, 0xf5,
    0x44, 0xf5, 0x44, 0xf5, 0x54, 0xf5, 0x54, 0xf5, 0x55, 0xf6, 0x55, 0xf6, 0x43, 0xf4, 0x44, 0xf5,
    0x54, 0xf5, 0x43, 0xf4, 0x55, 0xf6, 0x54, 0xf5, 0x44, 0xf5, 0x54, 0xf5, 0x43, 0xf4, 0x54, 0xf5,
    0x55, 0xf6, 0x55, 0xf6, 0x65, 0xf7, 0x77, 0xf8, 0x33, 0xf4, 0x44, 0xf5, 0x44, 0xf5, 0x43, 0xf4,
    0x65, 0xf6, 0x43, 0xf4, 0x66, 0xf7, 0x44, 0xf5, 0x33, 0xf4, 0x54, 0xf5, 0x33, 0xf4, 0x55, 0xf6,
    0x66, 0xf6, 0x55, 0xf6, 0x55, 0xf6, 0x55, 0xf5, 0x43, 0xf4, 0x44, 0xf5, 0x33, 0xf4, 0x22, 0xf3,
    0x43, 0xf5, 0x43, 0xf5, 0x54, 0xf6, 0x32, 0xf4, 0x54, 0xf7, 0x53, 0xf6, 0x43, 0xf5, 0x43, 0xf5,
    0x32, 0xf4, 0x53, 0xf6, 0x32, 0xf4, 0x53, 0xf6, 0x64, 0xf8, 0x64, 0xf8, 0x74, 0xf9, 0x64, 0xf8,
    0x53, 0xf7, 0x43, 0xf6, 0x64, 0xf8, 0x54, 0xf6, 0x53, 0xf6, 0x53, 0xf7, 0x43, 0xf5, 0x42, 0xf5,
    0x64, 0xf7, 0x75, 0xf8, 0x64, 0xf8, 0x87, 0xf9, 0x53, 0xf6, 0x43, 0xf6, 0x64, 0xf7, 0x75, 0xf8,
    0x21, 0xf2, 0x42, 0xf5, 0x43, 0xf5, 0x64, 0xf7, 0x43, 0xf6, 0x64, 0xf8, 0x32, 0xf4, 0x64, 0xf7,
    0x76, 0xf7, 0x65, 0xf8, 0x33, 0xf4, 0x54, 0xf6, 0x53, 0xf6, 0x43, 0xf6, 0x53, 0xf6, 0x43, 0xf5,
    0x64, 0xf8, 0x75, 0xf9, 0x53, 0xf6, 0x75, 0xf8, 0x64, 0xf7, 0x43, 0xf6, 0x75, 0xf8, 0x64, 0xf7,
    0x53, 0xf6, 0x53, 0xf6, 0x42, 0xf5, 0x42, 0xf5, 0x53, 0xf6, 0x53, 0xf6, 0x32, 0xf4, 0x53, 0xf6,
    0x53, 0xf6, 0x63, 0xf8, 0x53, 0xf6, 0x42, 0xf6, 0x43, 0xf6, 0x21, 0xf4, 0x32, 0xf4, 0x42, 0xf5,
    0x64, 0xf7, 0x54, 0xf6, 0x65, 0xf8, 0x43, 0xf5, 0x21, 0xf3, 0x43, 0xf6, 0x21, 0xf3, 0x43, 0xf5,
    0x42, 0xf5, 0x53, 0xf6, 0x32, 0xf4, 0x43, 0xf6, 0x54, 0xf6, 0x65, 0xf7, 0x65, 0xf7, 0x65, 0xf7,
    0x53, 0xf6, 0x43, 0xf6, 0x54, 0xf7, 0x43, 0xf5, 0x53, 0xf6, 0x43, 0xf5, 0x53, 0xf6, 0x43, 0xf5,
    0x76, 0xf9, 0x43, 0xf5, 0x54, 0xf7, 0x32, 0xf4, 0x43, 0xf5, 0x42, 0xf6, 0x43, 0xf5, 0x53, 0xf6,
    0x53, 0xf6, 0x32, 0xf3, 0x53, 0xf7, 0x53, 0xf6, 0x54, 0xf6, 0x54, 0xf6, 0x54, 0xf7, 0x65, 0xf7,
    0x42, 0xf6, 0x42, 0xf5, 0x53, 0xf6, 0x43, 0xf6, 0x42, 0xf6, 0x54, 0xf6, 0x43, 0xf6, 0x53, 0xf6,
    0x43, 0xf5, 0x43, 0xf5, 0x43, 0xf5, 0x43, 0xf6, 0x53, 0xf6, 0x43, 0xf5, 0x43, 0xf6, 0x42, 0xf5,
    0x22, 0xf3, 0x75, 0xf8, 0x32, 0xf4, 0x53, 0xf7, 0x64, 0xf7, 0x42, 0xf5, 0x42, 0xf5, 0x64, 0xf7,
    0x32, 0xf3, 0x53, 0xf7, 0x32, 0xf4, 0x32, 0xf5, 0x32, 0xf5, 0x53, 0xf6, 0x21, 0xf3, 0x43, 0xf5,
    0x32, 0xf5, 0x43, 0xf6, 0x64, 0xf8, 0x42, 0xf5, 0x43, 0xf6, 0x43, 0xf6, 0x43, 0xf5, 0x43, 0xf5,
    0x54, 0xf7, 0x53, 0xf6, 0x43, 0xf5, 0x43, 0xf5, 0x43, 0xf6, 0x32, 0xf5, 0x43, 0xf5, 0x32, 0xf4,
    0x32, 0xf3, 0x22, 0xf3, 0x33, 0xf4, 0x54, 0xf6, 0x32, 0xf4, 0x43, 0xf4, 0x54, 0xf6, 0x54, 0xf5,
    0x32, 0xf4, 0x87, 0xf9, 0x32, 0xf4, 0x54, 0xf6, 0x65, 0xf6, 0x44, 0xf5, 0x54, 0xf5, 0x54, 0xf5,
    0x54, 0xf5, 0x32, 0xf4, 0x54, 0xf5, 0x32, 0xf4, 0x22, 0xf3, 0x32, 0xf5, 0x22, 0xf3, 0x32, 0xf4,
    0x65, 0xf6, 0x54, 0xf5, 0x65, 0xf7, 0x44, 0xf5, 0x32, 0xf4, 0x32, 0xf4, 0x32, 0xf3, 0x32, 0xf4,
    0x53, 0xf6, 0x43, 0xf6, 0x54, 0xf6, 0x43, 0xf5, 0x43, 0xf6, 0x54, 0xf6, 0x53, 0xf6, 0x43, 0xf6,
    0x42, 0xf5, 0x43, 0xf5, 0x42, 0xf5, 0x32, 0xf4, 0x43, 0xf6, 0x43, 0xf6, 0x43, 0xf5, 0x53, 0xf6,
    0x53, 0xf6, 0x43, 0xf6, 0x43, 0xf5, 0x53, 0xf6, 0x53, 0xf6, 0x53, 0xf7, 0x53, 0xf6, 0x53, 0xf6,
    0x53, 0xf6, 0x53, 0xf7, 0x43, 0xf6, 0x53, 0xf6, 0x53, 0xf7, 0x43, 0xf6, 0x53, 0xf6, 0x43, 0xf6,
    0x42, 0xf5, 0x43, 0xf5, 0x42, 0xf5, 0x43, 0xf5, 0x43, 0xf5, 0x54, 0xf6, 0x43, 0xf5, 0x43, 0xf6,
    0x42, 0xf5, 0x32, 0xf5, 0x43, 0xf5, 0x43, 0xf5, 0x43, 0xf6, 0x42, 0xf5, 0x42, 0xf5, 0x42, 0xf5,
    0x43, 0xf6, 0x42, 0xf5, 0x43, 0xf6, 0x53, 0xf6, 0x43, 0xf6, 0x53, 0xf7, 0x53, 0xf6, 0x53, 0xf6,
    0x54, 0xf6, 0x64, 0xf7, 0x64, 0xf7, 0x53, 0xf7, 0x43, 0xf5, 0x43, 0xf5, 0x53, 0xf6, 0x63, 0xf7,
    0x54, 0xf6, 0x32, 0xf4, 0x65, 0xf7, 0x42, 0xf5, 0x43, 0xf5, 0x21, 0xf2, 0x32, 0xf4, 0x32, 0xf4,
    0x43, 0xf5, 0x42, 0xf5, 0x32, 0xf4, 0x43, 0xf5, 0x32, 0xf4, 0x32, 0xf5, 0x53, 0xf6, 0x31, 0xf4,
    0x43, 0xf6, 0x65, 0xf8, 0x54, 0xf7, 0x75, 0xf9, 0x63, 0xf7, 0x75, 0xf8, 0x52, 0xf7, 0x53, 0xf7,
    0x42, 0xf5, 0x53, 0xf6, 0x42, 0xf5, 0x43, 0xf5, 0x53, 0xf6, 0x31, 0xf4, 0x32, 0xf4, 0x32, 0xf4,
    0x32, 0xf4, 0x53, 0xf6, 0x32, 0xf4, 0x42, 0xf5, 0x43, 0xf6, 0x53, 0xf7, 0x32, 0xf4, 0x43, 0xf5,
    0x32, 0xf3, 0x43, 0xf6, 0x32, 0xf4, 0x43, 0xf5, 0x43, 0xf5, 0x42, 0xf5, 0x43, 0xf6, 0x53, 0xf7,
    0x53, 0xf6, 0x32, 0xf4, 0x43, 0xf5, 0x43, 0xf5, 0x32, 0xf4, 0x42, 0xf5, 0x54, 0xf6, 0x43, 0xf5,
    0x43, 0xf5, 0x54, 0xf6, 0x53, 0xf6, 0x43, 0xf4, 0x54, 0xf6, 0x33, 0xf4, 0x32, 0xf4, 0x32, 0xf3,
    0x54, 0xf6, 0x21, 0xf3, 0x53, 0xf6, 0x32, 0xf5, 0x21, 0xf3, 0x32, 0xf4, 0x32, 0xf4, 0x32, 0xf4,
    0x32, 0xf5, 0x53, 0xf6, 0x32, 0xf4, 0x43, 0xf5, 0x43, 0xf5, 0x43, 0xf5, 0x54, 0xf5, 0x54, 0xf6,
    0x43, 0xf5, 0x11, 0xf2, 0x54, 0xf6, 0x43, 0xf5, 0x21, 0xf3, 0x32, 0xf5, 0x32, 0xf3, 0x22, 0xf3,
    0x54, 0xf6, 0x64, 0xf7, 0x43, 0xf5, 0x43, 0xf5, 0x43, 0xf5, 0x21, 0xf2, 0x54, 0xf6, 0x32, 0xf4,
    0x32, 0xf4, 0x65, 0xf7, 0x21, 0xf3, 0x43, 0xf5, 0x65, 0xf6, 0x65, 0xf7, 0x43, 0xf5, 0x43, 0xf5,
    0x31, 0xf4, 0x42, 0xf5, 0x32, 0xf5, 0x32, 0xf5, 0x43, 0xf5, 0x32, 0xf4, 0x32, 0xf5, 0x42, 0xf5,
    0x43, 0xf5, 0x43, 0xf5, 0x43, 0xf5, 0x32, 0xf4, 0x55, 0xf6, 0x32, 0xf3, 0x43, 0xf5, 0x33, 0xf4,
    0x54, 0xf6, 0x32, 0xf3, 0x54, 0xf6, 0x32, 0xf3, 0x32, 0xf3, 0x32, 0xf4, 0x32, 0xf4, 0x53, 0xf6,
    0x32, 0xf4, 0x43, 0xf5, 0x54, 0xf6, 0x54, 0xf6, 0x64, 0xf7, 0x54, 0xf7, 0x54, 0xf6, 0x54, 0xf6,
    0x65, 0xf6, 0x65, 0xf7, 0x65, 0xf6, 0x54, 0xf6, 0x54, 0xf6, 0x32, 0xf4, 0x43, 0xf5, 0x42, 0xf5,
    0x54, 0xf6, 0x21, 0xf3, 0x32, 0xf4, 0x32, 0xf4, 0x32, 0xf4, 0x43, 0xf5, 0x32, 0xf4, 0x32, 0xf4,
    0x21, 0xf3, 0x42, 0xf6, 0x21, 0xf3, 0x42, 0xf6, 0x42, 0xf5, 0x43, 0xf6, 0x54, 0xf7, 0x43, 0xf6,
    0x54, 0xf6, 0x54, 0xf6, 0x53, 0xf6, 0x87, 0xf9, 0x42, 0xf5, 0x53, 0xf7, 0x64, 0xf6, 0x42, 0xf5,
    0x54, 0xf6, 0x65, 0xf7, 0x65, 0xf7, 0x53, 0xf6, 0x43, 0xf5, 0x32, 0xf3, 0x32, 0xf4, 0x42, 0xf5,
    0x31, 0xf4, 0x43, 0xf6, 0x42, 0xf6, 0x53, 0xf6, 0x53, 0xf7, 0x54, 0xf7, 0x64, 0xf8, 0x53, 0xf7,
    0x32, 0xf4, 0x53, 0xf6, 0x32, 0xf4, 0x32, 0xf4, 0x64, 0xf7, 0x42, 0xf6, 0x42, 0xf5, 0x54, 0xf6,
    0x54, 0xf6, 0x32, 0xf3, 0x43, 0xf6, 0x32, 0xf4, 0x31, 0xf5, 0x31, 0xf5, 0x32, 0xf5, 0x53, 0xf7,
    0x43, 0xf5, 0x32, 0xf4, 0x42, 0xf5, 0x32, 0xf4, 0x53, 0xf6, 0x86, 0xf9, 0x32, 0xf4, 0x43, 0xf6,
    0x54, 0xf6, 0x53, 0xf7, 0x53, 0xf6, 0x85, 0xfa, 0x53, 0xf7, 0x64, 0xf9, 0x42, 0xf6, 0x43, 0xf6,
    0x42, 0xf5, 0x64, 0xf8, 0x42, 0xf5, 0x32, 0xf4, 0x43, 0xf6, 0x53, 0xf6, 0x32, 0xf4, 0x54, 0xf6,
    0x65, 0xf8, 0x32, 0xf5, 0x43, 0xf6, 0x42, 0xf5, 0x21, 0xf3, 0x42, 0xf5, 0x43, 0xf5, 0x42, 0xf5,
    0x32, 0xf5, 0x32, 0xf4, 0x42, 0xf5, 0x31, 0xf4, 0x43, 0xf5, 0x43, 0xf5, 0x43, 0xf5, 0x64, 0xf7,
    0x53, 0xf6, 0x53, 0xf6, 0x65, 0xf7, 0x65, 0xf7, 0x54, 0xf6, 0x53, 0xf6, 0x65, 0xf7, 0x53, 0xf6,
    0x53, 0xf7, 0x54, 0xf7, 0x43, 0xf6, 0x43, 0xf5, 0x64, 0xf7, 0x65, 0xf8, 0x65, 0xf8, 0x54, 0xf6,
    0x42, 0xf5, 0x43, 0xf6, 0x21, 0xf4, 0x42, 0xf6, 0x54, 0xf6, 0x65, 0xf7, 0x64, 0xf7, 0x54, 0xf7,
    0x22, 0xf3, 0x32, 0xf4, 0x21, 0xf3, 0x32, 0xf4, 0x53, 0xf6, 0x42, 0xf5, 0x43, 0xf6, 0x42, 0xf6,
    0x75, 0xf8, 0x54, 0xf7, 0x65, 0xf8, 0x53, 0xf6, 0x21, 0xf3, 0x21, 0xf3, 0x42, 0xf5, 0x43, 0xf5,
    0x42, 0xf5, 0x32, 0xf5, 0x32, 0xf5, 0x64, 0xf7, 0x43, 0xf6, 0x43, 0xf5, 0x54, 0xf6, 0x43, 0xf5,
    0x32, 0xf4, 0x43, 0xf5, 0x42, 0xf5, 0x32, 0xf5, 0x43, 0xf6, 0x43, 0xf6, 0x32, 0xf4, 0x42, 0xf5,
    0x42, 0xf5, 0x32, 0xf5, 0x53, 0xf7, 0x32, 0xf4, 0x32, 0xf5, 0x42, 0xf5, 0x42, 0xf5, 0x42, 0xf5,
    0x65, 0xf7, 0x64, 0xf7, 0x53, 0xf6, 0x32, 0xf4, 0x75, 0xf8, 0x43, 0xf5, 0x64, 0xf7, 0x64, 0xf7,
    0x32, 0xf4, 0x53, 0xf6, 0x42, 0xf5, 0x53, 0xf6, 0x75, 0xf8, 0x54, 0xf6, 0x54, 0xf6, 0x43, 0xf5,
    0x43, 0xf5, 0x32, 0xf4, 0x54, 0xf5, 0x43, 0xf5, 0x43, 0xf5, 0x43, 0xf5, 0x32, 0xf4, 0x32, 0xf4,
    0x32, 0xf4, 0x43, 0xf5, 0x32, 0xf4, 0x43, 0xf6, 0x43, 0xf5, 0x21, 0xf3, 0x54, 0xf6, 0x43, 0xf5,
    0x32, 0xf4, 0x32, 0xf4, 0x32, 0xf4, 0x32, 0xf4, 0x42, 0xf5, 0x42, 0xf5, 0x53, 0xf6, 0x53, 0xf6,
    0x32, 0xf4, 0x32, 0xf4, 0x32, 0xf4, 0x43, 0xf4, 0x43, 0xf5, 0x43, 0xf5, 0x32, 0xf4, 0x32, 0xf3,
    0x43, 0xf6, 0x42, 0xf5, 0x43, 0xf5, 0x42, 0xf5, 0x42, 0xf5, 0x43, 0xf5, 0x42, 0xf5, 0x43, 0xf5,
    0x54, 0xf5, 0x43, 0xf5, 0x54, 0xf6, 0x54, 0xf6, 0x53, 0xf6, 0x65, 0xf7, 0x43, 0xf5, 0x53, 0xf6,
    0x32, 0xf4, 0x32, 0xf4, 0x42, 0xf5, 0x32, 0xf5, 0x32, 0xf4, 0x32, 0xf4, 0x32, 0xf5, 0x32, 0xf4,
    0x43, 0xf5, 0x43, 0xf5, 0x43, 0xf5, 0x43, 0xf5, 0x54, 0xf6, 0x32, 0xf4, 0x64, 0xf8, 0x43, 0xf5,
    0x42, 0xf6, 0x32, 0xf4, 0x64, 0xf7, 0x54, 0xf6, 0x43, 0xf5, 0x54, 0xf6, 0x43, 0xf4, 0x65, 0xf7,
    0x65, 0xf7, 0x54, 0xf6, 0x54, 0xf7, 0x64, 0xf7, 0x65, 0xf7, 0x65, 0xf7, 0x65, 0xf8, 0x65, 0xf7,
    0x42, 0xf5, 0x42, 0xf6, 0x43, 0xf5, 0x42, 0xf5, 0x42, 0xf5, 0x43, 0xf5, 0x42, 0xf5, 0x53, 0xf7,
    0x42, 0xf5, 0x32, 0xf4, 0x76, 0xf8, 0x65, 0xf7, 0x32, 0xf4, 0x42, 0xf7, 0x32, 0xf4, 0x42, 0xf6,
    0x64, 0xf7, 0x54, 0xf6, 0x64, 0xf7, 0x54, 0xf6, 0x75, 0xf8, 0x65, 0xf7, 0x65, 0xf7, 0x43, 0xf5,
    0x54, 0xf7, 0x54, 0xf6, 0x43, 0xf5, 0x54, 0xf7, 0x65, 0xf7, 0x53, 0xf6, 0x54, 0xf6, 0x64, 0xf7,
    0x64, 0xf7, 0x76, 0xf8, 0x54, 0xf6, 0x75, 0xf8, 0x54, 0xf6, 0x32, 0xf5, 0x54, 0xf6, 0x64, 0xf6,
    0x64, 0xf7, 0x53, 0xf6, 0x53, 0xf6, 0x53, 0xf6, 0x43, 0xf5, 0x54, 0xf5, 0x64, 0xf7, 0x43, 0xf6,
    0x43, 0xf5, 0x43, 0xf5, 0x54, 0xf6, 0x53, 0xf6, 0x43, 0xf5, 0x42, 0xf5, 0x31, 0xf4, 0x43, 0xf6,
    0x42, 0xf6, 0x32, 0xf4, 0x53, 0xf7, 0x43, 0xf6, 0x54, 0xf6, 0x54, 0xf6, 0x53, 0xf6, 0x42, 0xf5,
    0x32, 0xf5, 0x54, 0xf6, 0x43, 0xf5, 0x54, 0xf6, 0x42, 0xf5, 0x42, 0xf5, 0x53, 0xf6, 0x53, 0xf6,
    0x32, 0xf4, 0x54, 0xf7, 0x32, 0xf3, 0x64, 0xf7, 0x64, 0xf7, 0x43, 0xf6, 0x43, 0xf5, 0x64, 0xf8,
    0x42, 0xf5, 0x53, 0xf6, 0x43, 0xf5, 0x42, 0xf5, 0x54, 0xf7, 0x43, 0xf5, 0x53, 0xf7, 0x42, 0xf5,
    0x43, 0xf4, 0x32, 0xf4, 0x32, 0xf4, 0x53, 0xf6, 0x42, 0xf5, 0x42, 0xf5, 0x43, 0xf6, 0x53, 0xf7,
    0x64, 0xf7, 0x64, 0xf7, 0x32, 0xf5, 0x42, 0xf5, 0x21, 0xf3, 0x54, 0xf7, 0x32, 0xf5, 0x21, 0xf4,
    0x42, 0xf5, 0x42, 0xf5, 0x43, 0xf6, 0x64, 0xf7, 0x43, 0xf6, 0x32, 0xf5, 0x64, 0xf7, 0x43, 0xf5,
    0x64, 0xf7, 0x75, 0xf8, 0x43, 0xf5, 0x53, 0xf6, 0x32, 0xf4, 0x32, 0xf5, 0x54, 0xf6, 0x52, 0xf6,
    0x42, 0xf5, 0x53, 0xf6, 0x42, 0xf6, 0x53, 0xf6, 0x64, 0xf7, 0x43, 0xf5, 0x32, 0xf4, 0x42, 0xf5,
    0x53, 0xf6, 0x43, 0xf5, 0x54, 0xf7, 0x43, 0xf5, 0x32, 0xf4, 0x54, 0xf6, 0x42, 0xf5, 0x32, 0xf5,
    0x42, 0xf5, 0x32, 0xf4, 0x53, 0xf7, 0x42, 0xf5, 0x53, 0xf6, 0x42, 0xf6, 0x42, 0xf5, 0x42, 0xf6,
    0x43, 0xf5, 0x42, 0xf5, 0x43, 0xf5, 0x42, 0xf5, 0x42, 0xf5, 0x53, 0xf6, 0x42, 0xf5, 0x53, 0xf7,
    0x43, 0xf5, 0x33, 0xf4, 0x55, 0xf6, 0x65, 0xf7, 0x33, 0xf4, 0x43, 0xf5, 0x65, 0xf6, 0x43, 0xf5,
    0x53, 0xf7, 0x42, 0xf5, 0x64, 0xf7, 0x43, 0xf5, 0x32, 0xf4, 0x32, 0xf5, 0x32, 0xf4, 0x32, 0xf4,
    0x64, 0xf8, 0x53, 0xf6, 0x43, 0xf5, 0x32, 0xf4, 0x32, 0xf5, 0x53, 0xf6, 0x32, 0xf4, 0x53, 0xf7,
    0x65, 0xf7, 0x42, 0xf5, 0x43, 0xf6, 0x43, 0xf5, 0x43, 0xf5, 0x53, 0xf6, 0x53, 0xf6, 0x65, 0xf8,
    0x31, 0xf4, 0x42, 0xf5, 0x42, 0xf6, 0x43, 0xf5, 0x43, 0xf5, 0x53, 0xf6, 0x65, 0xf7, 0x43, 0xf5,
    0x53, 0xf6, 0x54, 0xf6, 0x64, 0xf7, 0x64, 0xf8, 0x64, 0xf7, 0x53, 0xf5, 0x42, 0xf5, 0x54, 0xf6,
    0x65, 0xf8, 0x64, 0xf7, 0x54, 0xf6, 0x53, 0xf6, 0x65, 0xf8, 0x42, 0xf5, 0x65, 0xf8, 0x43, 0xf5,
    0x64, 0xf8, 0x53, 0xf6, 0x42, 0xf5, 0x42, 0xf5, 0x42, 0xf6, 0x43, 0xf6, 0x42, 0xf5, 0x43, 0xf6,
    0x32, 0xf4, 0x43, 0xf5, 0x32, 0xf4, 0x32, 0xf4, 0x42, 0xf5, 0x53, 0xf7, 0x42, 0xf5, 0x53, 0xf6,
    0x32, 0xf4, 0x53, 0xf6, 0x31, 0xf4, 0x43, 0xf5, 0x65, 0xf7, 0x54, 0xf7, 0x64, 0xf7, 0x53, 0xf6,
    0x42, 0xf5, 0x32, 0xf5, 0x53, 0xf7, 0x42, 0xf6, 0x53, 0xf6, 0x53, 0xf6, 0x64, 0xf8, 0x43, 0xf5,
    0x65, 0xf7, 0x65, 0xf6, 0x55, 0xf6, 0x55, 0xf6, 0x65, 0xf6, 0x54, 0xf6, 0x43, 0xf5, 0x54, 0xf5,
    0x43, 0xf4, 0x44, 0xf5, 0x54, 0xf6, 0x54, 0xf6, 0x43, 0xf5, 0x87, 0xf9, 0x65, 0xf6, 0x65, 0xf7,
    0x54, 0xf6, 0x54, 0xf5, 0x77, 0xf8, 0x76, 0xf7, 0x43, 0xf5, 0x32, 0xf5, 0x54, 0xf6, 0x32, 0xf4,
    0x76, 0xf8, 0x54, 0xf6, 0x65, 0xf6, 0x55, 0xf6, 0x44, 0xf5, 0x21, 0xf3, 0x32, 0xf3, 0x21, 0xf3,
    0x65, 0xf6, 0x55, 0xf6, 0x55, 0xf6, 0x54, 0xf5, 0x65, 0xf6, 0x54, 0xf6, 0x65, 0xf7, 0x65, 0xf7,
    0x43, 0xf5, 0x54, 0xf6, 0x43, 0xf5, 0x44, 0xf5, 0x65, 0xf6, 0x66, 0xf7, 0x65, 0xf6, 0x76, 0xf7,
    0x55, 0xf6, 0x65, 0xf6, 0x55, 0xf6, 0x65, 0xf6, 0x22, 0xf3, 0x31, 0xf4, 0x22, 0xf3, 0x31, 0xf4,
    0x65, 0xf7, 0x44, 0xf5, 0x55, 0xf6, 0x33, 0xf4, 0x21, 0xf3, 0x31, 0xf4, 0x32, 0xf4, 0x32, 0xf5,
    0x32, 0xf4, 0x32, 0xf4, 0x32, 0xf4, 0x32, 0xf4, 0x43, 0xf5, 0x53, 0xf6, 0x43, 0xf6, 0x43, 0xf5,
    0x31, 0xf4, 0x32, 0xf4, 0x32, 0xf4, 0x42, 0xf5, 0x42, 0xf5, 0x42, 0xf5, 0x43, 0xf6, 0x42, 0xf6,
    0x42, 0xf6, 0x53, 0xf7, 0x32, 0xf5, 0x54, 0xf7, 0x42, 0xf6, 0x43, 0xf5, 0x32, 0xf5, 0x42, 0xf5,
    0x42, 0xf5, 0x53, 0xf6, 0x42, 0xf5, 0x42, 0xf6, 0x54, 0xf7, 0x32, 0xf4, 0x54, 0xf7, 0x42, 0xf5,
    0x32, 0xf5, 0x53, 0xf6, 0x32, 0xf4, 0x42, 0xf5, 0x53, 0xf6, 0x43, 0xf6, 0x42, 0xf5, 0x43, 0xf6,
    0x31, 0xf4, 0x32, 0xf4, 0x21, 0xf4, 0x42, 0xf5, 0x43, 0xf6, 0x32, 0xf4, 0x54, 0xf7, 0x43, 0xf5,
    0x53, 0xf6, 0x43, 0xf5, 0x53, 0xf7, 0x43, 0xf5, 0x42, 0xf5, 0x42, 0xf5, 0x32, 0xf4, 0x42, 0xf5,
    0x32, 0xf4, 0x42, 0xf5, 0x42, 0xf5, 0x42, 0xf5, 0x32, 0xf4, 0x43, 0xf5, 0x32, 0xf4, 0x43, 0xf5,
    0x54, 0xf6, 0x54, 0xf6, 0x65, 0xf8, 0x54, 0xf6, 0x43, 0xf5, 0x54, 0xf7, 0x54, 0xf6, 0x32, 0xf5,
    0x53, 0xf6, 0x54, 0xf7, 0x42, 0xf5, 0x53, 0xf6, 0x64, 0xf7, 0x42, 0xf5, 0x54, 0xf7, 0x53, 0xf7,
    0x64, 0xf7, 0x54, 0xf6, 0x43, 0xf5, 0x43, 0xf5, 0x64, 0xf7, 0x75, 0xf8, 0x42, 0xf5, 0x43, 0xf5,
    0x32, 0xf5, 0x42, 0xf5, 0x42, 0xf6, 0x53, 0xf7, 0x42, 0xf6, 0x42, 0xf5, 0x53, 0xf6, 0x32, 0xf5,
    0x43, 0xf5, 0x43, 0xf5, 0x65, 0xf7, 0x43, 0xf5, 0x32, 0xf5, 0x42, 0xf6, 0x32, 0xf5, 0x42, 0xf6,
    0x53, 0xf6, 0x43, 0xf5, 0x32, 0xf4, 0x33, 0xf4, 0x32, 0xf4, 0x32, 0xf4, 0x32, 0xf4, 0x32, 0xf4,
    0x43, 0xf6, 0x64, 0xf8, 0x53, 0xf6, 0x64, 0xf8, 0x64, 0xf7, 0x53, 0xf6, 0x53, 0xf6, 0x64, 0xf8,
    0x43, 0xf5, 0x64, 0xf7, 0x64, 0xf7, 0x53, 0xf6, 0x43, 0xf6, 0x53, 0xf6, 0x32, 0xf5, 0x53, 0xf6,
    0x43, 0xf5, 0x64, 0xf7, 0x42, 0xf5, 0x42, 0xf5, 0x86, 0xf9, 0x64, 0xf7, 0x54, 0xf7, 0x43, 0xf6,
    0x54, 0xf7, 0x53, 0xf7, 0x54, 0xf6, 0x53, 0xf6, 0x32, 0xf5, 0x53, 0xf7, 0x21, 0xf3, 0x42, 0xf5,
    0x32, 0xf5, 0x64, 0xf7, 0x53, 0xf6, 0x42, 0xf5, 0x53, 0xf6, 0x43, 0xf6, 0x53, 0xf7, 0x64, 0xf7,
    0x63, 0xf8, 0x31, 0xf5, 0x42, 0xf6, 0x42, 0xf5, 0x54, 0xf7, 0x65, 0xf7, 0x53, 0xf6, 0x54, 0xf6,
    0x63, 0xf7, 0x53, 0xf7, 0x53, 0xf7, 0x53, 0xf6, 0x31, 0xf4, 0x42, 0xf5, 0x43, 0xf6, 0x64, 0xf7,
    0x43, 0xf6, 0x32, 0xf5, 0x53, 0xf6, 0x53, 0xf7, 0x64, 0xf8, 0x75, 0xf9, 0x64, 0xf8, 0x64, 0xf8,
    0x32, 0xf5, 0x43, 0xf6, 0x64, 0xf7, 0x43, 0xf6, 0x31, 0xf4, 0x53, 0xf6, 0x32, 0xf5, 0x42, 0xf6,
    0x65, 0xf8, 0x64, 0xf8, 0x53, 0xf7, 0x43, 0xf6, 0x42, 0xf5, 0x32, 0xf4, 0x32, 0xf4, 0x21, 0xf3,
    0x42, 0xf5, 0x43, 0xf5, 0x53, 0xf7, 0x42, 0xf6, 0x32, 0xf4, 0x42, 0xf5, 0x43, 0xf6, 0x53, 0xf6,
    0x42, 0xf6, 0x42, 0xf6, 0x43, 0xf6, 0x42, 0xf5, 0x43, 0xf5, 0x43, 0xf5, 0x43, 0xf5, 0x42, 0xf5,
    0x54, 0xf7, 0x64, 0xf8, 0x53, 0xf6, 0x53, 0xf6, 0x32, 0xf5, 0x42, 0xf5, 0x32, 0xf4, 0x32, 0xf4,
    0x32, 0xf5, 0x32, 0xf4, 0x43, 0xf6, 0x53, 0xf6, 0x43, 0xf5, 0x53, 0xf6, 0x53, 0xf6, 0x75, 0xf8,
    0x43, 0xf5, 0x43, 0xf5, 0x43, 0xf5, 0x64, 0xf7, 0x32, 0xf5, 0x42, 0xf5, 0x42, 0xf5, 0x32, 0xf4,
    0x43, 0xf5, 0x43, 0xf5, 0x43, 0xf6, 0x43, 0xf6, 0x32, 0xf5, 0x42, 0xf6, 0x32, 0xf4, 0x43, 0xf5,
    0x53, 0xf6, 0x53, 0xf6, 0x43, 0xf5, 0x43, 0xf5, 0x43, 0xf5, 0x53, 0xf6, 0x43, 0xf5, 0x53, 0xf6,
    0x43, 0xf5, 0x53, 0xf6, 0x54, 0xf6, 0x53, 0xf6, 0x43, 0xf5, 0x43, 0xf5, 0x53, 0xf6, 0x32, 0xf5,
    0x53, 0xf7, 0x64, 0xf7, 0x53, 0xf6, 0x43, 0xf5, 0x53, 0xf7, 0x64, 0xf8, 0x42, 0xf6, 0x64, 0xf8,
    0x43, 0xf6, 0x53, 0xf6, 0x53, 0xf6, 0x42, 0xf5, 0x43, 0xf6, 0x43, 0xf5, 0x42, 0xf5, 0x42, 0xf5,
    0x53, 0xf7, 0x42, 0xf5, 0x86, 0xf9, 0x43, 0xf5, 0x32, 0xf4, 0x43, 0xf5, 0x43, 0xf5, 0x76, 0xf8,
    0x54, 0xf6, 0x54, 0xf6, 0x32, 0xf4, 0x54, 0xf6, 0x65, 0xf7, 0x54, 0xf5, 0x32, 0xf3, 0x21, 0xf2,
    0x54, 0xf6, 0x54, 0xf6, 0x54, 0xf6, 0x43, 0xf5, 0x53, 0xf6, 0x43, 0xf6, 0x43, 0xf6, 0x42, 0xf6,
    0x64, 0xf7, 0x43, 0xf6, 0x42, 0xf5, 0x42, 0xf5, 0x53, 0xf7, 0x42, 0xf5, 0x43, 0xf6, 0x42, 0xf5,
    0x42, 0xf5, 0x32, 0xf4, 0x42, 0xf6, 0x76, 0xf7, 0x54, 0xf6, 0x54, 0xf6, 0x76, 0xf8, 0x66, 0xf7,
    0x43, 0xf5, 0x65, 0xf6, 0x43, 0xf5, 0x65, 0xf6, 0x65, 0xf7, 0x76, 0xf7, 0x54, 0xf5, 0x55, 0xf6,
    0x75, 0xf8, 0x54, 0xf6, 0x42, 0xf5, 0x54, 0xf6, 0x54, 0xf6, 0x65, 0xf7, 0x54, 0xf6, 0x65, 0xf7,
    0x42, 0xf4, 0x76, 0xf8, 0x32, 0xf4, 0x54, 0xf6, 0x76, 0xf8, 0x65, 0xf6, 0x65, 0xf7, 0x87, 0xf9,
    0x76, 0xf7, 0x65, 0xf7, 0x76, 0xf7, 0x65, 0xf7, 0x54, 0xf5, 0x75, 0xf7, 0x75, 0xf7, 0x65, 0xf7,
    0x65, 0xf7, 0x65, 0xf6, 0x77, 0xf8, 0x55, 0xf6, 0x54, 0xf6, 0x43, 0xf5, 0x65, 0xf7, 0x54, 0xf5,
    0x32, 0xf4, 0x43, 0xf5, 0x42, 0xf5, 0x53, 0xf6, 0x54, 0xf6, 0x65, 0xf7, 0x32, 0xf4, 0x54, 0xf6,
    0x32, 0xf4, 0x53, 0xf6, 0x43, 0xf5, 0x42, 0xf5, 0x32, 0xf4, 0x43, 0xf5, 0x42, 0xf5, 0x42, 0xf5,
    0x98, 0xf9, 0x54, 0xf5, 0x87, 0xf8, 0x42, 0xf4, 0x54, 0xf6, 0x54, 0xf6, 0x32, 0xf4, 0x32, 0xf4,
    0x53, 0xf6, 0x31, 0xf4, 0x43, 0xf6, 0x43, 0xf5, 0x42, 0xf5, 0x43, 0xf5, 0x53, 0xf6, 0x54, 0xf7,
    0x65, 0xf7, 0x53, 0xf6, 0x54, 0xf6, 0x43, 0xf5, 0x43, 0xf6, 0x32, 0xf4, 0x43, 0xf5, 0x43, 0xf5,
    0x32, 0xf3, 0x32, 0xf4, 0x32, 0xf4, 0x32, 0xf4, 0x32, 0xf4, 0x32, 0xf4, 0x32, 0xf4, 0x43, 0xf5,
    0x32, 0xf4, 0x32, 0xf4, 0x32, 0xf4, 0x42, 0xf5, 0x43, 0xf5, 0x43, 0xf5, 0x43, 0xf5, 0x42, 0xf5,
    0x43, 0xf5, 0x43, 0xf5, 0x43, 0xf5, 0x43, 0xf5, 0x43, 0xf5, 0x43, 0xf5, 0x43, 0xf5, 0x43, 0xf5,
    0x43, 0xf5, 0x65, 0xf7, 0x43, 0xf6, 0x64, 0xf7, 0x32, 0xf4, 0x43, 0xf5, 0x32, 0xf5, 0x32, 0xf4,
    0x32, 0xf4, 0x43, 0xf5, 0x32, 0xf4, 0x21, 0xf3, 0x54, 0xf7, 0x54, 0xf6, 0x32, 0xf4, 0x43, 0xf5,
    0x32, 0xf4, 0x32, 0xf4, 0x32, 0xf4, 0x42, 0xf5, 0x43, 0xf5, 0x43, 0xf6, 0x42, 0xf5, 0x53, 0xf6,
    0x32, 0xf4, 0x43, 0xf5, 0x43, 0xf5, 0x43, 0xf5, 0x43, 0xf5, 0x53, 0xf6, 0x42, 0xf5, 0x53, 0xf6,
    0x75, 0xf8, 0x64, 0xf8, 0x54, 0xf6, 0x54, 0xf7, 0x21, 0xf3, 0x32, 0xf4, 0x32, 0xf4, 0x32, 0xf4,
    0x42, 0xf5, 0x21, 0xf3, 0x54, 0xf6, 0x32, 0xf4, 0x43, 0xf5, 0x43, 0xf5, 0x53, 0xf6, 0x53, 0xf6,
    0x65, 0xf7, 0x65, 0xf7, 0x42, 0xf5, 0x43, 0xf5, 0x42, 0xf5, 0x43, 0xf5, 0x43, 0xf5, 0x43, 0xf5,
    0x42, 0xf5, 0x43, 0xf5, 0x43, 0xf5, 0x43, 0xf5, 0x43, 0xf5, 0x43, 0xf5, 0x43, 0xf5, 0x43, 0xf5,
    0x42, 0xf5, 0x32, 0xf5, 0x32, 0xf4, 0x53, 0xf7, 0x42, 0xf5, 0x43, 0xf5, 0x42, 0xf6, 0x32, 0xf4,
    0x53, 0xf6, 0x53, 0xf6, 0x43, 0xf6, 0x43, 0xf5, 0x42, 0xf6, 0x64, 0xf7, 0x64, 0xf7, 0x64, 0xf7,
    0x43, 0xf5, 0x43, 0xf5, 0x32, 0xf4, 0x43, 0xf5, 0x43, 0xf6, 0x42, 0xf5, 0x43, 0xf5, 0x32, 0xf4,
    0x53, 0xf6, 0x42, 0xf5, 0x42, 0xf5, 0x32, 0xf4, 0x43, 0xf5, 0x43, 0xf5, 0x64, 0xf7, 0x64, 0xf7,
    0x53, 0xf6, 0x32, 0xf4, 0x42, 0xf5, 0x53, 0xf6, 0x43, 0xf5, 0x43, 0xf5, 0x53, 0xf6, 0x43, 0xf5,
    0x53, 0xf6, 0x53, 0xf6, 0x54, 0xf7, 0x43, 0xf6, 0x43, 0xf5, 0x32, 0xf4, 0x64, 0xf7, 0x32, 0xf4,
    0x43, 0xf5, 0x32, 0xf4, 0x43, 0xf5, 0x43, 0xf5, 0x43, 0xf5, 0x43, 0xf6, 0x43, 0xf5, 0x43, 0xf6,
    0x43, 0xf5, 0x43, 0xf5, 0x32, 0xf5, 0x43, 0xf5, 0x43, 0xf6, 0x54, 0xf6, 0x43, 0xf6, 0x43, 0xf6,
    0x43, 0xf5, 0x54, 0xf7, 0x43, 0xf6, 0x43, 0xf5, 0x64, 0xf7, 0x42, 0xf5, 0x42, 0xf5, 0x74, 0xf8,
    0x43, 0xf5, 0x43, 0xf5, 0x32, 0xf5, 0x42, 0xf5, 0x43, 0xf6, 0x64, 0xf7, 0x43, 0xf5, 0x54, 0xf7,
    0x32, 0xf4, 0x32, 0xf4, 0x32, 0xf4, 0x32, 0xf4, 0x42, 0xf5, 0x42, 0xf5, 0x54, 0xf6, 0x54, 0xf6,
    0x64, 0xf7, 0x65, 0xf7, 0x76, 0xf8, 0x65, 0xf7, 0x65, 0xf7, 0x65, 0xf7, 0x65, 0xf7, 0x65, 0xf7,
    0x54, 0xf7, 0x53, 0xf6, 0x42, 0xf5, 0x32, 0xf5, 0x65, 0xf8, 0x43, 0xf5, 0x43, 0xf6, 0x43, 0xf5,
    0x42, 0xf5, 0x42, 0xf5, 0x42, 0xf5, 0x53, 0xf6, 0x54, 0xf7, 0x53, 0xf6, 0x53, 0xf6, 0x43, 0xf6,
    0x32, 0xf4, 0x32, 0xf5, 0x32, 0xf4, 0x43, 0xf6, 0x42, 0xf5, 0x54, 0xf7, 0x53, 0xf6, 0x43, 0xf6,
    0x42, 0xf5, 0x64, 0xf7, 0x64, 0xf7, 0x54, 0xf7, 0x64, 0xf7, 0x54, 0xf7, 0x64, 0xf7, 0x54, 0xf7,
    0x53, 0xf7, 0x54, 0xf7, 0x53, 0xf6, 0x43, 0xf6, 0x43, 0xf6, 0x64, 0xf8, 0x43, 0xf6, 0x64, 0xf7,
    0x43, 0xf5, 0x32, 0xf4, 0x53, 0xf6, 0x43, 0xf5, 0x53, 0xf6, 0x64, 0xf8, 0x43, 0xf6, 0x54, 0xf7,
    0x65, 0xf7, 0x53, 0xf6, 0x64, 0xf7, 0x64, 0xf7, 0x64, 0xf7, 0x64, 0xf7, 0x64, 0xf8, 0x43, 0xf6,
    0x75, 0xf8, 0x75, 0xf8, 0x64, 0xf7, 0x64, 0xf7, 0x64, 0xf8, 0x42, 0xf5, 0x43, 0xf5, 0x43, 0xf4,
    0x53, 0xf5, 0x43, 0xf5, 0x43, 0xf5, 0x54, 0xf6, 0x32, 0xf4, 0x64, 0xf7, 0x33, 0xf4, 0x42, 0xf5,
    0x43, 0xf5, 0x43, 0xf5, 0x43, 0xf6, 0x43, 0xf5, 0x54, 0xf6, 0x43, 0xf5, 0x43, 0xf5, 0x43, 0xf5,
    0x43, 0xf6, 0x42, 0xf5, 0x52, 0xf7, 0x42, 0xf6, 0x63, 0xf7, 0x64, 0xf8, 0x42, 0xf5, 0x42, 0xf5,
    0x42, 0xf5, 0x32, 0xf5, 0x32, 0xf4, 0x22, 0xf3, 0x21, 0xf3, 0x43, 0xf5, 0x32, 0xf4, 0x65, 0xf6,
    0x54, 0xf6, 0x43, 0xf6, 0x43, 0xf6, 0x43, 0xf6, 0x43, 0xf5, 0x42, 0xf4, 0x32, 0xf4, 0x43, 0xf5,
    0x32, 0xf5, 0x43, 0xf5, 0x54, 0xf6, 0x64, 0xf7, 0x43, 0xf6, 0x32, 0xf4, 0x64, 0xf8, 0x32, 0xf4,
    0x43, 0xf4, 0x43, 0xf4, 0x44, 0xf5, 0x43, 0xf5, 0x22, 0xf3, 0x43, 0xf5, 0x32, 0xf3, 0x43, 0xf5,
    0x43, 0xf5, 0x65, 0xf6, 0x54, 0xf6, 0x54, 0xf5, 0x54, 0xf6, 0x32, 0xf4, 0x54, 0xf5, 0x32, 0xf4,
    0x43, 0xf5, 0x43, 0xf5, 0x43, 0xf6, 0x43, 0xf5, 0x54, 0xf6, 0x43, 0xf6, 0x42, 0xf5, 0x53, 0xf6,
    0x53, 0xf6, 0x32, 0xf4, 0x43, 0xf6, 0x42, 0xf5, 0x43, 0xf6, 0x64, 0xf7, 0x43, 0xf6, 0x43, 0xf6,
    0x53, 0xf7, 0x43, 0xf5, 0x53, 0xf6, 0x53, 0xf6, 0x32, 0xf4, 0x42, 0xf5, 0x32, 0xf4, 0x43, 0xf5,
    0x43, 0xf5, 0x54, 0xf7, 0x32, 0xf4, 0x53, 0xf6, 0x53, 0xf6, 0x53, 0xf6, 0x64, 0xf7, 0x43, 0xf5,
    0x43, 0xf5, 0x43, 0xf5, 0x54, 0xf6, 0x64, 0xf6, 0x53, 0xf6, 0x53, 0xf6, 0x32, 0xf4, 0x32, 0xf4,
    0x54, 0xf5, 0x54, 0xf6, 0x54, 0xf6, 0x54, 0xf6, 0x32, 0xf4, 0x21, 0xf3, 0x43, 0xf4, 0x32, 0xf4,
    0x32, 0xf4, 0x32, 0xf4, 0x43, 0xf5, 0x32, 0xf4, 0x43, 0xf5, 0x53, 0xf6, 0x42, 0xf5, 0x64, 0xf7,
    0x32, 0xf4, 0x32, 0xf4, 0x43, 0xf5, 0x32, 0xf4, 0x53, 0xf7, 0x75, 0xf9, 0x42, 0xf5, 0x64, 0xf8,
    0x43, 0xf6, 0x53, 0xf6, 0x43, 0xf6, 0x42, 0xf5, 0x63, 0xf8, 0x53, 0xf6, 0x63, 0xf8, 0x53, 0xf7,
    0x54, 0xf7, 0x42, 0xf5, 0x53, 0xf7, 0x64, 0xf8, 0x43, 0xf6, 0x42, 0xf6, 0x64, 0xf8, 0x32, 0xf5,
    0x55, 0xf6, 0x54, 0xf5, 0x44, 0xf5, 0x32, 0xf4, 0x33, 0xf4, 0x32, 0xf4, 0x32, 0xf4, 0x43, 0xf5,
    0x43, 0xf5, 0x32, 0xf4, 0x32, 0xf4, 0x32, 0xf4, 0x32, 0xf4, 0x54, 0xf6, 0x43, 0xf5, 0x54, 0xf6,
    0x64, 0xf7, 0x65, 0xf7, 0x42, 0xf5, 0x53, 0xf6, 0x64, 0xf7, 0x53, 0xf7, 0x53, 0xf7, 0x64, 0xf8,
    0x43, 0xf6, 0x42, 0xf6, 0x86, 0xf9, 0x64, 0xf8, 0x53, 0xf7, 0x64, 0xf8, 0x53, 0xf7, 0x53, 0xf7,
    0x43, 0xf5, 0x32, 0xf4, 0x75, 0xf9, 0x32, 0xf4, 0x43, 0xf5, 0x43, 0xf5, 0x32, 0xf4, 0x32, 0xf4,
    0x42, 0xf5, 0x21, 0xf3, 0x21, 0xf3, 0x32, 0xf4, 0x32, 0xf4, 0x32, 0xf4, 0x64, 0xf7, 0x32, 0xf4,
    0x42, 0xf6, 0x54, 0xf6, 0x53, 0xf6, 0x64, 0xf8, 0x65, 0xf7, 0x42, 0xf6, 0x53, 0xf6, 0x43, 0xf6,
    0x64, 0xf7, 0x54, 0xf7, 0x65, 0xf7, 0x75, 0xf8, 0x54, 0xf6, 0x43, 0xf5, 0x53, 0xf6, 0x32, 0xf4,
    0x42, 0xf6, 0x21, 0xf3, 0x64, 0xf8, 0x54, 0xf6, 0x43, 0xf5, 0x53, 0xf6, 0x54, 0xf6, 0x31, 0xf4,
    0x75, 0xf8, 0x65, 0xf8, 0x65, 0xf7, 0x43, 0xf6, 0x54, 0xf7, 0x32, 0xf5, 0x52, 0xf7, 0x63, 0xf7,
    0x87, 0xf9, 0x65, 0xf7, 0x54, 0xf6, 0x32, 0xf4, 0x31, 0xf4, 0x42, 0xf5, 0x32, 0xf4, 0x53, 0xf6,
    0x32, 0xf4, 0x32, 0xf4, 0x43, 0xf5, 0x32, 0xf4, 0x42, 0xf5, 0x74, 0xf9, 0x53, 0xf7, 0x42, 0xf6,
    0x32, 0xf4, 0x53, 0xf7, 0x53, 0xf6, 0x85, 0xf9, 0x32, 0xf4, 0x43, 0xf5, 0x53, 0xf7, 0x53, 0xf5,
    0x42, 0xf5, 0x42, 0xf6, 0x32, 0xf5, 0x32, 0xf4, 0x53, 0xf6, 0x76, 0xf8, 0x42, 0xf5, 0x54, 0xf6,
    0x32, 0xf5, 0x32, 0xf4, 0x42, 0xf6, 0x54, 0xf7, 0x64, 0xf7, 0x43, 0xf6, 0x53, 0xf6, 0x43, 0xf5,
    0x43, 0xf6, 0x64, 0xf7, 0x54, 0xf6, 0x76, 0xf8, 0x64, 0xf7, 0x54, 0xf6, 0x87, 0xf9, 0x76, 0xf8,
    0x75, 0xf8, 0x75, 0xf8, 0x54, 0xf6, 0x65, 0xf7, 0x65, 0xf7, 0x65, 0xf7, 0x54, 0xf6, 0x65, 0xf7,
    0x43, 0xf5, 0x65, 0xf7, 0x65, 0xf7, 0x75, 0xf7, 0x76, 0xf7, 0x65, 0xf7, 0x65, 0xf7, 0x65, 0xf7,
    0x76, 0xf8, 0x76, 0xf8, 0x75, 0xf8, 0x65, 0xf7, 0x76, 0xf8, 0x65, 0xf7, 0x76, 0xf7, 0x65, 0xf7,
    0x87, 0xf9, 0x65, 0xf7, 0x76, 0xf8, 0x76, 0xf8, 0x65, 0xf7, 0x65, 0xf7, 0x75, 0xf8, 0x76, 0xf8,
    0x76, 0xf8, 0x87, 0xf9, 0x65, 0xf7, 0x87, 0xf9, 0x76, 0xf8, 0x43, 0xf4, 0x65, 0xf7, 0x21, 0xf3,
    0x65, 0xf7, 0x87, 0xf9, 0x86, 0xf9, 0x65, 0xf7, 0x44, 0xf5, 0x32, 0xf4, 0x32, 0xf3, 0x42, 0xf5,
    0x64, 0xf7, 0x64, 0xf7, 0x53, 0xf6, 0x43, 0xf6, 0x53, 0xf7, 0x42, 0xf5, 0x32, 0xf5, 0x42, 0xf5,
    0x32, 0xf5, 0x42, 0xf5, 0x42, 0xf4, 0x32, 0xf4, 0x32, 0xf5, 0x32, 0xf4, 0x32, 0xf4, 0x42, 0xf5,
    0x53, 0xf6, 0x42, 0xf5, 0x53, 0xf6, 0x53, 0xf6, 0x63, 0xf7, 0x64, 0xf7, 0x53, 0xf6, 0x53, 0xf6,
    0x53, 0xf6, 0x53, 0xf6, 0x42, 0xf5, 0x42, 0xf5, 0x32, 0xf4, 0x42, 0xf5, 0x43, 0xf6, 0x64, 0xf7,
    0x65, 0xf7, 0x33, 0xf4, 0x65, 0xf6, 0x65, 0xf6, 0x21, 0xf3, 0x32, 0xf4, 0x76, 0xf8, 0x32, 0xf4,
    0x54, 0xf6, 0x55, 0xf6, 0x54, 0xf5, 0x44, 0xf5, 0x76, 0xf8, 0x33, 0xf4, 0x43, 0xf4, 0x32, 0xf4,
    0x42, 0xf6, 0x21, 0xf3, 0x32, 0xf5, 0x32, 0xf4, 0x42, 0xf5, 0x53, 0xf7, 0x43, 0xf5, 0x54, 0xf6,
    0x42, 0xf5, 0x54, 0xf6, 0x64, 0xf8, 0x65, 0xf8, 0x65, 0xf7, 0x55, 0xf6, 0x65, 0xf6, 0x54, 0xf6,
    0x43, 0xf5, 0x76, 0xf8, 0x32, 0xf4, 0x54, 0xf6, 0x75, 0xf8, 0x75, 0xf8, 0x65, 0xf7, 0x32, 0xf3,
    0x31, 0xf4, 0x53, 0xf7, 0x42, 0xf6, 0x74, 0xfa, 0x53, 0xf6, 0x21, 0xf3, 0x64, 0xf8, 0x42, 0xf5,
    0x65, 0xf7, 0x32, 0xf4, 0x21, 0xf3, 0x42, 0xf5, 0x43, 0xf5, 0x54, 0xf6, 0x42, 0xf5, 0x42, 0xf5,
    0x53, 0xf7, 0x42, 0xf6, 0x53, 0xf7, 0x42, 0xf6, 0x42, 0xf5, 0x53, 0xf6, 0x53, 0xf6, 0x42, 0xf5,
    0x42, 0xf5, 0x31, 0xf4, 0x54, 0xf6, 0x43, 0xf4, 0x32, 0xf4, 0x42, 0xf5, 0x43, 0xf5, 0x32, 0xf4,
    0x65, 0xf7, 0x76, 0xf8, 0x65, 0xf7, 0x76, 0xf7, 0x54, 0xf6, 0x21, 0xf3, 0x54, 0xf6, 0x32, 0xf4,
    0x42, 0xf6, 0x42, 0xf5, 0x32, 0xf5, 0x32, 0xf5, 0x43, 0xf5, 0x64, 0xf7, 0x54, 0xf6, 0x76, 0xf8,
    0x42, 0xf5, 0x53, 0xf6, 0x43, 0xf5, 0x54, 0xf6, 0x65, 0xf7, 0x43, 0xf5, 0x53, 0xf6, 0x32, 0xf5,
    0x65, 0xf7, 0x54, 0xf6, 0x65, 0xf7, 0x54, 0xf6, 0x32, 0xf3, 0x42, 0xf5, 0x42, 0xf5, 0x54, 0xf7,
    0x76, 0xf8, 0x33, 0xf4, 0x43, 0xf4, 0x21, 0xf2, 0x42, 0xf5, 0x64, 0xf7, 0x32, 0xf3, 0x32, 0xf4,
    0x53, 0xf6, 0x32, 0xf4, 0x42, 0xf5, 0x42, 0xf5, 0x42, 0xf5, 0x31, 0xf4, 0x32, 0xf3, 0x22, 0xf3,
    0x32, 0xf4, 0x43, 0xf4, 0x43, 0xf4, 0x43, 0xf4, 0x32, 0xf3, 0x32, 0xf3, 0x43, 0xf5, 0x33, 0xf4,
    0x22, 0xf3, 0x32, 0xf4, 0x64, 0xf7, 0x54, 0xf6, 0x33, 0xf4, 0x44, 0xf5, 0x44, 0xf5, 0x54, 0xf5,
    0x54, 0xf5, 0x54, 0xf6, 0x33, 0xf4, 0x32, 0xf3, 0x43, 0xf4, 0x54, 0xf5, 0x43, 0xf4, 0x44, 0xf5,
    0x54, 0xf5, 0x43, 0xf4, 0x43, 0xf4, 0x33, 0xf4, 0x43, 0xf4, 0x44, 0xf5, 0x33, 0xf4, 0x44, 0xf5,
    0x55, 0xf6, 0x43, 0xf4, 0x44, 0xf5, 0x54, 0xf5, 0x33, 0xf4, 0x44, 0xf5, 0x44, 0xf5, 0x43, 0xf5,
    0x64, 0xf7, 0x85, 0xf9, 0x22, 0xf3, 0x43, 0xf5, 0x53, 0xf6, 0x32, 0xf4, 0x42, 0xf5, 0x32, 0xf5,
    0x32, 0xf3, 0x21, 0xf2, 0x33, 0xf4, 0x22, 0xf3, 0x32, 0xf4, 0x53, 0xf6, 0x33, 0xf4, 0x64, 0xf8,
    0x21, 0xf3, 0x43, 0xf5, 0x32, 0xf5, 0x53, 0xf6, 0x65, 0xf6, 0x42, 0xf5, 0x54, 0xf7, 0x43, 0xf6,
    0x42, 0xf6, 0x53, 0xf6, 0x43, 0xf6, 0x32, 0xf5, 0x42, 0xf6, 0x52, 0xf7, 0x42, 0xf6, 0x32, 0xf4,
    0x44, 0xf4, 0x22, 0xf3, 0x44, 0xf5, 0x22, 0xf3, 0x21, 0xf3, 0x43, 0xf6, 0x21, 0xf3, 0x53, 0xf6,
    0x54, 0xf5, 0x32, 0xf3, 0x65, 0xf7, 0x32, 0xf4, 0x21, 0xf3, 0x42, 0xf6, 0x42, 0xf6, 0x52, 0xf7,
    0x42, 0xf6, 0x42, 0xf6, 0x42, 0xf5, 0x42, 0xf5, 0x42, 0xf6, 0x42, 0xf6, 0x42, 0xf5, 0x64, 0xf7,
    0x31, 0xf5, 0x42, 0xf5, 0x53, 0xf7, 0x64, 0xf8, 0x32, 0xf5, 0x42, 0xf5, 0x63, 0xf7, 0x75, 0xf9,
    0x43, 0xf5, 0x43, 0xf5, 0x42, 0xf5, 0x43, 0xf4, 0x44, 0xf5, 0x43, 0xf4, 0x44, 0xf5, 0x44, 0xf5,
    0x43, 0xf5, 0x53, 0xf6, 0x32, 0xf4, 0x54, 0xf6, 0x43, 0xf5, 0x43, 0xf4, 0x53, 0xf6, 0x43, 0xf5,
    0x43, 0xf5, 0x55, 0xf5, 0x33, 0xf4, 0x43, 0xf4, 0x55, 0xf6, 0x33, 0xf4, 0x54, 0xf6, 0x43, 0xf5,
    0x32, 0xf4, 0x44, 0xf5, 0x43, 0xf5, 0x44, 0xf5, 0x44, 0xf5, 0x43, 0xf5, 0x43, 0xf4, 0x53, 0xf6,
    0x54, 0xf6, 0x54, 0xf6, 0x64, 0xf7, 0x43, 0xf5, 0x43, 0xf4, 0x43, 0xf4, 0x33, 0xf4, 0x32, 0xf3,
    0x43, 0xf5, 0x54, 0xf5, 0x43, 0xf5, 0x33, 0xf4, 0x32, 0xf4, 0x32, 0xf4, 0x32, 0xf5, 0x42, 0xf5,
    0x43, 0xf5, 0x43, 0xf5, 0x43, 0xf6, 0x42, 0xf6, 0x22, 0xf3, 0x54, 0xf6, 0x43, 0xf5, 0x43, 0xf5,
    0x43, 0xf6, 0x53, 0xf7, 0x54, 0xf7, 0x75, 0xf9, 0x76, 0xf8, 0x54, 0xf5, 0x76, 0xf8, 0x54, 0xf5,
    0x32, 0xf4, 0x32, 0xf4, 0x32, 0xf4, 0x21, 0xf3, 0x63, 0xf7, 0x64, 0xf8, 0x43, 0xf6, 0x53, 0xf7,
    0x53, 0xf6, 0x32, 0xf4, 0x53, 0xf7, 0x32, 0xf4, 0x43, 0xf5, 0x43, 0xf5, 0x32, 0xf3, 0x32, 0xf4,
    0x64, 0xf8, 0x53, 0xf7, 0x53, 0xf7, 0x53, 0xf6, 0x53, 0xf7, 0x53, 0xf7, 0x53, 0xf7, 0x63, 0xf7,
    0x53, 0xf7, 0x64, 0xf8, 0x64, 0xf8, 0x53, 0xf7, 0x53, 0xf7, 0x53, 0xf7, 0x42, 0xf6, 0x53, 0xf7,
    0x54, 0xf6, 0x43, 0xf4, 0x54, 0xf6, 0x65, 0xf7, 0x21, 0xf3, 0x42, 0xf5, 0x32, 0xf4, 0x42, 0xf5,
    0x43, 0xf5, 0x55, 0xf6, 0x54, 0xf6, 0x54, 0xf6, 0x44, 0xf5, 0x21, 0xf3, 0x43, 0xf4, 0x21, 0xf3,
    0x53, 0xf6, 0x32, 0xf5, 0x53, 0xf6, 0x32, 0xf4, 0x42, 0xf5, 0x32, 0xf5, 0x42, 0xf5, 0x32, 0xf5,
    0x54, 0xf7, 0x53, 0xf6, 0x43, 0xf6, 0x54, 0xf6, 0x53, 0xf6, 0x52, 0xf6, 0x53, 0xf6, 0x53, 0xf7,
    0x53, 0xf6, 0x54, 0xf7, 0x31, 0xf4, 0x54, 0xf7, 0x54, 0xf5, 0x54, 0xf5, 0x64, 0xf7, 0x42, 0xf5,
    0x75, 0xf8, 0x53, 0xf6, 0x64, 0xf8, 0x64, 0xf8, 0x32, 0xf4, 0x42, 0xf5, 0x42, 0xf6, 0x32, 0xf4,
    0x21, 0xf2, 0x32, 0xf3, 0x32, 0xf4, 0x43, 0xf5, 0x42, 0xf5, 0x32, 0xf4, 0x43, 0xf5, 0x54, 0xf5,
    0x43, 0xf5, 0x43, 0xf5, 0x32, 0xf4, 0x43, 0xf5, 0x43, 0xf4, 0x54, 0xf6, 0x43, 0xf4, 0x65, 0xf6,
    0x75, 0xf9, 0x64, 0xf8, 0x74, 0xf8, 0x74, 0xf9, 0x42, 0xf6, 0x21, 0xf2, 0x32, 0xf5, 0x21, 0xf2,
    0x64, 0xf8, 0x74, 0xf9, 0x64, 0xf8, 0x64, 0xf8, 0x64, 0xf8, 0x21, 0xf3, 0x75, 0xf9, 0x54, 0xf7,
    0x32, 0xf4, 0x54, 0xf6, 0x43, 0xf5, 0x43, 0xf5, 0x54, 0xf5, 0x54, 0xf6, 0x43, 0xf4, 0x43, 0xf5,
    0x32, 0xf3, 0x32, 0xf4, 0x43, 0xf5, 0x54, 0xf5, 0x32, 0xf4, 0x43, 0xf5, 0x32, 0xf3, 0x33, 0xf4,
    0x31, 0xf4, 0x43, 0xf5, 0x32, 0xf3, 0x32, 0xf5, 0x64, 0xf7, 0x65, 0xf8, 0x64, 0xf7, 0x43, 0xf5,
    0x54, 0xf5, 0x32, 0xf5, 0x54, 0xf5, 0x32, 0xf5, 0x32, 0xf5, 0x32, 0xf5, 0x53, 0xf6, 0x42, 0xf5,
    0x43, 0xf5, 0x32, 0xf4, 0x32, 0xf5, 0x32, 0xf4, 0x32, 0xf4, 0x43, 0xf5, 0x32, 0xf4, 0x43, 0xf5,
    0x42, 0xf5, 0x42, 0xf5, 0x42, 0xf5, 0x42, 0xf5, 0x43, 0xf5, 0x32, 0xf4, 0x32, 0xf5, 0x32, 0xf5,
    0x33, 0xf4, 0x43, 0xf5, 0x54, 0xf6, 0x32, 0xf4, 0x54, 0xf6, 0x43, 0xf5, 0x32, 0xf5, 0x43, 0xf6,
    0x32, 0xf5, 0x53, 0xf6, 0x42, 0xf5, 0x53, 0xf6, 0x43, 0xf5, 0x43, 0xf5, 0x43, 0xf6, 0x54, 0xf5,
    0x43, 0xf6, 0x32, 0xf5, 0x43, 0xf5, 0x43, 0xf4, 0x32, 0xf4, 0x32, 0xf4, 0x43, 0xf4, 0x54, 0xf5,
    0x54, 0xf5, 0x65, 0xf6, 0x54, 0xf5, 0x54, 0xf5, 0x65, 0xf6, 0x54, 0xf5, 0x65, 0xf6, 0x44, 0xf5,
    0x75, 0xf8, 0x75, 0xf9, 0x74, 0xf9, 0x64, 0xf7, 0x63, 0xf7, 0x53, 0xf6, 0x32, 0xf4, 0x43, 0xf5,
    0x42, 0xf5, 0x31, 0xf4, 0x42, 0xf6, 0x42, 0xf5, 0x32, 0xf4, 0x42, 0xf5, 0x42, 0xf5, 0x53, 0xf6,
    0x65, 0xf7, 0x65, 0xf7, 0x32, 0xf4, 0x32, 0xf4, 0x32, 0xf4, 0x43, 0xf5, 0x32, 0xf4, 0x54, 0xf6,
    0x42, 0xf5, 0x32, 0xf4, 0x32, 0xf4, 0x53, 0xf6, 0x43, 0xf5, 0x43, 0xf5, 0x53, 0xf7, 0x43, 0xf6,
    0x63, 0xf7, 0x53, 0xf7, 0x53, 0xf7, 0x42, 0xf6, 0x42, 0xf5, 0x43, 0xf6, 0x32, 0xf4, 0x53, 0xf6,
    0x42, 0xf5, 0x43, 0xf6, 0x32, 0xf4, 0x53, 0xf6, 0x43, 0xf5, 0x43, 0xf6, 0x43, 0xf6, 0x53, 0xf6,
    0x42, 0xf5, 0x42, 0xf6, 0x52, 0xf7, 0x64, 0xf8, 0x53, 0xf7, 0x53, 0xf7, 0x54, 0xf6, 0x31, 0xf4,
    0x53, 0xf7, 0x52, 0xf7, 0x63, 0xf8, 0x42, 0xf6, 0x43, 0xf6, 0x32, 0xf5, 0x42, 0xf6, 0x42, 0xf6,
    0x53, 0xf6, 0x54, 0xf7, 0x43, 0xf5, 0x43, 0xf6, 0x53, 0xf6, 0x54, 0xf6, 0x64, 0xf8, 0x54, 0xf6,
    0x43, 0xf5, 0x42, 0xf6, 0x64, 0xf7, 0x42, 0xf5, 0x43, 0xf6, 0x43, 0xf6, 0x21, 0xf3, 0x43, 0xf5,
    0x44, 0xf5, 0x43, 0xf4, 0x44, 0xf5, 0x43, 0xf4, 0x55, 0xf6, 0x55, 0xf6, 0x54, 0xf5, 0x66, 0xf7,
    0x54, 0xf6, 0x44, 0xf5, 0x54, 0xf5, 0x54, 0xf5, 0x54, 0xf5, 0x55, 0xf6, 0x44, 0xf5, 0x43, 0xf4,
    0x64, 0xf8, 0x53, 0xf6, 0x64, 0xf8, 0x64, 0xf7, 0x32, 0xf4, 0x43, 0xf5, 0x65, 0xf7, 0x64, 0xf7,
    0x42, 0xf6, 0x75, 0xf8, 0x42, 0xf6, 0x75, 0xf8, 0x75, 0xf8, 0x65, 0xf7, 0x75, 0xf8, 0x64, 0xf8,
    0x43, 0xf5, 0x44, 0xf5, 0x54, 0xf6, 0x54, 0xf5, 0x54, 0xf5, 0x44, 0xf5, 0x43, 0xf5, 0x44, 0xf5,
    0x65, 0xf7, 0x65, 0xf6, 0x65, 0xf7, 0x65, 0xf6, 0x44, 0xf5, 0x43, 0xf4, 0x54, 0xf5, 0x44, 0xf5,
    0x54, 0xf7, 0x43, 0xf6, 0x43, 0xf5, 0x43, 0xf6, 0x42, 0xf5, 0x32, 0xf4, 0x53, 0xf6, 0x32, 0xf5,
    0x32, 0xf4, 0x42, 0xf5, 0x32, 0xf4, 0x32, 0xf4, 0x42, 0xf5, 0x43, 0xf5, 0x32, 0xf4, 0x43, 0xf4,
    0x43, 0xf5, 0x52, 0xf6, 0x32, 0xf4, 0x43, 0xf4, 0x42, 0xf6, 0x32, 0xf5, 0x43, 0xf4, 0x43, 0xf5,
    0x43, 0xf4, 0x54, 0xf5, 0x44, 0xf5, 0x55, 0xf6, 0x76, 0xf7, 0x55, 0xf6, 0x55, 0xf6, 0x76, 0xf7,
    0x43, 0xf4, 0x54, 0xf6, 0x54, 0xf5, 0x76, 0xf7, 0x55, 0xf6, 0x44, 0xf5, 0x54, 0xf6, 0x44, 0xf5,
    0x54, 0xf5, 0x65, 0xf7, 0x65, 0xf6, 0x65, 0xf6, 0x54, 0xf5, 0x65, 0xf7, 0x43, 0xf4, 0x65, 0xf6,
    0x44, 0xf5, 0x55, 0xf6, 0x54, 0xf5, 0x54, 0xf5, 0x54, 0xf5, 0x65, 0xf6, 0x55, 0xf6, 0x65, 0xf6,
    0x54, 0xf5, 0x44, 0xf5, 0x65, 0xf6, 0x55, 0xf6, 0x54, 0xf5, 0x54, 0xf5, 0x44, 0xf5, 0x44, 0xf5,
    0x43, 0xf5, 0x32, 0xf3, 0x43, 0xf5, 0x44, 0xf5, 0x32, 0xf3, 0x43, 0xf4, 0x54, 0xf5, 0x43, 0xf4,
    0x43, 0xf4, 0x43, 0xf5, 0x44, 0xf5, 0x54, 0xf5, 0x54, 0xf5, 0x32, 0xf4, 0x44, 0xf5, 0x33, 0xf4,
    0x21, 0xf3, 0x43, 0xf5, 0x32, 0xf3, 0x43, 0xf5, 0x65, 0xf6, 0x65, 0xf7, 0x54, 0xf6, 0x76, 0xf7,
    0x32, 0xf3, 0x43, 0xf5, 0x32, 0xf4, 0x32, 0xf4, 0x64, 0xf7, 0x65, 0xf7, 0x64, 0xf7, 0x64, 0xf7,
    0x44, 0xf5, 0x44, 0xf5, 0x55, 0xf6, 0x44, 0xf5, 0x54, 0xf6, 0x43, 0xf5, 0x54, 0xf6, 0x43, 0xf5,
    0x54, 0xf5, 0x44, 0xf5, 0x43, 0xf5, 0x43, 0xf5, 0x44, 0xf5, 0x33, 0xf4, 0x44, 0xf5, 0x43, 0xf5,
    0x32, 0xf4, 0x32, 0xf3, 0x22, 0xf3, 0x43, 0xf5, 0x65, 0xf8, 0x86, 0xf9, 0x65, 0xf7, 0x76, 0xf9,
    0x32, 0xf4, 0x44, 0xf5, 0x42, 0xf5, 0x43, 0xf5, 0x43, 0xf4, 0x53, 0xf6, 0x43, 0xf5, 0x32, 0xf4,
    0x65, 0xf6, 0x44, 0xf5, 0x65, 0xf6, 0x54, 0xf5, 0x54, 0xf5, 0x65, 0xf6, 0x54, 0xf5, 0x65, 0xf6,
    0x55, 0xf6, 0x55, 0xf6, 0x54, 0xf5, 0x54, 0xf5, 0x44, 0xf5, 0x55, 0xf6, 0x44, 0xf5, 0x65, 0xf6,
    0x65, 0xf7, 0x44, 0xf5, 0x55, 0xf6, 0x43, 0xf4, 0x43, 0xf4, 0x44, 0xf5, 0x54, 0xf5, 0x54, 0xf5,
    0x55, 0xf6, 0x54, 0xf5, 0x55, 0xf6, 0x54, 0xf5, 0x55, 0xf5, 0x65, 0xf6, 0x76, 0xf7, 0x65, 0xf7,
    0x43, 0xf4, 0x44, 0xf5, 0x44, 0xf5, 0x54, 0xf5, 0x44, 0xf5, 0x65, 0xf6, 0x44, 0xf5, 0x65, 0xf6,
    0x54, 0xf5, 0x54, 0xf5, 0x54, 0xf5, 0x54, 0xf5, 0x54, 0xf5, 0x65, 0xf7, 0x54, 0xf5, 0x55, 0xf6,
    0x55, 0xf6, 0x65, 0xf7, 0x65, 0xf6, 0x54, 0xf5, 0x76, 0xf8, 0x55, 0xf6, 0x55, 0xf6, 0x44, 0xf5,
    0x55, 0xf6, 0x54, 0xf5, 0x54, 0xf5, 0x54, 0xf5, 0x54, 0xf6, 0x44, 0xf5, 0x54, 0xf5, 0x55, 0xf5,
    0x43, 0xf4, 0x43, 0xf5, 0x44, 0xf5, 0x54, 0xf6, 0x65, 0xf7, 0x64, 0xf7, 0x54, 0xf6, 0x54, 0xf6,
    0x54, 0xf5, 0x55, 0xf6, 0x65, 0xf6, 0x55, 0xf6, 0x54, 0xf6, 0x54, 0xf6, 0x43, 0xf4, 0x44, 0xf5,
    0x53, 0xf6, 0x43, 0xf4, 0x33, 0xf4, 0x43, 0xf5, 0x33, 0xf4, 0x32, 0xf4, 0x32, 0xf3, 0x32, 0xf4,
    0x43, 0xf4, 0x43, 0xf4, 0x43, 0xf4, 0x33, 0xf4, 0x32, 0xf3, 0x42, 0xf5, 0x32, 0xf3, 0x32, 0xf4,
    0x55, 0xf6, 0x54, 0xf5, 0x55, 0xf6, 0x44, 0xf5, 0x54, 0xf5, 0x44, 0xf4, 0x44, 0xf5, 0x55, 0xf6,
    0x55, 0xf6, 0x55, 0xf6, 0x44, 0xf5, 0x44, 0xf5, 0x44, 0xf5, 0x65, 0xf6, 0x44, 0xf5, 0x55, 0xf6,
    0x33, 0xf4, 0x33, 0xf4, 0x54, 0xf5, 0x44, 0xf4, 0x33, 0xf4, 0x33, 0xf4, 0x33, 0xf4, 0x54, 0xf6,
    0x44, 0xf4, 0x32, 0xf3, 0x32, 0xf3, 0x21, 0xf2, 0x11, 0xf2, 0x43, 0xf5, 0x11, 0xf2, 0x42, 0xf5,
    0x32, 0xf5, 0x64, 0xf7, 0x43, 0xf6, 0x53, 0xf6, 0x53, 0xf7, 0x53, 0xf6, 0x53, 0xf7, 0x32, 0xf5,
    0x42, 0xf5, 0x42, 0xf5, 0x32, 0xf4, 0x43, 0xf6, 0x43, 0xf5, 0x42, 0xf5, 0x42, 0xf5, 0x43, 0xf5,
    0x53, 0xf6, 0x42, 0xf6, 0x42, 0xf5, 0x42, 0xf5, 0x64, 0xf8, 0x42, 0xf5, 0x53, 0xf6, 0x43, 0xf6,
    0x42, 0xf5, 0x42, 0xf5, 0x42, 0xf5, 0x43, 0xf5, 0x43, 0xf5, 0x43, 0xf5, 0x54, 0xf5, 0x43, 0xf5,
    0x32, 0xf5, 0x32, 0xf5, 0x32, 0xf4, 0x43, 0xf5, 0x43, 0xf5, 0x54, 0xf5, 0x43, 0xf5, 0x43, 0xf5,
    0x44, 0xf5, 0x54, 0xf6, 0x44, 0xf5, 0x43, 0xf5, 0x54, 0xf6, 0x43, 0xf5, 0x44, 0xf5, 0x32, 0xf3,
    0x43, 0xf5, 0x43, 0xf5, 0x54, 0xf6, 0x54, 0xf5, 0x54, 0xf6, 0x42, 0xf6, 0x43, 0xf4, 0x42, 0xf6,
    0x54, 0xf5, 0x43, 0xf4, 0x32, 0xf4, 0x32, 0xf4, 0x32, 0xf4, 0x42, 0xf5, 0x54, 0xf6, 0x64, 0xf8,
    0x64, 0xf7, 0x75, 0xf9, 0x64, 0xf7, 0x74, 0xf8, 0x86, 0xf9, 0x75, 0xf8, 0x85, 0xf9, 0x75, 0xf8,
    0x54, 0xf6, 0x75, 0xf9, 0x65, 0xf7, 0x86, 0xfa, 0x75, 0xf9, 0x75, 0xf8, 0x86, 0xfa, 0x86, 0xf9,
    0x64, 0xf7, 0x65, 0xf7, 0x64, 0xf7, 0x75, 0xf8, 0x44, 0xf5, 0x55, 0xf6, 0x54, 0xf5, 0x54, 0xf5,
    0x76, 0xf9, 0x74, 0xf8, 0x86, 0xf9, 0x53, 0xf6, 0x53, 0xf6, 0x43, 0xf4, 0x43, 0xf6, 0x43, 0xf5,
    0x43, 0xf6, 0x43, 0xf5, 0x42, 0xf5, 0x32, 0xf5, 0x53, 0xf6, 0x65, 0xf8, 0x42, 0xf5, 0x42, 0xf5,
    0x32, 0xf5, 0x32, 0xf4, 0x53, 0xf7, 0x43, 0xf5, 0x53, 0xf7, 0x53, 0xf7, 0x43, 0xf6, 0x53, 0xf7,
    0x75, 0xf8, 0x43, 0xf6, 0x53, 0xf6, 0x43, 0xf5, 0x43, 0xf5, 0x54, 0xf6, 0x54, 0xf6, 0x65, 0xf7,
    0x53, 0xf7, 0x53, 0xf7, 0x42, 0xf5, 0x32, 0xf5, 0x43, 0xf6, 0x65, 0xf7, 0x32, 0xf5, 0x42, 0xf5,
    0x43, 0xf4, 0x33, 0xf4, 0x43, 0xf5, 0x32, 0xf3, 0x21, 0xf3, 0x32, 0xf5, 0x32, 0xf4, 0x43, 0xf5,
    0x54, 0xf5, 0x43, 0xf4, 0x54, 0xf5, 0x44, 0xf5, 0x43, 0xf4, 0x33, 0xf4, 0x43, 0xf4, 0x43, 0xf5,
    0x31, 0xf4, 0x64, 0xf7, 0x32, 0xf4, 0x64, 0xf8, 0x64, 0xf8, 0x64, 0xf8, 0x53, 0xf7, 0x64, 0xf7,
    0x22, 0xf3, 0x53, 0xf7, 0x22, 0xf3, 0x32, 0xf4, 0x53, 0xf7, 0x64, 0xf8, 0x52, 0xf6, 0x63, 0xf8,
    0x54, 0xf5, 0x43, 0xf4, 0x43, 0xf5, 0x54, 0xf5, 0x54, 0xf5, 0x43, 0xf5, 0x43, 0xf5, 0x31, 0xf4,
    0x43, 0xf5, 0x33, 0xf4, 0x22, 0xf3, 0x32, 0xf4, 0x32, 0xf4, 0x31, 0xf5, 0x32, 0xf5, 0x42, 0xf6,
    0x42, 0xf5, 0x21, 0xf3, 0x42, 0xf6, 0x64, 0xf8, 0x32, 0xf4, 0x42, 0xf6, 0x53, 0xf6, 0x31, 0xf5,
    0x64, 0xf8, 0x75, 0xf8, 0x54, 0xf7, 0x64, 0xf7, 0x65, 0xf8, 0x43, 0xf6, 0x65, 0xf8, 0x54, 0xf6,
    0x53, 0xf7, 0x42, 0xf6, 0x64, 0xf8, 0x64, 0xf8, 0x21, 0xf3, 0x43, 0xf6, 0x32, 0xf4, 0x21, 0xf3,
    0x53, 0xf7, 0x64, 0xf8, 0x42, 0xf5, 0x31, 0xf5, 0x32, 0xf5, 0x32, 0xf4, 0x32, 0xf4, 0x43, 0xf4,
    0x42, 0xf5, 0x53, 0xf6, 0x43, 0xf5, 0x53, 0xf6, 0x53, 0xf7, 0x42, 0xf6, 0x54, 0xf7, 0x64, 0xf7,
    0x54, 0xf5, 0x32, 0xf3, 0x64, 0xf6, 0x43, 0xf4, 0x43, 0xf5, 0x64, 0xf6, 0x32, 0xf4, 0x42, 0xf5,
    0x31, 0xf4, 0x32, 0xf4, 0x43, 0xf5, 0x32, 0xf4, 0x54, 0xf5, 0x65, 0xf7, 0x42, 0xf5, 0x43, 0xf6,
    0x42, 0xf5, 0x32, 0xf4, 0x32, 0xf3, 0x42, 0xf4, 0x43, 0xf6, 0x43, 0xf6, 0x32, 0xf5, 0x42, 0xf6,
    0x53, 0xf6, 0x42, 0xf5, 0x42, 0xf5, 0x42, 0xf6, 0x54, 0xf7, 0x43, 0xf6, 0x64, 0xf8, 0x64, 0xf7,
    0x64, 0xf7, 0x53, 0xf6, 0x65, 0xf8, 0x53, 0xf7, 0x53, 0xf7, 0x75, 0xf8, 0x64, 0xf8, 0x64, 0xf8,
    0x54, 0xf5, 0x55, 0xf6, 0x44, 0xf5, 0x54, 0xf6, 0x55, 0xf6, 0x43, 0xf4, 0x43, 0xf4, 0x33, 0xf3,
    0x54, 0xf6, 0x55, 0xf6, 0x55, 0xf6, 0x65, 0xf6, 0x33, 0xf4, 0x43, 0xf4, 0x33, 0xf4, 0x43, 0xf4,
    0x43, 0xf4, 0x43, 0xf4, 0x43, 0xf4, 0x54, 0xf5, 0x44, 0xf5, 0x54, 0xf5, 0x54, 0xf5, 0x54, 0xf5,
    0x44, 0xf5, 0x54, 0xf5, 0x43, 0xf5, 0x32, 0xf4, 0x44, 0xf5, 0x43, 0xf4, 0x43, 0xf4, 0x43, 0xf4,
    0x66, 0xf7, 0x66, 0xf7, 0x86, 0xf9, 0x65, 0xf6, 0x43, 0xf4, 0x33, 0xf4, 0x33, 0xf4, 0x43, 0xf4,
    0x86, 0xf9, 0x54, 0xf6, 0x75, 0xf7, 0x65, 0xf7, 0x33, 0xf4, 0x43, 0xf4, 0x33, 0xf4, 0x44, 0xf5,
    0x44, 0xf5, 0x44, 0xf5, 0x44, 0xf5, 0x44, 0xf5, 0x55, 0xf6, 0x32, 0xf3, 0x43, 0xf4, 0x32, 0xf3,
    0x44, 0xf4, 0x43, 0xf4, 0x44, 0xf5, 0x32, 0xf4, 0x33, 0xf4, 0x32, 0xf3, 0x32, 0xf4, 0x32, 0xf4,
    0x44, 0xf5, 0x44, 0xf5, 0x54, 0xf5, 0x54, 0xf5, 0x54, 0xf5, 0x54, 0xf5, 0x44, 0xf5, 0x43, 0xf4,
    0x33, 0xf4, 0x33, 0xf4, 0x22, 0xf3, 0x33, 0xf4, 0x32, 0xf3, 0x33, 0xf4, 0x43, 0xf4, 0x43, 0xf5,
    0x22, 0xf3, 0x22, 0xf3, 0x32, 0xf3, 0x21, 0xf3, 0x21, 0xf3, 0x31, 0xf4, 0x32, 0xf4, 0x42, 0xf5,
    0x43, 0xf5, 0x21, 0xf3, 0x42, 0xf6, 0x42, 0xf5, 0x32, 0xf3, 0x32, 0xf4, 0x43, 0xf4, 0x33, 0xf4,
    0x33, 0xf4, 0x42, 0xf4, 0x43, 0xf5, 0x32, 0xf4, 0x32, 0xf4, 0x32, 0xf5, 0x42, 0xf5, 0x42, 0xf5,
    0x32, 0xf3, 0x21, 0xf2, 0x42, 0xf5, 0x32, 0xf4, 0x32, 0xf4, 0x42, 0xf5, 0x21, 0xf3, 0x32, 0xf4,
    0x42, 0xf5, 0x43, 0xf5, 0x32, 0xf4, 0x32, 0xf4, 0x44, 0xf5, 0x33, 0xf4, 0x43, 0xf4, 0x33, 0xf4,
    0x54, 0xf6, 0x43, 0xf6, 0x54, 0xf6, 0x53, 0xf6, 0x32, 0xf4, 0x32, 0xf4, 0x32, 0xf5, 0x43, 0xf5,
    0x53, 0xf7, 0x53, 0xf6, 0x52, 0xf6, 0x42, 0xf6, 0x33, 0xf4, 0x33, 0xf4, 0x32, 0xf4, 0x43, 0xf5,
    0x42, 0xf5, 0x53, 0xf7, 0x53, 0xf7, 0x53, 0xf7, 0x42, 0xf6, 0x53, 0xf7, 0x42, 0xf6, 0x53, 0xf7,
    0x32, 0xf3, 0x21, 0xf3, 0x32, 0xf4, 0x32, 0xf4, 0x42, 0xf5, 0x42, 0xf5, 0x42, 0xf6, 0x42, 0xf6,
    0x42, 0xf6, 0x53, 0xf6, 0x53, 0xf7, 0x42, 0xf5, 0x32, 0xf4, 0x42, 0xf6, 0x21, 0xf2, 0x42, 0xf5,
    0x42, 0xf6, 0x42, 0xf6, 0x42, 0xf5, 0x42, 0xf5, 0x42, 0xf6, 0x42, 0xf5, 0x42, 0xf7, 0x42, 0xf6,
    0x52, 0xf6, 0x32, 0xf5, 0x42, 0xf6, 0x42, 0xf5, 0x53, 0xf6, 0x43, 0xf5, 0x42, 0xf5, 0x63, 0xf8,
    0x53, 0xf6, 0x42, 0xf5, 0x53, 0xf7, 0x53, 0xf6, 0x21, 0xf3, 0x64, 0xf7, 0x32, 0xf4, 0x42, 0xf6,
    0x32, 0xf4, 0x32, 0xf4, 0x42, 0xf6, 0x53, 0xf6, 0x31, 0xf4, 0x42, 0xf5, 0x53, 0xf6, 0x53, 0xf6,
    0x53, 0xf7, 0x53, 0xf6, 0x53, 0xf7, 0x43, 0xf6, 0x43, 0xf5, 0x32, 0xf4, 0x43, 0xf4, 0x32, 0xf4,
    0x63, 0xf8, 0x53, 0xf7, 0x53, 0xf8, 0x63, 0xf7, 0x43, 0xf5, 0x22, 0xf3, 0x64, 0xf7, 0x32, 0xf5,
    0x32, 0xf4, 0x32, 0xf4, 0x43, 0xf5, 0x43, 0xf5, 0x43, 0xf4, 0x54, 0xf6, 0x42, 0xf5, 0x32, 0xf4,
    0x43, 0xf5, 0x53, 0xf7, 0x42, 0xf6, 0x74, 0xf9, 0x64, 0xf8, 0x21, 0xf4, 0x53, 0xf7, 0x42, 0xf6,
    0x64, 0xf8, 0x54, 0xf6, 0x53, 0xf6, 0x43, 0xf5, 0x54, 0xf6, 0x21, 0xf4, 0x42, 0xf5, 0x42, 0xf5,
    0x53, 0xf6, 0x53, 0xf6, 0x42, 0xf5, 0x53, 0xf7, 0x74, 0xf9, 0x74, 0xf9, 0x74, 0xf9, 0x64, 0xf8,
    0x21, 0xf3, 0x53, 0xf7, 0x53, 0xf6, 0x52, 0xf7, 0x42, 0xf6, 0x52, 0xf7, 0x41, 0xf6, 0x42, 0xf7,
    0x64, 0xf8, 0x52, 0xf7, 0x74, 0xf9, 0x53, 0xf7, 0x53, 0xf7, 0x64, 0xf8, 0x64, 0xf8, 0x64, 0xf8,
    0x77, 0xf8, 0x65, 0xf6, 0x76, 0xf8, 0x76, 0xf7, 0x33, 0xf4, 0x32, 0xf4, 0x33, 0xf4, 0x31, 0xf4,
    0x43, 0xf4, 0x32, 0xf3, 0x32, 0xf4, 0x31, 0xf4, 0x32, 0xf3, 0x43, 0xf5, 0x42, 0xf6, 0x43, 0xf6,
    0x42, 0xf6, 0x65, 0xf7, 0x42, 0xf6, 0x32, 0xf4, 0x65, 0xf7, 0x65, 0xf7, 0x54, 0xf6, 0x76, 0xf7,
    0x53, 0xf6, 0x53, 0xf6, 0x53, 0xf6, 0x42, 0xf5, 0x43, 0xf5, 0x65, 0xf7, 0x21, 0xf3, 0x32, 0xf4,
    0x64, 0xf7, 0x42, 0xf6, 0x75, 0xf8, 0x32, 0xf4, 0x32, 0xf5, 0x54, 0xf6, 0x43, 0xf5, 0x54, 0xf6,
    0x32, 0xf5, 0x32, 0xf5, 0x21, 0xf3, 0x32, 0xf5, 0x54, 0xf6, 0x54, 0xf5, 0x54, 0xf6, 0x54, 0xf6,
    0x54, 0xf5, 0x54, 0xf5, 0x44, 0xf5, 0x54, 0xf5, 0x65, 0xf6, 0x21, 0xf3, 0x54, 0xf6, 0x32, 0xf4,
    0x43, 0xf5, 0x65, 0xf6, 0x43, 0xf5, 0x54, 0xf6, 0x65, 0xf6, 0x43, 0xf5, 0x44, 0xf5, 0x43, 0xf5,
    0x65, 0xf6, 0x65, 0xf7, 0x76, 0xf8, 0x65, 0xf7, 0x32, 0xf4, 0x21, 0xf4, 0x32, 0xf4, 0x31, 0xf4,
    0x76, 0xf7, 0x43, 0xf5, 0x32, 0xf4, 0x32, 0xf5, 0x32, 0xf5, 0x53, 0xf8, 0x53, 0xf6, 0x43, 0xf6,
    0x42, 0xf6, 0x42, 0xf5, 0x43, 0xf6, 0x75, 0xf8, 0x43, 0xf6, 0x42, 0xf5, 0x43, 0xf5, 0x42, 0xf5,
    0x53, 0xf6, 0x64, 0xf7, 0x43, 0xf5, 0x42, 0xf5, 0x32, 0xf4, 0x64, 0xf7, 0x43, 0xf6, 0x64, 0xf8,
    0x53, 0xf7, 0x42, 0xf6, 0x42, 0xf5, 0x31, 0xf5, 0x64, 0xf7, 0x75, 0xf8, 0x75, 0xf8, 0x86, 0xf9,
    0x42, 0xf5, 0x64, 0xf7, 0x43, 0xf5, 0x43, 0xf6, 0x32, 0xf4, 0x43, 0xf6, 0x43, 0xf6, 0x53, 0xf6,
    0x43, 0xf5, 0x32, 0xf4, 0x43, 0xf5, 0x42, 0xf5, 0x53, 0xf7, 0x53, 0xf7, 0x53, 0xf7, 0x53, 0xf7,
    0x53, 0xf7, 0x75, 0xf8, 0x53, 0xf6, 0x54, 0xf7, 0x54, 0xf7, 0x42, 0xf6, 0x65, 0xf7, 0x54, 0xf7,
    0x32, 0xf4, 0x32, 0xf4, 0x43, 0xf5, 0x54, 0xf6, 0x53, 0xf6, 0x65, 0xf7, 0x53, 0xf6, 0x53, 0xf6,
    0x53, 0xf7, 0x64, 0xf7, 0x54, 0xf6, 0x54, 0xf6, 0x43, 0xf5, 0x31, 0xf3, 0x54, 0xf6, 0x32, 0xf4,
    0x54, 0xf6, 0x54, 0xf6, 0x32, 0xf3, 0x43, 0xf5, 0x22, 0xf3, 0x21, 0xf3, 0x32, 0xf4, 0x43, 0xf5,
    0x32, 0xf4, 0x53, 0xf6, 0x32, 0xf4, 0x53, 0xf6, 0x42, 0xf5, 0x43, 0xf5, 0x42, 0xf5, 0x32, 0xf4,
    0x43, 0xf4, 0x54, 0xf6, 0x43, 0xf5, 0x54, 0xf6, 0x54, 0xf6, 0x53, 0xf5, 0x54, 0xf6, 0x64, 0xf6,
    0x64, 0xf7, 0x54, 0xf6, 0x65, 0xf7, 0x76, 0xf8, 0x43, 0xf5, 0x54, 0xf6, 0x43, 0xf5, 0x32, 0xf4,
    0x43, 0xf5, 0x32, 0xf5, 0x43, 0xf5, 0x21, 0xf3, 0x32, 0xf4, 0x43, 0xf4, 0x32, 0xf4, 0x32, 0xf4,
    0x42, 0xf5, 0x32, 0xf4, 0x32, 0xf4, 0x32, 0xf4, 0x32, 0xf4, 0x32, 0xf4, 0x32, 0xf4, 0x32, 0xf4,
    0x42, 0xf5, 0x53, 0xf6, 0x43, 0xf5, 0x75, 0xf8, 0x64, 0xf8, 0x64, 0xf7, 0x54, 0xf7, 0x43, 0xf5,
    0x33, 0xf4, 0x65, 0xf7, 0x33, 0xf4, 0x32, 0xf4, 0x54, 0xf6, 0x75, 0xf8, 0x65, 0xf8, 0x75, 0xf8,
    0x32, 0xf4, 0x32, 0xf4, 0x54, 0xf6, 0x43, 0xf5, 0x43, 0xf6, 0x63, 0xf8, 0x42, 0xf5, 0x53, 0xf7,
    0x64, 0xf7, 0x43, 0xf6, 0x54, 0xf7, 0x43, 0xf5, 0x31, 0xf4, 0x54, 0xf7, 0x43, 0xf5, 0x54, 0xf6,
    0x43, 0xf5, 0x32, 0xf4, 0x43, 0xf5, 0x43, 0xf5, 0x64, 0xf7, 0x43, 0xf6, 0x53, 0xf6, 0x43, 0xf5,
    0x53, 0xf5, 0x43, 0xf5, 0x43, 0xf5, 0x32, 0xf4, 0x54, 0xf6, 0x32, 0xf4, 0x54, 0xf6, 0x43, 0xf4,
    0x43, 0xf5, 0x32, 0xf5, 0x32, 0xf3, 0x32, 0xf4, 0x54, 0xf6, 0x64, 0xf7, 0x33, 0xf4, 0x43, 0xf5,
    0x32, 0xf4, 0x32, 0xf4, 0x32, 0xf4, 0x32, 0xf4, 0x32, 0xf4, 0x43, 0xf5, 0x43, 0xf4, 0x43, 0xf5,
    0x42, 0xf5, 0x32, 0xf4, 0x42, 0xf5, 0x64, 0xf7, 0x32, 0xf5, 0x32, 0xf5, 0x54, 0xf7, 0x53, 0xf7,
    0x53, 0xf6, 0x53, 0xf6, 0x53, 0xf7, 0x42, 0xf5, 0x42, 0xf5, 0x74, 0xf9, 0x63, 0xf8, 0x86, 0xfa,
    0x75, 0xf9, 0x64, 0xf7, 0x53, 0xf7, 0x32, 0xf4, 0x43, 0xf5, 0x55, 0xf6, 0x32, 0xf4, 0x43, 0xf5,
    0x64, 0xf7, 0x32, 0xf5, 0x64, 0xf7, 0x42, 0xf5, 0x42, 0xf6, 0x54, 0xf7, 0x53, 0xf7, 0x64, 0xf7,
    0x64, 0xf7, 0x74, 0xf9, 0x53, 0xf7, 0x74, 0xf9, 0x64, 0xf8, 0x54, 0xf7, 0x52, 0xf7, 0x42, 0xf6,
    0x42, 0xf5, 0x53, 0xf7, 0x53, 0xf6, 0x53, 0xf6, 0x42, 0xf6, 0x43, 0xf6, 0x43, 0xf6, 0x42, 0xf5,
    0x53, 0xf7, 0x53, 0xf6, 0x64, 0xf9, 0x64, 0xf7, 0x53, 0xf7, 0x53, 0xf6, 0x32, 0xf5, 0x32, 0xf4,
    0x63, 0xf7, 0x43, 0xf5, 0x32, 0xf5, 0x43, 0xf5, 0x32, 0xf5, 0x43, 0xf6, 0x54, 0xf7, 0x75, 0xf9,
    0x55, 0xf6, 0x44, 0xf5, 0x43, 0xf5, 0x33, 0xf4, 0x32, 0xf4, 0x32, 0xf4, 0x32, 0xf4, 0x53, 0xf7,
    0x43, 0xf5, 0x33, 0xf4, 0x43, 0xf5, 0x43, 0xf4, 0x32, 0xf3, 0x43, 0xf5, 0x32, 0xf4, 0x43, 0xf5,
    0x43, 0xf5, 0x33, 0xf4, 0x53, 0xf6, 0x53, 0xf6, 0x42, 0xf4, 0x53, 0xf6, 0x75, 0xf8, 0x64, 0xf7,
    0x64, 0xf8, 0x54, 0xf7, 0x86, 0xf9, 0x64, 0xf8, 0x75, 0xf8, 0x65, 0xf8, 0x54, 0xf7, 0x76, 0xf9,
    0x53, 0xf6, 0x32, 0xf4, 0x53, 0xf6, 0x43, 0xf5, 0x43, 0xf5, 0x53, 0xf7, 0x32, 0xf5, 0x53, 0xf7,
    0x75, 0xf8, 0x53, 0xf6, 0x64, 0xf8, 0x32, 0xf4, 0x32, 0xf5, 0x53, 0xf6, 0x32, 0xf5, 0x42, 0xf5,
    0x86, 0xf9, 0x86, 0xf9, 0x75, 0xf9, 0x75, 0xf8, 0x42, 0xf5, 0x64, 0xf7, 0x53, 0xf6, 0x54, 0xf7,
    0x75, 0xf9, 0x75, 0xf8, 0x53, 0xf6, 0x53, 0xf7, 0x64, 0xf7, 0x64, 0xf7, 0x75, 0xf8, 0x75, 0xf8,
    0x53, 0xf6, 0x65, 0xf7, 0x54, 0xf6, 0x43, 0xf5, 0x53, 0xf6, 0x42, 0xf5, 0x32, 0xf5, 0x64, 0xf8,
    0x64, 0xf7, 0x54, 0xf7, 0x32, 0xf4, 0x43, 0xf5, 0x53, 0xf6, 0x53, 0xf8, 0x53, 0xf7, 0x63, 0xf8,
    0x32, 0xf4, 0x43, 0xf5, 0x32, 0xf4, 0x42, 0xf5, 0x75, 0xf8, 0x86, 0xf9, 0x53, 0xf6, 0x64, 0xf7,
    0x43, 0xf5, 0x43, 0xf5, 0x64, 0xf7, 0x42, 0xf5, 0x54, 0xf6, 0x65, 0xf8, 0x53, 0xf6, 0x53, 0xf6,
    0x32, 0xf4, 0x53, 0xf6, 0x43, 0xf5, 0x43, 0xf6, 0x53, 0xf7, 0x63, 0xf8, 0x64, 0xf7, 0x75, 0xf8,
    0x43, 0xf4, 0x43, 0xf5, 0x43, 0xf5, 0x43, 0xf5, 0x43, 0xf6, 0x53, 0xf6, 0x54, 0xf6, 0x65, 0xf8,
    0x86, 0xf9, 0x43, 0xf5, 0x75, 0xf8, 0x53, 0xf6, 0x32, 0xf5, 0x43, 0xf6, 0x43, 0xf5, 0x32, 0xf4,
    0x54, 0xf7, 0x64, 0xf7, 0x54, 0xf7, 0x75, 0xf8, 0x64, 0xf7, 0x42, 0xf5, 0x76, 0xf8, 0x64, 0xf7,
    0x63, 0xf8, 0x43, 0xf6, 0x75, 0xf9, 0x53, 0xf6, 0x64, 0xf7, 0x64, 0xf8, 0x32, 0xf4, 0x54, 0xf7,
    0x75, 0xf8, 0x64, 0xf7, 0x64, 0xf7, 0x54, 0xf6, 0x53, 0xf6, 0x64, 0xf8, 0x53, 0xf6, 0x42, 0xf6,
    0x32, 0xf4, 0x42, 0xf5, 0x32, 0xf4, 0x32, 0xf4, 0x75, 0xf9, 0x98, 0xfa, 0x42, 0xf5, 0x54, 0xf6,
    0x43, 0xf5, 0x54, 0xf6, 0x53, 0xf6, 0x54, 0xf6, 0x32, 0xf4, 0x32, 0xf4, 0x43, 0xf5, 0x32, 0xf4,
    0x43, 0xf5, 0x64, 0xf7, 0x42, 0xf5, 0x54, 0xf7, 0x75, 0xf9, 0x53, 0xf6, 0x43, 0xf6, 0x42, 0xf5,
    0x42, 0xf5, 0x42, 0xf6, 0x43, 0xf6, 0x53, 0xf6, 0x42, 0xf6, 0x32, 0xf4, 0x53, 0xf6, 0x32, 0xf4,
    0x54, 0xf7, 0x43, 0xf6, 0x32, 0xf5, 0x42, 0xf5, 0x32, 0xf4, 0x32, 0xf4, 0x32, 0xf4, 0x42, 0xf5,
    0x32, 0xf4, 0x32, 0xf5, 0x42, 0xf5, 0x42, 0xf5, 0x32, 0xf5, 0x75, 0xf8, 0x43, 0xf6, 0x54, 0xf7,
    0x43, 0xf5, 0x54, 0xf6, 0x32, 0xf4, 0x32, 0xf4, 0x32, 0xf5, 0x42, 0xf5, 0x32, 0xf4, 0x75, 0xf8,
    0x32, 0xf4, 0x53, 0xf6, 0x33, 0xf4, 0x43, 0xf5, 0x32, 0xf5, 0x43, 0xf5, 0x32, 0xf5, 0x32, 0xf4,
    0x42, 0xf5, 0x43, 0xf5, 0x54, 0xf7, 0x54, 0xf6, 0x43, 0xf5, 0x33, 0xf4, 0x32, 0xf4, 0x43, 0xf5,
    0x42, 0xf5, 0x54, 0xf6, 0x32, 0xf5, 0x43, 0xf5, 0x43, 0xf6, 0x32, 0xf4, 0x54, 0xf6, 0x43, 0xf5,
    0x32, 0xf3, 0x32, 0xf4, 0x21, 0xf2, 0x32, 0xf4, 0x43, 0xf5, 0x42, 0xf5, 0x53, 0xf6, 0x43, 0xf5,
    0x32, 0xf4, 0x43, 0xf5, 0x32, 0xf5, 0x43, 0xf5, 0x53, 0xf6, 0x43, 0xf5, 0x43, 0xf4, 0x43, 0xf5,
    0x32, 0xf5, 0x43, 0xf5, 0x42, 0xf5, 0x43, 0xf5, 0x53, 0xf6, 0x43, 0xf6, 0x43, 0xf6, 0x54, 0xf6,
    0x43, 0xf5, 0x53, 0xf6, 0x43, 0xf6, 0x43, 0xf6, 0x54, 0xf7, 0x54, 0xf7, 0x54, 0xf6, 0x54, 0xf7,
    0x43, 0xf5, 0x32, 0xf4, 0x43, 0xf5, 0x43, 0xf4, 0x32, 0xf4, 0x42, 0xf5, 0x42, 0xf4, 0x43, 0xf5,
    0x32, 0xf4, 0x43, 0xf5, 0x32, 0xf4, 0x43, 0xf5, 0x32, 0xf4, 0x53, 0xf6, 0x43, 0xf5, 0x43, 0xf5,
    0x43, 0xf5, 0x43, 0xf5, 0x42, 0xf5, 0x54, 0xf7, 0x54, 0xf6, 0x43, 0xf5, 0x54, 0xf7, 0x42, 0xf5,
    0x54, 0xf6, 0x54, 0xf6, 0x53, 0xf6, 0x43, 0xf5, 0x54, 0xf6, 0x54, 0xf6, 0x53, 0xf6, 0x53, 0xf6,
    0x43, 0xf5, 0x32, 0xf4, 0x43, 0xf6, 0x43, 0xf5, 0x43, 0xf5, 0x43, 0xf5, 0x53, 0xf6, 0x32, 0xf4,
    0x53, 0xf6, 0x53, 0xf6, 0x43, 0xf5, 0x42, 0xf5, 0x42, 0xf5, 0x53, 0xf6, 0x53, 0xf6, 0x75, 0xf9,
    0x54, 0xf7, 0x43, 0xf5, 0x42, 0xf5, 0x32, 0xf4, 0x43, 0xf5, 0x32, 0xf5, 0x43, 0xf6, 0x43, 0xf5,
    0x53, 0xf7, 0x42, 0xf6, 0x75, 0xf8, 0x42, 0xf6, 0x53, 0xf7, 0x43, 0xf5, 0x42, 0xf5, 0x43, 0xf5,
    0x32, 0xf5, 0x43, 0xf5, 0x42, 0xf5, 0x43, 0xf5, 0x32, 0xf4, 0x42, 0xf5, 0x43, 0xf5, 0x43, 0xf5,
    0x32, 0xf4, 0x43, 0xf5, 0x31, 0xf4, 0x32, 0xf4, 0x55, 0xf6, 0x43, 0xf5, 0x43, 0xf4, 0x32, 0xf4,
    0x53, 0xf6, 0x53, 0xf6, 0x43, 0xf5, 0x43, 0xf5, 0x43, 0xf5, 0x75, 0xf8, 0x43, 0xf5, 0x64, 0xf7,
    0x42, 0xf5, 0x43, 0xf5, 0x43, 0xf5, 0x43, 0xf5, 0x43, 0xf5, 0x43, 0xf5, 0x43, 0xf5, 0x43, 0xf5,
    0x42, 0xf7, 0x53, 0xf7, 0x52, 0xf7, 0x53, 0xf7, 0x31, 0xf4, 0x32, 0xf3, 0x31, 0xf4, 0x22, 0xf3,
    0x64, 0xf8, 0x31, 0xf4, 0x64, 0xf8, 0x53, 0xf7, 0x11, 0xf2, 0x32, 0xf4, 0x31, 0xf4, 0x32, 0xf5,
    0x32, 0xf4, 0x32, 0xf4, 0x32, 0xf4, 0x65, 0xf7, 0x42, 0xf5, 0x42, 0xf5, 0x43, 0xf5, 0x32, 0xf4,
    0x53, 0xf6, 0x76, 0xf8, 0x64, 0xf8, 0x53, 0xf7, 0x54, 0xf6, 0x32, 0xf4, 0x42, 0xf5, 0x42, 0xf5,
    0x53, 0xf6, 0x64, 0xf7, 0x64, 0xf7, 0x75, 0xf9, 0x64, 0xf7, 0x53, 0xf7, 0x74, 0xf8, 0x63, 0xf8,
    0x53, 0xf6, 0x64, 0xf8, 0x43, 0xf6, 0x42, 0xf6, 0x75, 0xf9, 0x64, 0xf8, 0x75, 0xf8, 0x64, 0xf8,
    0x75, 0xf8, 0x76, 0xf8, 0x75, 0xf8, 0x86, 0xf9, 0x53, 0xf7, 0x32, 0xf4, 0x75, 0xf8, 0x32, 0xf4,
    0x75, 0xf8, 0x75, 0xf8, 0x63, 0xf8, 0x42, 0xf5, 0x32, 0xf5, 0x32, 0xf4, 0x31, 0xf5, 0x75, 0xf8,
    0x43, 0xf5, 0x43, 0xf6, 0x32, 0xf4, 0x43, 0xf5, 0x53, 0xf6, 0x53, 0xf7, 0x32, 0xf4, 0x43, 0xf5,
    0x54, 0xf6, 0x54, 0xf6, 0x43, 0xf6, 0x43, 0xf5, 0x43, 0xf5, 0x43, 0xf4, 0x32, 0xf4, 0x43, 0xf5,
    0x42, 0xf5, 0x42, 0xf5, 0x32, 0xf5, 0x53, 0xf6, 0x43, 0xf6, 0x64, 0xf7, 0x53, 0xf7, 0x64, 0xf8,
    0x32, 0xf4, 0x43, 0xf6, 0x43, 0xf5, 0x54, 0xf6, 0x43, 0xf6, 0x43, 0xf6, 0x43, 0xf6, 0x42, 0xf5,
    0x43, 0xf5, 0x43, 0xf5, 0x42, 0xf5, 0x43, 0xf5, 0x53, 0xf6, 0x65, 0xf8, 0x43, 0xf5, 0x53, 0xf6,
    0x43, 0xf5, 0x32, 0xf4, 0x42, 0xf5, 0x53, 0xf6, 0x43, 0xf5, 0x54, 0xf7, 0x32, 0xf5, 0x53, 0xf6,
    0x64, 0xf7, 0x65, 0xf8, 0x43, 0xf5, 0x54, 0xf6, 0x75, 0xf8, 0x75, 0xf7, 0x76, 0xf8, 0x76, 0xf8,
    0x53, 0xf6, 0x42, 0xf5, 0x75, 0xf8, 0x54, 0xf6, 0x64, 0xf7, 0x75, 0xf8, 0x43, 0xf6, 0x54, 0xf7,
    0x42, 0xf5, 0x43, 0xf5, 0x32, 0xf4, 0x43, 0xf5, 0x32, 0xf4, 0x43, 0xf5, 0x32, 0xf3, 0x43, 0xf5,
    0x43, 0xf4, 0x44, 0xf5, 0x43, 0xf5, 0x43, 0xf5, 0x32, 0xf4, 0x32, 0xf4, 0x43, 0xf4, 0x42, 0xf5,
    0x76, 0xf8, 0x86, 0xf9, 0x65, 0xf7, 0x65, 0xf7, 0x64, 0xf7, 0x43, 0xf6, 0x65, 0xf7, 0x64, 0xf7,
    0x54, 0xf6, 0x65, 0xf7, 0x54, 0xf6, 0x65, 0xf8, 0x64, 0xf7, 0x65, 0xf7, 0x65, 0xf7, 0x65, 0xf7,
    0x43, 0xf5, 0x53, 0xf6, 0x65, 0xf8, 0x64, 0xf7, 0x65, 0xf7, 0x43, 0xf5, 0x64, 0xf7, 0x64, 0xf7,
    0x76, 0xf8, 0x54, 0xf6, 0x43, 0xf5, 0x54, 0xf6, 0x53, 0xf6, 0x65, 0xf8, 0x65, 0xf8, 0x75, 0xf8,
    0x42, 0xf5, 0x42, 0xf5, 0x65, 0xf7, 0x42, 0xf5, 0x42, 0xf5, 0x65, 0xf7, 0x42, 0xf5, 0x64, 0xf7,
    0x76, 0xf8, 0x64, 0xf7, 0x64, 0xf7, 0x65, 0xf7, 0x54, 0xf6, 0x54, 0xf6, 0x54, 0xf6, 0x32, 0xf4,
    0x43, 0xf6, 0x54, 0xf6, 0x43, 0xf5, 0x53, 0xf6, 0x54, 0xf6, 0x75, 0xf8, 0x64, 0xf7, 0x76, 0xf8,
    0x65, 0xf7, 0x65, 0xf7, 0x76, 0xf8, 0x65, 0xf8, 0x64, 0xf7, 0x75, 0xf8, 0x75, 0xf8, 0x43, 0xf5,
    0x54, 0xf6, 0x54, 0xf6, 0x64, 0xf7, 0x43, 0xf5, 0x54, 0xf6, 0x54, 0xf6, 0x53, 0xf6, 0x53, 0xf6,
    0x76, 0xf8, 0x65, 0xf7, 0x76, 0xf8, 0x65, 0xf7, 0x32, 0xf5, 0x43, 0xf6, 0x32, 0xf4, 0x32, 0xf5,
    0x43, 0xf5, 0x43, 0xf5, 0x43, 0xf5, 0x43, 0xf5, 0x32, 0xf4, 0x43, 0xf5, 0x43, 0xf5, 0x32, 0xf5,
    0x32, 0xf4, 0x43, 0xf5, 0x43, 0xf6, 0x42, 0xf6, 0x42, 0xf5, 0x42, 0xf5, 0x53, 0xf8, 0x42, 0xf5,
    0x43, 0xf5, 0x65, 0xf7, 0x42, 0xf5, 0x64, 0xf7, 0x64, 0xf7, 0x64, 0xf7, 0x64, 0xf7, 0x54, 0xf7,
    0x43, 0xf5, 0x65, 0xf7, 0x43, 0xf5, 0x64, 0xf7, 0x54, 0xf6, 0x75, 0xf8, 0x64, 0xf7, 0x65, 0xf7,
    0x53, 0xf7, 0x53, 0xf7, 0x75, 0xf9, 0x75, 0xf8, 0x75, 0xf8, 0x53, 0xf7, 0x75, 0xf9, 0x64, 0xf8,
    0x74, 0xf8, 0x75, 0xf8, 0x53, 0xf7, 0x53, 0xf7, 0x53, 0xf7, 0x64, 0xf8, 0x53, 0xf7, 0x53, 0xf7,
    0x31, 0xf4, 0x32, 0xf4, 0x31, 0xf4, 0x21, 0xf3, 0x54, 0xf6, 0x64, 0xf7, 0x32, 0xf4, 0x54, 0xf6,
    0x42, 0xf5, 0x32, 0xf4, 0x32, 0xf4, 0x43, 0xf5, 0x32, 0xf4, 0x32, 0xf4, 0x32, 0xf4, 0x42, 0xf5,
    0x75, 0xf8, 0x65, 0xf7, 0x64, 0xf7, 0x75, 0xf8, 0x75, 0xf8, 0x65, 0xf7, 0x64, 0xf7, 0x76, 0xf8,
    0x75, 0xf8, 0x76, 0xf8, 0x75, 0xf8, 0x86, 0xf9, 0x65, 0xf7, 0x65, 0xf7, 0x65, 0xf7, 0x64, 0xf7,
    0x54, 0xf6, 0x65, 0xf7, 0x64, 0xf7, 0x43, 0xf5, 0x32, 0xf4, 0x43, 0xf5, 0x32, 0xf4, 0x42, 0xf5,
    0x65, 0xf7, 0x21, 0xf3, 0x43, 0xf5, 0x21, 0xf3, 0x32, 0xf4, 0x42, 0xf6, 0x32, 0xf4, 0x32, 0xf5,
    0x64, 0xf7, 0x65, 0xf8, 0x32, 0xf4, 0x32, 0xf4, 0x86, 0xf9, 0x65, 0xf8, 0x54, 0xf6, 0x64, 0xf7,
    0x32, 0xf4, 0x22, 0xf3, 0x54, 0xf6, 0x43, 0xf5, 0x32, 0xf5, 0x53, 0xf7, 0x64, 0xf7, 0x64, 0xf8,
    0x43, 0xf5, 0x21, 0xf3, 0x53, 0xf6, 0x42, 0xf6, 0x32, 0xf4, 0x64, 0xf6, 0x32, 0xf4, 0x65, 0xf7,
    0x63, 0xf8, 0x53, 0xf6, 0x75, 0xf9, 0x43, 0xf6, 0x32, 0xf4, 0x43, 0xf5, 0x43, 0xf5, 0x54, 0xf6,
    0x65, 0xf8, 0x43, 0xf6, 0x64, 0xf7, 0x32, 0xf5, 0x21, 0xf3, 0x32, 0xf5, 0x42, 0xf5, 0x42, 0xf5,
    0x43, 0xf6, 0x42, 0xf5, 0x43, 0xf5, 0x53, 0xf7, 0x43, 0xf5, 0x43, 0xf5, 0x43, 0xf5, 0x43, 0xf5,
    0x64, 0xf8, 0x53, 0xf6, 0x43, 0xf6, 0x32, 0xf4, 0x33, 0xf4, 0x43, 0xf4, 0x22, 0xf3, 0x32, 0xf4,
    0x43, 0xf5, 0x54, 0xf6, 0x43, 0xf5, 0x54, 0xf6, 0x43, 0xf4, 0x32, 0xf4, 0x65, 0xf7, 0x43, 0xf4,
    0x43, 0xf5, 0x43, 0xf5, 0x32, 0xf4, 0x43, 0xf5, 0x43, 0xf5, 0x54, 0xf6, 0x54, 0xf6, 0x65, 0xf7,
    0x21, 0xf3, 0x32, 0xf4, 0x32, 0xf4, 0x42, 0xf5, 0x54, 0xf6, 0x64, 0xf7, 0x64, 0xf7, 0x54, 0xf6,
    0x75, 0xf8, 0x54, 0xf6, 0x86, 0xf9, 0x65, 0xf6, 0x54, 0xf6, 0x21, 0xf3, 0x43, 0xf5, 0x21, 0xf2,
    0x65, 0xf7, 0x54, 0xf6, 0x53, 0xf6, 0x44, 0xf5, 0x43, 0xf5, 0x21, 0xf2, 0x32, 0xf3, 0x21, 0xf3,
    0x22, 0xf3, 0x32, 0xf3, 0x32, 0xf5, 0x32, 0xf4, 0x32, 0xf4, 0x43, 0xf5, 0x32, 0xf4, 0x65, 0xf7,
    0x32, 0xf5, 0x32, 0xf4, 0x22, 0xf3, 0x32, 0xf4, 0x42, 0xf5, 0x64, 0xf7, 0x32, 0xf4, 0x65, 0xf7,
    0x65, 0xf7, 0x54, 0xf6, 0x65, 0xf7, 0x75, 0xf8, 0x43, 0xf5, 0x32, 0xf5, 0x65, 0xf7, 0x32, 0xf4,
    0x64, 0xf7, 0x75, 0xf8, 0x64, 0xf7, 0x54, 0xf7, 0x64, 0xf7, 0x42, 0xf5, 0x32, 0xf4, 0x21, 0xf2,
    0x21, 0xf3, 0x32, 0xf4, 0x31, 0xf4, 0x32, 0xf4, 0x21, 0xf3, 0x43, 0xf5, 0x32, 0xf3, 0x21, 0xf3,
    0x42, 0xf5, 0x32, 0xf4, 0x32, 0xf4, 0x32, 0xf4, 0x43, 0xf4, 0x43, 0xf4, 0x43, 0xf4, 0x44, 0xf5,
    0x53, 0xf6, 0x43, 0xf5, 0x31, 0xf4, 0x22, 0xf3, 0x32, 0xf4, 0x32, 0xf3, 0x32, 0xf4, 0x44, 0xf5,
    0x44, 0xf5, 0x54, 0xf5, 0x55, 0xf6, 0x54, 0xf5, 0x43, 0xf4, 0x55, 0xf6, 0x54, 0xf6, 0x54, 0xf5,
    0x32, 0xf4, 0x42, 0xf6, 0x54, 0xf7, 0x42, 0xf5, 0x53, 0xf7, 0x42, 0xf5, 0x32, 0xf4, 0x32, 0xf5,
    0x53, 0xf6, 0x42, 0xf5, 0x53, 0xf6, 0x42, 0xf5, 0x42, 0xf5, 0x43, 0xf6, 0x43, 0xf6, 0x54, 0xf5,
    0x32, 0xf4, 0x21, 0xf2, 0x21, 0xf3, 0x31, 0xf4, 0x21, 0xf3, 0x31, 0xf5, 0x31, 0xf4, 0x32, 0xf4,
    0x42, 0xf5, 0x42, 0xf6, 0x32, 0xf4, 0x42, 0xf6, 0x31, 0xf4, 0x33, 0xf4, 0x43, 0xf5, 0x43, 0xf4,
    0x43, 0xf5, 0x43, 0xf6, 0x32, 0xf4, 0x54, 0xf6, 0x43, 0xf5, 0x32, 0xf4, 0x43, 0xf5, 0x42, 0xf5,
    0x32, 0xf4, 0x43, 0xf5, 0x43, 0xf5, 0x43, 0xf5, 0x43, 0xf5, 0x32, 0xf4, 0x42, 0xf5, 0x43, 0xf6,
    0x43, 0xf6, 0x54, 0xf6, 0x53, 0xf7, 0x43, 0xf4, 0x54, 0xf5, 0x44, 0xf5, 0x54, 0xf5, 0x66, 0xf7,
    0x32, 0xf4, 0x33, 0xf4, 0x43, 0xf5, 0x43, 0xf5, 0x54, 0xf5, 0x65, 0xf7, 0x54, 0xf5, 0x54, 0xf6,
    0x43, 0xf5, 0x43, 0xf4, 0x43, 0xf4, 0x43, 0xf4, 0x33, 0xf4, 0x44, 0xf5, 0x32, 0xf4, 0x44, 0xf5,
    0x44, 0xf5, 0x43, 0xf4, 0x54, 0xf5, 0x43, 0xf4, 0x43, 0xf4, 0x43, 0xf4, 0x43, 0xf4, 0x43, 0xf4,
    0x44, 0xf4, 0x54, 0xf5, 0x44, 0xf5, 0x44, 0xf5, 0x54, 0xf5, 0x44, 0xf5, 0x44, 0xf5, 0x44, 0xf5,
    0x43, 0xf4, 0x44, 0xf5, 0x43, 0xf5, 0x54, 0xf5, 0x55, 0xf6, 0x44, 0xf5, 0x55, 0xf6, 0x65, 0xf6,
    0x44, 0xf5, 0x43, 0xf4, 0x44, 0xf5, 0x43, 0xf4, 0x43, 0xf4, 0x43, 0xf4, 0x43, 0xf4, 0x43, 0xf4,
    0x65, 0xf6, 0x54, 0xf5, 0x54, 0xf6, 0x65, 0xf6, 0x44, 0xf5, 0x44, 0xf5, 0x55, 0xf6, 0x55, 0xf6,
    0x43, 0xf5, 0x54, 0xf5, 0x43, 0xf4, 0x54, 0xf5, 0x44, 0xf5, 0x54, 0xf5, 0x54, 0xf5, 0x43, 0xf4,
    0x43, 0xf4, 0x54, 0xf5, 0x43, 0xf4, 0x43, 0xf4, 0x43, 0xf5, 0x33, 0xf4, 0x43, 0xf4, 0x43, 0xf4,
    0x42, 0xf5, 0x42, 0xf6, 0x42, 0xf5, 0x64, 0xf7, 0x53, 0xf7, 0x43, 0xf5, 0x53, 0xf6, 0x32, 0xf4,
    0x22, 0xf3, 0x65, 0xf6, 0x54, 0xf5, 0x76, 0xf8, 0x54, 0xf6, 0x43, 0xf5, 0x43, 0xf5, 0x43, 0xf5,
    0x21, 0xf3, 0x42, 0xf5, 0x32, 0xf4, 0x32, 0xf5, 0x53, 0xf7, 0x32, 0xf5, 0x53, 0xf7, 0x63, 0xf9,
    0x32, 0xf4, 0x43, 0xf5, 0x43, 0xf5, 0x64, 0xf6, 0x64, 0xf7, 0x63, 0xf8, 0x43, 0xf5, 0x53, 0xf7,
    0x44, 0xf5, 0x64, 0xf7, 0x33, 0xf4, 0x22, 0xf3, 0x54, 0xf6, 0x31, 0xf4, 0x32, 0xf4, 0x32, 0xf4,
    0x54, 0xf5, 0x22, 0xf3, 0x44, 0xf5, 0x32, 0xf3, 0x32, 0xf4, 0x64, 0xf7, 0x22, 0xf3, 0x32, 0xf4,
    0x32, 0xf5, 0x42, 0xf5, 0x32, 0xf4, 0x32, 0xf4, 0x42, 0xf5, 0x53, 0xf7, 0x42, 0xf6, 0x53, 0xf7,
    0x86, 0xf9, 0x21, 0xf3, 0x32, 0xf4, 0x43, 0xf5, 0x42, 0xf5, 0x42, 0xf6, 0x53, 0xf7, 0x42, 0xf6,
    0x32, 0xf5, 0x43, 0xf6, 0x42, 0xf6, 0x32, 0xf4, 0x32, 0xf4, 0x42, 0xf5, 0x53, 0xf6, 0x53, 0xf6,
    0x53, 0xf7, 0x32, 0xf4, 0x63, 0xf8, 0x41, 0xf6, 0x53, 0xf6, 0x43, 0xf5, 0x41, 0xf6, 0x53, 0xf6,
    0x54, 0xf7, 0x64, 0xf8, 0x75, 0xf8, 0x65, 0xf7, 0x53, 0xf6, 0x74, 0xf9, 0x53, 0xf7, 0x64, 0xf8,
    0x64, 0xf7, 0x65, 0xf7, 0x53, 0xf6, 0x32, 0xf4, 0x64, 0xf7, 0x64, 0xf8, 0x53, 0xf6, 0x64, 0xf8,
    0x64, 0xf8, 0x64, 0xf8, 0x64, 0xf8, 0x64, 0xf8, 0x52, 0xf7, 0x52, 0xf7, 0x53, 0xf7, 0x52, 0xf7,
    0x53, 0xf7, 0x64, 0xf8, 0x42, 0xf6, 0x64, 0xf7, 0x42, 0xf6, 0x53, 0xf7, 0x53, 0xf7, 0x42, 0xf7,
    0x32, 0xf5, 0x43, 0xf5, 0x31, 0xf4, 0x53, 0xf6, 0x53, 0xf6, 0x75, 0xf9, 0x43, 0xf5, 0x74, 0xf9,
    0x64, 0xf8, 0x21, 0xf3, 0x42, 0xf6, 0x32, 0xf5, 0x32, 0xf4, 0x63, 0xf8, 0x53, 0xf7, 0x53, 0xf7,
    0x43, 0xf4, 0x43, 0xf4, 0x44, 0xf5, 0x54, 0xf5, 0x32, 0xf3, 0x32, 0xf3, 0x43, 0xf4, 0x32, 0xf4,
    0x44, 0xf5, 0x54, 0xf5, 0x55, 0xf6, 0x44, 0xf5, 0x43, 0xf5, 0x43, 0xf5, 0x43, 0xf4, 0x43, 0xf5,
    0x22, 0xf3, 0x65, 0xf8, 0x32, 0xf4, 0x32, 0xf4, 0x63, 0xf7, 0x53, 0xf7, 0x32, 0xf4, 0x42, 0xf6,
    0x32, 0xf4, 0x32, 0xf4, 0x43, 0xf5, 0x43, 0xf4, 0x32, 0xf3, 0x21, 0xf3, 0x33, 0xf4, 0x22, 0xf2,
    0x54, 0xf5, 0x43, 0xf4, 0x33, 0xf4, 0x43, 0xf4, 0x43, 0xf5, 0x44, 0xf5, 0x44, 0xf5, 0x43, 0xf4,
    0x33, 0xf4, 0x33, 0xf4, 0x43, 0xf4, 0x43, 0xf4, 0x43, 0xf4, 0x43, 0xf4, 0x43, 0xf4, 0x43, 0xf4,
    0x54, 0xf6, 0x43, 0xf5, 0x43, 0xf4, 0x33, 0xf4, 0x33, 0xf4, 0x44, 0xf5, 0x33, 0xf4, 0x44, 0xf5,
    0x43, 0xf5, 0x44, 0xf5, 0x33, 0xf4, 0x54, 0xf5, 0x43, 0xf4, 0x33, 0xf4, 0x44, 0xf5, 0x32, 0xf3,
    0x42, 0xf6, 0x53, 0xf7, 0x31, 0xf5, 0x42, 0xf6, 0x63, 0xf8, 0x63, 0xf8, 0x52, 0xf7, 0x53, 0xf7,
    0x21, 0xf3, 0x32, 0xf5, 0x21, 0xf2, 0x32, 0xf4, 0x42, 0xf5, 0x31, 0xf4, 0x33, 0xf4, 0x32, 0xf4,
    0x32, 0xf5, 0x63, 0xf7, 0x53, 0xf7, 0x32, 0xf5, 0x86, 0xfa, 0x64, 0xf8, 0x43, 0xf5, 0x54, 0xf6,
    0x32, 0xf5, 0x21, 0xf3, 0x43, 0xf5, 0x54, 0xf6, 0x43, 0xf5, 0x65, 0xf7, 0x43, 0xf5, 0x32, 0xf4,
    0x33, 0xf4, 0x32, 0xf4, 0x43, 0xf4, 0x32, 0xf3, 0x32, 0xf3, 0x43, 0xf5, 0x32, 0xf4, 0x43, 0xf4,
    0x22, 0xf3, 0x22, 0xf3, 0x32, 0xf4, 0x53, 0xf6, 0x32, 0xf3, 0x33, 0xf4, 0x32, 0xf4, 0x43, 0xf4,
    0x32, 0xf4, 0x33, 0xf4, 0x33, 0xf4, 0x33, 0xf4, 0x32, 0xf4, 0x32, 0xf4, 0x43, 0xf4, 0x32, 0xf4,
    0x43, 0xf4, 0x43, 0xf4, 0x43, 0xf4, 0x44, 0xf5, 0x33, 0xf4, 0x43, 0xf4, 0x43, 0xf4, 0x43, 0xf4,
    0x53, 0xf7, 0x32, 0xf5, 0x63, 0xf8, 0x53, 0xf7, 0x42, 0xf5, 0x42, 0xf6, 0x43, 0xf5, 0x32, 0xf4,
    0x53, 0xf7, 0x43, 0xf5, 0x64, 0xf7, 0x43, 0xf5, 0x43, 0xf5, 0x54, 0xf6, 0x54, 0xf7, 0x65, 0xf8,
    0x43, 0xf6, 0x43, 0xf6, 0x42, 0xf5, 0x42, 0xf5, 0x43, 0xf4, 0x54, 0xf6, 0x43, 0xf5, 0x43, 0xf5,
    0x42, 0xf5, 0x32, 0xf4, 0x65, 0xf8, 0x31, 0xf4, 0x33, 0xf4, 0x43, 0xf4, 0x21, 0xf3, 0x32, 0xf3,
    0x75, 0xf8, 0x64, 0xf7, 0x75, 0xf8, 0x64, 0xf7, 0x65, 0xf8, 0x64, 0xf7, 0x64, 0xf7, 0x64, 0xf7,
    0x53, 0xf7, 0x86, 0xf9, 0x53, 0xf6, 0x53, 0xf6, 0x64, 0xf8, 0x54, 0xf7, 0x53, 0xf6, 0x32, 0xf4,
    0x64, 0xf7, 0x53, 0xf6, 0x54, 0xf7, 0x32, 0xf4, 0x42, 0xf5, 0x32, 0xf4, 0x53, 0xf6, 0x43, 0xf5,
    0x42, 0xf5, 0x31, 0xf4, 0x32, 0xf4, 0x32, 0xf5, 0x31, 0xf4, 0x32, 0xf5, 0x33, 0xf4, 0x32, 0xf4,
    0x54, 0xf6, 0x54, 0xf5, 0x54, 0xf6, 0x54, 0xf6, 0x54, 0xf5, 0x54, 0xf5, 0x43, 0xf4, 0x44, 0xf5,
    0x54, 0xf6, 0x64, 0xf7, 0x32, 0xf4, 0x43, 0xf5, 0x43, 0xf5, 0x32, 0xf3, 0x43, 0xf5, 0x32, 0xf3,
    0x54, 0xf5, 0x43, 0xf4, 0x55, 0xf6, 0x43, 0xf4, 0x44, 0xf5, 0x33, 0xf4, 0x43, 0xf4, 0x43, 0xf4,
    0x33, 0xf4, 0x43, 0xf4, 0x33, 0xf4, 0x43, 0xf4, 0x43, 0xf4, 0x43, 0xf4, 0x43, 0xf5, 0x33, 0xf4,
    0x33, 0xf4, 0x54, 0xf6, 0x43, 0xf4, 0x65, 0xf6, 0x33, 0xf4, 0x33, 0xf4, 0x54, 0xf5, 0x33, 0xf4,
    0x33, 0xf4, 0x43, 0xf5, 0x32, 0xf4, 0x44, 0xf5, 0x43, 0xf4, 0x33, 0xf4, 0x33, 0xf4, 0x33, 0xf4,
    0x43, 0xf4, 0x33, 0xf4, 0x43, 0xf4, 0x33, 0xf4, 0x43, 0xf4, 0x33, 0xf4, 0x33, 0xf4, 0x33, 0xf4,
    0x33, 0xf4, 0x33, 0xf4, 0x43, 0xf4, 0x33, 0xf4, 0x33, 0xf4, 0x33, 0xf4, 0x32, 0xf4, 0x33, 0xf4,
    0x42, 0xf5, 0x53, 0xf6, 0x53, 0xf6, 0x42, 0xf5, 0x42, 0xf5, 0x32, 0xf4, 0x53, 0xf6, 0x32, 0xf4,
    0x43, 0xf6, 0x32, 0xf5, 0x32, 0xf5, 0x32, 0xf5, 0x53, 0xf6, 0x32, 0xf5, 0x32, 0xf5, 0x32, 0xf4,
    0x32, 0xf5, 0x33, 0xf4, 0x32, 0xf4, 0x43, 0xf4, 0x43, 0xf4, 0x32, 0xf3, 0x33, 0xf4, 0x32, 0xf4,
    0x43, 0xf4, 0x32, 0xf4, 0x43, 0xf5, 0x43, 0xf5, 0x32, 0xf3, 0x32, 0xf4, 0x32, 0xf5, 0x54, 0xf7,
    0x21, 0xf3, 0x32, 0xf4, 0x32, 0xf5, 0x54, 0xf5, 0x32, 0xf4, 0x54, 0xf6, 0x65, 0xf7, 0x65, 0xf6,
    0x54, 0xf7, 0x87, 0xf9, 0x53, 0xf6, 0x64, 0xf7, 0x54, 0xf6, 0x43, 0xf5, 0x43, 0xf5, 0x43, 0xf6,
    0x54, 0xf6, 0x53, 0xf6, 0x43, 0xf4, 0x32, 0xf4, 0x53, 0xf6, 0x65, 0xf8, 0x32, 0xf5, 0x64, 0xf7,
    0x53, 0xf6, 0x53, 0xf6, 0x86, 0xf9, 0x65, 0xf7, 0x32, 0xf5, 0x54, 0xf7, 0x54, 0xf6, 0x21, 0xf3,
    0x32, 0xf4, 0x43, 0xf4, 0x42, 0xf5, 0x33, 0xf4, 0x33, 0xf4, 0x33, 0xf4, 0x21, 0xf2, 0x32, 0xf4,
    0x53, 0xf6, 0x54, 0xf6, 0x65, 0xf7, 0x54, 0xf6, 0x42, 0xf4, 0x42, 0xf5, 0x65, 0xf7, 0x53, 0xf6,
    0x33, 0xf3, 0x32, 0xf3, 0x32, 0xf4, 0x43, 0xf6, 0x22, 0xf3, 0x32, 0xf3, 0x32, 0xf4, 0x42, 0xf5,
    0x32, 0xf4, 0x54, 0xf7, 0x32, 0xf5, 0x42, 0xf5, 0x64, 0xf7, 0x64, 0xf8, 0x42, 0xf6, 0x64, 0xf8,
    0x54, 0xf6, 0x54, 0xf6, 0x54, 0xf7, 0x53, 0xf6, 0x65, 0xf8, 0x43, 0xf6, 0x53, 0xf6, 0x64, 0xf7,
    0x54, 0xf7, 0x43, 0xf6, 0x32, 0xf4, 0x43, 0xf6, 0x42, 0xf5, 0x54, 0xf6, 0x21, 0xf3, 0x32, 0xf4,
    0x32, 0xf4, 0x32, 0xf5, 0x32, 0xf4, 0x32, 0xf4, 0x52, 0xf7, 0x54, 0xf7, 0x53, 0xf7, 0x53, 0xf6,
    0x21, 0xf4, 0x32, 0xf4, 0x42, 0xf6, 0x42, 0xf5, 0x32, 0xf4, 0x43, 0xf5, 0x32, 0xf3, 0x43, 0xf5,
    0x33, 0xf4, 0x33, 0xf4, 0x33, 0xf4, 0x32, 0xf4, 0x33, 0xf4, 0x43, 0xf4, 0x33, 0xf4, 0x33, 0xf4,
    0x33, 0xf4, 0x33, 0xf4, 0x33, 0xf4, 0x33, 0xf4, 0x33, 0xf4, 0x43, 0xf4, 0x43, 0xf4, 0x32, 0xf3,
    0x33, 0xf4, 0x43, 0xf5, 0x43, 0xf5, 0x43, 0xf4, 0x32, 0xf4, 0x42, 0xf5, 0x43, 0xf6, 0x53, 0xf6,
    0x32, 0xf4, 0x32, 0xf3, 0x21, 0xf3, 0x53, 0xf6, 0x42, 0xf5, 0x54, 0xf7, 0x64, 0xf7, 0x54, 0xf6,
    0x32, 0xf3, 0x33, 0xf4, 0x32, 0xf3, 0x32, 0xf3, 0x43, 0xf4, 0x32, 0xf3, 0x33, 0xf4, 0x32, 0xf3,
    0x33, 0xf4, 0x32, 0xf3, 0x33, 0xf4, 0x42, 0xf5, 0x21, 0xf3, 0x32, 0xf4, 0x43, 0xf6, 0x33, 0xf4,
    0x32, 0xf4, 0x53, 0xf6, 0x31, 0xf4, 0x32, 0xf4, 0x54, 0xf6, 0x43, 0xf6, 0x53, 0xf6, 0x43, 0xf5,
    0x32, 0xf4, 0x32, 0xf4, 0x43, 0xf4, 0x32, 0xf3, 0x42, 0xf5, 0x53, 0xf7, 0x43, 0xf5, 0x43, 0xf5,
    0x53, 0xf7, 0x43, 0xf6, 0x32, 0xf4, 0x43, 0xf6, 0x43, 0xf5, 0x43, 0xf4, 0x32, 0xf4, 0x43, 0xf4,
    0x65, 0xf7, 0x64, 0xf7, 0x64, 0xf7, 0x54, 0xf6, 0x43, 0xf5, 0x32, 0xf5, 0x42, 0xf5, 0x42, 0xf5,
    0x43, 0xf4, 0x54, 0xf6, 0x44, 0xf5, 0x44, 0xf5, 0x54, 0xf5, 0x33, 0xf4, 0x55, 0xf6, 0x33, 0xf4,
    0x54, 0xf6, 0x54, 0xf6, 0x42, 0xf5, 0x43, 0xf5, 0x43, 0xf4, 0x32, 0xf4, 0x32, 0xf3, 0x65, 0xf7,
    0x65, 0xf7, 0x54, 0xf6, 0x65, 0xf7, 0x43, 0xf5, 0x31, 0xf4, 0x53, 0xf7, 0x31, 0xf4, 0x53, 0xf7,
    0x64, 0xf8, 0x53, 0xf6, 0x43, 0xf6, 0x65, 0xf7, 0x54, 0xf5, 0x43, 0xf5, 0x76, 0xf8, 0x65, 0xf7,
    0x42, 0xf5, 0x32, 0xf5, 0x42, 0xf6, 0x42, 0xf5, 0x43, 0xf5, 0x43, 0xf5, 0x32, 0xf4, 0x32, 0xf4,
    0x32, 0xf4, 0x43, 0xf5, 0x54, 0xf6, 0x43, 0xf5, 0x42, 0xf5, 0x32, 0xf5, 0x32, 0xf5, 0x32, 0xf5,
    0x33, 0xf4, 0x43, 0xf5, 0x42, 0xf5, 0x32, 0xf4, 0x43, 0xf5, 0x43, 0xf4, 0x32, 0xf4, 0x43, 0xf4,
    0x63, 0xf7, 0x65, 0xf7, 0x64, 0xf7, 0x64, 0xf7, 0x32, 0xf4, 0x21, 0xf3, 0x64, 0xf7, 0x32, 0xf4,
    0x43, 0xf5, 0x43, 0xf6, 0x32, 0xf4, 0x43, 0xf6, 0x42, 0xf6, 0x31, 0xf4, 0x32, 0xf5, 0x42, 0xf5,
    0x32, 0xf4, 0x54, 0xf6, 0x32, 0xf5, 0x42, 0xf6, 0x43, 0xf5, 0x53, 0xf6, 0x54, 0xf7, 0x65, 0xf7,
    0x43, 0xf5, 0x43, 0xf5, 0x64, 0xf7, 0x54, 0xf7, 0x53, 0xf7, 0x42, 0xf6, 0x32, 0xf5, 0x42, 0xf6,
    0x75, 0xf8, 0x64, 0xf7, 0x54, 0xf7, 0x32, 0xf5, 0x32, 0xf5, 0x42, 0xf6, 0x42, 0xf5, 0x42, 0xf6,
    0x52, 0xf7, 0x53, 0xf6, 0x53, 0xf6, 0x53, 0xf6, 0x53, 0xf7, 0x54, 0xf6, 0x53, 0xf6, 0x53, 0xf6,
    0x53, 0xf7, 0x53, 0xf7, 0x53, 0xf7, 0x53, 0xf7, 0x53, 0xf7, 0x64, 0xf7, 0x53, 0xf7, 0x63, 0xf7,
    0x43, 0xf5, 0x64, 0xf7, 0x65, 0xf7, 0x75, 0xf7, 0x65, 0xf7, 0x75, 0xf8, 0x76, 0xf8, 0x65, 0xf7,
    0x54, 0xf6, 0x54, 0xf6, 0x65, 0xf7, 0x75, 0xf8, 0x54, 0xf6, 0x54, 0xf6, 0x75, 0xf8, 0x54, 0xf6,
    0x75, 0xf7, 0x43, 0xf5, 0x54, 0xf6, 0x32, 0xf5, 0x42, 0xf5, 0x31, 0xf4, 0x64, 0xf7, 0x43, 0xf5,
    0x65, 0xf7, 0x53, 0xf6, 0x75, 0xf8, 0x43, 0xf5, 0x64, 0xf7, 0x54, 0xf7, 0x42, 0xf5, 0x32, 0xf5,
    0x65, 0xf7, 0x75, 0xf8, 0x54, 0xf6, 0x65, 0xf7, 0x87, 0xf9, 0x54, 0xf6, 0x65, 0xf7, 0x65, 0xf8,
    0x43, 0xf5, 0x64, 0xf7, 0x42, 0xf6, 0x42, 0xf5, 0x54, 0xf6, 0x76, 0xf8, 0x32, 0xf4, 0x43, 0xf6,
    0x53, 0xf6, 0x43, 0xf5, 0x65, 0xf7, 0x32, 0xf4, 0x32, 0xf4, 0x32, 0xf4, 0x32, 0xf4, 0x32, 0xf4,
    0x54, 0xf6, 0x21, 0xf3, 0x42, 0xf5, 0x53, 0xf6, 0x32, 0xf4, 0x32, 0xf4, 0x64, 0xf8, 0x32, 0xf4,
    0x63, 0xf7, 0x53, 0xf6, 0x53, 0xf7, 0x53, 0xf7, 0x64, 0xf8, 0x75, 0xf9, 0x65, 0xf8, 0x74, 0xf8,
    0x64, 0xf8, 0x74, 0xf8, 0x64, 0xf8, 0x64, 0xf8, 0x64, 0xf8, 0x75, 0xf8, 0x53, 0xf7, 0x63, 0xf8,
    0x74, 0xf9, 0x86, 0xf9, 0x75, 0xf9, 0x86, 0xfa, 0x64, 0xf8, 0x64, 0xf8, 0x74, 0xf9, 0x63, 0xf8,
    0x86, 0xfa, 0x74, 0xf8, 0x75, 0xf9, 0x63, 0xf8, 0x75, 0xf9, 0x74, 0xf9, 0x85, 0xf9, 0x74, 0xf8,
    0x74, 0xf8, 0x64, 0xf8, 0x63, 0xf8, 0x63, 0xf8, 0x64, 0xf8, 0x64, 0xf9, 0x86, 0xf9, 0x86, 0xfa,
    0x63, 0xf8, 0x53, 0xf7, 0x52, 0xf6, 0x32, 0xf4, 0x64, 0xf7, 0x86, 0xfa, 0x31, 0xf4, 0x64, 0xf7,
    0x64, 0xf8, 0x75, 0xf8, 0x75, 0xf9, 0x63, 0xf7, 0x75, 0xf8, 0x75, 0xf9, 0x75, 0xf9, 0x74, 0xf9,
    0x64, 0xf7, 0x42, 0xf6, 0x53, 0xf7, 0x63, 0xf8, 0x53, 0xf7, 0x64, 0xf8, 0x63, 0xf8, 0x74, 0xf8,
    0x74, 0xf8, 0x75, 0xf8, 0x74, 0xf9, 0x75, 0xf9, 0x32, 0xf5, 0x32, 0xf4, 0x42, 0xf6, 0x32, 0xf5,
    0x85, 0xf9, 0x75, 0xf8, 0x75, 0xf9, 0x63, 0xf7, 0x32, 0xf5, 0x42, 0xf5, 0x42, 0xf5, 0x32, 0xf5,
    0x43, 0xf5, 0x32, 0xf4, 0x32, 0xf4, 0x32, 0xf4, 0x32, 0xf4, 0x43, 0xf5, 0x32, 0xf4, 0x43, 0xf5,
    0x32, 0xf4, 0x32, 0xf4, 0x32, 0xf4, 0x32, 0xf4, 0x42, 0xf5, 0x43, 0xf5, 0x43, 0xf5, 0x43, 0xf5,
    0x74, 0xf9, 0x64, 0xf8, 0x53, 0xf7, 0x64, 0xf8, 0x75, 0xf9, 0x42, 0xf5, 0x75, 0xf9, 0x64, 0xf8,
    0x64, 0xf8, 0x64, 0xf8, 0x75, 0xf9, 0x74, 0xf8, 0x86, 0xf9, 0x86, 0xf9, 0x86, 0xf9, 0x75, 0xf9,
    0x21, 0xf3, 0x32, 0xf4, 0x31, 0xf4, 0x32, 0xf4, 0x32, 0xf4, 0x43, 0xf5, 0x32, 0xf4, 0x32, 0xf4,
    0x32, 0xf5, 0x32, 0xf4, 0x53, 0xf6, 0x32, 0xf4, 0x32, 0xf4, 0x32, 0xf3, 0x32, 0xf4, 0x32, 0xf3,
    0x52, 0xf7, 0x64, 0xf8, 0x32, 0xf4, 0x31, 0xf5, 0x63, 0xf8, 0x53, 0xf7, 0x64, 0xf8, 0x53, 0xf7,
    0x22, 0xf3, 0x32, 0xf4, 0x54, 0xf7, 0x64, 0xf7, 0x32, 0xf5, 0x42, 0xf6, 0x64, 0xf8, 0x64, 0xf8,
    0x42, 0xf6, 0x63, 0xf8, 0x42, 0xf6, 0x64, 0xf8, 0x63, 0xf9, 0x53, 0xf7, 0x75, 0xf9, 0x64, 0xf8,
    0x42, 0xf6, 0x53, 0xf7, 0x31, 0xf5, 0x42, 0xf6, 0x74, 0xf9, 0x85, 0xfa, 0x52, 0xf6, 0x53, 0xf6,
    0x64, 0xf8, 0x75, 0xf8, 0x43, 0xf5, 0x42, 0xf5, 0x42, 0xf5, 0x53, 0xf7, 0x21, 0xf3, 0x53, 0xf6,
    0x43, 0xf5, 0x21, 0xf2, 0x43, 0xf5, 0x33, 0xf4, 0x43, 0xf5, 0x64, 0xf7, 0x32, 0xf4, 0x42, 0xf5,
    0x63, 0xf8, 0x63, 0xf8, 0x74, 0xf9, 0x85, 0xfa, 0x63, 0xf8, 0x53, 0xf6, 0x64, 0xf8, 0x64, 0xf8,
    0x53, 0xf8, 0x53, 0xf6, 0x42, 0xf5, 0x43, 0xf5, 0x32, 0xf4, 0x21, 0xf4, 0x64, 0xf6, 0x42, 0xf4,
    0x64, 0xf8, 0x64, 0xf8, 0x43, 0xf6, 0x32, 0xf4, 0x75, 0xf8, 0x64, 0xf8, 0x42, 0xf5, 0x42, 0xf5,
    0x43, 0xf6, 0x21, 0xf3, 0x42, 0xf5, 0x31, 0xf3, 0x21, 0xf3, 0x31, 0xf4, 0x31, 0xf4, 0x33, 0xf4,
    0x64, 0xf8, 0x32, 0xf5, 0x53, 0xf6, 0x32, 0xf4, 0x32, 0xf4, 0x21, 0xf3, 0x54, 0xf7, 0x54, 0xf7,
    0x43, 0xf5, 0x32, 0xf3, 0x44, 0xf5, 0x43, 0xf5, 0x32, 0xf3, 0x65, 0xf7, 0x32, 0xf3, 0x32, 0xf5,
    0x53, 0xf6, 0x32, 0xf5, 0x64, 0xf8, 0x31, 0xf5, 0x32, 0xf4, 0x43, 0xf4, 0x43, 0xf4, 0x44, 0xf5,
    0x53, 0xf8, 0x32, 0xf5, 0x31, 0xf4, 0x32, 0xf4, 0x43, 0xf4, 0x32, 0xf4, 0x55, 0xf6, 0x32, 0xf4,
    0x43, 0xf4, 0x54, 0xf6, 0x43, 0xf5, 0x54, 0xf6, 0x43, 0xf5, 0x32, 0xf4, 0x54, 0xf6, 0x43, 0xf5,
    0x43, 0xf4, 0x43, 0xf5, 0x32, 0xf4, 0x32, 0xf4, 0x43, 0xf4, 0x32, 0xf4, 0x43, 0xf5, 0x42, 0xf5,
    0x64, 0xf7, 0x54, 0xf6, 0x43, 0xf5, 0x54, 0xf6, 0x54, 0xf6, 0x53, 0xf7, 0x54, 0xf6, 0x64, 0xf7,
    0x43, 0xf5, 0x43, 0xf5, 0x43, 0xf5, 0x43, 0xf5, 0x43, 0xf5, 0x64, 0xf7, 0x43, 0xf5, 0x65, 0xf7,
    0x42, 0xf5, 0x32, 0xf4, 0x43, 0xf5, 0x32, 0xf4, 0x43, 0xf6, 0x53, 0xf7, 0x43, 0xf5, 0x64, 0xf8,
    0x54, 0xf6, 0x32, 0xf4, 0x75, 0xf8, 0x32, 0xf4, 0x43, 0xf5, 0x53, 0xf6, 0x32, 0xf5, 0x43, 0xf6,
    0x43, 0xf5, 0x42, 0xf5, 0x43, 0xf4, 0x42, 0xf5, 0x43, 0xf6, 0x53, 0xf6, 0x43, 0xf5, 0x43, 0xf6,
    0x21, 0xf3, 0x32, 0xf4, 0x32, 0xf4, 0x32, 0xf4, 0x32, 0xf4, 0x43, 0xf5, 0x32, 0xf4, 0x42, 0xf5,
    0x64, 0xf7, 0x42, 0xf5, 0x53, 0xf6, 0x43, 0xf5, 0x32, 0xf5, 0x43, 0xf5, 0x32, 0xf4, 0x32, 0xf4,
    0x65, 0xf7, 0x43, 0xf5, 0x43, 0xf5, 0x43, 0xf5, 0x32, 0xf4, 0x32, 0xf4, 0x43, 0xf6, 0x43, 0xf5,
    0x53, 0xf6, 0x43, 0xf5, 0x43, 0xf5, 0x21, 0xf3, 0x54, 0xf6, 0x53, 0xf6, 0x53, 0xf6, 0x75, 0xf9,
    0x43, 0xf6, 0x32, 0xf5, 0x53, 0xf6, 0x43, 0xf6, 0x53, 0xf6, 0x64, 0xf7, 0x43, 0xf6, 0x43, 0xf5,
    0x32, 0xf4, 0x21, 0xf3, 0x64, 0xf7, 0x32, 0xf4, 0x32, 0xf4, 0x32, 0xf4, 0x43, 0xf5, 0x32, 0xf3,
    0x97, 0xfa, 0x64, 0xf7, 0x75, 0xf8, 0x65, 0xf8, 0x21, 0xf3, 0x43, 0xf5, 0x21, 0xf3, 0x65, 0xf6,
    0x43, 0xf5, 0x43, 0xf6, 0x32, 0xf4, 0x32, 0xf5, 0x32, 0xf5, 0x32, 0xf4, 0x42, 0xf5, 0x43, 0xf6,
    0x32, 0xf4, 0x32, 0xf4, 0x32, 0xf4, 0x32, 0xf4, 0x64, 0xf7, 0x65, 0xf8, 0x53, 0xf6, 0x86, 0xf9,
    0x21, 0xf3, 0x32, 0xf4, 0x32, 0xf4, 0x32, 0xf4, 0x32, 0xf4, 0x54, 0xf6, 0x32, 0xf4, 0x54, 0xf5,
    0x53, 0xf6, 0x32, 0xf5, 0x86, 0xf9, 0x53, 0xf6, 0x32, 0xf4, 0x44, 0xf5, 0x33, 0xf4, 0x44, 0xf5,
    0x32, 0xf4, 0x32, 0xf5, 0x32, 0xf4, 0x32, 0xf5, 0x32, 0xf5, 0x42, 0xf5, 0x43, 0xf6, 0x32, 0xf4,
    0x43, 0xf5, 0x32, 0xf4, 0x32, 0xf4, 0x43, 0xf5, 0x43, 0xf5, 0x42, 0xf5, 0x32, 0xf5, 0x43, 0xf6,
    0x32, 0xf4, 0x53, 0xf6, 0x32, 0xf4, 0x53, 0xf7, 0x54, 0xf7, 0x54, 0xf7, 0x54, 0xf7, 0x53, 0xf6,
    0x32, 0xf4, 0x54, 0xf6, 0x32, 0xf5, 0x54, 0xf6, 0x54, 0xf6, 0x54, 0xf7, 0x53, 0xf6, 0x54, 0xf7,
    0x21, 0xf3, 0x43, 0xf6, 0x31, 0xf4, 0x43, 0xf5, 0x42, 0xf6, 0x53, 0xf6, 0x43, 0xf6, 0x53, 0xf7,
    0x32, 0xf4, 0x43, 0xf6, 0x42, 0xf5, 0x53, 0xf7, 0x53, 0xf7, 0x54, 0xf7, 0x53, 0xf7, 0x53, 0xf6,
    0x54, 0xf6, 0x54, 0xf6, 0x65, 0xf7, 0x54, 0xf7, 0x53, 0xf6, 0x54, 0xf7, 0x54, 0xf6, 0x54, 0xf7,
    0x53, 0xf6, 0x54, 0xf7, 0x53, 0xf7, 0x53, 0xf6, 0x54, 0xf7, 0x64, 0xf7, 0x54, 0xf6, 0x43, 0xf5,
    0x32, 0xf4, 0x32, 0xf5, 0x43, 0xf5, 0x53, 0xf6, 0x53, 0xf6, 0x64, 0xf8, 0x53, 0xf6, 0x43, 0xf5,
    0x54, 0xf7, 0x42, 0xf5, 0x64, 0xf7, 0x54, 0xf6, 0x43, 0xf5, 0x32, 0xf5, 0x43, 0xf5, 0x43, 0xf6,
    0x64, 0xf7, 0x43, 0xf5, 0x32, 0xf5, 0x43, 0xf6, 0x54, 0xf6, 0x54, 0xf6, 0x65, 0xf7, 0x44, 0xf5,
    0x42, 0xf6, 0x53, 0xf6, 0x42, 0xf6, 0x43, 0xf6, 0x54, 0xf6, 0x43, 0xf4, 0x44, 0xf5, 0x43, 0xf4,
    0x64, 0xf7, 0x53, 0xf6, 0x54, 0xf7, 0x54, 0xf7, 0x53, 0xf6, 0x43, 0xf6, 0x64, 0xf7, 0x32, 0xf5,
    0x64, 0xf7, 0x54, 0xf6, 0x53, 0xf6, 0x64, 0xf7, 0x54, 0xf6, 0x42, 0xf6, 0x43, 0xf6, 0x42, 0xf5,
    0x53, 0xf7, 0x42, 0xf6, 0x42, 0xf5, 0x32, 0xf5, 0x43, 0xf5, 0x54, 0xf6, 0x53, 0xf5, 0x65, 0xf6,
    0x42, 0xf5, 0x32, 0xf4, 0x42, 0xf5, 0x32, 0xf4, 0x43, 0xf5, 0x65, 0xf6, 0x32, 0xf4, 0x54, 0xf5,
    0x33, 0xf4, 0x33, 0xf4, 0x32, 0xf3, 0x32, 0xf3, 0x22, 0xf3, 0x32, 0xf4, 0x22, 0xf3, 0x32, 0xf4,
    0x32, 0xf3, 0x32, 0xf4, 0x54, 0xf6, 0x43, 0xf4, 0x54, 0xf5, 0x32, 0xf4, 0x54, 0xf6, 0x32, 0xf4,
    0x54, 0xf7, 0x32, 0xf3, 0x54, 0xf6, 0x43, 0xf5, 0x54, 0xf6, 0x86, 0xf9, 0x75, 0xf8, 0x87, 0xfa,
    0x64, 0xf7, 0x65, 0xf7, 0x54, 0xf6, 0x76, 0xf8, 0x76, 0xf8, 0x75, 0xf8, 0x65, 0xf7, 0x64, 0xf7,
    0x43, 0xf5, 0x43, 0xf5, 0x54, 0xf6, 0x43, 0xf5, 0x53, 0xf6, 0x21, 0xf3, 0x43, 0xf5, 0x43, 0xf5,
    0x43, 0xf5, 0x53, 0xf6, 0x31, 0xf4, 0x43, 0xf5, 0x42, 0xf5, 0x54, 0xf6, 0x53, 0xf7, 0x42, 0xf5,
    0x32, 0xf4, 0x65, 0xf7, 0x32, 0xf4, 0x32, 0xf5, 0x64, 0xf7, 0x75, 0xf8, 0x43, 0xf5, 0x53, 0xf6,
    0x42, 0xf6, 0x43, 0xf5, 0x53, 0xf7, 0x32, 0xf4, 0x42, 0xf5, 0x42, 0xf5, 0x43, 0xf5, 0x54, 0xf7,
    0x43, 0xf5, 0x22, 0xf3, 0x65, 0xf8, 0x42, 0xf4, 0x32, 0xf3, 0x32, 0xf4, 0x32, 0xf4, 0x53, 0xf7,
    0x64, 0xf7, 0x64, 0xf7, 0x65, 0xf7, 0x64, 0xf7, 0x21, 0xf3, 0x32, 0xf4, 0x32, 0xf4, 0x43, 0xf6,
    0x32, 0xf5, 0x32, 0xf5, 0x42, 0xf5, 0x42, 0xf5, 0x31, 0xf4, 0x53, 0xf7, 0x43, 0xf5, 0x53, 0xf6,
    0x43, 0xf5, 0x54, 0xf7, 0x54, 0xf6, 0x54, 0xf6, 0x54, 0xf7, 0x43, 0xf5, 0x65, 0xf7, 0x32, 0xf3,
    0x97, 0xfa, 0x53, 0xf6, 0x43, 0xf6, 0x43, 0xf5, 0x31, 0xf4, 0x75, 0xf9, 0x54, 0xf6, 0x42, 0xf6,
    0x54, 0xf6, 0x76, 0xf8, 0x65, 0xf7, 0x65, 0xf8, 0x64, 0xf8, 0x42, 0xf6, 0x64, 0xf8, 0x53, 0xf7,
    0x53, 0xf6, 0x32, 0xf4, 0x53, 0xf6, 0x64, 0xf7, 0x42, 0xf6, 0x21, 0xf3, 0x64, 0xf8, 0x64, 0xf8,
    0x53, 0xf6, 0x64, 0xf8, 0x42, 0xf5, 0x64, 0xf7, 0x63, 0xf8, 0x75, 0xf9, 0x64, 0xf8, 0x75, 0xf8,
    0x32, 0xf5, 0x31, 0xf4, 0x31, 0xf4, 0x32, 0xf4, 0x42, 0xf6, 0x64, 0xf9, 0x42, 0xf5, 0x42, 0xf6,
    0x42, 0xf5, 0x32, 0xf4, 0x53, 0xf6, 0x65, 0xf7, 0x32, 0xf4, 0x54, 0xf6, 0x76, 0xf8, 0x86, 0xf9,
    0x64, 0xf8, 0x42, 0xf5, 0x43, 0xf5, 0x43, 0xf5, 0x86, 0xf9, 0x53, 0xf6, 0x43, 0xf5, 0x54, 0xf6,
    0x54, 0xf6, 0x54, 0xf6, 0x54, 0xf6, 0x44, 0xf5, 0x43, 0xf4, 0x43, 0xf5, 0x54, 0xf6, 0x43, 0xf5,
    0x32, 0xf4, 0x54, 0xf6, 0x42, 0xf5, 0x43, 0xf5, 0x65, 0xf7, 0x54, 0xf6, 0x54, 0xf6, 0x54, 0xf6,
    0x65, 0xf8, 0x64, 0xf7, 0x53, 0xf6, 0x53, 0xf6, 0x54, 0xf6, 0x75, 0xf8, 0x42, 0xf6, 0x43, 0xf6,
    0x54, 0xf6, 0x65, 0xf6, 0x76, 0xf7, 0x65, 0xf7, 0x65, 0xf7, 0x32, 0xf4, 0x65, 0xf7, 0x32, 0xf4,
    0x76, 0xf8, 0x54, 0xf6, 0x54, 0xf6, 0x32, 0xf3, 0x43, 0xf5, 0x32, 0xf5, 0x21, 0xf3, 0x32, 0xf5,
    0x31, 0xf4, 0x63, 0xf8, 0x32, 0xf4, 0x53, 0xf7, 0x75, 0xf8, 0x64, 0xf7, 0x75, 0xf9, 0x85, 0xf9,
    0x43, 0xf5, 0x64, 0xf7, 0x31, 0xf5, 0x52, 0xf6, 0x65, 0xf8, 0x64, 0xf7, 0x43, 0xf6, 0x32, 0xf5,
    0x42, 0xf6, 0x53, 0xf6, 0x76, 0xf9, 0x76, 0xf9, 0x64, 0xf7, 0x64, 0xf7, 0x75, 0xf8, 0x53, 0xf6,
    0x64, 0xf7, 0x75, 0xf8, 0x53, 0xf6, 0x75, 0xf8, 0x86, 0xf9, 0x64, 0xf7, 0x75, 0xf8, 0x64, 0xf8,
    0x43, 0xf6, 0x53, 0xf6, 0x64, 0xf7, 0x75, 0xf8, 0x64, 0xf8, 0x64, 0xf8, 0x42, 0xf5, 0x32, 0xf5,
    0x42, 0xf6, 0x53, 0xf7, 0x42, 0xf5, 0x54, 0xf6, 0x32, 0xf4, 0x21, 0xf3, 0x53, 0xf6, 0x43, 0xf5,
    0x64, 0xf8, 0x75, 0xf9, 0x64, 0xf7, 0x75, 0xf8, 0x75, 0xf8, 0x64, 0xf8, 0x65, 0xf7, 0x64, 0xf8,
    0x32, 0xf4, 0x32, 0xf4, 0x54, 0xf5, 0x43, 0xf5, 0x31, 0xf4, 0x64, 0xf8, 0x21, 0xf3, 0x32, 0xf5,
    0x53, 0xf7, 0x42, 0xf6, 0x43, 0xf6, 0x32, 0xf5, 0x42, 0xf5, 0x53, 0xf6, 0x43, 0xf5, 0x43, 0xf5,
    0x32, 0xf5, 0x32, 0xf4, 0x32, 0xf3, 0x53, 0xf6, 0x64, 0xf7, 0x32, 0xf4, 0x54, 0xf6, 0x42, 0xf5,
    0x54, 0xf7, 0x43, 0xf6, 0x42, 0xf5, 0x53, 0xf6, 0x54, 0xf6, 0x32, 0xf5, 0x64, 0xf7, 0x53, 0xf6,
    0x54, 0xf6, 0x53, 0xf6, 0x64, 0xf7, 0x54, 0xf7, 0x54, 0xf6, 0x54, 0xf6, 0x43, 0xf6, 0x53, 0xf6,
    0x43, 0xf5, 0x64, 0xf7, 0x53, 0xf7, 0x43, 0xf6, 0x54, 0xf6, 0x43, 0xf5, 0x32, 0xf4, 0x21, 0xf3,
    0x64, 0xf7, 0x42, 0xf6, 0x64, 0xf8, 0x75, 0xf8, 0x32, 0xf5, 0x31, 0xf4, 0x42, 0xf6, 0x53, 0xf7,
    0x64, 0xf7, 0x43, 0xf5, 0x42, 0xf5, 0x32, 0xf4, 0x32, 0xf4, 0x43, 0xf5, 0x43, 0xf5, 0x54, 0xf5,
    0x32, 0xf4, 0x42, 0xf5, 0x53, 0xf6, 0x32, 0xf4, 0x42, 0xf5, 0x54, 0xf6, 0x42, 0xf5, 0x53, 0xf6,
    0x43, 0xf6, 0x53, 0xf7, 0x43, 0xf6, 0x53, 0xf6, 0x54, 0xf7, 0x43, 0xf5, 0x54, 0xf7, 0x43, 0xf6,
    0x43, 0xf5, 0x32, 0xf4, 0x32, 0xf4, 0x32, 0xf3, 0x32, 0xf4, 0x53, 0xf6, 0x32, 0xf4, 0x42, 0xf5,
    0x64, 0xf7, 0x32, 0xf4, 0x54, 0xf6, 0x32, 0xf4, 0x32, 0xf4, 0x32, 0xf4, 0x43, 0xf5, 0x32, 0xf5,
    0x65, 0xf6, 0x43, 0xf5, 0x32, 0xf4, 0x43, 0xf5, 0x54, 0xf7, 0x32, 0xf5, 0x54, 0xf6, 0x43, 0xf5,
    0x32, 0xf4, 0x43, 0xf5, 0x43, 0xf5, 0x32, 0xf5, 0x32, 0xf4, 0x43, 0xf5, 0x32, 0xf4, 0x43, 0xf5,
    0x43, 0xf5, 0x42, 0xf5, 0x32, 0xf4, 0x53, 0xf6, 0x42, 0xf5, 0x53, 0xf6, 0x53, 0xf6, 0x43, 0xf6,
    0x32, 0xf4, 0x53, 0xf6, 0x42, 0xf5, 0x32, 0xf4, 0x52, 0xf6, 0x53, 0xf6, 0x32, 0xf5, 0x53, 0xf6,
    0x43, 0xf5, 0x32, 0xf4, 0x65, 0xf7, 0x64, 0xf7, 0x31, 0xf4, 0x32, 0xf4, 0x32, 0xf4, 0x21, 0xf3,
    0x64, 0xf7, 0x64, 0xf7, 0x53, 0xf7, 0x54, 0xf7, 0x42, 0xf6, 0x53, 0xf6, 0x64, 0xf7, 0x65, 0xf8,
    0x53, 0xf7, 0x53, 0xf7, 0x63, 0xf7, 0x53, 0xf6, 0x64, 0xf7, 0x75, 0xf9, 0x53, 0xf7, 0x53, 0xf7,
    0x64, 0xf7, 0x32, 0xf4, 0x64, 0xf7, 0x32, 0xf4, 0x32, 0xf4, 0x43, 0xf6, 0x42, 0xf4, 0x43, 0xf5,
    0x75, 0xf8, 0x21, 0xf3, 0x53, 0xf7, 0x42, 0xf5, 0x65, 0xf6, 0x43, 0xf5, 0x32, 0xf4, 0x32, 0xf4,
    0x53, 0xf7, 0x52, 0xf6, 0x42, 0xf6, 0x42, 0xf6, 0x53, 0xf7, 0x31, 0xf5, 0x53, 0xf6, 0x32, 0xf4,
    0x64, 0xf8, 0x42, 0xf5, 0x53, 0xf6, 0x43, 0xf6, 0x21, 0xf3, 0x54, 0xf6, 0x32, 0xf4, 0x43, 0xf5,
    0x31, 0xf5, 0x43, 0xf5, 0x42, 0xf5, 0x31, 0xf5, 0x21, 0xf3, 0x43, 0xf5, 0x32, 0xf4, 0x54, 0xf6,
    0x64, 0xf7, 0x42, 0xf5, 0x54, 0xf6, 0x32, 0xf4, 0x63, 0xf8, 0x64, 0xf8, 0x63, 0xf8, 0x75, 0xf8,
    0x42, 0xf5, 0x42, 0xf5, 0x32, 0xf5, 0x42, 0xf5, 0x42, 0xf6, 0x54, 0xf6, 0x42, 0xf5, 0x43, 0xf5,
    0x32, 0xf4, 0x42, 0xf5, 0x32, 0xf4, 0x53, 0xf6, 0x43, 0xf6, 0x43, 0xf5, 0x32, 0xf4, 0x42, 0xf5,
    0x75, 0xf8, 0x64, 0xf7, 0x53, 0xf6, 0x42, 0xf5, 0x43, 0xf5, 0x32, 0xf4, 0x42, 0xf5, 0x54, 0xf6,
    0x42, 0xf6, 0x42, 0xf6, 0x54, 0xf7, 0x43, 0xf6, 0x53, 0xf6, 0x53, 0xf6, 0x64, 0xf7, 0x53, 0xf6,
    0x75, 0xf8, 0x64, 0xf7, 0x64, 0xf7, 0x43, 0xf5, 0x32, 0xf4, 0x21, 0xf3, 0x75, 0xf8, 0x53, 0xf6,
    0x64, 0xf7, 0x43, 0xf5, 0x64, 0xf7, 0x54, 0xf6, 0x54, 0xf6, 0x43, 0xf5, 0x53, 0xf6, 0x32, 0xf4,
    0x43, 0xf6, 0x43, 0xf5, 0x53, 0xf7, 0x53, 0xf6, 0x53, 0xf6, 0x53, 0xf5, 0x43, 0xf5, 0x53, 0xf5,
    0x21, 0xf3, 0x31, 0xf4, 0x21, 0xf3, 0x31, 0xf4, 0x53, 0xf6, 0x64, 0xf7, 0x32, 0xf4, 0x54, 0xf6,
    0x42, 0xf6, 0x32, 0xf5, 0x31, 0xf4, 0x21, 0xf3, 0x21, 0xf3, 0x53, 0xf6, 0x32, 0xf5, 0x43, 0xf5,
    0x31, 0xf4, 0x42, 0xf5, 0x54, 0xf7, 0x32, 0xf5, 0x53, 0xf7, 0x43, 0xf6, 0x54, 0xf7, 0x75, 0xf8,
    0x54, 0xf6, 0x65, 0xf7, 0x43, 0xf5, 0x65, 0xf7, 0x76, 0xf9, 0x43, 0xf5, 0x54, 0xf7, 0x42, 0xf5,
    0x32, 0xf5, 0x64, 0xf7, 0x53, 0xf6, 0x64, 0xf7, 0x43, 0xf5, 0x42, 0xf6, 0x32, 0xf4, 0x42, 0xf5,
    0x75, 0xf8, 0x42, 0xf6, 0x64, 0xf8, 0x53, 0xf6, 0x42, 0xf5, 0x53, 0xf6, 0x32, 0xf5, 0x53, 0xf7,
    0x53, 0xf7, 0x32, 0xf4, 0x43, 0xf6, 0x21, 0xf3, 0x21, 0xf4, 0x42, 0xf5, 0x43, 0xf5, 0x32, 0xf4,
    0x64, 0xf8, 0x64, 0xf7, 0x42, 0xf5, 0x42, 0xf5, 0x32, 0xf4, 0x32, 0xf5, 0x42, 0xf6, 0x64, 0xf7,
    0x32, 0xf4, 0x53, 0xf6, 0x43, 0xf6, 0x53, 0xf6, 0x53, 0xf6, 0x53, 0xf7, 0x53, 0xf6, 0x64, 0xf7,
    0x22, 0xf3, 0x32, 0xf4, 0x32, 0xf4, 0x32, 0xf4, 0x32, 0xf4, 0x42, 0xf5, 0x53, 0xf6, 0x32, 0xf5,
    0x43, 0xf6, 0x42, 0xf4, 0x21, 0xf3, 0x32, 0xf4, 0x54, 0xf6, 0x32, 0xf4, 0x43, 0xf5, 0x32, 0xf4,
    0x53, 0xf7, 0x42, 0xf5, 0x42, 0xf5, 0x32, 0xf4, 0x31, 0xf4, 0x32, 0xf4, 0x31, 0xf4, 0x42, 0xf5,
    0x42, 0xf5, 0x32, 0xf5, 0x32, 0xf4, 0x32, 0xf5, 0x53, 0xf6, 0x64, 0xf8, 0x64, 0xf8, 0x64, 0xf8,
    0x32, 0xf4, 0x32, 0xf4, 0x53, 0xf7, 0x42, 0xf5, 0x54, 0xf6, 0x43, 0xf5, 0x21, 0xf3, 0x32, 0xf4,
    0x53, 0xf6, 0x42, 0xf5, 0x54, 0xf6, 0x65, 0xf7, 0x32, 0xf5, 0x32, 0xf4, 0x43, 0xf5, 0x21, 0xf3,
    0x21, 0xf3, 0x42, 0xf5, 0x32, 0xf4, 0x43, 0xf6, 0x53, 0xf6, 0x54, 0xf7, 0x53, 0xf6, 0x63, 0xf7,
    0x32, 0xf4, 0x43, 0xf5, 0x32, 0xf4, 0x32, 0xf4, 0x42, 0xf5, 0x53, 0xf7, 0x32, 0xf4, 0x32, 0xf4,
    0x32, 0xf4, 0x21, 0xf3, 0x43, 0xf5, 0x43, 0xf5, 0x32, 0xf4, 0x32, 0xf4, 0x32, 0xf3, 0x32, 0xf4,
    0x43, 0xf5, 0x32, 0xf4, 0x32, 0xf4, 0x33, 0xf4, 0x22, 0xf3, 0x21, 0xf3, 0x33, 0xf4, 0x32, 0xf4,
    0x65, 0xf7, 0x54, 0xf6, 0x64, 0xf7, 0x75, 0xf8, 0x64, 0xf7, 0x65, 0xf7, 0x65, 0xf8, 0x43, 0xf5,
    0x65, 0xf8, 0x65, 0xf7, 0x42, 0xf5, 0x43, 0xf5, 0x54, 0xf6, 0x53, 0xf6, 0x53, 0xf6, 0x64, 0xf7,
    0x32, 0xf4, 0x43, 0xf5, 0x54, 0xf6, 0x64, 0xf7, 0x43, 0xf5, 0x43, 0xf5, 0x64, 0xf7, 0x43, 0xf5,
    0x76, 0xf8, 0x65, 0xf7, 0x65, 0xf7, 0x54, 0xf6, 0x53, 0xf6, 0x32, 0xf4, 0x54, 0xf7, 0x32, 0xf4,
    0x32, 0xf5, 0x42, 0xf5, 0x31, 0xf4, 0x32, 0xf5, 0x54, 0xf7, 0x54, 0xf6, 0x43, 0xf6, 0x43, 0xf4,
    0x32, 0xf5, 0x53, 0xf7, 0x42, 0xf6, 0x74, 0xf9, 0x53, 0xf7, 0x42, 0xf5, 0x74, 0xf9, 0x53, 0xf7,
    0x43, 0xf5, 0x54, 0xf6, 0x43, 0xf5, 0x54, 0xf6, 0x32, 0xf4, 0x21, 0xf3, 0x43, 0xf5, 0x32, 0xf4,
    0x43, 0xf5, 0x43, 0xf5, 0x54, 0xf6, 0x43, 0xf6, 0x21, 0xf3, 0x32, 0xf4, 0x21, 0xf3, 0x32, 0xf4,
    0x32, 0xf5, 0x32, 0xf4, 0x43, 0xf6, 0x43, 0xf5, 0x43, 0xf6, 0x43, 0xf5, 0x64, 0xf7, 0x43, 0xf5,
    0x54, 0xf7, 0x54, 0xf6, 0x53, 0xf7, 0x53, 0xf7, 0x64, 0xf7, 0x42, 0xf5, 0x32, 0xf5, 0x42, 0xf5,
    0x32, 0xf4, 0x32, 0xf4, 0x21, 0xf3, 0x31, 0xf4, 0x32, 0xf5, 0x42, 0xf5, 0x32, 0xf4, 0x32, 0xf4,
    0x21, 0xf3, 0x21, 0xf3, 0x53, 0xf6, 0x32, 0xf4, 0x32, 0xf4, 0x43, 0xf4, 0x32, 0xf3, 0x43, 0xf5,
    0x43, 0xf5, 0x43, 0xf6, 0x33, 0xf4, 0x32, 0xf3, 0x32, 0xf4, 0x31, 0xf4, 0x43, 0xf5, 0x42, 0xf5,
    0x54, 0xf5, 0x32, 0xf3, 0x44, 0xf5, 0x22, 0xf3, 0x32, 0xf4, 0x43, 0xf6, 0x43, 0xf5, 0x42, 0xf5,
    0x42, 0xf5, 0x42, 0xf5, 0x53, 0xf6, 0x42, 0xf5, 0x53, 0xf7, 0x42, 0xf6, 0x42, 0xf6, 0x53, 0xf6,
    0x64, 0xf8, 0x53, 0xf7, 0x64, 0xf8, 0x54, 0xf7, 0x32, 0xf5, 0x43, 0xf5, 0x32, 0xf4, 0x21, 0xf3,
    0x53, 0xf7, 0x43, 0xf5, 0x32, 0xf3, 0x42, 0xf5, 0x32, 0xf4, 0x42, 0xf6, 0x43, 0xf5, 0x32, 0xf3,
    0x32, 0xf4, 0x53, 0xf7, 0x54, 0xf6, 0x64, 0xf7, 0x42, 0xf5, 0x54, 0xf7, 0x52, 0xf7, 0x75, 0xf9,
    0x64, 0xf7, 0x32, 0xf5, 0x64, 0xf7, 0x42, 0xf6, 0x42, 0xf5, 0x32, 0xf4, 0x31, 0xf4, 0x43, 0xf5,
    0x42, 0xf6, 0x53, 0xf6, 0x31, 0xf4, 0x53, 0xf6, 0x53, 0xf6, 0x32, 0xf4, 0x43, 0xf5, 0x32, 0xf5,
    0x43, 0xf5, 0x54, 0xf6, 0x53, 0xf5, 0x32, 0xf5, 0x53, 0xf7, 0x64, 0xf7, 0x53, 0xf6, 0x54, 0xf6,
    0x42, 0xf4, 0x43, 0xf5, 0x64, 0xf8, 0x54, 0xf6, 0x32, 0xf5, 0x42, 0xf5, 0x43, 0xf6, 0x53, 0xf7,
    0x52, 0xf7, 0x32, 0xf4, 0x42, 0xf5, 0x53, 0xf6, 0x32, 0xf4, 0x53, 0xf7, 0x53, 0xf7, 0x53, 0xf7,
    0x53, 0xf6, 0x74, 0xf8, 0x64, 0xf7, 0x64, 0xf8, 0x74, 0xf9, 0x53, 0xf7, 0x86, 0xf9, 0x32, 0xf5,
    0x31, 0xf4, 0x65, 0xf8, 0x32, 0xf5, 0x42, 0xf5, 0x64, 0xf7, 0x32, 0xf5, 0x32, 0xf4, 0x53, 0xf7,
    0x42, 0xf5, 0x32, 0xf4, 0x42, 0xf5, 0x43, 0xf6, 0x43, 0xf6, 0x53, 0xf7, 0x42, 0xf5, 0x32, 0xf4,
    0x65, 0xf8, 0x85, 0xf9, 0x53, 0xf6, 0x43, 0xf6, 0x43, 0xf5, 0x31, 0xf4, 0x32, 0xf5, 0x42, 0xf6,
    0x64, 0xf7, 0x32, 0xf4, 0x32, 0xf4, 0x32, 0xf4, 0x53, 0xf6, 0x54, 0xf6, 0x65, 0xf8, 0x53, 0xf6,
    0x42, 0xf5, 0x43, 0xf6, 0x42, 0xf5, 0x43, 0xf6, 0x31, 0xf4, 0x32, 0xf4, 0x32, 0xf5, 0x43, 0xf6,
    0x42, 0xf5, 0x42, 0xf5, 0x43, 0xf5, 0x42, 0xf5, 0x42, 0xf5, 0x42, 0xf6, 0x42, 0xf6, 0x53, 0xf7,
    0x64, 0xf7, 0x32, 0xf4, 0x76, 0xf8, 0x32, 0xf5, 0x32, 0xf4, 0x53, 0xf7, 0x53, 0xf6, 0x53, 0xf7,
    0x31, 0xf4, 0x42, 0xf5, 0x31, 0xf4, 0x32, 0xf5, 0x64, 0xf8, 0x76, 0xf9, 0x64, 0xf7, 0x86, 0xf9,
    0x75, 0xf8, 0x64, 0xf8, 0x54, 0xf7, 0x64, 0xf7, 0x75, 0xf9, 0x54, 0xf7, 0x75, 0xf8, 0x64, 0xf7,
    0x53, 0xf7, 0x53, 0xf7, 0x64, 0xf7, 0x64, 0xf8, 0x64, 0xf8, 0x53, 0xf7, 0x65, 0xf8, 0x21, 0xf2,
    0x53, 0xf6, 0x54, 0xf6, 0x64, 0xf7, 0x54, 0xf6, 0x42, 0xf6, 0x64, 0xf7, 0x21, 0xf3, 0x32, 0xf4,
    0x43, 0xf5, 0x32, 0xf4, 0x44, 0xf5, 0x43, 0xf4, 0x43, 0xf4, 0x43, 0xf4, 0x44, 0xf5, 0x55, 0xf6,
    0x43, 0xf6, 0x64, 0xf7, 0x32, 0xf3, 0x42, 0xf5, 0x54, 0xf7, 0x21, 0xf3, 0x42, 0xf5, 0x32, 0xf4,
    0x32, 0xf4, 0x32, 0xf4, 0x43, 0xf5, 0x21, 0xf3, 0x42, 0xf5, 0x32, 0xf4, 0x42, 0xf5, 0x43, 0xf6,
    0x21, 0xf2, 0x43, 0xf6, 0x42, 0xf5, 0x42, 0xf6, 0x53, 0xf7, 0x43, 0xf6, 0x43, 0xf6, 0x42, 0xf6,
    0x32, 0xf4, 0x53, 0xf6, 0x21, 0xf4, 0x42, 0xf6, 0x53, 0xf6, 0x43, 0xf5, 0x64, 0xf7, 0x53, 0xf6,
    0x43, 0xf6, 0x43, 0xf6, 0x42, 0xf6, 0x53, 0xf7, 0x54, 0xf6, 0x54, 0xf6, 0x54, 0xf6, 0x43, 0xf6,
    0x42, 0xf5, 0x54, 0xf7, 0x42, 0xf5, 0x42, 0xf6, 0x42, 0xf5, 0x53, 0xf7, 0x53, 0xf6, 0x64, 0xf7,
    0x43, 0xf5, 0x42, 0xf5, 0x43, 0xf5, 0x33, 0xf4, 0x43, 0xf5, 0x32, 0xf4, 0x32, 0xf4, 0x42, 0xf5,
    0x32, 0xf3, 0x32, 0xf4, 0x53, 0xf6, 0x32, 0xf4, 0x32, 0xf4, 0x43, 0xf6, 0x32, 0xf3, 0x32, 0xf4,
    0x32, 0xf5, 0x42, 0xf6, 0x43, 0xf5, 0x43, 0xf6, 0x53, 0xf6, 0x63, 0xf8, 0x43, 0xf6, 0x53, 0xf7,
    0x54, 0xf6, 0x53, 0xf6, 0x43, 0xf5, 0x43, 0xf5, 0x54, 0xf7, 0x43, 0xf5, 0x53, 0xf6, 0x54, 0xf6,
    0x32, 0xf4, 0x43, 0xf5, 0x76, 0xf8, 0x54, 0xf6, 0x43, 0xf5, 0x31, 0xf4, 0x53, 0xf6, 0x32, 0xf4,
    0x98, 0xfa, 0x53, 0xf6, 0x54, 0xf6, 0x42, 0xf5, 0x54, 0xf7, 0x43, 0xf5, 0x64, 0xf8, 0x65, 0xf8,
    0x43, 0xf6, 0x64, 0xf8, 0x21, 0xf3, 0x42, 0xf5, 0x64, 0xf8, 0x42, 0xf5, 0x42, 0xf5, 0x31, 0xf5,
    0x21, 0xf3, 0x32, 0xf5, 0x43, 0xf6, 0x42, 0xf5, 0x42, 0xf6, 0x31, 0xf5, 0x53, 0xf7, 0x53, 0xf7,
    0x75, 0xf8, 0x53, 0xf6, 0x64, 0xf8, 0x64, 0xf7, 0x64, 0xf7, 0x75, 0xf8, 0x53, 0xf6, 0x54, 0xf6,
    0x64, 0xf7, 0x64, 0xf7, 0x64, 0xf7, 0x54, 0xf7, 0x53, 0xf6, 0x54, 0xf6, 0x53, 0xf6, 0x65, 0xf8,
    0x43, 0xf6, 0x53, 0xf7, 0x42, 0xf5, 0x53, 0xf6, 0x64, 0xf7, 0x42, 0xf5, 0x53, 0xf7, 0x42, 0xf6,
    0x42, 0xf5, 0x43, 0xf6, 0x53, 0xf6, 0x53, 0xf6, 0x54, 0xf7, 0x53, 0xf6, 0x53, 0xf7, 0x43, 0xf6,
    0x64, 0xf7, 0x64, 0xf7, 0x53, 0xf6, 0x43, 0xf5, 0x22, 0xf3, 0x32, 0xf3, 0x22, 0xf3, 0x54, 0xf6,
    0x31, 0xf5, 0x32, 0xf4, 0x42, 0xf5, 0x42, 0xf6, 0x53, 0xf6, 0x64, 0xf7, 0x42, 0xf5, 0x21, 0xf3,
    0x21, 0xf3, 0x32, 0xf3, 0x32, 0xf3, 0x32, 0xf4, 0x33, 0xf4, 0x21, 0xf3, 0x22, 0xf3, 0x32, 0xf4,
    0x54, 0xf7, 0x53, 0xf6, 0x54, 0xf6, 0x53, 0xf6, 0x42, 0xf5, 0x42, 0xf5, 0x43, 0xf6, 0x43, 0xf6,
    0x32, 0xf5, 0x42, 0xf5, 0x32, 0xf5, 0x43, 0xf5, 0x22, 0xf3, 0x43, 0xf5, 0x54, 0xf6, 0x65, 0xf7,
    0x43, 0xf6, 0x75, 0xf8, 0x43, 0xf5, 0x64, 0xf7, 0x86, 0xf9, 0x76, 0xf8, 0x64, 0xf7, 0x75, 0xf8,
    0x64, 0xf7, 0x54, 0xf6, 0x64, 0xf7, 0x43, 0xf6, 0x32, 0xf4, 0x42, 0xf5, 0x32, 0xf3, 0x32, 0xf5,
    0x54, 0xf6, 0x53, 0xf6, 0x65, 0xf7, 0x32, 0xf4, 0x32, 0xf4, 0x42, 0xf5, 0x32, 0xf4, 0x53, 0xf6,
    0x65, 0xf8, 0x54, 0xf7, 0x42, 0xf6, 0x54, 0xf7, 0x53, 0xf6, 0x75, 0xf8, 0x65, 0xf7, 0x64, 0xf7,
    0x53, 0xf6, 0x53, 0xf6, 0x64, 0xf7, 0x54, 0xf7, 0x54, 0xf7, 0x54, 0xf6, 0x53, 0xf6, 0x65, 0xf7,
    0x65, 0xf8, 0x53, 0xf6, 0x65, 0xf8, 0x64, 0xf7, 0x43, 0xf5, 0x32, 0xf4, 0x42, 0xf5, 0x21, 0xf3,
    0x53, 0xf6, 0x64, 0xf7, 0x43, 0xf5, 0x54, 0xf6, 0x43, 0xf5, 0x31, 0xf4, 0x32, 0xf4, 0x32, 0xf4,
    0x43, 0xf5, 0x64, 0xf8, 0x32, 0xf4, 0x43, 0xf5, 0x64, 0xf8, 0x64, 0xf7, 0x54, 0xf7, 0x43, 0xf5,
    0x32, 0xf3, 0x32, 0xf4, 0x21, 0xf3, 0x43, 0xf5, 0x32, 0xf4, 0x32, 0xf4, 0x43, 0xf5, 0x32, 0xf4,
    0x32, 0xf4, 0x21, 0xf3, 0x32, 0xf4, 0x54, 0xf6, 0x42, 0xf5, 0x42, 0xf5, 0x54, 0xf7, 0x53, 0xf6,
    0x53, 0xf6, 0x87, 0xf9, 0x43, 0xf6, 0x53, 0xf6, 0x54, 0xf6, 0x43, 0xf5, 0x54, 0xf7, 0x54, 0xf7,
    0x32, 0xf4, 0x32, 0xf4, 0x32, 0xf4, 0x42, 0xf5, 0x65, 0xf7, 0x75, 0xf8, 0x54, 0xf6, 0x43, 0xf5,
    0x42, 0xf6, 0x42, 0xf5, 0x42, 0xf6, 0x53, 0xf7, 0x43, 0xf5, 0x43, 0xf5, 0x53, 0xf7, 0x32, 0xf4,
    0x54, 0xf6, 0x21, 0xf3, 0x32, 0xf4, 0x43, 0xf6, 0x42, 0xf5, 0x53, 0xf6, 0x43, 0xf5, 0x43, 0xf5,
    0x54, 0xf6, 0x65, 0xf7, 0x53, 0xf6, 0x65, 0xf8, 0x43, 0xf5, 0x43, 0xf5, 0x43, 0xf6, 0x43, 0xf5,
    0x54, 0xf7, 0x54, 0xf6, 0x43, 0xf5, 0x42, 0xf5, 0x32, 0xf5, 0x42, 0xf5, 0x42, 0xf5, 0x42, 0xf5,
    0x43, 0xf6, 0x42, 0xf5, 0x43, 0xf5, 0x31, 0xf4, 0x42, 0xf6, 0x43, 0xf5, 0x42, 0xf5, 0x42, 0xf5,
    0x54, 0xf6, 0x65, 0xf8, 0x43, 0xf5, 0x43, 0xf5, 0x53, 0xf6, 0x54, 0xf6, 0x43, 0xf5, 0x43, 0xf6,
    0x43, 0xf5, 0x43, 0xf5, 0x43, 0xf5, 0x53, 0xf6, 0x54, 0xf6, 0x53, 0xf6, 0x53, 0xf6, 0x53, 0xf6,
    0x43, 0xf4, 0x43, 0xf4, 0x32, 0xf4, 0x43, 0xf4, 0x54, 0xf5, 0x65, 0xf6, 0x54, 0xf5, 0x54, 0xf6,
    0x21, 0xf3, 0x32, 0xf4, 0x32, 0xf5, 0x53, 0xf6, 0x32, 0xf4, 0x32, 0xf4, 0x42, 0xf5, 0x43, 0xf5,
    0x54, 0xf6, 0x32, 0xf4, 0x54, 0xf6, 0x43, 0xf6, 0x32, 0xf4, 0x54, 0xf6, 0x32, 0xf4, 0x43, 0xf6,
    0x54, 0xf6, 0x43, 0xf6, 0x75, 0xf8, 0x53, 0xf6, 0x32, 0xf4, 0x54, 0xf6, 0x54, 0xf7, 0x54, 0xf6,
    0x42, 0xf5, 0x43, 0xf6, 0x42, 0xf5, 0x42, 0xf5, 0x64, 0xf7, 0x43, 0xf5, 0x43, 0xf5, 0x32, 0xf4,
    0x43, 0xf6, 0x53, 0xf6, 0x64, 0xf7, 0x64, 0xf7, 0x43, 0xf5, 0x32, 0xf4, 0x53, 0xf6, 0x43, 0xf5,
    0x43, 0xf5, 0x54, 0xf6, 0x43, 0xf5, 0x43, 0xf5, 0x54, 0xf6, 0x53, 0xf6, 0x32, 0xf4, 0x43, 0xf5,
    0x32, 0xf4, 0x42, 0xf5, 0x54, 0xf6, 0x53, 0xf6, 0x43, 0xf5, 0x53, 0xf6, 0x43, 0xf5, 0x43, 0xf5,
    0x64, 0xf7, 0x43, 0xf5, 0x65, 0xf7, 0x54, 0xf6, 0x32, 0xf4, 0x54, 0xf6, 0x65, 0xf7, 0x64, 0xf7,
    0x43, 0xf5, 0x53, 0xf6, 0x42, 0xf5, 0x53, 0xf6, 0x75, 0xf8, 0x76, 0xf8, 0x53, 0xf6, 0x64, 0xf7,
    0x43, 0xf5, 0x32, 0xf4, 0x43, 0xf5, 0x43, 0xf5, 0x43, 0xf5, 0x32, 0xf4, 0x43, 0xf5, 0x32, 0xf4,
    0x33, 0xf4, 0x32, 0xf4, 0x43, 0xf5, 0x32, 0xf4, 0x43, 0xf5, 0x53, 0xf6, 0x32, 0xf4, 0x64, 0xf7,
    0x32, 0xf5, 0x32, 0xf4, 0x54, 0xf6, 0x32, 0xf4, 0x42, 0xf5, 0x32, 0xf4, 0x53, 0xf6, 0x64, 0xf7,
    0x32, 0xf4, 0x43, 0xf5, 0x32, 0xf4, 0x32, 0xf4, 0x53, 0xf6, 0x64, 0xf8, 0x53, 0xf7, 0x42, 0xf6,
    0x43, 0xf6, 0x53, 0xf6, 0x53, 0xf6, 0x42, 0xf5, 0x43, 0xf6, 0x64, 0xf7, 0x53, 0xf6, 0x65, 0xf8,
    0x53, 0xf6, 0x32, 0xf4, 0x32, 0xf5, 0x53, 0xf6, 0x53, 0xf6, 0x53, 0xf6, 0x86, 0xf9, 0x64, 0xf7,
    0x53, 0xf6, 0x54, 0xf6, 0x43, 0xf5, 0x43, 0xf5, 0x43, 0xf5, 0x43, 0xf6, 0x43, 0xf5, 0x43, 0xf5,
    0x53, 0xf6, 0x64, 0xf7, 0x32, 0xf5, 0x43, 0xf5, 0x43, 0xf5, 0x43, 0xf5, 0x54, 0xf6, 0x54, 0xf6,
    0x54, 0xf7, 0x64, 0xf7, 0x54, 0xf6, 0x43, 0xf5, 0x54, 0xf6, 0x43, 0xf5, 0x54, 0xf6, 0x53, 0xf6,
    0x54, 0xf6, 0x43, 0xf6, 0x32, 0xf5, 0x53, 0xf7, 0x54, 0xf7, 0x64, 0xf7, 0x54, 0xf7, 0x53, 0xf6,
    0x43, 0xf5, 0x54, 0xf6, 0x54, 0xf6, 0x54, 0xf6, 0x65, 0xf7, 0x53, 0xf6, 0x54, 0xf6, 0x54, 0xf7,
    0x53, 0xf6, 0x53, 0xf6, 0x64, 0xf7, 0x54, 0xf7, 0x53, 0xf6, 0x54, 0xf7, 0x54, 0xf7, 0x64, 0xf7,
    0x53, 0xf6, 0x53, 0xf6, 0x64, 0xf7, 0x43, 0xf6, 0x64, 0xf7, 0x43, 0xf6, 0x53, 0xf6, 0x64, 0xf7,
    0x64, 0xf7, 0x53, 0xf6, 0x54, 0xf7, 0x64, 0xf7, 0x53, 0xf6, 0x64, 0xf7, 0x54, 0xf7, 0x43, 0xf6,
    0x42, 0xf5, 0x42, 0xf6, 0x42, 0xf6, 0x42, 0xf6, 0x53, 0xf7, 0x42, 0xf6, 0x53, 0xf7, 0x53, 0xf7,
    0x53, 0xf6, 0x54, 0xf6, 0x53, 0xf6, 0x64, 0xf7, 0x53, 0xf6, 0x54, 0xf7, 0x43, 0xf6, 0x32, 0xf4,
    0x42, 0xf5, 0x43, 0xf5, 0x53, 0xf7, 0x43, 0xf5, 0x43, 0xf5, 0x43, 0xf5, 0x21, 0xf3, 0x42, 0xf5,
    0x53, 0xf7, 0x42, 0xf5, 0x42, 0xf6, 0x64, 0xf7, 0x32, 0xf3, 0x54, 0xf6, 0x65, 0xf7, 0x53, 0xf6,
    0x54, 0xf7, 0x43, 0xf6, 0x54, 0xf7, 0x53, 0xf6, 0x21, 0xf3, 0x32, 0xf4, 0x21, 0xf3, 0x43, 0xf5,
    0x54, 0xf7, 0x53, 0xf7, 0x54, 0xf7, 0x54, 0xf7, 0x43, 0xf6, 0x64, 0xf9, 0x53, 0xf7, 0x53, 0xf6,
    0x52, 0xf7, 0x74, 0xf8, 0x53, 0xf7, 0x64, 0xf8, 0x76, 0xf8, 0x43, 0xf5, 0x64, 0xf8, 0x32, 0xf5,
    0x63, 0xf8, 0x32, 0xf4, 0x43, 0xf5, 0x33, 0xf4, 0x53, 0xf6, 0x43, 0xf6, 0x32, 0xf4, 0x32, 0xf4,
    0x53, 0xf6, 0x54, 0xf7, 0x53, 0xf7, 0x32, 0xf5, 0x42, 0xf7, 0x42, 0xf6, 0x42, 0xf6, 0x42, 0xf7,
    0x42, 0xf6, 0x32, 0xf5, 0x32, 0xf4, 0x32, 0xf4, 0x42, 0xf6, 0x42, 0xf6, 0x32, 0xf4, 0x31, 0xf4,
    0x43, 0xf5, 0x32, 0xf3, 0x32, 0xf5, 0x32, 0xf4, 0x21, 0xf3, 0x32, 0xf4, 0x43, 0xf5, 0x32, 0xf4,
    0x31, 0xf4, 0x32, 0xf5, 0x31, 0xf5, 0x52, 0xf7, 0x43, 0xf6, 0x32, 0xf4, 0x42, 0xf6, 0x32, 0xf4,
    0x32, 0xf4, 0x42, 0xf5, 0x42, 0xf6, 0x53, 0xf6, 0x42, 0xf5, 0x31, 0xf5, 0x42, 0xf6, 0x31, 0xf4,
    0x42, 0xf6, 0x43, 0xf6, 0x42, 0xf6, 0x42, 0xf6, 0x42, 0xf6, 0x31, 0xf4, 0x42, 0xf6, 0x31, 0xf4,
    0x42, 0xf6, 0x42, 0xf6, 0x31, 0xf4, 0x42, 0xf6, 0x42, 0xf6, 0x32, 0xf4, 0x32, 0xf5, 0x43, 0xf5,
    0x21, 0xf4, 0x32, 0xf4, 0x21, 0xf3, 0x32, 0xf3, 0x32, 0xf4, 0x53, 0xf6, 0x42, 0xf5, 0x64, 0xf7,
    0x43, 0xf6, 0x54, 0xf6, 0x43, 0xf5, 0x54, 0xf6, 0x54, 0xf6, 0x53, 0xf6, 0x43, 0xf5, 0x42, 0xf5,
    0x32, 0xf3, 0x43, 0xf5, 0x43, 0xf4, 0x32, 0xf4, 0x33, 0xf4, 0x43, 0xf5, 0x43, 0xf5, 0x42, 0xf5,
    0x32, 0xf4, 0x43, 0xf5, 0x32, 0xf5, 0x43, 0xf5, 0x43, 0xf5, 0x32, 0xf4, 0x54, 0xf6, 0x32, 0xf4,
    0x53, 0xf6, 0x54, 0xf6, 0x42, 0xf6, 0x43, 0xf5, 0x54, 0xf6, 0x31, 0xf4, 0x43, 0xf5, 0x33, 0xf4,
    0x32, 0xf4, 0x43, 0xf4, 0x43, 0xf5, 0x33, 0xf4, 0x43, 0xf5, 0x32, 0xf4, 0x32, 0xf4, 0x43, 0xf5,
    0x54, 0xf6, 0x43, 0xf4, 0x54, 0xf6, 0x43, 0xf5, 0x54, 0xf5, 0x65, 0xf6, 0x54, 0xf6, 0x54, 0xf7,
    0x43, 0xf6, 0x43, 0xf5, 0x43, 0xf5, 0x53, 0xf6, 0x43, 0xf4, 0x55, 0xf6, 0x33, 0xf4, 0x44, 0xf5,
    0x53, 0xf7, 0x54, 0xf7, 0x53, 0xf8, 0x63, 0xf7, 0x32, 0xf3, 0x43, 0xf4, 0x43, 0xf5, 0x43, 0xf4,
    0x32, 0xf5, 0x42, 0xf6, 0x43, 0xf6, 0x42, 0xf6, 0x32, 0xf5, 0x31, 0xf4, 0x31, 0xf4, 0x43, 0xf6,
    0x64, 0xf7, 0x42, 0xf5, 0x53, 0xf7, 0x53, 0xf7, 0x42, 0xf5, 0x53, 0xf6, 0x54, 0xf7, 0x42, 0xf6,
    0x32, 0xf4, 0x53, 0xf6, 0x76, 0xf9, 0x64, 0xf7, 0x53, 0xf7, 0x53, 0xf6, 0x54, 0xf7, 0x42, 0xf5,
    0x53, 0xf7, 0x64, 0xf8, 0x53, 0xf7, 0x53, 0xf7, 0x53, 0xf7, 0x42, 0xf6, 0x53, 0xf6, 0x42, 0xf6,
    0x52, 0xf7, 0x64, 0xf8, 0x42, 0xf5, 0x32, 0xf5, 0x64, 0xf7, 0x42, 0xf6, 0x53, 0xf7, 0x53, 0xf7,
    0x42, 0xf6, 0x43, 0xf6, 0x43, 0xf5, 0x53, 0xf6, 0x43, 0xf6, 0x64, 0xf8, 0x53, 0xf6, 0x64, 0xf7,
    0x64, 0xf8, 0x64, 0xf8, 0x65, 0xf8, 0x53, 0xf6, 0x42, 0xf6, 0x53, 0xf7, 0x53, 0xf7, 0x75, 0xf8,
    0x64, 0xf8, 0x53, 0xf6, 0x75, 0xf9, 0x65, 0xf8, 0x53, 0xf6, 0x53, 0xf6, 0x64, 0xf7, 0x42, 0xf6,
    0x42, 0xf5, 0x32, 0xf5, 0x32, 0xf5, 0x42, 0xf6, 0x43, 0xf5, 0x54, 0xf6, 0x32, 0xf4, 0x55, 0xf6,
    0x53, 0xf7, 0x53, 0xf6, 0x42, 0xf5, 0x53, 0xf7, 0x42, 0xf5, 0x54, 0xf6, 0x42, 0xf5, 0x42, 0xf5,
    0x54, 0xf7, 0x53, 0xf6, 0x65, 0xf6, 0x43, 0xf5, 0x43, 0xf5, 0x44, 0xf4, 0x43, 0xf4, 0x43, 0xf4,
    0x44, 0xf5, 0x43, 0xf4, 0x43, 0xf4, 0x43, 0xf4, 0x44, 0xf5, 0x44, 0xf5, 0x54, 0xf5, 0x54, 0xf5,
    0x54, 0xf6, 0x42, 0xf6, 0x53, 0xf7, 0x42, 0xf6, 0x32, 0xf4, 0x43, 0xf4, 0x32, 0xf4, 0x44, 0xf5,
    0x31, 0xf4, 0x42, 0xf5, 0x32, 0xf4, 0x32, 0xf5, 0x43, 0xf5, 0x54, 0xf5, 0x44, 0xf5, 0x65, 0xf6,
    0x55, 0xf6, 0x55, 0xf6, 0x65, 0xf6, 0x55, 0xf6, 0x54, 0xf5, 0x54, 0xf5, 0x44, 0xf5, 0x65, 0xf6,
    0x54, 0xf5, 0x44, 0xf5, 0x55, 0xf6, 0x44, 0xf5, 0x44, 0xf5, 0x65, 0xf6, 0x44, 0xf4, 0x54, 0xf5,
    0x64, 0xf7, 0x65, 0xf7, 0x53, 0xf6, 0x43, 0xf6, 0x32, 0xf4, 0x21, 0xf3, 0x32, 0xf5, 0x42, 0xf5,
    0x42, 0xf5, 0x32, 0xf5, 0x32, 0xf4, 0x22, 0xf3, 0x53, 0xf6, 0x53, 0xf7, 0x43, 0xf5, 0x54, 0xf6,
    0x42, 0xf5, 0x42, 0xf5, 0x42, 0xf6, 0x32, 0xf5, 0x42, 0xf6, 0x65, 0xf8, 0x32, 0xf4, 0x21, 0xf3,
    0x42, 0xf6, 0x43, 0xf5, 0x54, 0xf6, 0x55, 0xf6, 0x32, 0xf4, 0x32, 0xf3, 0x54, 0xf5, 0x43, 0xf4,
    0x54, 0xf5, 0x43, 0xf4, 0x44, 0xf5, 0x44, 0xf5, 0x43, 0xf4, 0x44, 0xf5, 0x54, 0xf6, 0x54, 0xf5,
    0x43, 0xf4, 0x44, 0xf5, 0x43, 0xf4, 0x44, 0xf5, 0x54, 0xf6, 0x54, 0xf5, 0x55, 0xf6, 0x55, 0xf6,
    0x55, 0xf6, 0x54, 0xf5, 0x54, 0xf6, 0x55, 0xf6, 0x65, 0xf6, 0x54, 0xf6, 0x55, 0xf6, 0x44, 0xf5,
    0x54, 0xf5, 0x54, 0xf6, 0x44, 0xf5, 0x55, 0xf6, 0x54, 0xf5, 0x44, 0xf5, 0x44, 0xf5, 0x54, 0xf5,
    0x53, 0xf6, 0x54, 0xf6, 0x21, 0xf3, 0x32, 0xf4, 0x64, 0xf7, 0x21, 0xf3, 0x42, 0xf5, 0x21, 0xf3,
    0x32, 0xf4, 0x32, 0xf4, 0x32, 0xf4, 0x43, 0xf5, 0x32, 0xf4, 0x42, 0xf5, 0x33, 0xf4, 0x43, 0xf5,
    0x43, 0xf5, 0x53, 0xf7, 0x32, 0xf4, 0x43, 0xf5, 0x32, 0xf4, 0x32, 0xf4, 0x32, 0xf4, 0x21, 0xf3,
    0x32, 0xf4, 0x43, 0xf5, 0x43, 0xf5, 0x54, 0xf6, 0x21, 0xf3, 0x21, 0xf3, 0x65, 0xf7, 0x43, 0xf4,
    0x22, 0xf2, 0x21, 0xf2, 0x22, 0xf3, 0x32, 0xf4, 0x32, 0xf3, 0x33, 0xf4, 0x42, 0xf5, 0x32, 0xf4,
    0x32, 0xf3, 0x32, 0xf4, 0x33, 0xf3, 0x33, 0xf4, 0x31, 0xf5, 0x32, 0xf5, 0x53, 0xf6, 0x64, 0xf7,
    0x43, 0xf5, 0x64, 0xf6, 0x43, 0xf4, 0x43, 0xf5, 0x65, 0xf7, 0x32, 0xf4, 0x43, 0xf5, 0x21, 0xf3,
    0x32, 0xf5, 0x43, 0xf5, 0x64, 0xf8, 0x42, 0xf5, 0x43, 0xf4, 0x21, 0xf3, 0x31, 0xf4, 0x32, 0xf3,
    0x44, 0xf5, 0x44, 0xf5, 0x54, 0xf5, 0x54, 0xf5, 0x44, 0xf5, 0x54, 0xf6, 0x65, 0xf6, 0x55, 0xf6,
    0x44, 0xf4, 0x44, 0xf5, 0x44, 0xf4, 0x54, 0xf5, 0x55, 0xf6, 0x55, 0xf6, 0x44, 0xf5, 0x44, 0xf5,
    0x55, 0xf6, 0x65, 0xf6, 0x55, 0xf6, 0x44, 0xf5, 0x44, 0xf5, 0x54, 0xf5, 0x44, 0xf5, 0x55, 0xf6,
    0x44, 0xf5, 0x44, 0xf5, 0x43, 0xf4, 0x55, 0xf6, 0x54, 0xf5, 0x65, 0xf6, 0x55, 0xf6, 0x44, 0xf5,
    0x44, 0xf4, 0x44, 0xf5, 0x54, 0xf5, 0x44, 0xf5, 0x55, 0xf6, 0x55, 0xf6, 0x55, 0xf6, 0x54, 0xf5,
    0x54, 0xf5, 0x44, 0xf5, 0x54, 0xf5, 0x44, 0xf5, 0x55, 0xf6, 0x33, 0xf4, 0x55, 0xf6, 0x33, 0xf4,
    0x44, 0xf5, 0x44, 0xf5, 0x44, 0xf5, 0x44, 0xf5, 0x44, 0xf5, 0x33, 0xf4, 0x43, 0xf4, 0x43, 0xf4,
    0x44, 0xf4, 0x54, 0xf5, 0x43, 0xf4, 0x33, 0xf4, 0x43, 0xf4, 0x43, 0xf4, 0x44, 0xf5, 0x44, 0xf5,
    0x43, 0xf4, 0x43, 0xf4, 0x43, 0xf4, 0x33, 0xf4, 0x64, 0xf7, 0x64, 0xf7, 0x43, 0xf5, 0x53, 0xf7,
    0x43, 0xf4, 0x32, 0xf3, 0x32, 0xf3, 0x33, 0xf4, 0x43, 0xf5, 0x53, 0xf6, 0x32, 0xf4, 0x53, 0xf6,
    0x53, 0xf7, 0x42, 0xf6, 0x43, 0xf6, 0x43, 0xf6, 0x53, 0xf6, 0x64, 0xf7, 0x54, 0xf6, 0x54, 0xf5,
    0x32, 0xf4, 0x43, 0xf5, 0x65, 0xf7, 0x54, 0xf6, 0x43, 0xf5, 0x54, 0xf6, 0x54, 0xf6, 0x43, 0xf5,
    0x43, 0xf4, 0x43, 0xf4, 0x43, 0xf4, 0x54, 0xf5, 0x22, 0xf2, 0x32, 0xf4, 0x22, 0xf3, 0x21, 0xf3,
    0x44, 0xf5, 0x54, 0xf5, 0x43, 0xf4, 0x44, 0xf5, 0x32, 0xf3, 0x21, 0xf2, 0x33, 0xf3, 0x21, 0xf3,
    0x54, 0xf6, 0x65, 0xf7, 0x54, 0xf7, 0x53, 0xf6, 0x65, 0xf8, 0x43, 0xf5, 0x64, 0xf7, 0x75, 0xf8,
    0x42, 0xf5, 0x43, 0xf6, 0x32, 0xf4, 0x43, 0xf5, 0x53, 0xf6, 0x65, 0xf7, 0x54, 0xf6, 0x53, 0xf6,
    0x43, 0xf5, 0x43, 0xf5, 0x43, 0xf5, 0x43, 0xf5, 0x54, 0xf6, 0x64, 0xf7, 0x43, 0xf6, 0x53, 0xf6,
    0x43, 0xf6, 0x43, 0xf5, 0x54, 0xf6, 0x43, 0xf5, 0x43, 0xf5, 0x43, 0xf5, 0x43, 0xf5, 0x54, 0xf6,
    0x64, 0xf8, 0x64, 0xf7, 0x43, 0xf6, 0x54, 0xf7, 0x53, 0xf6, 0x32, 0xf5, 0x42, 0xf6, 0x32, 0xf4,
    0x43, 0xf5, 0x53, 0xf6, 0x43, 0xf5, 0x43, 0xf5, 0x53, 0xf6, 0x32, 0xf5, 0x43, 0xf5, 0x64, 0xf7,
    0x54, 0xf7, 0x53, 0xf6, 0x42, 0xf5, 0x32, 0xf5, 0x32, 0xf5, 0x53, 0xf6, 0x32, 0xf4, 0x32, 0xf4,
    0x32, 0xf4, 0x42, 0xf5, 0x42, 0xf5, 0x43, 0xf6, 0x43, 0xf6, 0x32, 0xf4, 0x54, 0xf6, 0x43, 0xf5,
    0x53, 0xf6, 0x32, 0xf4, 0x43, 0xf5, 0x32, 0xf4, 0x43, 0xf5, 0x32, 0xf4, 0x43, 0xf5, 0x43, 0xf5,
    0x32, 0xf4, 0x32, 0xf4, 0x32, 0xf3, 0x32, 0xf4, 0x43, 0xf5, 0x32, 0xf4, 0x43, 0xf5, 0x43, 0xf5,
    0x53, 0xf7, 0x42, 0xf6, 0x43, 0xf6, 0x42, 0xf5, 0x54, 0xf5, 0x65, 0xf6, 0x44, 0xf5, 0x54, 0xf5,
    0x32, 0xf4, 0x33, 0xf4, 0x43, 0xf5, 0x43, 0xf4, 0x54, 0xf5, 0x65, 0xf6, 0x55, 0xf6, 0x65, 0xf6,
    0x55, 0xf6, 0x54, 0xf5, 0x44, 0xf5, 0x54, 0xf5, 0x44, 0xf5, 0x55, 0xf6, 0x54, 0xf5, 0x44, 0xf5,
    0x65, 0xf6, 0x54, 0xf5, 0x55, 0xf6, 0x54, 0xf5, 0x44, 0xf5, 0x55, 0xf5, 0x44, 0xf5, 0x54, 0xf5,
    0x43, 0xf5, 0x54, 0xf6, 0x54, 0xf6, 0x44, 0xf5, 0x55, 0xf6, 0x54, 0xf6, 0x44, 0xf5, 0x54, 0xf6,
    0x43, 0xf5, 0x32, 0xf4, 0x32, 0xf4, 0x32, 0xf4, 0x32, 0xf4, 0x32, 0xf3, 0x32, 0xf5, 0x32, 0xf5,
    0x54, 0xf5, 0x54, 0xf5, 0x55, 0xf6, 0x55, 0xf6, 0x44, 0xf5, 0x54, 0xf5, 0x44, 0xf5, 0x55, 0xf6,
    0x43, 0xf4, 0x54, 0xf5, 0x43, 0xf4, 0x33, 0xf3, 0x54, 0xf5, 0x55, 0xf5, 0x43, 0xf4, 0x54, 0xf5,
    0x53, 0xf7, 0x42, 0xf5, 0x42, 0xf5, 0x42, 0xf5, 0x43, 0xf5, 0x43, 0xf5, 0x32, 0xf4, 0x32, 0xf4,
    0x54, 0xf6, 0x65, 0xf7, 0x43, 0xf6, 0x53, 0xf6, 0x64, 0xf7, 0x32, 0xf4, 0x65, 0xf8, 0x32, 0xf5,
    0x32, 0xf4, 0x32, 0xf4, 0x43, 0xf5, 0x32, 0xf5, 0x32, 0xf4, 0x32, 0xf3, 0x42, 0xf5, 0x42, 0xf5,
    0x42, 0xf6, 0x42, 0xf6, 0x42, 0xf5, 0x43, 0xf6, 0x43, 0xf5, 0x32, 0xf5, 0x65, 0xf7, 0x75, 0xf8,
    0x42, 0xf5, 0x32, 0xf4, 0x32, 0xf4, 0x31, 0xf4, 0x53, 0xf7, 0x54, 0xf7, 0x65, 0xf8, 0x64, 0xf8,
    0x21, 0xf3, 0x43, 0xf5, 0x21, 0xf3, 0x53, 0xf6, 0x76, 0xf9, 0x64, 0xf8, 0x75, 0xf9, 0x64, 0xf7,
    0x42, 0xf6, 0x53, 0xf6, 0x42, 0xf6, 0x32, 0xf5, 0x64, 0xf7, 0x76, 0xf8, 0x43, 0xf5, 0x64, 0xf7,
    0x43, 0xf6, 0x32, 0xf4, 0x42, 0xf5, 0x21, 0xf3, 0x43, 0xf5, 0x53, 0xf6, 0x53, 0xf6, 0x54, 0xf7,
    0x42, 0xf5, 0x32, 0xf5, 0x53, 0xf6, 0x43, 0xf6, 0x54, 0xf6, 0x43, 0xf6, 0x76, 0xf8, 0x65, 0xf8,
    0x42, 0xf6, 0x42, 0xf5, 0x32, 0xf5, 0x32, 0xf5, 0x64, 0xf7, 0x75, 0xf9, 0x43, 0xf6, 0x54, 0xf6,
    0x32, 0xf4, 0x33, 0xf4, 0x42, 0xf5, 0x43, 0xf5, 0x33, 0xf3, 0x43, 0xf4, 0x32, 0xf4, 0x33, 0xf4,
    0x32, 0xf5, 0x43, 0xf5, 0x21, 0xf3, 0x64, 0xf7, 0x43, 0xf5, 0x31, 0xf4, 0x54, 0xf6, 0x43, 0xf5,
    0x53, 0xf6, 0x64, 0xf8, 0x86, 0xf9, 0x64, 0xf7, 0x53, 0xf7, 0x64, 0xf7, 0x42, 0xf5, 0x43, 0xf5,
    0x43, 0xf5, 0x64, 0xf7, 0x53, 0xf6, 0x53, 0xf6, 0x42, 0xf5, 0x32, 0xf5, 0x42, 0xf5, 0x31, 0xf5,
    0x42, 0xf5, 0x43, 0xf5, 0x53, 0xf6, 0x42, 0xf5, 0x65, 0xf6, 0x76, 0xf7, 0x66, 0xf7, 0x55, 0xf6,
    0x73, 0xf9, 0x53, 0xf6, 0x53, 0xf7, 0x54, 0xf6, 0x65, 0xf6, 0x55, 0xf5, 0x65, 0xf7, 0x55, 0xf5,
    0x55, 0xf5, 0x54, 0xf5, 0x54, 0xf5, 0x43, 0xf4, 0x44, 0xf5, 0x33, 0xf4, 0x54, 0xf5, 0x44, 0xf5,
    0x55, 0xf6, 0x44, 0xf5, 0x55, 0xf6, 0x44, 0xf5, 0x54, 0xf5, 0x43, 0xf4, 0x54, 0xf5, 0x44, 0xf5,
    0x33, 0xf4, 0x43, 0xf4, 0x33, 0xf4, 0x43, 0xf4, 0x44, 0xf5, 0x44, 0xf5, 0x44, 0xf5, 0x44, 0xf5,
    0x33, 0xf4, 0x43, 0xf4, 0x33, 0xf4, 0x43, 0xf4, 0x44, 0xf4, 0x44, 0xf5, 0x43, 0xf4, 0x44, 0xf5,
    0x44, 0xf5, 0x44, 0xf5, 0x44, 0xf5, 0x44, 0xf5, 0x44, 0xf5, 0x33, 0xf4, 0x44, 0xf5, 0x43, 0xf4,
    0x44, 0xf5, 0x44, 0xf5, 0x54, 0xf5, 0x55, 0xf5, 0x54, 0xf5, 0x43, 0xf4, 0x44, 0xf5, 0x33, 0xf4,
    0x33, 0xf4, 0x44, 0xf5, 0x43, 0xf4, 0x43, 0xf4, 0x44, 0xf5, 0x43, 0xf4, 0x44, 0xf5, 0x43, 0xf4,
    0x43, 0xf4, 0x33, 0xf4, 0x43, 0xf4, 0x33, 0xf4, 0x33, 0xf4, 0x33, 0xf4, 0x33, 0xf4, 0x22, 0xf3,
    0x43, 0xf4, 0x44, 0xf5, 0x44, 0xf5, 0x43, 0xf4, 0x33, 0xf4, 0x32, 0xf4, 0x54, 0xf6, 0x33, 0xf4,
    0x44, 0xf5, 0x44, 0xf5, 0x43, 0xf4, 0x33, 0xf4, 0x54, 0xf6, 0x32, 0xf4, 0x22, 0xf3, 0x42, 0xf5,
    0x32, 0xf5, 0x32, 0xf4, 0x32, 0xf4, 0x42, 0xf5, 0x54, 0xf6, 0x54, 0xf6, 0x43, 0xf5, 0x43, 0xf5,
    0x32, 0xf3, 0x32, 0xf4, 0x53, 0xf6, 0x42, 0xf5, 0x32, 0xf4, 0x32, 0xf4, 0x43, 0xf6, 0x32, 0xf4,
    0x43, 0xf4, 0x44, 0xf4, 0x43, 0xf4, 0x44, 0xf5, 0x54, 0xf5, 0x43, 0xf6, 0x75, 0xf8, 0x65, 0xf7,
    0x33, 0xf4, 0x53, 0xf5, 0x43, 0xf4, 0x43, 0xf5, 0x54, 0xf6, 0x75, 0xf8, 0x54, 0xf6, 0x64, 0xf7,
    0x32, 0xf4, 0x64, 0xf7, 0x54, 0xf5, 0x75, 0xf8, 0x76, 0xf8, 0x43, 0xf5, 0x65, 0xf7, 0x65, 0xf7,
    0x76, 0xf8, 0x75, 0xf8, 0x76, 0xf8, 0x76, 0xf8, 0x65, 0xf7, 0x75, 0xf8, 0x86, 0xf9, 0x87, 0xf9,
    0x44, 0xf5, 0x54, 0xf5, 0x33, 0xf3, 0x33, 0xf4, 0x44, 0xf5, 0x43, 0xf4, 0x43, 0xf4, 0x44, 0xf4,
    0x32, 0xf3, 0x32, 0xf3, 0x32, 0xf4, 0x21, 0xf3, 0x22, 0xf3, 0x32, 0xf3, 0x43, 0xf5, 0x42, 0xf5,
    0x44, 0xf5, 0x33, 0xf4, 0x43, 0xf4, 0x32, 0xf4, 0x32, 0xf3, 0x22, 0xf3, 0x53, 0xf6, 0x53, 0xf6,
    0x43, 0xf5, 0x42, 0xf5, 0x53, 0xf7, 0x54, 0xf7, 0x53, 0xf6, 0x54, 0xf6, 0x53, 0xf7, 0x65, 0xf7,
    0x55, 0xf5, 0x32, 0xf3, 0x76, 0xf7, 0x54, 0xf5, 0x43, 0xf5, 0x63, 0xf8, 0x33, 0xf4, 0x54, 0xf7,
    0x55, 0xf6, 0x65, 0xf6, 0x54, 0xf5, 0x66, 0xf7, 0x44, 0xf5, 0x44, 0xf5, 0x65, 0xf6, 0x43, 0xf4,
    0x64, 0xf8, 0x53, 0xf7, 0x53, 0xf7, 0x53, 0xf6, 0x64, 0xf7, 0x54, 0xf7, 0x87, 0xf9, 0x54, 0xf6,
    0x43, 0xf4, 0x43, 0xf5, 0x32, 0xf3, 0x43, 0xf5, 0x54, 0xf6, 0x53, 0xf6, 0x54, 0xf6, 0x54, 0xf7,
    0x32, 0xf4, 0x64, 0xf7, 0x65, 0xf7, 0x86, 0xf9, 0x54, 0xf7, 0x65, 0xf7, 0x65, 0xf7, 0x64, 0xf7,
    0x64, 0xf7, 0x76, 0xf8, 0x54, 0xf6, 0x65, 0xf7, 0x75, 0xf8, 0x54, 0xf6, 0x54, 0xf6, 0x54, 0xf6,
    0x76, 0xf8, 0x76, 0xf8, 0x65, 0xf7, 0x86, 0xf9, 0x76, 0xf8, 0x65, 0xf7, 0x75, 0xf8, 0x76, 0xf8,
    0x54, 0xf6, 0x76, 0xf8, 0x54, 0xf7, 0x64, 0xf7, 0x76, 0xf9, 0x87, 0xf9, 0x65, 0xf8, 0x75, 0xf8,
    0x75, 0xf8, 0x76, 0xf8, 0x43, 0xf5, 0x54, 0xf6, 0x76, 0xf8, 0x65, 0xf7, 0x65, 0xf7, 0x65, 0xf7,
    0x42, 0xf5, 0x32, 0xf4, 0x54, 0xf7, 0x32, 0xf4, 0x53, 0xf6, 0x76, 0xf8, 0x65, 0xf7, 0x65, 0xf8,
    0x75, 0xf8, 0x64, 0xf7, 0x75, 0xf8, 0x53, 0xf6, 0x54, 0xf7, 0x64, 0xf7, 0x53, 0xf6, 0x65, 0xf8,
    0x65, 0xf7, 0x32, 0xf4, 0x53, 0xf6, 0x32, 0xf4, 0x42, 0xf5, 0x32, 0xf5, 0x42, 0xf5, 0x32, 0xf5,
    0x32, 0xf4, 0x43, 0xf4, 0x43, 0xf4, 0x22, 0xf3, 0x42, 0xf5, 0x52, 0xf7, 0x43, 0xf6, 0x63, 0xf8,
    0x43, 0xf4, 0x32, 0xf3, 0x32, 0xf4, 0x32, 0xf4, 0x21, 0xf3, 0x42, 0xf6, 0x43, 0xf6, 0x53, 0xf7,
    0x43, 0xf6, 0x76, 0xf9, 0x86, 0xf9, 0x43, 0xf5, 0x75, 0xf8, 0x32, 0xf4, 0x43, 0xf5, 0x43, 0xf5,
    0x53, 0xf7, 0x10, 0xf2, 0x42, 0xf6, 0x31, 0xf5, 0x21, 0xf2, 0x53, 0xf6, 0x42, 0xf6, 0x31, 0xf4,
    0x53, 0xf6, 0x42, 0xf5, 0x64, 0xf7, 0x42, 0xf5, 0x53, 0xf8, 0x64, 0xf8, 0x63, 0xf8, 0x53, 0xf7,
    0x43, 0xf6, 0x42, 0xf6, 0x54, 0xf6, 0x32, 0xf5, 0x63, 0xf8, 0x64, 0xf8, 0x53, 0xf7, 0x63, 0xf7,
    0x64, 0xf8, 0x42, 0xf6, 0x64, 0xf7, 0x53, 0xf7, 0x64, 0xf8, 0x32, 0xf5, 0x75, 0xf9, 0x52, 0xf7,
    0x74, 0xf9, 0x74, 0xf9, 0x63, 0xf8, 0x74, 0xf9, 0x63, 0xf8, 0x21, 0xf3, 0x52, 0xf7, 0x31, 0xf4,
    0x44, 0xf5, 0x32, 0xf4, 0x33, 0xf4, 0x42, 0xf5, 0x31, 0xf5, 0x52, 0xf6, 0x53, 0xf6, 0x42, 0xf6,
    0x43, 0xf5, 0x64, 0xf7, 0x53, 0xf6, 0x54, 0xf7, 0x54, 0xf7, 0x42, 0xf6, 0x53, 0xf6, 0x42, 0xf6,
    0x64, 0xf8, 0x53, 0xf7, 0x64, 0xf7, 0x64, 0xf8, 0x53, 0xf7, 0x52, 0xf6, 0x53, 0xf7, 0x42, 0xf6,
    0x32, 0xf4, 0x53, 0xf6, 0x53, 0xf6, 0x42, 0xf5, 0x52, 0xf7, 0x32, 0xf5, 0x42, 0xf6, 0x53, 0xf6,
    0x54, 0xf6, 0x43, 0xf5, 0x64, 0xf7, 0x65, 0xf7, 0x32, 0xf4, 0x53, 0xf6, 0x43, 0xf5, 0x64, 0xf7,
    0x43, 0xf5, 0x53, 0xf6, 0x32, 0xf4, 0x43, 0xf5, 0x43, 0xf5, 0x43, 0xf5, 0x53, 0xf6, 0x32, 0xf5,
    0x42, 0xf6, 0x32, 0xf5, 0x53, 0xf7, 0x42, 0xf6, 0x42, 0xf5, 0x53, 0xf6, 0x53, 0xf7, 0x53, 0xf6,
    0x32, 0xf5, 0x53, 0xf7, 0x32, 0xf4, 0x53, 0xf6, 0x63, 0xf8, 0x43, 0xf6, 0x42, 0xf6, 0x43, 0xf6,
    0x53, 0xf6, 0x32, 0xf5, 0x64, 0xf7, 0x53, 0xf7, 0x42, 0xf6, 0x52, 0xf8, 0x42, 0xf5, 0x42, 0xf6,
    0x75, 0xf8, 0x32, 0xf4, 0x53, 0xf6, 0x32, 0xf4, 0x32, 0xf4, 0x43, 0xf6, 0x53, 0xf6, 0x64, 0xf8,
    0x63, 0xf8, 0x63, 0xf8, 0x63, 0xf8, 0x42, 0xf5, 0x42, 0xf6, 0x31, 0xf4, 0x10, 0xf2, 0x43, 0xf5,
    0x42, 0xf6, 0x53, 0xf6, 0x53, 0xf7, 0x53, 0xf6, 0x42, 0xf5, 0x43, 0xf6, 0x53, 0xf6, 0x42, 0xf5,
    0x53, 0xf7, 0x64, 0xf7, 0x64, 0xf7, 0x64, 0xf8, 0x64, 0xf7, 0x54, 0xf7, 0x64, 0xf7, 0x53, 0xf6,
    0x43, 0xf6, 0x42, 0xf5, 0x64, 0xf7, 0x54, 0xf7, 0x54, 0xf7, 0x54, 0xf6, 0x65, 0xf7, 0x54, 0xf7,
    0x53, 0xf6, 0x21, 0xf3, 0x53, 0xf6, 0x43, 0xf5, 0x32, 0xf4, 0x54, 0xf6, 0x64, 0xf7, 0x32, 0xf4,
    0x54, 0xf6, 0x64, 0xf7, 0x64, 0xf7, 0x86, 0xf9, 0x76, 0xf9, 0x54, 0xf7, 0x75, 0xf8, 0x75, 0xf8,
    0x32, 0xf4, 0x43, 0xf5, 0x75, 0xf9, 0x53, 0xf7, 0x53, 0xf6, 0x42, 0xf5, 0x53, 0xf6, 0x32, 0xf4,
    0x53, 0xf6, 0x53, 0xf7, 0x42, 0xf6, 0x43, 0xf5, 0x54, 0xf6, 0x43, 0xf5, 0x54, 0xf6, 0x43, 0xf5,
    0x54, 0xf6, 0x76, 0xf8, 0x43, 0xf5, 0x53, 0xf6, 0x53, 0xf6, 0x42, 0xf5, 0x43, 0xf6, 0x42, 0xf5,
    0x53, 0xf6, 0x42, 0xf5, 0x32, 0xf4, 0x32, 0xf4, 0x43, 0xf6, 0x42, 0xf5, 0x64, 0xf7, 0x43, 0xf6,
    0x32, 0xf4, 0x32, 0xf4, 0x21, 0xf3, 0x42, 0xf5, 0x43, 0xf5, 0x43, 0xf5, 0x43, 0xf5, 0x32, 0xf4,
    0x32, 0xf4, 0x43, 0xf5, 0x43, 0xf5, 0x21, 0xf2, 0x43, 0xf5, 0x32, 0xf4, 0x43, 0xf5, 0x43, 0xf5,
    0x32, 0xf4, 0x43, 0xf5, 0x33, 0xf4, 0x53, 0xf6, 0x42, 0xf5, 0x42, 0xf5, 0x42, 0xf5, 0x43, 0xf5,
    0x32, 0xf4, 0x43, 0xf6, 0x42, 0xf5, 0x53, 0xf6, 0x43, 0xf6, 0x53, 0xf6, 0x42, 0xf5, 0x43, 0xf5,
    0x42, 0xf6, 0x53, 0xf6, 0x31, 0xf5, 0x32, 0xf4, 0x42, 0xf5, 0x52, 0xf7, 0x53, 0xf7, 0x53, 0xf6,
    0x42, 0xf5, 0x53, 0xf6, 0x64, 0xf7, 0x53, 0xf7, 0x42, 0xf5, 0x42, 0xf5, 0x53, 0xf7, 0x42, 0xf5,
    0x52, 0xf7, 0x86, 0xfa, 0x75, 0xf8, 0x75, 0xf9, 0x75, 0xf9, 0x74, 0xf9, 0x75, 0xf8, 0x64, 0xf8,
    0x64, 0xf8, 0x64, 0xf8, 0x42, 0xf5, 0x53, 0xf6, 0x86, 0xf9, 0x43, 0xf6, 0x75, 0xf9, 0x54, 0xf6,
    0x53, 0xf6, 0x53, 0xf6, 0x42, 0xf5, 0x53, 0xf6, 0x53, 0xf7, 0x42, 0xf5, 0x42, 0xf6, 0x64, 0xf7,
    0x42, 0xf5, 0x42, 0xf6, 0x43, 0xf6, 0x32, 0xf5, 0x43, 0xf6, 0x64, 0xf7, 0x64, 0xf7, 0x75, 0xf9,
    0x42, 0xf5, 0x32, 0xf5, 0x43, 0xf6, 0x53, 0xf6, 0x42, 0xf5, 0x42, 0xf5, 0x53, 0xf6, 0x53, 0xf7,
    0x76, 0xf9, 0x97, 0xfa, 0x75, 0xf8, 0x75, 0xf9, 0x87, 0xf9, 0x76, 0xf8, 0x86, 0xf9, 0x75, 0xf8,
    0x32, 0xf5, 0x43, 0xf6, 0x32, 0xf4, 0x43, 0xf5, 0x74, 0xf9, 0x53, 0xf8, 0x74, 0xf9, 0x64, 0xf8,
    0x21, 0xf3, 0x54, 0xf7, 0x43, 0xf5, 0x53, 0xf6, 0x63, 0xf7, 0x52, 0xf8, 0x64, 0xf7, 0x42, 0xf6,
    0x64, 0xf8, 0x53, 0xf7, 0x63, 0xf8, 0x63, 0xf8, 0x53, 0xf7, 0x64, 0xf8, 0x53, 0xf7, 0x53, 0xf6,
    0x53, 0xf7, 0x64, 0xf8, 0x42, 0xf6, 0x42, 0xf6, 0x64, 0xf8, 0x42, 0xf5, 0x42, 0xf6, 0x32, 0xf4,
    0x43, 0xf5, 0x42, 0xf5, 0x53, 0xf7, 0x53, 0xf6, 0x53, 0xf6, 0x42, 0xf5, 0x53, 0xf6, 0x53, 0xf6,
    0x87, 0xf9, 0x75, 0xf9, 0x86, 0xf9, 0x76, 0xf9, 0x53, 0xf7, 0x65, 0xf7, 0x75, 0xf8, 0x75, 0xf8,
    0x21, 0xf4, 0x21, 0xf3, 0x53, 0xf6, 0x21, 0xf3, 0x21, 0xf3, 0x32, 0xf4, 0x21, 0xf3, 0x32, 0xf3,
    0x76, 0xf8, 0x43, 0xf5, 0x54, 0xf7, 0x65, 0xf7, 0x43, 0xf5, 0x53, 0xf6, 0x65, 0xf7, 0x75, 0xf8,
    0x43, 0xf5, 0x53, 0xf6, 0x53, 0xf6, 0x64, 0xf7, 0x75, 0xf8, 0x86, 0xf9, 0x86, 0xf9, 0x86, 0xf9,
    0x42, 0xf5, 0x64, 0xf8, 0x53, 0xf6, 0x74, 0xf8, 0x75, 0xf9, 0x87, 0xfa, 0x64, 0xf8, 0x75, 0xf9,
    0x75, 0xf8, 0x75, 0xf8, 0x75, 0xf9, 0x64, 0xf7, 0x75, 0xf9, 0x75, 0xf9, 0x54, 0xf7, 0x75, 0xf8,
    0x75, 0xf9, 0x75, 0xf9, 0x53, 0xf7, 0x86, 0xf9, 0x64, 0xf7, 0x64, 0xf7, 0x86, 0xfa, 0x75, 0xf8,
    0x53, 0xf7, 0x64, 0xf8, 0x53, 0xf6, 0x64, 0xf8, 0x64, 0xf8, 0x86, 0xf9, 0x75, 0xf9, 0x75, 0xf9,
    0x43, 0xf5, 0x53, 0xf7, 0x43, 0xf5, 0x43, 0xf5, 0x74, 0xf9, 0x63, 0xf7, 0x53, 0xf7, 0x53, 0xf7,
    0x64, 0xf8, 0x75, 0xf8, 0x75, 0xf9, 0x75, 0xf8, 0x97, 0xfa, 0x64, 0xf8, 0x75, 0xf9, 0x53, 0xf7,
    0x75, 0xf9, 0x64, 0xf8, 0x64, 0xf8, 0x53, 0xf7, 0x64, 0xf8, 0x76, 0xf9, 0x53, 0xf7, 0x75, 0xf9,
    0x86, 0xf9, 0x75, 0xf9, 0x75, 0xf9, 0x86, 0xf9, 0x64, 0xf7, 0x75, 0xf8, 0x75, 0xf9, 0x75, 0xf8,
    0x86, 0xf9, 0x86, 0xf9, 0x75, 0xf9, 0x97, 0xfa, 0x86, 0xf9, 0x75, 0xf9, 0x86, 0xf9, 0x75, 0xf8,
    0x75, 0xf8, 0x65, 0xf8, 0x75, 0xf8, 0x65, 0xf7, 0x53, 0xf6, 0x54, 0xf7, 0x54, 0xf7, 0x64, 0xf7,
    0x75, 0xf8, 0x75, 0xf8, 0x75, 0xf8, 0x75, 0xf9, 0x64, 0xf7, 0x86, 0xf9, 0x64, 0xf8, 0x64, 0xf7,
    0x53, 0xf7, 0x86, 0xf9, 0x53, 0xf7, 0x64, 0xf8, 0x64, 0xf7, 0x64, 0xf7, 0x63, 0xf7, 0x75, 0xf8,
    0x64, 0xf7, 0x53, 0xf7, 0x75, 0xf8, 0x64, 0xf8, 0x53, 0xf7, 0x64, 0xf7, 0x74, 0xf8, 0x53, 0xf7,
    0x63, 0xf7, 0x63, 0xf7, 0x64, 0xf8, 0x53, 0xf7, 0x75, 0xf8, 0x54, 0xf6, 0x53, 0xf7, 0x54, 0xf7,
    0x64, 0xf8, 0x64, 0xf8, 0x43, 0xf6, 0x63, 0xf7, 0x64, 0xf8, 0x53, 0xf6, 0x53, 0xf7, 0x32, 0xf5,
    0x53, 0xf7, 0x43, 0xf5, 0x42, 0xf5, 0x53, 0xf6, 0x75, 0xf8, 0x65, 0xf8, 0x53, 0xf6, 0x75, 0xf8,
    0x43, 0xf5, 0x53, 0xf7, 0x64, 0xf7, 0x43, 0xf5, 0x32, 0xf5, 0x53, 0xf6, 0x32, 0xf4, 0x32, 0xf3,
    0x64, 0xf7, 0x65, 0xf8, 0x76, 0xf9, 0x54, 0xf6, 0x65, 0xf7, 0x64, 0xf7, 0x65, 0xf8, 0x65, 0xf7,
    0x65, 0xf7, 0x54, 0xf6, 0x32, 0xf4, 0x43, 0xf5, 0x43, 0xf5, 0x32, 0xf4, 0x22, 0xf3, 0x32, 0xf3,
    0x53, 0xf6, 0x53, 0xf6, 0x53, 0xf6, 0x53, 0xf7, 0x54, 0xf6, 0x43, 0xf4, 0x43, 0xf6, 0x32, 0xf4,
    0x43, 0xf5, 0x53, 0xf6, 0x32, 0xf4, 0x43, 0xf5, 0x42, 0xf5, 0x43, 0xf6, 0x32, 0xf5, 0x53, 0xf6,
    0x32, 0xf4, 0x32, 0xf5, 0x32, 0xf4, 0x43, 0xf5, 0x32, 0xf5, 0x42, 0xf5, 0x42, 0xf6, 0x43, 0xf6,
    0x64, 0xf7, 0x42, 0xf5, 0x53, 0xf6, 0x42, 0xf5, 0x42, 0xf6, 0x53, 0xf6, 0x42, 0xf6, 0x53, 0xf6,
    0x22, 0xf3, 0x32, 0xf4, 0x32, 0xf4, 0x53, 0xf6, 0x53, 0xf6, 0x32, 0xf4, 0x53, 0xf7, 0x43, 0xf6,
    0x53, 0xf6, 0x53, 0xf7, 0x42, 0xf5, 0x43, 0xf6, 0x42, 0xf5, 0x53, 0xf7, 0x43, 0xf5, 0x43, 0xf6,
    0x42, 0xf6, 0x53, 0xf6, 0x42, 0xf5, 0x64, 0xf7, 0x32, 0xf4, 0x32, 0xf4, 0x54, 0xf6, 0x32, 0xf4,
    0x53, 0xf6, 0x53, 0xf6, 0x54, 0xf7, 0x64, 0xf7, 0x75, 0xf8, 0x53, 0xf6, 0x75, 0xf8, 0x75, 0xf8,
    0x43, 0xf5, 0x54, 0xf6, 0x64, 0xf7, 0x54, 0xf6, 0x65, 0xf7, 0x53, 0xf6, 0x65, 0xf7, 0x54, 0xf7,
    0x54, 0xf6, 0x54, 0xf6, 0x75, 0xf8, 0x65, 0xf7, 0x54, 0xf6, 0x75, 0xf8, 0x65, 0xf7, 0x65, 0xf7,
    0x43, 0xf5, 0x64, 0xf7, 0x54, 0xf6, 0x54, 0xf6, 0x75, 0xf8, 0x75, 0xf8, 0x64, 0xf7, 0x65, 0xf7,
    0x65, 0xf7, 0x64, 0xf7, 0x65, 0xf7, 0x65, 0xf7, 0x54, 0xf6, 0x54, 0xf6, 0x54, 0xf6, 0x54, 0xf6,
    0x32, 0xf4, 0x42, 0xf5, 0x42, 0xf6, 0x32, 0xf5, 0x64, 0xf7, 0x43, 0xf6, 0x43, 0xf6, 0x53, 0xf6,
    0x64, 0xf8, 0x54, 0xf6, 0x64, 0xf7, 0x54, 0xf7, 0x31, 0xf5, 0x42, 0xf5, 0x31, 0xf5, 0x31, 0xf4,
    0x32, 0xf5, 0x42, 0xf6, 0x32, 0xf5, 0x42, 0xf5, 0x64, 0xf8, 0x53, 0xf7, 0x43, 0xf6, 0x32, 0xf5,
    0x42, 0xf5, 0x43, 0xf5, 0x42, 0xf6, 0x43, 0xf5, 0x32, 0xf4, 0x42, 0xf5, 0x32, 0xf5, 0x42, 0xf5,
    0x65, 0xf8, 0x75, 0xf8, 0x75, 0xf8, 0x64, 0xf7, 0x31, 0xf4, 0x21, 0xf4, 0x42, 0xf5, 0x21, 0xf3,
    0x53, 0xf7, 0x53, 0xf7, 0x53, 0xf6, 0x53, 0xf7, 0x53, 0xf7, 0x21, 0xf4, 0x42, 0xf5, 0x31, 0xf4,
    0x32, 0xf4, 0x53, 0xf6, 0x31, 0xf4, 0x53, 0xf7, 0x53, 0xf7, 0x42, 0xf6, 0x53, 0xf6, 0x42, 0xf6,
    0x32, 0xf4, 0x53, 0xf6, 0x32, 0xf4, 0x42, 0xf5, 0x42, 0xf6, 0x32, 0xf5, 0x42, 0xf5, 0x42, 0xf5,
    0x54, 0xf7, 0x64, 0xf7, 0x43, 0xf5, 0x53, 0xf6, 0x54, 0xf7, 0x54, 0xf6, 0x53, 0xf6, 0x53, 0xf6,
    0x53, 0xf6, 0x54, 0xf6, 0x42, 0xf6, 0x42, 0xf5, 0x53, 0xf6, 0x53, 0xf6, 0x64, 0xf7, 0x64, 0xf7,
    0x65, 0xf7, 0x65, 0xf8, 0x65, 0xf7, 0x64, 0xf7, 0x64, 0xf7, 0x65, 0xf7, 0x65, 0xf8, 0x75, 0xf8,
    0x54, 0xf6, 0x65, 0xf8, 0x43, 0xf6, 0x65, 0xf7, 0x75, 0xf8, 0x54, 0xf5, 0x64, 0xf7, 0x43, 0xf4,
    0x53, 0xf7, 0x53, 0xf6, 0x42, 0xf5, 0x43, 0xf5, 0x43, 0xf6, 0x64, 0xf8, 0x53, 0xf6, 0x53, 0xf6,
    0x53, 0xf6, 0x43, 0xf6, 0x64, 0xf8, 0x53, 0xf7, 0x42, 0xf5, 0x42, 0xf6, 0x64, 0xf8, 0x53, 0xf7,
    0x53, 0xf6, 0x43, 0xf6, 0x42, 0xf6, 0x42, 0xf5, 0x65, 0xf7, 0x54, 0xf6, 0x43, 0xf5, 0x32, 0xf4,
    0x53, 0xf6, 0x53, 0xf6, 0x42, 0xf6, 0x42, 0xf5, 0x32, 0xf4, 0x21, 0xf2, 0x22, 0xf3, 0x32, 0xf4,
    0x42, 0xf5, 0x53, 0xf6, 0x43, 0xf5, 0x43, 0xf5, 0x53, 0xf6, 0x64, 0xf7, 0x43, 0xf5, 0x43, 0xf6,
    0x43, 0xf5, 0x43, 0xf5, 0x54, 0xf7, 0x54, 0xf7, 0x43, 0xf5, 0x32, 0xf3, 0x43, 0xf5, 0x43, 0xf5,
    0x64, 0xf7, 0x53, 0xf6, 0x53, 0xf7, 0x53, 0xf7, 0x53, 0xf7, 0x53, 0xf7, 0x65, 0xf8, 0x63, 0xf8,
    0x21, 0xf3, 0x42, 0xf5, 0x32, 0xf4, 0x21, 0xf3, 0x53, 0xf7, 0x74, 0xf8, 0x32, 0xf4, 0x53, 0xf6,
    0x54, 0xf6, 0x53, 0xf6, 0x64, 0xf7, 0x65, 0xf7, 0x54, 0xf7, 0x32, 0xf4, 0x75, 0xf8, 0x54, 0xf6,
    0x54, 0xf7, 0x64, 0xf7, 0x65, 0xf7, 0x64, 0xf7, 0x64, 0xf7, 0x54, 0xf6, 0x65, 0xf7, 0x65, 0xf7,
    0x32, 0xf4, 0x21, 0xf3, 0x54, 0xf7, 0x54, 0xf6, 0x65, 0xf7, 0x43, 0xf5, 0x43, 0xf5, 0x54, 0xf6,
    0x54, 0xf6, 0x65, 0xf7, 0x54, 0xf5, 0x54, 0xf6, 0x32, 0xf3, 0x21, 0xf3, 0x32, 0xf3, 0x21, 0xf2,
    0x63, 0xf8, 0x64, 0xf8, 0x53, 0xf7, 0x53, 0xf6, 0x64, 0xf8, 0x64, 0xf7, 0x53, 0xf7, 0x53, 0xf7,
    0x63, 0xf7, 0x53, 0xf7, 0x53, 0xf6, 0x52, 0xf7, 0x53, 0xf7, 0x53, 0xf7, 0x53, 0xf7, 0x64, 0xf7,
    0x53, 0xf6, 0x64, 0xf8, 0x53, 0xf7, 0x75, 0xf9, 0x64, 0xf8, 0x42, 0xf5, 0x64, 0xf7, 0x32, 0xf5,
    0x64, 0xf7, 0x53, 0xf7, 0x53, 0xf7, 0x42, 0xf6, 0x53, 0xf6, 0x43, 0xf6, 0x32, 0xf5, 0x32, 0xf4,
    0x21, 0xf4, 0x32, 0xf5, 0x31, 0xf4, 0x32, 0xf4, 0x21, 0xf4, 0x54, 0xf6, 0x21, 0xf3, 0x54, 0xf6,
    0x31, 0xf4, 0x21, 0xf3, 0x31, 0xf4, 0x21, 0xf3, 0x53, 0xf6, 0x75, 0xf8, 0x54, 0xf6, 0x64, 0xf7,
    0x65, 0xf7, 0x43, 0xf5, 0x43, 0xf5, 0x21, 0xf3, 0x32, 0xf4, 0x43, 0xf4, 0x31, 0xf4, 0x32, 0xf3,
    0x53, 0xf7, 0x43, 0xf6, 0x64, 0xf7, 0x65, 0xf7, 0x43, 0xf5, 0x11, 0xf2, 0x43, 0xf5, 0x11, 0xf2,
    0x64, 0xf7, 0x54, 0xf6, 0x54, 0xf6, 0x54, 0xf6, 0x54, 0xf5, 0x54, 0xf6, 0x44, 0xf5, 0x43, 0xf5,
    0x54, 0xf6, 0x54, 0xf6, 0x43, 0xf5, 0x44, 0xf5, 0x54, 0xf6, 0x54, 0xf6, 0x43, 0xf5, 0x43, 0xf4,
    0x54, 0xf6, 0x54, 0xf6, 0x54, 0xf6, 0x43, 0xf4, 0x44, 0xf5, 0x22, 0xf3, 0x33, 0xf4, 0x32, 0xf3,
    0x43, 0xf4, 0x33, 0xf4, 0x32, 0xf4, 0x32, 0xf3, 0x32, 0xf3, 0x33, 0xf4, 0x32, 0xf4, 0x43, 0xf5,
    0x43, 0xf4, 0x32, 0xf3, 0x32, 0xf3, 0x32, 0xf3, 0x32, 0xf3, 0x32, 0xf4, 0x32, 0xf4, 0x21, 0xf3,
    0x32, 0xf4, 0x54, 0xf6, 0x42, 0xf5, 0x42, 0xf5, 0x54, 0xf7, 0x32, 0xf5, 0x64, 0xf8, 0x32, 0xf5,
    0x22, 0xf3, 0x21, 0xf2, 0x21, 0xf3, 0x75, 0xf8, 0x32, 0xf4, 0x43, 0xf4, 0x75, 0xf8, 0x54, 0xf6,
    0x64, 0xf7, 0x87, 0xfa, 0x64, 0xf7, 0x76, 0xf9, 0x65, 0xf7, 0x43, 0xf4, 0x43, 0xf5, 0x32, 0xf3,
    0x32, 0xf4, 0x32, 0xf4, 0x21, 0xf3, 0x54, 0xf6, 0x64, 0xf7, 0x54, 0xf6, 0x75, 0xf8, 0x43, 0xf5,
    0x32, 0xf3, 0x43, 0xf5, 0x33, 0xf3, 0x43, 0xf5, 0x53, 0xf7, 0x43, 0xf5, 0x64, 0xf8, 0x32, 0xf4,
    0x54, 0xf6, 0x54, 0xf6, 0x32, 0xf4, 0x43, 0xf5, 0x53, 0xf5, 0x21, 0xf3, 0x43, 0xf4, 0x43, 0xf5,
    0x32, 0xf4, 0x32, 0xf4, 0x32, 0xf4, 0x32, 0xf4, 0x21, 0xf3, 0x43, 0xf5, 0x31, 0xf4, 0x33, 0xf4,
    0x22, 0xf3, 0x32, 0xf5, 0x32, 0xf4, 0x21, 0xf3, 0x63, 0xf7, 0x32, 0xf4, 0x31, 0xf4, 0x42, 0xf5,
    0x31, 0xf4, 0x42, 0xf6, 0x53, 0xf6, 0x53, 0xf7, 0x32, 0xf5, 0x42, 0xf5, 0x64, 0xf8, 0x53, 0xf7,
    0x32, 0xf5, 0x32, 0xf4, 0x53, 0xf6, 0x32, 0xf4, 0x32, 0xf4, 0x43, 0xf4, 0x33, 0xf4, 0x54, 0xf5,
    0x64, 0xf8, 0x32, 0xf4, 0x32, 0xf4, 0x21, 0xf4, 0x42, 0xf5, 0x64, 0xf7, 0x43, 0xf6, 0x54, 0xf6,
    0x53, 0xf7, 0x64, 0xf7, 0x42, 0xf6, 0x42, 0xf5, 0x42, 0xf5, 0x42, 0xf6, 0x42, 0xf6, 0x53, 0xf7,
    0x21, 0xf3, 0x21, 0xf3, 0x32, 0xf4, 0x32, 0xf4, 0x43, 0xf5, 0x53, 0xf6, 0x43, 0xf5, 0x54, 0xf6,
    0x53, 0xf7, 0x42, 0xf5, 0x53, 0xf7, 0x53, 0xf6, 0x42, 0xf5, 0x42, 0xf6, 0x43, 0xf6, 0x42, 0xf5,
    0x32, 0xf5, 0x43, 0xf5, 0x43, 0xf5, 0x32, 0xf3, 0x43, 0xf5, 0x42, 0xf5, 0x32, 0xf5, 0x42, 0xf5,
    0x32, 0xf4, 0x32, 0xf4, 0x32, 0xf4, 0x43, 0xf5, 0x33, 0xf4, 0x44, 0xf5, 0x33, 0xf4, 0x33, 0xf4,
    0x54, 0xf7, 0x43, 0xf5, 0x64, 0xf7, 0x21, 0xf2, 0x32, 0xf3, 0x32, 0xf3, 0x32, 0xf4, 0x42, 0xf5,
    0x54, 0xf5, 0x32, 0xf4, 0x33, 0xf4, 0x21, 0xf3, 0x53, 0xf6, 0x86, 0xf9, 0x43, 0xf5, 0x64, 0xf7,
    0x32, 0xf4, 0x42, 0xf5, 0x43, 0xf5, 0x54, 0xf7, 0x43, 0xf5, 0x42, 0xf5, 0x54, 0xf6, 0x31, 0xf4,
    0x42, 0xf5, 0x53, 0xf7, 0x32, 0xf5, 0x53, 0xf6, 0x43, 0xf5, 0x43, 0xf5, 0x53, 0xf6, 0x42, 0xf5,
    0x42, 0xf5, 0x53, 0xf6, 0x42, 0xf6, 0x42, 0xf6, 0x64, 0xf7, 0x64, 0xf7, 0x53, 0xf7, 0x54, 0xf6,
    0x54, 0xf6, 0x65, 0xf7, 0x42, 0xf4, 0x43, 0xf6, 0x54, 0xf7, 0x43, 0xf5, 0x54, 0xf6, 0x43, 0xf5,
    0x53, 0xf7, 0x43, 0xf5, 0x53, 0xf7, 0x54, 0xf7, 0x54, 0xf6, 0x32, 0xf4, 0x75, 0xf8, 0x43, 0xf5,
    0x64, 0xf7, 0x53, 0xf6, 0x54, 0xf7, 0x54, 0xf7, 0x43, 0xf6, 0x53, 0xf7, 0x43, 0xf6, 0x53, 0xf6,
    0x53, 0xf6, 0x42, 0xf6, 0x53, 0xf6, 0x53, 0xf6, 0x42, 0xf6, 0x43, 0xf6, 0x31, 0xf4, 0x32, 0xf4,
    0x64, 0xf7, 0x53, 0xf6, 0x53, 0xf7, 0x53, 0xf6, 0x53, 0xf6, 0x54, 0xf7, 0x64, 0xf7, 0x54, 0xf6,
    0x54, 0xf6, 0x53, 0xf7, 0x42, 0xf5, 0x42, 0xf6, 0x53, 0xf6, 0x32, 0xf4, 0x43, 0xf6, 0x31, 0xf4,
    0x65, 0xf7, 0x32, 0xf4, 0x65, 0xf8, 0x32, 0xf4, 0x32, 0xf4, 0x32, 0xf4, 0x32, 0xf4, 0x64, 0xf7,
    0x64, 0xf7, 0x21, 0xf3, 0x53, 0xf6, 0x42, 0xf5, 0x32, 0xf4, 0x53, 0xf6, 0x42, 0xf6, 0x43, 0xf5,
    0x43, 0xf6, 0x53, 0xf6, 0x53, 0xf6, 0x32, 0xf4, 0x32, 0xf4, 0x43, 0xf5, 0x32, 0xf4, 0x75, 0xf8,
    0x43, 0xf5, 0x43, 0xf6, 0x32, 0xf4, 0x32, 0xf4, 0x53, 0xf7, 0x64, 0xf7, 0x42, 0xf6, 0x53, 0xf6,
    0x42, 0xf5, 0x53, 0xf7, 0x43, 0xf5, 0x32, 0xf4, 0x31, 0xf4, 0x44, 0xf5, 0x32, 0xf3, 0x66, 0xf7,
    0x53, 0xf6, 0x54, 0xf5, 0x32, 0xf4, 0x65, 0xf6, 0x55, 0xf6, 0x54, 0xf6, 0x65, 0xf6, 0x54, 0xf5,
    0x33, 0xf4, 0x32, 0xf4, 0x55, 0xf6, 0x43, 0xf4, 0x42, 0xf6, 0x42, 0xf5, 0x32, 0xf4, 0x42, 0xf5,
    0x65, 0xf7, 0x43, 0xf4, 0x76, 0xf8, 0x65, 0xf6, 0x32, 0xf3, 0x42, 0xf5, 0x22, 0xf3, 0x32, 0xf4,
    0x53, 0xf6, 0x43, 0xf6, 0x53, 0xf6, 0x42, 0xf5, 0x32, 0xf4, 0x32, 0xf3, 0x32, 0xf4, 0x32, 0xf4,
    0x42, 0xf6, 0x42, 0xf6, 0x42, 0xf5, 0x43, 0xf5, 0x43, 0xf6, 0x54, 0xf6, 0x43, 0xf6, 0x65, 0xf7,
    0x43, 0xf5, 0x54, 0xf7, 0x42, 0xf5, 0x75, 0xf8, 0x54, 0xf6, 0x32, 0xf4, 0x65, 0xf8, 0x53, 0xf6,
    0x64, 0xf7, 0x53, 0xf6, 0x54, 0xf7, 0x32, 0xf4, 0x43, 0xf6, 0x42, 0xf5, 0x43, 0xf5, 0x43, 0xf4,
    0x42, 0xf5, 0x53, 0xf6, 0x42, 0xf5, 0x43, 0xf5, 0x43, 0xf6, 0x54, 0xf7, 0x54, 0xf7, 0x42, 0xf6,
    0x53, 0xf6, 0x53, 0xf6, 0x42, 0xf6, 0x53, 0xf6, 0x54, 0xf6, 0x43, 0xf4, 0x54, 0xf6, 0x43, 0xf4,
    0x42, 0xf6, 0x43, 0xf5, 0x42, 0xf5, 0x42, 0xf5, 0x53, 0xf5, 0x43, 0xf4, 0x32, 0xf4, 0x43, 0xf4,
    0x32, 0xf3, 0x32, 0xf4, 0x32, 0xf4, 0x43, 0xf5, 0x43, 0xf4, 0x43, 0xf4, 0x54, 0xf6, 0x44, 0xf5,
    0x32, 0xf4, 0x32, 0xf5, 0x43, 0xf5, 0x53, 0xf6, 0x42, 0xf5, 0x32, 0xf4, 0x32, 0xf4, 0x32, 0xf4,
    0x42, 0xf5, 0x43, 0xf6, 0x43, 0xf5, 0x32, 0xf5, 0x65, 0xf7, 0x43, 0xf5, 0x64, 0xf7, 0x43, 0xf5,
    0x42, 0xf5, 0x43, 0xf5, 0x32, 0xf4, 0x43, 0xf5, 0x32, 0xf4, 0x32, 0xf4, 0x43, 0xf5, 0x32, 0xf4,
    0x43, 0xf5, 0x43, 0xf5, 0x43, 0xf5, 0x43, 0xf5, 0x43, 0xf5, 0x32, 0xf4, 0x43, 0xf5, 0x43, 0xf5,
    0x32, 0xf4, 0x42, 0xf5, 0x64, 0xf7, 0x43, 0xf5, 0x53, 0xf6, 0x42, 0xf5, 0x42, 0xf5, 0x53, 0xf7,
    0x54, 0xf6, 0x43, 0xf5, 0x54, 0xf6, 0x43, 0xf6, 0x42, 0xf6, 0x63, 0xf8, 0x42, 0xf6, 0x53, 0xf7,
    0x42, 0xf5, 0x42, 0xf5, 0x32, 0xf4, 0x42, 0xf5, 0x54, 0xf6, 0x54, 0xf6, 0x54, 0xf6, 0x65, 0xf7,
    0x53, 0xf7, 0x52, 0xf6, 0x75, 0xf8, 0x75, 0xf8, 0x42, 0xf5, 0x43, 0xf5, 0x54, 0xf7, 0x43, 0xf6,
    0x53, 0xf6, 0x43, 0xf5, 0x32, 0xf4, 0x43, 0xf6, 0x43, 0xf5, 0x54, 0xf6, 0x65, 0xf8, 0x43, 0xf5,
    0x43, 0xf5, 0x53, 0xf6, 0x43, 0xf5, 0x42, 0xf5, 0x54, 0xf7, 0x43, 0xf5, 0x43, 0xf5, 0x43, 0xf5,
    0x64, 0xf7, 0x65, 0xf7, 0x42, 0xf5, 0x43, 0xf5, 0x76, 0xf8, 0x32, 0xf4, 0x54, 0xf6, 0x65, 0xf7,
    0x53, 0xf7, 0x42, 0xf5, 0x64, 0xf8, 0x43, 0xf5, 0x54, 0xf6, 0x64, 0xf7, 0x65, 0xf8, 0x65, 0xf8,
    0x43, 0xf6, 0x54, 0xf7, 0x43, 0xf5, 0x54, 0xf6, 0x54, 0xf6, 0x43, 0xf5, 0x43, 0xf5, 0x43, 0xf6,
    0x32, 0xf5, 0x42, 0xf5, 0x42, 0xf5, 0x54, 0xf6, 0x43, 0xf5, 0x43, 0xf5, 0x42, 0xf5, 0x32, 0xf4,
    0x43, 0xf5, 0x42, 0xf5, 0x54, 0xf6, 0x42, 0xf5, 0x54, 0xf6, 0x64, 0xf7, 0x42, 0xf5, 0x54, 0xf5,
    0x54, 0xf6, 0x43, 0xf5, 0x43, 0xf5, 0x43, 0xf5, 0x42, 0xf5, 0x42, 0xf5, 0x43, 0xf5, 0x54, 0xf6,
    0x42, 0xf5, 0x42, 0xf5, 0x53, 0xf7, 0x75, 0xf9, 0x53, 0xf7, 0x53, 0xf7, 0x75, 0xf8, 0x64, 0xf8,
    0x42, 0xf5, 0x54, 0xf6, 0x42, 0xf5, 0x43, 0xf5, 0x75, 0xf9, 0x54, 0xf7, 0x32, 0xf4, 0x53, 0xf6,
    0x65, 0xf8, 0x86, 0xf9, 0x64, 0xf7, 0x65, 0xf8, 0x64, 0xf7, 0x43, 0xf6, 0x64, 0xf7, 0x32, 0xf4,
    0x64, 0xf7, 0x64, 0xf7, 0x75, 0xf8, 0x53, 0xf6, 0x42, 0xf6, 0x32, 0xf4, 0x42, 0xf5, 0x43, 0xf6,
    0x65, 0xf6, 0x65, 0xf8, 0x43, 0xf5, 0x42, 0xf5, 0x43, 0xf6, 0x43, 0xf5, 0x42, 0xf5, 0x64, 0xf8,
    0x43, 0xf5, 0x22, 0xf3, 0x32, 0xf3, 0x33, 0xf4, 0x43, 0xf5, 0x53, 0xf6, 0x42, 0xf5, 0x32, 0xf5,
    0x43, 0xf5, 0x43, 0xf6, 0x53, 0xf7, 0x52, 0xf7, 0x42, 0xf5, 0x65, 0xf7, 0x52, 0xf7, 0x53, 0xf7,
    0x42, 0xf6, 0x53, 0xf7, 0x43, 0xf5, 0x54, 0xf7, 0x42, 0xf5, 0x43, 0xf6, 0x32, 0xf4, 0x43, 0xf5,
    0x42, 0xf5, 0x43, 0xf6, 0x42, 0xf5, 0x43, 0xf5, 0x43, 0xf5, 0x43, 0xf5, 0x43, 0xf6, 0x54, 0xf7,
    0x32, 0xf4, 0x32, 0xf4, 0x32, 0xf5, 0x43, 0xf5, 0x43, 0xf5, 0x43, 0xf6, 0x43, 0xf5, 0x43, 0xf5,
    0x43, 0xf5, 0x32, 0xf5, 0x43, 0xf5, 0x32, 0xf5, 0x32, 0xf4, 0x53, 0xf6, 0x43, 0xf4, 0x32, 0xf4,
    0x42, 0xf5, 0x43, 0xf5, 0x32, 0xf4, 0x43, 0xf5, 0x43, 0xf5, 0x32, 0xf4, 0x32, 0xf5, 0x53, 0xf6,
    0x53, 0xf6, 0x43, 0xf6, 0x43, 0xf5, 0x32, 0xf4, 0x43, 0xf4, 0x32, 0xf3, 0x55, 0xf6, 0x54, 0xf6,
    0x43, 0xf5, 0x54, 0xf5, 0x65, 0xf6, 0x54, 0xf5, 0x65, 0xf6, 0x65, 0xf7, 0x54, 0xf6, 0x54, 0xf6,
    0x32, 0xf3, 0x32, 0xf4, 0x33, 0xf4, 0x44, 0xf5, 0x31, 0xf4, 0x42, 0xf6, 0x32, 0xf4, 0x42, 0xf6,
    0x76, 0xf7, 0x55, 0xf6, 0x76, 0xf8, 0x54, 0xf5, 0x32, 0xf4, 0x31, 0xf4, 0x21, 0xf3, 0x43, 0xf5,
    0x32, 0xf4, 0x65, 0xf6, 0x32, 0xf5, 0x65, 0xf6, 0x76, 0xf7, 0x65, 0xf6, 0x66, 0xf7, 0x54, 0xf5,
    0x32, 0xf4, 0x32, 0xf4, 0x32, 0xf4, 0x22, 0xf3, 0x43, 0xf4, 0x54, 0xf5, 0x32, 0xf4, 0x43, 0xf5,
    0x54, 0xf5, 0x44, 0xf5, 0x33, 0xf4, 0x32, 0xf3, 0x43, 0xf4, 0x75, 0xf8, 0x32, 0xf4, 0x43, 0xf5,
    0x33, 0xf3, 0x32, 0xf4, 0x32, 0xf4, 0x31, 0xf4, 0x42, 0xf5, 0x33, 0xf4, 0x43, 0xf5, 0x54, 0xf5,
    0x43, 0xf4, 0x32, 0xf3, 0x32, 0xf3, 0x32, 0xf4, 0x32, 0xf4, 0x64, 0xf7, 0x31, 0xf4, 0x32, 0xf4,
    0x32, 0xf4, 0x43, 0xf5, 0x21, 0xf3, 0x42, 0xf5, 0x42, 0xf5, 0x43, 0xf5, 0x75, 0xf8, 0x53, 0xf6,
    0x43, 0xf6, 0x42, 0xf5, 0x32, 0xf4, 0x65, 0xf8, 0x43, 0xf5, 0x54, 0xf5, 0x76, 0xf8, 0x76, 0xf7,
    0x53, 0xf6, 0x64, 0xf7, 0x54, 0xf6, 0x53, 0xf6, 0x65, 0xf8, 0x32, 0xf4, 0x31, 0xf4, 0x32, 0xf4,
    0x43, 0xf5, 0x32, 0xf4, 0x33, 0xf4, 0x44, 0xf5, 0x43, 0xf4, 0x43, 0xf4, 0x54, 0xf6, 0x43, 0xf4,
    0x55, 0xf6, 0x66, 0xf7, 0x55, 0xf6, 0x76, 0xf7, 0x87, 0xf9, 0x54, 0xf6, 0x76, 0xf7, 0x65, 0xf6,
    0x32, 0xf4, 0x42, 0xf5, 0x42, 0xf5, 0x43, 0xf6, 0x54, 0xf6, 0x43, 0xf4, 0x43, 0xf6, 0x43, 0xf5,
    0x33, 0xf4, 0x42, 0xf5, 0x43, 0xf4, 0x32, 0xf4, 0x42, 0xf6, 0x32, 0xf4, 0x42, 0xf5, 0x33, 0xf4,
    0x54, 0xf5, 0x54, 0xf5, 0x55, 0xf6, 0x65, 0xf6, 0x65, 0xf6, 0x65, 0xf6, 0x66, 0xf7, 0x65, 0xf6,
    0x33, 0xf4, 0x43, 0xf4, 0x43, 0xf5, 0x33, 0xf4, 0x54, 0xf5, 0x54, 0xf5, 0x21, 0xf2, 0x22, 0xf3,
    0x43, 0xf4, 0x33, 0xf4, 0x33, 0xf4, 0x43, 0xf4, 0x43, 0xf4, 0x32, 0xf4, 0x33, 0xf4, 0x32, 0xf4,
    0x33, 0xf4, 0x43, 0xf4, 0x32, 0xf4, 0x54, 0xf6, 0x32, 0xf4, 0x32, 0xf4, 0x42, 0xf5, 0x32, 0xf5,
    0x43, 0xf6, 0x32, 0xf4, 0x53, 0xf7, 0x42, 0xf5, 0x75, 0xf8, 0x64, 0xf7, 0x65, 0xf8, 0x54, 0xf6,
    0x54, 0xf5, 0x32, 0xf4, 0x54, 0xf5, 0x32, 0xf4, 0x75, 0xf8, 0x54, 0xf6, 0x43, 0xf5, 0x43, 0xf5,
    0x54, 0xf6, 0x53, 0xf6, 0x54, 0xf6, 0x64, 0xf8, 0x42, 0xf5, 0x21, 0xf2, 0x42, 0xf5, 0x21, 0xf3,
    0x43, 0xf6, 0x54, 0xf7, 0x32, 0xf4, 0x42, 0xf5, 0x31, 0xf4, 0x32, 0xf4, 0x32, 0xf5, 0x52, 0xf6,
    0x43, 0xf4, 0x33, 0xf4, 0x43, 0xf5, 0x44, 0xf5, 0x43, 0xf4, 0x21, 0xf3, 0x44, 0xf5, 0x33, 0xf4,
    0x43, 0xf5, 0x43, 0xf4, 0x44, 0xf5, 0x44, 0xf5, 0x43, 0xf4, 0x43, 0xf4, 0x32, 0xf3, 0x43, 0xf5,
    0x21, 0xf3, 0x32, 0xf4, 0x33, 0xf4, 0x33, 0xf4, 0x53, 0xf7, 0x43, 0xf6, 0x42, 0xf5, 0x32, 0xf4,
    0x43, 0xf4, 0x32, 0xf4, 0x43, 0xf4, 0x43, 0xf5, 0x32, 0xf4, 0x54, 0xf5, 0x65, 0xf7, 0x65, 0xf6,
    0x53, 0xf6, 0x43, 0xf5, 0x43, 0xf4, 0x43, 0xf4, 0x53, 0xf6, 0x64, 0xf7, 0x43, 0xf5, 0x64, 0xf7,
    0x43, 0xf4, 0x32, 0xf4, 0x32, 0xf4, 0x31, 0xf4, 0x21, 0xf3, 0x43, 0xf5, 0x42, 0xf5, 0x65, 0xf6,
    0x54, 0xf7, 0x53, 0xf6, 0x32, 0xf4, 0x32, 0xf3, 0x32, 0xf4, 0x54, 0xf6, 0x54, 0xf6, 0x76, 0xf7,
    0x65, 0xf6, 0x65, 0xf7, 0x87, 0xf9, 0x76, 0xf7, 0x54, 0xf6, 0x65, 0xf7, 0x65, 0xf6, 0x65, 0xf6,
    0x31, 0xf4, 0x42, 0xf5, 0x43, 0xf5, 0x54, 0xf6, 0x64, 0xf7, 0x65, 0xf6, 0x65, 0xf7, 0x54, 0xf6,
    0x65, 0xf7, 0x64, 0xf7, 0x54, 0xf6, 0x54, 0xf6, 0x64, 0xf7, 0x53, 0xf6, 0x65, 0xf7, 0x54, 0xf6,
    0x76, 0xf8, 0x76, 0xf8, 0x66, 0xf7, 0x87, 0xf8, 0x64, 0xf6, 0x54, 0xf6, 0x75, 0xf7, 0x54, 0xf6,
    0x65, 0xf7, 0x77, 0xf8, 0x65, 0xf7, 0x66, 0xf7, 0x87, 0xf8, 0x65, 0xf7, 0x76, 0xf8, 0x76, 0xf7,
    0x22, 0xf3, 0x32, 0xf4, 0x32, 0xf3, 0x43, 0xf6, 0x32, 0xf4, 0x53, 0xf6, 0x42, 0xf5, 0x54, 0xf6,
    0x32, 0xf4, 0x54, 0xf6, 0x32, 0xf4, 0x43, 0xf6, 0x32, 0xf3, 0x43, 0xf5, 0x32, 0xf4, 0x32, 0xf4,
    0x75, 0xf8, 0x65, 0xf8, 0x54, 0xf7, 0x65, 0xf8, 0x42, 0xf5, 0x43, 0xf5, 0x43, 0xf5, 0x21, 0xf3,
    0x65, 0xf8, 0x53, 0xf6, 0x75, 0xf8, 0x43, 0xf5, 0x31, 0xf4, 0x32, 0xf4, 0x32, 0xf4, 0x65, 0xf7,
    0x43, 0xf5, 0x64, 0xf7, 0x54, 0xf6, 0x53, 0xf6, 0x42, 0xf5, 0x32, 0xf4, 0x64, 0xf7, 0x43, 0xf4,
    0x32, 0xf4, 0x43, 0xf5, 0x54, 0xf6, 0x54, 0xf6, 0x65, 0xf7, 0x54, 0xf6, 0x86, 0xf8, 0x76, 0xf7,
    0x32, 0xf3, 0x33, 0xf4, 0x43, 0xf4, 0x65, 0xf7, 0x43, 0xf5, 0x43, 0xf4, 0x54, 0xf6, 0x43, 0xf4,
    0x65, 0xf7, 0x76, 0xf8, 0x54, 0xf6, 0x76, 0xf8, 0x54, 0xf5, 0x44, 0xf5, 0x65, 0xf7, 0x54, 0xf5,
    0x55, 0xf6, 0x76, 0xf8, 0x54, 0xf6, 0x87, 0xf9, 0x76, 0xf8, 0x65, 0xf7, 0x65, 0xf7, 0x76, 0xf8,
    0x65, 0xf7, 0x54, 0xf6, 0x65, 0xf7, 0x43, 0xf5, 0x43, 0xf5, 0x54, 0xf6, 0x32, 0xf4, 0x32, 0xf3,
    0x65, 0xf7, 0x54, 0xf6, 0x76, 0xf7, 0x43, 0xf5, 0x32, 0xf4, 0x54, 0xf6, 0x43, 0xf5, 0x42, 0xf5,
    0x65, 0xf7, 0x43, 0xf4, 0x32, 0xf4, 0x33, 0xf4, 0x43, 0xf5, 0x64, 0xf8, 0x43, 0xf5, 0x74, 0xf9,
    0x53, 0xf6, 0x43, 0xf5, 0x43, 0xf5, 0x32, 0xf3, 0x32, 0xf4, 0x31, 0xf4, 0x21, 0xf3, 0x53, 0xf6,
    0x44, 0xf5, 0x22, 0xf3, 0x54, 0xf6, 0x43, 0xf4, 0x43, 0xf5, 0x86, 0xf9, 0x32, 0xf4, 0x43, 0xf5,
    0x43, 0xf6, 0x42, 0xf5, 0x53, 0xf6, 0x42, 0xf5, 0x43, 0xf6, 0x75, 0xf9, 0x64, 0xf7, 0x75, 0xf8,
    0x54, 0xf6, 0x64, 0xf7, 0x43, 0xf5, 0x64, 0xf8, 0x75, 0xf9, 0x75, 0xf9, 0x86, 0xf9, 0x75, 0xf9,
    0x76, 0xf7, 0x54, 0xf6, 0x87, 0xf9, 0x65, 0xf6, 0x76, 0xf7, 0x65, 0xf6, 0x65, 0xf7, 0x65, 0xf7,
    0x76, 0xf8, 0x65, 0xf7, 0x76, 0xf7, 0x76, 0xf7, 0x65, 0xf7, 0x66, 0xf7, 0x65, 0xf7, 0x76, 0xf8,
    0x65, 0xf6, 0x76, 0xf8, 0x65, 0xf7, 0x76, 0xf7, 0x65, 0xf6, 0x43, 0xf5, 0x43, 0xf5, 0x43, 0xf6,
    0x65, 0xf7, 0x65, 0xf7, 0x65, 0xf6, 0x55, 0xf6, 0x54, 0xf5, 0x43, 0xf6, 0x54, 0xf6, 0x53, 0xf6,
    0x87, 0xf8, 0x76, 0xf8, 0x65, 0xf6, 0x66, 0xf7, 0x55, 0xf6, 0x65, 0xf7, 0x65, 0xf6, 0x54, 0xf6,
    0x54, 0xf6, 0x76, 0xf8, 0x54, 0xf6, 0x65, 0xf7, 0x65, 0xf7, 0x64, 0xf7, 0x76, 0xf7, 0x76, 0xf8,
    0x54, 0xf6, 0x66, 0xf7, 0x65, 0xf7, 0x76, 0xf8, 0x54, 0xf6, 0x43, 0xf5, 0x65, 0xf7, 0x54, 0xf7,
    0x65, 0xf7, 0x65, 0xf7, 0x65, 0xf7, 0x65, 0xf7, 0x65, 0xf7, 0x75, 0xf7, 0x75, 0xf7, 0x65, 0xf7,
    0x43, 0xf5, 0x43, 0xf5, 0x53, 0xf6, 0x54, 0xf6, 0x54, 0xf5, 0x43, 0xf4, 0x55, 0xf6, 0x43, 0xf4,
    0x53, 0xf6, 0x54, 0xf6, 0x53, 0xf6, 0x43, 0xf5, 0x65, 0xf6, 0x32, 0xf3, 0x54, 0xf5, 0x22, 0xf3,
    0x32, 0xf4, 0x53, 0xf6, 0x32, 0xf4, 0x43, 0xf5, 0x86, 0xfa, 0x75, 0xf9, 0x86, 0xf9, 0x74, 0xf8,
    0x32, 0xf4, 0x43, 0xf5, 0x44, 0xf5, 0x54, 0xf5, 0x42, 0xf5, 0x53, 0xf7, 0x31, 0xf4, 0x53, 0xf7,
    0x64, 0xf7, 0x53, 0xf6, 0x53, 0xf6, 0x32, 0xf4, 0x22, 0xf3, 0x33, 0xf4, 0x21, 0xf3, 0x32, 0xf4,
    0x54, 0xf5, 0x21, 0xf2, 0x54, 0xf6, 0x32, 0xf4, 0x32, 0xf3, 0x32, 0xf4, 0x21, 0xf3, 0x32, 0xf4,
    0x65, 0xf7, 0x54, 0xf6, 0x43, 0xf5, 0x42, 0xf5, 0x32, 0xf4, 0x42, 0xf5, 0x43, 0xf5, 0x53, 0xf6,
    0x31, 0xf4, 0x43, 0xf5, 0x32, 0xf4, 0x43, 0xf5, 0x54, 0xf6, 0x53, 0xf6, 0x42, 0xf5, 0x32, 0xf4,
    0x53, 0xf7, 0x32, 0xf4, 0x32, 0xf4, 0x31, 0xf4, 0x21, 0xf3, 0x42, 0xf6, 0x21, 0xf3, 0x54, 0xf6,
    0x31, 0xf4, 0x31, 0xf5, 0x32, 0xf4, 0x31, 0xf4, 0x32, 0xf5, 0x54, 0xf6, 0x54, 0xf6, 0x54, 0xf6,
    0x42, 0xf6, 0x32, 0xf4, 0x43, 0xf6, 0x42, 0xf5, 0x32, 0xf4, 0x32, 0xf4, 0x32, 0xf5, 0x32, 0xf4,
    0x53, 0xf6, 0x52, 0xf7, 0x53, 0xf7, 0x64, 0xf8, 0x53, 0xf6, 0x42, 0xf6, 0x42, 0xf5, 0x42, 0xf6,
    0x21, 0xf3, 0x32, 0xf4, 0x32, 0xf4, 0x32, 0xf3, 0x32, 0xf4, 0x32, 0xf4, 0x32, 0xf4, 0x32, 0xf4,
    0x65, 0xf7, 0x33, 0xf4, 0x76, 0xf8, 0x76, 0xf7, 0x21, 0xf2, 0x43, 0xf5, 0x31, 0xf4, 0x43, 0xf5,
    0x53, 0xf6, 0x53, 0xf7, 0x31, 0xf4, 0x31, 0xf4, 0x42, 0xf6, 0x42, 0xf5, 0x31, 0xf3, 0x42, 0xf5,
    0x31, 0xf4, 0x43, 0xf6, 0x32, 0xf5, 0x42, 0xf6, 0x53, 0xf6, 0x32, 0xf5, 0x54, 0xf6, 0x21, 0xf4,
    0x53, 0xf6, 0x63, 0xf7, 0x43, 0xf5, 0x42, 0xf5, 0x63, 0xf8, 0x42, 0xf6, 0x53, 0xf7, 0x42, 0xf6,
    0x42, 0xf5, 0x43, 0xf4, 0x42, 0xf5, 0x32, 0xf4, 0x32, 0xf4, 0x32, 0xf4, 0x32, 0xf3, 0x32, 0xf4,
    0x32, 0xf4, 0x54, 0xf6, 0x42, 0xf5, 0x54, 0xf6, 0x54, 0xf6, 0x32, 0xf4, 0x43, 0xf5, 0x32, 0xf4,
    0x21, 0xf3, 0x32, 0xf4, 0x32, 0xf4, 0x43, 0xf6, 0x32, 0xf4, 0x32, 0xf4, 0x22, 0xf3, 0x22, 0xf3,
    0x32, 0xf5, 0x43, 0xf6, 0x32, 0xf5, 0x43, 0xf6, 0x42, 0xf5, 0x43, 0xf5, 0x32, 0xf4, 0x22, 0xf3,
    0x32, 0xf4, 0x42, 0xf5, 0x32, 0xf3, 0x32, 0xf3, 0x32, 0xf4, 0x22, 0xf2, 0x32, 0xf4, 0x33, 0xf4,
    0x43, 0xf5, 0x43, 0xf4, 0x54, 0xf6, 0x55, 0xf6, 0x33, 0xf3, 0x33, 0xf4, 0x44, 0xf5, 0x33, 0xf3,
    0x43, 0xf4, 0x43, 0xf4, 0x43, 0xf4, 0x43, 0xf4, 0x44, 0xf5, 0x44, 0xf5, 0x33, 0xf4, 0x43, 0xf4,
    0x86, 0xf8, 0x43, 0xf5, 0x65, 0xf7, 0x21, 0xf2, 0x21, 0xf3, 0x43, 0xf5, 0x31, 0xf4, 0x43, 0xf6,
    0x32, 0xf3, 0x21, 0xf3, 0x32, 0xf3, 0x54, 0xf5, 0x54, 0xf5, 0x65, 0xf7, 0x65, 0xf6, 0x65, 0xf6,
    0x31, 0xf5, 0x32, 0xf5, 0x54, 0xf6, 0x31, 0xf4, 0x42, 0xf5, 0x31, 0xf4, 0x42, 0xf5, 0x31, 0xf4,
    0x76, 0xf7, 0x33, 0xf4, 0x76, 0xf8, 0x65, 0xf7, 0x32, 0xf3, 0x31, 0xf4, 0x32, 0xf3, 0x32, 0xf4,
    0x43, 0xf4, 0x54, 0xf6, 0x65, 0xf6, 0x54, 0xf6, 0x54, 0xf6, 0x55, 0xf6, 0x54, 0xf5, 0x54, 0xf6,
    0x75, 0xf8, 0x76, 0xf8, 0x65, 0xf7, 0x76, 0xf8, 0x65, 0xf7, 0x65, 0xf7, 0x76, 0xf7, 0x75, 0xf8,
    0x65, 0xf7, 0x65, 0xf7, 0x54, 0xf5, 0x65, 0xf6, 0x43, 0xf5, 0x43, 0xf5, 0x65, 0xf7, 0x54, 0xf6,
    0x55, 0xf6, 0x54, 0xf6, 0x43, 0xf5, 0x54, 0xf5, 0x65, 0xf6, 0x65, 0xf7, 0x54, 0xf6, 0x54, 0xf5,
    0x22, 0xf3, 0x32, 0xf3, 0x21, 0xf3, 0x32, 0xf4, 0x31, 0xf4, 0x33, 0xf4, 0x32, 0xf5, 0x32, 0xf5,
    0x21, 0xf3, 0x31, 0xf4, 0x21, 0xf3, 0x32, 0xf5, 0x43, 0xf6, 0x32, 0xf4, 0x53, 0xf6, 0x33, 0xf4,
    0x43, 0xf4, 0x43, 0xf4, 0x22, 0xf3, 0x44, 0xf5, 0x43, 0xf4, 0x54, 0xf5, 0x55, 0xf6, 0x65, 0xf7,
    0x21, 0xf3, 0x43, 0xf5, 0x32, 0xf4, 0x53, 0xf6, 0x44, 0xf5, 0x55, 0xf6, 0x32, 0xf4, 0x33, 0xf4,
    0x42, 0xf5, 0x42, 0xf5, 0x54, 0xf6, 0x43, 0xf4, 0x32, 0xf4, 0x22, 0xf3, 0x32, 0xf3, 0x32, 0xf3,
    0x65, 0xf7, 0x43, 0xf4, 0x54, 0xf6, 0x54, 0xf5, 0x21, 0xf3, 0x42, 0xf5, 0x32, 0xf4, 0x42, 0xf6,
    0x32, 0xf4, 0x53, 0xf6, 0x32, 0xf4, 0x32, 0xf4, 0x75, 0xf8, 0x64, 0xf7, 0x53, 0xf7, 0x64, 0xf8,
    0x32, 0xf4, 0x32, 0xf5, 0x42, 0xf6, 0x52, 0xf7, 0x53, 0xf7, 0x52, 0xf7, 0x63, 0xf8, 0x53, 0xf7,
    0x43, 0xf5, 0x75, 0xf8, 0x43, 0xf5, 0x65, 0xf7, 0x76, 0xf8, 0x32, 0xf4, 0x64, 0xf7, 0x42, 0xf5,
    0x32, 0xf4, 0x32, 0xf5, 0x43, 0xf5, 0x32, 0xf4, 0x42, 0xf6, 0x53, 0xf6, 0x43, 0xf5, 0x43, 0xf5,
    0x42, 0xf6, 0x53, 0xf6, 0x42, 0xf6, 0x31, 0xf4, 0x32, 0xf4, 0x43, 0xf5, 0x42, 0xf6, 0x53, 0xf7,
    0x54, 0xf6, 0x53, 0xf7, 0x75, 0xf8, 0x53, 0xf7, 0x63, 0xf8, 0x63, 0xf8, 0x53, 0xf7, 0x63, 0xf8,
    0x44, 0xf4, 0x32, 0xf4, 0x43, 0xf4, 0x54, 0xf6, 0x21, 0xf3, 0x32, 0xf4, 0x33, 0xf4, 0x42, 0xf5,
    0x44, 0xf5, 0x65, 0xf6, 0x65, 0xf6, 0x54, 0xf5, 0x43, 0xf4, 0x32, 0xf3, 0x22, 0xf3, 0x33, 0xf4,
    0x43, 0xf5, 0x43, 0xf5, 0x64, 0xf7, 0x54, 0xf6, 0x42, 0xf5, 0x64, 0xf8, 0x32, 0xf4, 0x32, 0xf4,
    0x43, 0xf5, 0x53, 0xf6, 0x43, 0xf5, 0x43, 0xf6, 0x43, 0xf5, 0x43, 0xf4, 0x54, 0xf7, 0x53, 0xf6,
    0x75, 0xf8, 0x53, 0xf7, 0x74, 0xf9, 0x64, 0xf8, 0x64, 0xf8, 0x64, 0xf7, 0x63, 0xf7, 0x42, 0xf6,
    0x75, 0xf9, 0x64, 0xf7, 0x64, 0xf8, 0x53, 0xf7, 0x63, 0xf8, 0x42, 0xf6, 0x53, 0xf7, 0x64, 0xf7,
    0x32, 0xf4, 0x32, 0xf4, 0x32, 0xf4, 0x31, 0xf4, 0x53, 0xf7, 0x53, 0xf6, 0x42, 0xf6, 0x54, 0xf7,
    0x42, 0xf6, 0x64, 0xf8, 0x42, 0xf6, 0x53, 0xf7, 0x65, 0xf8, 0x43, 0xf6, 0x65, 0xf7, 0x42, 0xf5,
    0x63, 0xf8, 0x52, 0xf7, 0x42, 0xf6, 0x42, 0xf5, 0x32, 0xf5, 0x53, 0xf6, 0x32, 0xf4, 0x42, 0xf6,
    0x42, 0xf5, 0x43, 0xf5, 0x43, 0xf5, 0x32, 0xf4, 0x43, 0xf5, 0x53, 0xf6, 0x43, 0xf5, 0x54, 0xf6,
    0x53, 0xf7, 0x64, 0xf7, 0x54, 0xf7, 0x54, 0xf6, 0x42, 0xf5, 0x31, 0xf4, 0x32, 0xf4, 0x32, 0xf4,
    0x53, 0xf7, 0x53, 0xf6, 0x43, 0xf5, 0x53, 0xf6, 0x42, 0xf5, 0x53, 0xf6, 0x53, 0xf7, 0x32, 0xf5,
    0x65, 0xf7, 0x43, 0xf4, 0x44, 0xf5, 0x33, 0xf4, 0x32, 0xf3, 0x54, 0xf6, 0x54, 0xf6, 0x43, 0xf5,
    0x44, 0xf5, 0x43, 0xf4, 0x42, 0xf5, 0x53, 0xf6, 0x75, 0xf8, 0x53, 0xf6, 0x54, 0xf6, 0x54, 0xf6,
    0x43, 0xf6, 0x43, 0xf5, 0x42, 0xf5, 0x32, 0xf4, 0x53, 0xf6, 0x53, 0xf6, 0x43, 0xf6, 0x64, 0xf7,
    0x65, 0xf6, 0x32, 0xf4, 0x65, 0xf7, 0x43, 0xf5, 0x42, 0xf6, 0x43, 0xf6, 0x54, 0xf6, 0x42, 0xf6,
    0x52, 0xf7, 0x53, 0xf6, 0x53, 0xf7, 0x64, 0xf8, 0x43, 0xf5, 0x32, 0xf4, 0x53, 0xf6, 0x32, 0xf4,
    0x63, 0xf7, 0x63, 0xf7, 0x52, 0xf7, 0x53, 0xf7, 0x53, 0xf7, 0x42, 0xf5, 0x53, 0xf7, 0x32, 0xf4,
    0x32, 0xf4, 0x32, 0xf4, 0x43, 0xf5, 0x43, 0xf6, 0x54, 0xf6, 0x53, 0xf6, 0x42, 0xf5, 0x54, 0xf5,
    0x43, 0xf5, 0x54, 0xf7, 0x64, 0xf7, 0x43, 0xf6, 0x43, 0xf5, 0x43, 0xf4, 0x32, 0xf4, 0x43, 0xf4,
    0x43, 0xf6, 0x43, 0xf4, 0x32, 0xf4, 0x43, 0xf5, 0x43, 0xf5, 0x32, 0xf4, 0x54, 0xf6, 0x32, 0xf4,
    0x53, 0xf7, 0x42, 0xf5, 0x42, 0xf6, 0x43, 0xf5, 0x32, 0xf4, 0x43, 0xf5, 0x44, 0xf5, 0x54, 0xf5,
    0x32, 0xf3, 0x32, 0xf4, 0x32, 0xf4, 0x65, 0xf7, 0x64, 0xf7, 0x43, 0xf5, 0x54, 0xf6, 0x43, 0xf5,
    0x32, 0xf4, 0x43, 0xf4, 0x44, 0xf5, 0x33, 0xf4, 0x32, 0xf4, 0x32, 0xf4, 0x32, 0xf3, 0x21, 0xf3,
    0x43, 0xf5, 0x54, 0xf5, 0x43, 0xf5, 0x43, 0xf5, 0x54, 0xf6, 0x43, 0xf5, 0x43, 0xf6, 0x54, 0xf6,
    0x44, 0xf5, 0x33, 0xf4, 0x43, 0xf5, 0x32, 0xf4, 0x43, 0xf5, 0x54, 0xf6, 0x43, 0xf5, 0x44, 0xf5,
    0x54, 0xf6, 0x55, 0xf6, 0x55, 0xf6, 0x65, 0xf6, 0x43, 0xf4, 0x32, 0xf4, 0x43, 0xf5, 0x33, 0xf4,
    0x65, 0xf6, 0x54, 0xf6, 0x54, 0xf5, 0x43, 0xf4, 0x43, 0xf4, 0x43, 0xf5, 0x43, 0xf5, 0x54, 0xf6,
    0x75, 0xf8, 0x86, 0xf9, 0x86, 0xf9, 0x64, 0xf7, 0x76, 0xf8, 0x75, 0xf8, 0x64, 0xf7, 0x43, 0xf5,
    0x65, 0xf7, 0x64, 0xf7, 0x53, 0xf6, 0x54, 0xf6, 0x64, 0xf7, 0x42, 0xf6, 0x43, 0xf6, 0x53, 0xf7,
    0x53, 0xf6, 0x54, 0xf6, 0x43, 0xf5, 0x54, 0xf5, 0x54, 0xf6, 0x54, 0xf6, 0x54, 0xf6, 0x54, 0xf6,
    0x54, 0xf6, 0x54, 0xf6, 0x64, 0xf7, 0x65, 0xf7, 0x54, 0xf6, 0x32, 0xf4, 0x65, 0xf7, 0x43, 0xf5,
    0x54, 0xf6, 0x54, 0xf6, 0x32, 0xf4, 0x42, 0xf5, 0x53, 0xf6, 0x42, 0xf6, 0x53, 0xf6, 0x52, 0xf6,
    0x43, 0xf6, 0x32, 0xf5, 0x43, 0xf6, 0x42, 0xf5, 0x32, 0xf5, 0x53, 0xf7, 0x42, 0xf5, 0x54, 0xf7,
    0x53, 0xf7, 0x65, 0xf7, 0x42, 0xf5, 0x53, 0xf6, 0x65, 0xf7, 0x43, 0xf5, 0x43, 0xf6, 0x42, 0xf6,
    0x42, 0xf5, 0x53, 0xf6, 0x42, 0xf5, 0x53, 0xf7, 0x75, 0xf8, 0x43, 0xf6, 0x64, 0xf8, 0x42, 0xf5,
    0x54, 0xf6, 0x54, 0xf6, 0x43, 0xf5, 0x43, 0xf5, 0x42, 0xf5, 0x31, 0xf4, 0x43, 0xf5, 0x54, 0xf6,
    0x53, 0xf6, 0x53, 0xf7, 0x43, 0xf5, 0x53, 0xf6, 0x42, 0xf6, 0x65, 0xf7, 0x52, 0xf7, 0x43, 0xf6,
    0x42, 0xf5, 0x42, 0xf6, 0x54, 0xf6, 0x54, 0xf7, 0x63, 0xf8, 0x63, 0xf8, 0x53, 0xf7, 0x63, 0xf9,
    0x54, 0xf6, 0x76, 0xf8, 0x21, 0xf3, 0x43, 0xf5, 0x32, 0xf4, 0x42, 0xf6, 0x22, 0xf3, 0x32, 0xf4,
    0x32, 0xf3, 0x32, 0xf5, 0x43, 0xf5, 0x32, 0xf4, 0x53, 0xf7, 0x64, 0xf8, 0x42, 0xf6, 0x53, 0xf7,
    0x32, 0xf5, 0x32, 0xf5, 0x42, 0xf5, 0x42, 0xf5, 0x42, 0xf6, 0x42, 0xf5, 0x53, 0xf6, 0x42, 0xf5,
    0x42, 0xf6, 0x31, 0xf4, 0x52, 0xf7, 0x63, 0xf8, 0x21, 0xf3, 0x32, 0xf4, 0x32, 0xf4, 0x32, 0xf4,
    0x63, 0xf8, 0x63, 0xf9, 0x63, 0xf8, 0x53, 0xf7, 0x32, 0xf5, 0x64, 0xf7, 0x64, 0xf8, 0x76, 0xf9,
    0x53, 0xf6, 0x42, 0xf5, 0x53, 0xf7, 0x53, 0xf6, 0x53, 0xf6, 0x54, 0xf6, 0x53, 0xf6, 0x43, 0xf6,
    0x53, 0xf6, 0x63, 0xf7, 0x42, 0xf6, 0x53, 0xf6, 0x43, 0xf6, 0x43, 0xf6, 0x42, 0xf5, 0x54, 0xf7,
    0x53, 0xf6, 0x42, 0xf5, 0x54, 0xf7, 0x43, 0xf6, 0x32, 0xf5, 0x32, 0xf4, 0x32, 0xf5, 0x32, 0xf4,
    0x53, 0xf7, 0x42, 0xf5, 0x53, 0xf6, 0x32, 0xf5, 0x32, 0xf4, 0x32, 0xf4, 0x32, 0xf3, 0x33, 0xf4,
    0x64, 0xf8, 0x54, 0xf7, 0x53, 0xf7, 0x43, 0xf6, 0x42, 0xf5, 0x53, 0xf6, 0x32, 0xf5, 0x42, 0xf5,
    0x42, 0xf5, 0x53, 0xf6, 0x42, 0xf5, 0x43, 0xf5, 0x53, 0xf6, 0x32, 0xf5, 0x32, 0xf5, 0x42, 0xf5,
    0x43, 0xf6, 0x42, 0xf5, 0x32, 0xf4, 0x42, 0xf5, 0x43, 0xf5, 0x43, 0xf5, 0x64, 0xf8, 0x53, 0xf7,
    0x42, 0xf5, 0x32, 0xf4, 0x54, 0xf6, 0x32, 0xf4, 0x53, 0xf7, 0x53, 0xf7, 0x42, 0xf6, 0x53, 0xf7,
    0x42, 0xf6, 0x64, 0xf8, 0x42, 0xf6, 0x75, 0xfa, 0x63, 0xf8, 0x32, 0xf5, 0x53, 0xf8, 0x64, 0xf8,
    0x53, 0xf6, 0x86, 0xf9, 0x64, 0xf7, 0x76, 0xf9, 0x75, 0xf9, 0x74, 0xf9, 0x74, 0xf9, 0x53, 0xf7,
    0x53, 0xf6, 0x32, 0xf5, 0x53, 0xf7, 0x53, 0xf7, 0x64, 0xf7, 0x64, 0xf7, 0x53, 0xf6, 0x43, 0xf5,
    0x53, 0xf7, 0x32, 0xf5, 0x42, 0xf6, 0x32, 0xf4, 0x32, 0xf4, 0x43, 0xf5, 0x43, 0xf5, 0x54, 0xf6,
    0x53, 0xf7, 0x53, 0xf6, 0x32, 0xf5, 0x32, 0xf4, 0x53, 0xf6, 0x53, 0xf6, 0x43, 0xf5, 0x53, 0xf6,
    0x42, 0xf5, 0x32, 0xf4, 0x53, 0xf6, 0x21, 0xf4, 0x54, 0xf6, 0x76, 0xf7, 0x43, 0xf5, 0x76, 0xf8,
    0x32, 0xf4, 0x32, 0xf4, 0x54, 0xf6, 0x43, 0xf5, 0x43, 0xf5, 0x64, 0xf7, 0x65, 0xf7, 0x64, 0xf7,
    0x65, 0xf6, 0x53, 0xf6, 0x54, 0xf6, 0x32, 0xf5, 0x75, 0xf8, 0x54, 0xf6, 0x53, 0xf6, 0x65, 0xf7,
    0x52, 0xf7, 0x53, 0xf7, 0x52, 0xf6, 0x31, 0xf5, 0x32, 0xf5, 0x32, 0xf4, 0x42, 0xf5, 0x76, 0xf8,
    0x42, 0xf5, 0x32, 0xf4, 0x64, 0xf7, 0x33, 0xf4, 0x32, 0xf4, 0x54, 0xf5, 0x32, 0xf4, 0x32, 0xf4,
    0x64, 0xf7, 0x43, 0xf5, 0x65, 0xf7, 0x55, 0xf6, 0x55, 0xf6, 0x65, 0xf7, 0x54, 0xf5, 0x55, 0xf6,
    0x54, 0xf6, 0x66, 0xf7, 0x43, 0xf4, 0x43, 0xf4, 0x65, 0xf6, 0x55, 0xf6, 0x54, 0xf5, 0x44, 0xf5,
    0x53, 0xf6, 0x43, 0xf5, 0x53, 0xf6, 0x54, 0xf6, 0x54, 0xf6, 0x65, 0xf6, 0x65, 0xf7, 0x43, 0xf5,
    0x75, 0xf8, 0x75, 0xf8, 0x53, 0xf6, 0x85, 0xf9, 0x54, 0xf6, 0x54, 0xf6, 0x54, 0xf6, 0x54, 0xf5,
    0x32, 0xf4, 0x32, 0xf4, 0x43, 0xf5, 0x32, 0xf4, 0x32, 0xf3, 0x32, 0xf4, 0x43, 0xf5, 0x64, 0xf7,
    0x64, 0xf7, 0x43, 0xf5, 0x43, 0xf5, 0x21, 0xf3, 0x53, 0xf6, 0x75, 0xf9, 0x42, 0xf5, 0x53, 0xf7,
    0x55, 0xf6, 0x43, 0xf4, 0x54, 0xf6, 0x55, 0xf6, 0x43, 0xf6, 0x53, 0xf6, 0x55, 0xf6, 0x54, 0xf6,
    0x54, 0xf5, 0x55, 0xf6, 0x43, 0xf5, 0x43, 0xf5, 0x65, 0xf6, 0x54, 0xf5, 0x54, 0xf6, 0x44, 0xf5,
    0x54, 0xf5, 0x43, 0xf4, 0x54, 0xf6, 0x43, 0xf5, 0x44, 0xf5, 0x54, 0xf6, 0x44, 0xf5, 0x44, 0xf5,
    0x43, 0xf5, 0x53, 0xf6, 0x44, 0xf5, 0x44, 0xf5, 0x54, 0xf6, 0x43, 0xf5, 0x54, 0xf6, 0x54, 0xf6,
    0x43, 0xf5, 0x54, 0xf6, 0x43, 0xf5, 0x54, 0xf6, 0x64, 0xf7, 0x54, 0xf6, 0x54, 0xf6, 0x54, 0xf7,
    0x75, 0xf8, 0x53, 0xf6, 0x53, 0xf7, 0x42, 0xf6, 0x32, 0xf4, 0x43, 0xf5, 0x53, 0xf7, 0x42, 0xf5,
    0x54, 0xf6, 0x43, 0xf4, 0x54, 0xf6, 0x32, 0xf3, 0x43, 0xf5, 0x53, 0xf6, 0x43, 0xf4, 0x43, 0xf5,
    0x54, 0xf5, 0x22, 0xf3, 0x32, 0xf4, 0x32, 0xf4, 0x22, 0xf3, 0x22, 0xf3, 0x42, 0xf5, 0x21, 0xf3,
    0x21, 0xf3, 0x63, 0xf7, 0x21, 0xf3, 0x32, 0xf4, 0x64, 0xf7, 0x54, 0xf7, 0x75, 0xf9, 0x75, 0xf8,
    0x54, 0xf6, 0x42, 0xf5, 0x65, 0xf7, 0x64, 0xf7, 0x53, 0xf7, 0x53, 0xf6, 0x42, 0xf5, 0x54, 0xf6,
    0x43, 0xf5, 0x33, 0xf4, 0x43, 0xf5, 0x65, 0xf6, 0x43, 0xf4, 0x32, 0xf4, 0x65, 0xf7, 0x65, 0xf6,
    0x54, 0xf6, 0x65, 0xf6, 0x55, 0xf6, 0x55, 0xf6, 0x76, 0xf7, 0x87, 0xf8, 0x65, 0xf6, 0x66, 0xf7,
    0x54, 0xf6, 0x75, 0xf8, 0x53, 0xf6, 0x64, 0xf7, 0x54, 0xf6, 0x54, 0xf6, 0x65, 0xf7, 0x77, 0xf8,
    0x54, 0xf6, 0x53, 0xf6, 0x54, 0xf6, 0x31, 0xf4, 0x54, 0xf6, 0x87, 0xf8, 0x32, 0xf5, 0x54, 0xf6,
    0x43, 0xf5, 0x54, 0xf5, 0x54, 0xf6, 0x54, 0xf5, 0x55, 0xf6, 0x65, 0xf7, 0x54, 0xf6, 0x55, 0xf6,
    0x65, 0xf6, 0x65, 0xf6, 0x65, 0xf6, 0x54, 0xf6, 0x55, 0xf6, 0x55, 0xf6, 0x65, 0xf7, 0x65, 0xf6,
    0x32, 0xf4, 0x32, 0xf4, 0x43, 0xf4, 0x32, 0xf4, 0x43, 0xf5, 0x53, 0xf6, 0x43, 0xf4, 0x43, 0xf5,
    0x65, 0xf7, 0x54, 0xf5, 0x65, 0xf7, 0x76, 0xf8, 0x65, 0xf6, 0x76, 0xf8, 0x76, 0xf7, 0x65, 0xf7,
    0x54, 0xf7, 0x53, 0xf7, 0x32, 0xf4, 0x42, 0xf5, 0x42, 0xf6, 0x32, 0xf4, 0x32, 0xf4, 0x21, 0xf3,
    0x65, 0xf7, 0x43, 0xf4, 0x88, 0xf9, 0x54, 0xf5, 0x33, 0xf3, 0x22, 0xf3, 0x44, 0xf5, 0x55, 0xf6,
    0x65, 0xf7, 0x87, 0xf9, 0x76, 0xf7, 0x87, 0xf8, 0x65, 0xf7, 0x65, 0xf6, 0x65, 0xf6, 0x66, 0xf7,
    0x76, 0xf7, 0x76, 0xf7, 0x66, 0xf7, 0x66, 0xf7, 0x65, 0xf6, 0x76, 0xf7, 0x76, 0xf7, 0x87, 0xf9,
    0x76, 0xf7, 0x65, 0xf6, 0x76, 0xf7, 0x87, 0xf8, 0x55, 0xf6, 0x76, 0xf7, 0x55, 0xf6, 0x65, 0xf7,
    0x66, 0xf7, 0x98, 0xf9, 0x76, 0xf7, 0x87, 0xf9, 0x66, 0xf7, 0x65, 0xf6, 0x65, 0xf6, 0x55, 0xf5,
    0x33, 0xf4, 0x43, 0xf5, 0x54, 0xf6, 0x53, 0xf6, 0x32, 0xf4, 0x53, 0xf6, 0x42, 0xf6, 0x53, 0xf7,
    0x32, 0xf4, 0x43, 0xf6, 0x32, 0xf4, 0x32, 0xf4, 0x32, 0xf5, 0x54, 0xf7, 0x42, 0xf5, 0x64, 0xf7,
    0x42, 0xf5, 0x54, 0xf6, 0x53, 0xf6, 0x76, 0xf7, 0x75, 0xf8, 0x64, 0xf7, 0x87, 0xf9, 0x76, 0xf8,
    0x54, 0xf6, 0x54, 0xf6, 0x53, 0xf6, 0x54, 0xf5, 0x76, 0xf8, 0x76, 0xf8, 0x76, 0xf8, 0x76, 0xf8,
    0x31, 0xf3, 0x32, 0xf4, 0x54, 0xf6, 0x54, 0xf6, 0x32, 0xf4, 0x32, 0xf4, 0x54, 0xf6, 0x32, 0xf3,
    0x54, 0xf6, 0x75, 0xf8, 0x52, 0xf7, 0x53, 0xf6, 0x54, 0xf6, 0x32, 0xf3, 0x32, 0xf4, 0x32, 0xf3,
    0x32, 0xf4, 0x54, 0xf6, 0x53, 0xf5, 0x64, 0xf7, 0x65, 0xf7, 0x54, 0xf6, 0x43, 0xf5, 0x54, 0xf6,
    0x43, 0xf5, 0x53, 0xf6, 0x44, 0xf5, 0x32, 0xf4, 0x43, 0xf6, 0x54, 0xf6, 0x43, 0xf6, 0x53, 0xf6,
    0x64, 0xf7, 0x54, 0xf6, 0x65, 0xf7, 0x65, 0xf6, 0x65, 0xf6, 0x54, 0xf6, 0x65, 0xf7, 0x54, 0xf5,
    0x87, 0xf9, 0x76, 0xf8, 0x76, 0xf8, 0x65, 0xf7, 0x75, 0xf8, 0x65, 0xf7, 0x65, 0xf7, 0x65, 0xf7,
    0x76, 0xf8, 0x65, 0xf7, 0x65, 0xf7, 0x76, 0xf7, 0x65, 0xf6, 0x76, 0xf7, 0x65, 0xf6, 0x76, 0xf7,
    0x76, 0xf8, 0x66, 0xf7, 0x65, 0xf7, 0x65, 0xf7, 0x65, 0xf6, 0x54, 0xf6, 0x76, 0xf7, 0x65, 0xf6,
    0x65, 0xf7, 0x75, 0xf8, 0x54, 0xf7, 0x64, 0xf7, 0x75, 0xf7, 0x65, 0xf7, 0x75, 0xf8, 0x75, 0xf8,
    0x64, 0xf6, 0x54, 0xf6, 0x42, 0xf5, 0x32, 0xf4, 0x53, 0xf6, 0x65, 0xf7, 0x54, 0xf7, 0x75, 0xf8,
    0x65, 0xf7, 0x54, 0xf6, 0x54, 0xf6, 0x54, 0xf6, 0x76, 0xf7, 0x76, 0xf8, 0x76, 0xf7, 0x87, 0xf8,
    0x66, 0xf7, 0x54, 0xf6, 0x76, 0xf8, 0x65, 0xf7, 0x65, 0xf7, 0x77, 0xf8, 0x65, 0xf7, 0x65, 0xf7,
    0x31, 0xf5, 0x42, 0xf5, 0x43, 0xf5, 0x32, 0xf4, 0x32, 0xf4, 0x33, 0xf4, 0x32, 0xf4, 0x54, 0xf6,
    0x54, 0xf7, 0x32, 0xf4, 0x42, 0xf5, 0x31, 0xf4, 0x32, 0xf4, 0x54, 0xf6, 0x32, 0xf4, 0x32, 0xf5,
    0x65, 0xf7, 0x65, 0xf7, 0x76, 0xf7, 0x65, 0xf7, 0x43, 0xf4, 0x54, 0xf7, 0x32, 0xf4, 0x32, 0xf5,
    0x65, 0xf7, 0x54, 0xf6, 0x53, 0xf7, 0x43, 0xf5, 0x32, 0xf3, 0x43, 0xf5, 0x32, 0xf4, 0x43, 0xf5,
    0x32, 0xf4, 0x42, 0xf4, 0x32, 0xf4, 0x32, 0xf4, 0x54, 0xf6, 0x32, 0xf4, 0x32, 0xf4, 0x21, 0xf3,
    0x54, 0xf6, 0x32, 0xf3, 0x64, 0xf7, 0x43, 0xf5, 0x32, 0xf4, 0x21, 0xf3, 0x33, 0xf4, 0x32, 0xf4,
    0x32, 0xf5, 0x43, 0xf5, 0x32, 0xf4, 0x43, 0xf5, 0x53, 0xf6, 0x65, 0xf8, 0x43, 0xf6, 0x64, 0xf8,
    0x32, 0xf4, 0x32, 0xf4, 0x32, 0xf3, 0x32, 0xf4, 0x32, 0xf4, 0x43, 0xf5, 0x33, 0xf4, 0x33, 0xf4,
    0x53, 0xf7, 0x32, 0xf4, 0x64, 0xf7, 0x54, 0xf6, 0x54, 0xf6, 0x65, 0xf7, 0x32, 0xf4, 0x32, 0xf5,
    0x54, 0xf6, 0x65, 0xf7, 0x54, 0xf6, 0x65, 0xf7, 0x54, 0xf6, 0x42, 0xf5, 0x43, 0xf5, 0x32, 0xf4,
    0x75, 0xf8, 0x76, 0xf8, 0x53, 0xf6, 0x65, 0xf7, 0x76, 0xf7, 0x65, 0xf6, 0x76, 0xf8, 0x54, 0xf6,
    0x42, 0xf5, 0x32, 0xf4, 0x53, 0xf7, 0x42, 0xf6, 0x54, 0xf6, 0x43, 0xf5, 0x32, 0xf5, 0x32, 0xf5,
    0x65, 0xf7, 0x65, 0xf7, 0x65, 0xf7, 0x54, 0xf6, 0x43, 0xf5, 0x32, 0xf3, 0x43, 0xf5, 0x32, 0xf3,
    0x53, 0xf6, 0x65, 0xf7, 0x32, 0xf4, 0x43, 0xf5, 0x43, 0xf5, 0x32, 0xf4, 0x32, 0xf4, 0x32, 0xf5,
    0x32, 0xf4, 0x53, 0xf7, 0x32, 0xf4, 0x53, 0xf6, 0x53, 0xf6, 0x33, 0xf4, 0x53, 0xf7, 0x43, 0xf5,
    0x42, 0xf5, 0x53, 0xf6, 0x53, 0xf7, 0x43, 0xf5, 0x43, 0xf6, 0x43, 0xf6, 0x42, 0xf4, 0x43, 0xf5,
    0x87, 0xf8, 0x65, 0xf7, 0x87, 0xf9, 0x76, 0xf8, 0x54, 0xf5, 0x75, 0xf8, 0x54, 0xf5, 0x65, 0xf6,
    0x65, 0xf7, 0x76, 0xf8, 0x65, 0xf7, 0x77, 0xf8, 0x55, 0xf6, 0x54, 0xf6, 0x65, 0xf7, 0x54, 0xf7,
    0x86, 0xf9, 0x76, 0xf7, 0x65, 0xf7, 0x65, 0xf7, 0x54, 0xf6, 0x43, 0xf5, 0x65, 0xf7, 0x33, 0xf4,
    0x65, 0xf7, 0x54, 0xf6, 0x54, 0xf7, 0x65, 0xf7, 0x76, 0xf8, 0x54, 0xf6, 0x76, 0xf8, 0x54, 0xf5,
    0x76, 0xf8, 0x65, 0xf7, 0x76, 0xf8, 0x64, 0xf7, 0x75, 0xf7, 0x65, 0xf7, 0x65, 0xf7, 0x87, 0xf9,
    0x75, 0xf8, 0x64, 0xf7, 0x54, 0xf6, 0x64, 0xf7, 0x65, 0xf7, 0x65, 0xf7, 0x64, 0xf7, 0x53, 0xf6,
    0x54, 0xf6, 0x76, 0xf8, 0x75, 0xf7, 0x75, 0xf8, 0x76, 0xf8, 0x43, 0xf5, 0x87, 0xf9, 0x54, 0xf6,
    0x53, 0xf6, 0x65, 0xf7, 0x53, 0xf6, 0x43, 0xf5, 0x76, 0xf8, 0x43, 0xf5, 0x43, 0xf6, 0x43, 0xf5,
    0x43, 0xf5, 0x42, 0xf5, 0x53, 0xf6, 0x42, 0xf5, 0x31, 0xf4, 0x32, 0xf4, 0x32, 0xf5, 0x42, 0xf6,
    0x53, 0xf6, 0x42, 0xf5, 0x32, 0xf4, 0x22, 0xf3, 0x43, 0xf6, 0x42, 0xf5, 0x42, 0xf5, 0x43, 0xf6,
    0x32, 0xf4, 0x32, 0xf4, 0x32, 0xf4, 0x42, 0xf5, 0x42, 0xf5, 0x32, 0xf4, 0x43, 0xf5, 0x43, 0xf5,
    0x53, 0xf6, 0x43, 0xf6, 0x64, 0xf7, 0x53, 0xf6, 0x43, 0xf6, 0x43, 0xf6, 0x43, 0xf6, 0x42, 0xf6,
    0x21, 0xf3, 0x21, 0xf3, 0x32, 0xf4, 0x32, 0xf5, 0x31, 0xf4, 0x42, 0xf5, 0x32, 0xf4, 0x32, 0xf4,
    0x43, 0xf5, 0x32, 0xf5, 0x43, 0xf5, 0x43, 0xf5, 0x32, 0xf4, 0x21, 0xf3, 0x32, 0xf5, 0x42, 0xf5,
    0x64, 0xf7, 0x75, 0xf8, 0x53, 0xf6, 0x53, 0xf7, 0x53, 0xf7, 0x42, 0xf5, 0x42, 0xf5, 0x43, 0xf6,
    0x32, 0xf4, 0x43, 0xf6, 0x32, 0xf4, 0x43, 0xf4, 0x43, 0xf5, 0x42, 0xf5, 0x22, 0xf3, 0x53, 0xf6,
    0x43, 0xf5, 0x53, 0xf6, 0x32, 0xf4, 0x42, 0xf5, 0x43, 0xf6, 0x42, 0xf5, 0x42, 0xf5, 0x32, 0xf4,
    0x32, 0xf4, 0x32, 0xf4, 0x42, 0xf6, 0x42, 0xf5, 0x31, 0xf4, 0x31, 0xf3, 0x42, 0xf5, 0x42, 0xf6,
    0x53, 0xf6, 0x42, 0xf5, 0x52, 0xf7, 0x64, 0xf8, 0x43, 0xf6, 0x53, 0xf6, 0x64, 0xf7, 0x32, 0xf5,
    0x53, 0xf6, 0x75, 0xf8, 0x53, 0xf6, 0x75, 0xf9, 0x53, 0xf7, 0x53, 0xf6, 0x54, 0xf6, 0x43, 0xf5,
    0x32, 0xf4, 0x32, 0xf5, 0x43, 0xf4, 0x22, 0xf3, 0x53, 0xf7, 0x42, 0xf6, 0x42, 0xf5, 0x42, 0xf6,
    0x32, 0xf3, 0x32, 0xf4, 0x32, 0xf5, 0x31, 0xf5, 0x42, 0xf5, 0x32, 0xf5, 0x52, 0xf7, 0x53, 0xf7,
    0x53, 0xf6, 0x53, 0xf6, 0x42, 0xf6, 0x42, 0xf5, 0x32, 0xf4, 0x32, 0xf4, 0x43, 0xf6, 0x32, 0xf4,
    0x42, 0xf6, 0x53, 0xf7, 0x53, 0xf7, 0x75, 0xf8, 0x43, 0xf5, 0x32, 0xf4, 0x53, 0xf7, 0x42, 0xf6,
    0x42, 0xf5, 0x43, 0xf6, 0x32, 0xf4, 0x54, 0xf6, 0x64, 0xf8, 0x75, 0xf7, 0x54, 0xf7, 0x53, 0xf6,
    0x32, 0xf4, 0x43, 0xf5, 0x43, 0xf5, 0x43, 0xf5, 0x54, 0xf7, 0x53, 0xf6, 0x75, 0xf8, 0x42, 0xf5,
    0x43, 0xf5, 0x43, 0xf6, 0x32, 0xf4, 0x42, 0xf5, 0x42, 0xf5, 0x53, 0xf7, 0x43, 0xf6, 0x53, 0xf6,
    0x32, 0xf5, 0x43, 0xf6, 0x32, 0xf4, 0x54, 0xf7, 0x43, 0xf6, 0x42, 0xf5, 0x53, 0xf6, 0x43, 0xf6,
    0x32, 0xf4, 0x43, 0xf5, 0x32, 0xf5, 0x64, 0xf7, 0x54, 0xf6, 0x42, 0xf5, 0x54, 0xf7, 0x42, 0xf5,
    0x43, 0xf5, 0x64, 0xf7, 0x53, 0xf6, 0x43, 0xf6, 0x53, 0xf6, 0x42, 0xf6, 0x42, 0xf5, 0x42, 0xf6,
    0x43, 0xf5, 0x43, 0xf6, 0x43, 0xf5, 0x42, 0xf5, 0x54, 0xf7, 0x43, 0xf5, 0x53, 0xf7, 0x43, 0xf6,
    0x32, 0xf4, 0x43, 0xf5, 0x42, 0xf4, 0x43, 0xf5, 0x42, 0xf5, 0x53, 0xf7, 0x43, 0xf5, 0x42, 0xf6,
    0x43, 0xf6, 0x43, 0xf5, 0x43, 0xf5, 0x43, 0xf5, 0x43, 0xf4, 0x43, 0xf5, 0x33, 0xf4, 0x44, 0xf5,
    0x43, 0xf4, 0x33, 0xf4, 0x32, 0xf4, 0x32, 0xf3, 0x32, 0xf4, 0x43, 0xf5, 0x32, 0xf3, 0x32, 0xf4,
    0x33, 0xf4, 0x32, 0xf3, 0x33, 0xf4, 0x21, 0xf3, 0x43, 0xf4, 0x43, 0xf5, 0x43, 0xf5, 0x32, 0xf4,
    0x32, 0xf3, 0x31, 0xf4, 0x43, 0xf6, 0x42, 0xf5, 0x54, 0xf6, 0x54, 0xf6, 0x32, 0xf4, 0x42, 0xf5,
    0x43, 0xf5, 0x43, 0xf5, 0x32, 0xf4, 0x32, 0xf4, 0x32, 0xf3, 0x32, 0xf4, 0x32, 0xf4, 0x32, 0xf4,
    0x32, 0xf5, 0x53, 0xf6, 0x21, 0xf3, 0x54, 0xf7, 0x42, 0xf5, 0x32, 0xf4, 0x53, 0xf6, 0x42, 0xf5,
    0x53, 0xf6, 0x54, 0xf7, 0x53, 0xf6, 0x53, 0xf7, 0x32, 0xf4, 0x65, 0xf7, 0x43, 0xf5, 0x65, 0xf7,
    0x54, 0xf7, 0x75, 0xf8, 0x53, 0xf6, 0x64, 0xf8, 0x54, 0xf7, 0x54, 0xf6, 0x53, 0xf6, 0x43, 0xf5,
    0x32, 0xf4, 0x22, 0xf3, 0x32, 0xf4, 0x32, 0xf4, 0x21, 0xf2, 0x43, 0xf5, 0x32, 0xf4, 0x54, 0xf6,
    0x32, 0xf4, 0x43, 0xf5, 0x32, 0xf4, 0x53, 0xf6, 0x54, 0xf6, 0x54, 0xf6, 0x76, 0xf8, 0x65, 0xf7,
    0x42, 0xf5, 0x32, 0xf4, 0x32, 0xf4, 0x22, 0xf3, 0x43, 0xf5, 0x43, 0xf5, 0x32, 0xf4, 0x32, 0xf3,
    0x32, 0xf4, 0x32, 0xf4, 0x54, 0xf5, 0x32, 0xf4, 0x32, 0xf3, 0x32, 0xf4, 0x33, 0xf4, 0x32, 0xf4,
    0x65, 0xf7, 0x65, 0xf7, 0x65, 0xf7, 0x65, 0xf7, 0x65, 0xf7, 0x54, 0xf6, 0x65, 0xf7, 0x54, 0xf6,
    0x65, 0xf7, 0x76, 0xf7, 0x65, 0xf7, 0x87, 0xf9, 0x65, 0xf6, 0x65, 0xf6, 0x76, 0xf8, 0x43, 0xf5,
    0x65, 0xf6, 0x54, 0xf6, 0x54, 0xf6, 0x54, 0xf6, 0x54, 0xf6, 0x54, 0xf6, 0x43, 0xf5, 0x32, 0xf4,
    0x53, 0xf6, 0x43, 0xf6, 0x32, 0xf4, 0x43, 0xf5, 0x43, 0xf4, 0x21, 0xf2, 0x43, 0xf5, 0x21, 0xf3,
    0x21, 0xf2, 0x32, 0xf4, 0x21, 0xf2, 0x53, 0xf6, 0x54, 0xf6, 0x32, 0xf4, 0x65, 0xf8, 0x32, 0xf4,
    0x32, 0xf4, 0x53, 0xf6, 0x54, 0xf5, 0x44, 0xf5, 0x42, 0xf5, 0x42, 0xf5, 0x43, 0xf5, 0x42, 0xf5,
    0x42, 0xf5, 0x42, 0xf6, 0x32, 0xf4, 0x21, 0xf4, 0x42, 0xf6, 0x31, 0xf4, 0x42, 0xf6, 0x42, 0xf5,
    0x32, 0xf3, 0x43, 0xf4, 0x21, 0xf3, 0x42, 0xf5, 0x42, 0xf5, 0x42, 0xf6, 0x53, 0xf7, 0x53, 0xf7,
    0x76, 0xf7, 0x65, 0xf6, 0x76, 0xf8, 0x76, 0xf8, 0x54, 0xf6, 0x43, 0xf5, 0x76, 0xf8, 0x44, 0xf5,
    0x76, 0xf7, 0x65, 0xf7, 0x65, 0xf6, 0x65, 0xf6, 0x65, 0xf6, 0x54, 0xf5, 0x65, 0xf6, 0x65, 0xf7,
    0x42, 0xf5, 0x42, 0xf6, 0x43, 0xf5, 0x53, 0xf6, 0x53, 0xf7, 0x63, 0xf7, 0x43, 0xf6, 0x32, 0xf5,
    0x55, 0xf6, 0x54, 0xf6, 0x65, 0xf7, 0x54, 0xf5, 0x32, 0xf3, 0x21, 0xf3, 0x22, 0xf3, 0x32, 0xf4,
    0x54, 0xf6, 0x54, 0xf6, 0x42, 0xf5, 0x32, 0xf4, 0x53, 0xf6, 0x32, 0xf4, 0x32, 0xf4, 0x32, 0xf4,
    0x42, 0xf5, 0x43, 0xf5, 0x42, 0xf5, 0x21, 0xf4, 0x43, 0xf6, 0x21, 0xf4, 0x54, 0xf6, 0x53, 0xf6,
    0x32, 0xf3, 0x32, 0xf4, 0x32, 0xf4, 0x32, 0xf3, 0x42, 0xf5, 0x32, 0xf4, 0x43, 0xf6, 0x54, 0xf7,
    0x53, 0xf7, 0x42, 0xf5, 0x31, 0xf5, 0x32, 0xf4, 0x43, 0xf5, 0x65, 0xf7, 0x65, 0xf7, 0x54, 0xf6,
    0x43, 0xf6, 0x21, 0xf3, 0x32, 0xf4, 0x32, 0xf4, 0x43, 0xf4, 0x43, 0xf5, 0x32, 0xf4, 0x53, 0xf6,
    0x32, 0xf4, 0x43, 0xf5, 0x43, 0xf5, 0x43, 0xf5, 0x43, 0xf5, 0x64, 0xf8, 0x42, 0xf5, 0x53, 0xf6,
    0x21, 0xf3, 0x32, 0xf4, 0x42, 0xf6, 0x42, 0xf5, 0x54, 0xf6, 0x65, 0xf6, 0x65, 0xf6, 0x65, 0xf6,
    0x53, 0xf6, 0x32, 0xf5, 0x65, 0xf8, 0x42, 0xf5, 0x53, 0xf6, 0x65, 0xf6, 0x42, 0xf6, 0x54, 0xf6,
    0x42, 0xf5, 0x53, 0xf7, 0x31, 0xf3, 0x64, 0xf8, 0x53, 0xf6, 0x64, 0xf7, 0x64, 0xf7, 0x42, 0xf6,
    0x32, 0xf4, 0x64, 0xf8, 0x43, 0xf5, 0x75, 0xf9, 0x75, 0xf9, 0x75, 0xf8, 0x75, 0xf8, 0x86, 0xf9,
    0x64, 0xf8, 0x75, 0xf8, 0x64, 0xf7, 0x75, 0xf8, 0x53, 0xf7, 0x52, 0xf7, 0x64, 0xf7, 0x53, 0xf7,
    0x64, 0xf7, 0x64, 0xf7, 0x75, 0xf8, 0x76, 0xf8, 0x54, 0xf7, 0x42, 0xf6, 0x64, 0xf7, 0x53, 0xf6,
    0x75, 0xf8, 0x53, 0xf7, 0x42, 0xf5, 0x42, 0xf5, 0x64, 0xf8, 0x64, 0xf8, 0x64, 0xf8, 0x53, 0xf7,
    0x53, 0xf6, 0x43, 0xf5, 0x43, 0xf5, 0x43, 0xf5, 0x32, 0xf4, 0x32, 0xf4, 0x32, 0xf4, 0x32, 0xf4,
    0x53, 0xf7, 0x64, 0xf7, 0x64, 0xf8, 0x64, 0xf8, 0x65, 0xf8, 0x75, 0xf8, 0x75, 0xf9, 0x65, 0xf8,
    0x64, 0xf7, 0x75, 0xf9, 0x42, 0xf5, 0x53, 0xf6, 0x53, 0xf7, 0x32, 0xf5, 0x32, 0xf5, 0x42, 0xf5,
    0x42, 0xf6, 0x42, 0xf5, 0x42, 0xf6, 0x42, 0xf6, 0x32, 0xf4, 0x43, 0xf6, 0x53, 0xf6, 0x43, 0xf6,
    0x32, 0xf4, 0x32, 0xf5, 0x42, 0xf5, 0x42, 0xf5, 0x42, 0xf5, 0x53, 0xf6, 0x43, 0xf5, 0x43, 0xf5,
    0x53, 0xf6, 0x32, 0xf4, 0x43, 0xf6, 0x43, 0xf5, 0x33, 0xf4, 0x43, 0xf6, 0x54, 0xf6, 0x32, 0xf4,
    0x54, 0xf7, 0x43, 0xf5, 0x43, 0xf5, 0x32, 0xf4, 0x43, 0xf5, 0x32, 0xf4, 0x32, 0xf4, 0x32, 0xf4,
    0x64, 0xf7, 0x42, 0xf6, 0x64, 0xf8, 0x43, 0xf6, 0x64, 0xf8, 0x43, 0xf5, 0x64, 0xf8, 0x54, 0xf6,
    0x42, 0xf6, 0x43, 0xf6, 0x42, 0xf5, 0x42, 0xf5, 0x43, 0xf6, 0x43, 0xf5, 0x53, 0xf6, 0x43, 0xf6,
    0x32, 0xf4, 0x32, 0xf4, 0x43, 0xf5, 0x43, 0xf5, 0x43, 0xf5, 0x42, 0xf5, 0x32, 0xf4, 0x43, 0xf5,
    0x43, 0xf5, 0x53, 0xf6, 0x43, 0xf5, 0x43, 0xf6, 0x33, 0xf4, 0x43, 0xf5, 0x42, 0xf5, 0x32, 0xf4,
    0x32, 0xf4, 0x43, 0xf6, 0x65, 0xf7, 0x54, 0xf6, 0x21, 0xf3, 0x42, 0xf5, 0x32, 0xf3, 0x32, 0xf4,
    0x54, 0xf6, 0x43, 0xf5, 0x43, 0xf5, 0x43, 0xf5, 0x33, 0xf4, 0x32, 0xf4, 0x54, 0xf5, 0x32, 0xf4,
    0x75, 0xf8, 0x32, 0xf5, 0x53, 0xf6, 0x42, 0xf5, 0x31, 0xf5, 0x54, 0xf7, 0x32, 0xf4, 0x54, 0xf6,
    0x21, 0xf3, 0x42, 0xf5, 0x32, 0xf4, 0x54, 0xf7, 0x54, 0xf6, 0x64, 0xf7, 0x86, 0xf9, 0x64, 0xf7,
    0x54, 0xf6, 0x54, 0xf6, 0x54, 0xf5, 0x54, 0xf5, 0x76, 0xf7, 0x55, 0xf6, 0x76, 0xf8, 0x55, 0xf6,
    0x44, 0xf5, 0x43, 0xf4, 0x54, 0xf6, 0x54, 0xf5, 0x55, 0xf6, 0x65, 0xf6, 0x55, 0xf6, 0x44, 0xf5,
    0x32, 0xf3, 0x32, 0xf4, 0x32, 0xf4, 0x31, 0xf4, 0x64, 0xf7, 0x53, 0xf6, 0x32, 0xf5, 0x32, 0xf4,
    0x43, 0xf4, 0x21, 0xf3, 0x32, 0xf3, 0x53, 0xf6, 0x32, 0xf4, 0x43, 0xf5, 0x32, 0xf4, 0x32, 0xf4,
    0x54, 0xf6, 0x42, 0xf5, 0x54, 0xf6, 0x32, 0xf5, 0x53, 0xf7, 0x53, 0xf6, 0x64, 0xf7, 0x75, 0xf8,
    0x53, 0xf6, 0x32, 0xf4, 0x43, 0xf5, 0x43, 0xf5, 0x43, 0xf6, 0x54, 0xf7, 0x43, 0xf6, 0x43, 0xf6,
    0x53, 0xf6, 0x54, 0xf6, 0x54, 0xf6, 0x54, 0xf6, 0x43, 0xf5, 0x43, 0xf4, 0x43, 0xf5, 0x33, 0xf4,
    0x54, 0xf7, 0x54, 0xf7, 0x53, 0xf7, 0x53, 0xf7, 0x43, 0xf5, 0x43, 0xf5, 0x43, 0xf6, 0x43, 0xf5,
    0x43, 0xf5, 0x54, 0xf6, 0x43, 0xf5, 0x43, 0xf6, 0x64, 0xf8, 0x43, 0xf6, 0x54, 0xf7, 0x53, 0xf6,
    0x43, 0xf5, 0x43, 0xf6, 0x42, 0xf5, 0x32, 0xf4, 0x43, 0xf5, 0x43, 0xf5, 0x42, 0xf5, 0x43, 0xf5,
    0x43, 0xf6, 0x53, 0xf6, 0x53, 0xf6, 0x53, 0xf6, 0x43, 0xf6, 0x43, 0xf6, 0x43, 0xf6, 0x42, 0xf5,
    0x54, 0xf6, 0x43, 0xf6, 0x53, 0xf7, 0x43, 0xf5, 0x43, 0xf5, 0x43, 0xf5, 0x43, 0xf5, 0x43, 0xf6,
    0x32, 0xf4, 0x32, 0xf3, 0x65, 0xf7, 0x32, 0xf4, 0x43, 0xf5, 0x53, 0xf6, 0x32, 0xf5, 0x53, 0xf6,
    0x65, 0xf7, 0x43, 0xf5, 0x54, 0xf6, 0x43, 0xf5, 0x32, 0xf5, 0x43, 0xf6, 0x43, 0xf5, 0x54, 0xf6,
    0x54, 0xf7, 0x43, 0xf6, 0x54, 0xf6, 0x53, 0xf6, 0x64, 0xf7, 0x65, 0xf8, 0x42, 0xf5, 0x53, 0xf6,
    0x43, 0xf6, 0x43, 0xf5, 0x42, 0xf5, 0x43, 0xf5, 0x32, 0xf5, 0x53, 0xf6, 0x43, 0xf5, 0x32, 0xf4,
    0x43, 0xf5, 0x54, 0xf6, 0x54, 0xf6, 0x43, 0xf5, 0x43, 0xf5, 0x43, 0xf5, 0x43, 0xf5, 0x43, 0xf5,
    0x43, 0xf5, 0x43, 0xf5, 0x43, 0xf5, 0x32, 0xf4, 0x43, 0xf5, 0x53, 0xf6, 0x43, 0xf5, 0x43, 0xf6,
    0x53, 0xf6, 0x53, 0xf6, 0x43, 0xf6, 0x43, 0xf5, 0x53, 0xf6, 0x43, 0xf5, 0x42, 0xf5, 0x53, 0xf6,
    0x43, 0xf6, 0x43, 0xf5, 0x43, 0xf5, 0x42, 0xf5, 0x43, 0xf5, 0x43, 0xf6, 0x43, 0xf5, 0x42, 0xf5,
    0x54, 0xf6, 0x21, 0xf3, 0x75, 0xf8, 0x43, 0xf5, 0x42, 0xf5, 0x32, 0xf5, 0x43, 0xf6, 0x42, 0xf5,
    0x64, 0xf7, 0x54, 0xf7, 0x54, 0xf7, 0x53, 0xf7, 0x54, 0xf7, 0x53, 0xf6, 0x43, 0xf6, 0x42, 0xf5,
    0x53, 0xf6, 0x54, 0xf6, 0x43, 0xf5, 0x43, 0xf5, 0x43, 0xf5, 0x54, 0xf6, 0x43, 0xf5, 0x54, 0xf6,
    0x43, 0xf6, 0x53, 0xf6, 0x43, 0xf6, 0x53, 0xf7, 0x42, 0xf5, 0x43, 0xf4, 0x63, 0xf7, 0x43, 0xf5,
    0x43, 0xf6, 0x43, 0xf6, 0x42, 0xf5, 0x43, 0xf5, 0x53, 0xf7, 0x53, 0xf6, 0x64, 0xf7, 0x64, 0xf7,
    0x53, 0xf6, 0x42, 0xf5, 0x43, 0xf6, 0x43, 0xf6, 0x43, 0xf5, 0x53, 0xf6, 0x43, 0xf6, 0x43, 0xf5,
    0x42, 0xf5, 0x54, 0xf7, 0x53, 0xf6, 0x54, 0xf7, 0x53, 0xf6, 0x43, 0xf5, 0x53, 0xf6, 0x53, 0xf6,
    0x53, 0xf7, 0x53, 0xf6, 0x64, 0xf7, 0x43, 0xf5, 0x64, 0xf7, 0x65, 0xf8, 0x43, 0xf5, 0x43, 0xf5,
    0x53, 0xf6, 0x32, 0xf4, 0x32, 0xf4, 0x42, 0xf5, 0x32, 0xf5, 0x42, 0xf5, 0x42, 0xf6, 0x42, 0xf6,
    0x42, 0xf5, 0x64, 0xf8, 0x75, 0xf9, 0x53, 0xf7, 0x86, 0xf9, 0x64, 0xf8, 0x64, 0xf7, 0x53, 0xf7,
    0x21, 0xf3, 0x32, 0xf4, 0x53, 0xf7, 0x53, 0xf6, 0x43, 0xf5, 0x32, 0xf5, 0x42, 0xf5, 0x32, 0xf5,
    0x64, 0xf8, 0x43, 0xf6, 0x63, 0xf8, 0x53, 0xf6, 0x21, 0xf3, 0x32, 0xf4, 0x31, 0xf4, 0x42, 0xf5,
    0x74, 0xf9, 0x64, 0xf8, 0x64, 0xf8, 0x53, 0xf7, 0x42, 0xf6, 0x52, 0xf7, 0x53, 0xf7, 0x42, 0xf7,
    0x42, 0xf6, 0x74, 0xf8, 0x54, 0xf6, 0x32, 0xf4, 0x85, 0xfa, 0x75, 0xf9, 0x54, 0xf6, 0x86, 0xfa,
    0x53, 0xf7, 0x63, 0xf7, 0x42, 0xf6, 0x42, 0xf6, 0x64, 0xf8, 0x53, 0xf7, 0x87, 0xf9, 0x65, 0xf8,
    0x52, 0xf6, 0x31, 0xf4, 0x64, 0xf8, 0x32, 0xf5, 0x43, 0xf5, 0x43, 0xf5, 0x43, 0xf6, 0x32, 0xf5,
    0x43, 0xf6, 0x43, 0xf5, 0x42, 0xf5, 0x42, 0xf5, 0x42, 0xf5, 0x54, 0xf6, 0x42, 0xf5, 0x42, 0xf6,
    0x32, 0xf4, 0x42, 0xf5, 0x53, 0xf6, 0x64, 0xf7, 0x42, 0xf5, 0x42, 0xf6, 0x64, 0xf7, 0x42, 0xf6,
    0x53, 0xf7, 0x32, 0xf5, 0x42, 0xf6, 0x42, 0xf6, 0x54, 0xf6, 0x54, 0xf7, 0x43, 0xf6, 0x54, 0xf6,
    0x42, 0xf6, 0x42, 0xf6, 0x42, 0xf6, 0x42, 0xf6, 0x42, 0xf5, 0x43, 0xf5, 0x42, 0xf5, 0x43, 0xf5,
    0x53, 0xf7, 0x53, 0xf8, 0x42, 0xf5, 0x42, 0xf6, 0x64, 0xf8, 0x32, 0xf5, 0x53, 0xf7, 0x42, 0xf5,
    0x54, 0xf6, 0x43, 0xf6, 0x43, 0xf5, 0x42, 0xf5, 0x42, 0xf5, 0x32, 0xf4, 0x42, 0xf5, 0x32, 0xf4,
    0x42, 0xf6, 0x42, 0xf6, 0x42, 0xf6, 0x42, 0xf6, 0x32, 0xf5, 0x54, 0xf6, 0x42, 0xf6, 0x65, 0xf7,
    0x32, 0xf4, 0x32, 0xf4, 0x32, 0xf4, 0x32, 0xf4, 0x43, 0xf5, 0x43, 0xf5, 0x43, 0xf6, 0x32, 0xf5,
    0x64, 0xf7, 0x54, 0xf6, 0x43, 0xf5, 0x43, 0xf5, 0x53, 0xf6, 0x53, 0xf6, 0x53, 0xf6, 0x43, 0xf5,
    0x43, 0xf5, 0x43, 0xf5, 0x42, 0xf5, 0x54, 0xf6, 0x43, 0xf5, 0x43, 0xf5, 0x43, 0xf5, 0x43, 0xf5,
    0x43, 0xf6, 0x64, 0xf7, 0x43, 0xf6, 0x53, 0xf6, 0x54, 0xf6, 0x43, 0xf6, 0x43, 0xf5, 0x53, 0xf6,
    0x43, 0xf5, 0x43, 0xf5, 0x43, 0xf5, 0x43, 0xf5, 0x43, 0xf5, 0x53, 0xf7, 0x43, 0xf6, 0x53, 0xf6,
    0x43, 0xf6, 0x64, 0xf7, 0x42, 0xf5, 0x65, 0xf8, 0x42, 0xf4, 0x43, 0xf5, 0x32, 0xf5, 0x43, 0xf6,
    0x43, 0xf5, 0x42, 0xf5, 0x53, 0xf7, 0x42, 0xf5, 0x42, 0xf5, 0x32, 0xf5, 0x32, 0xf4, 0x44, 0xf5,
    0x43, 0xf6, 0x64, 0xf7, 0x53, 0xf6, 0x64, 0xf8, 0x53, 0xf7, 0x42, 0xf5, 0x43, 0xf6, 0x21, 0xf4,
    0x43, 0xf5, 0x54, 0xf6, 0x66, 0xf7, 0x55, 0xf6, 0x32, 0xf4, 0x21, 0xf3, 0x32, 0xf4, 0x32, 0xf4,
    0x54, 0xf7, 0x53, 0xf7, 0x75, 0xf8, 0x53, 0xf7, 0x53, 0xf7, 0x42, 0xf5, 0x42, 0xf5, 0x32, 0xf3,
    0x53, 0xf6, 0x53, 0xf7, 0x42, 0xf5, 0x42, 0xf5, 0x32, 0xf5, 0x32, 0xf3, 0x32, 0xf4, 0x43, 0xf4,
    0x54, 0xf6, 0x43, 0xf4, 0x32, 0xf3, 0x43, 0xf5, 0x32, 0xf4, 0x32, 0xf4, 0x53, 0xf6, 0x42, 0xf6,
    0x42, 0xf5, 0x64, 0xf8, 0x53, 0xf6, 0x53, 0xf7, 0x31, 0xf5, 0x53, 0xf6, 0x31, 0xf4, 0x43, 0xf6,
    0x32, 0xf4, 0x32, 0xf3, 0x32, 0xf4, 0x53, 0xf6, 0x32, 0xf5, 0x63, 0xf7, 0x53, 0xf7, 0x53, 0xf6,
    0x42, 0xf5, 0x53, 0xf7, 0x42, 0xf5, 0x42, 0xf6, 0x53, 0xf7, 0x32, 0xf5, 0x64, 0xf8, 0x31, 0xf4,
    0x53, 0xf7, 0x53, 0xf6, 0x42, 0xf6, 0x53, 0xf6, 0x32, 0xf4, 0x42, 0xf5, 0x64, 0xf7, 0x53, 0xf7,
    0x43, 0xf5, 0x64, 0xf7, 0x53, 0xf6, 0x64, 0xf7, 0x54, 0xf7, 0x64, 0xf8, 0x53, 0xf7, 0x64, 0xf8,
    0x64, 0xf7, 0x43, 0xf5, 0x65, 0xf7, 0x54, 0xf5, 0x65, 0xf6, 0x76, 0xf8, 0x54, 0xf6, 0x66, 0xf7,
    0x65, 0xf7, 0x76, 0xf7, 0x54, 0xf5, 0x76, 0xf7, 0x65, 0xf6, 0x55, 0xf6, 0x76, 0xf8, 0x65, 0xf6,
    0x65, 0xf6, 0x55, 0xf6, 0x66, 0xf7, 0x65, 0xf7, 0x55, 0xf6, 0x65, 0xf6, 0x65, 0xf7, 0x65, 0xf7,
    0x76, 0xf7, 0x76, 0xf7, 0x76, 0xf7, 0x76, 0xf7, 0x65, 0xf6, 0x54, 0xf5, 0x65, 0xf6, 0x44, 0xf5,
    0x54, 0xf5, 0x76, 0xf7, 0x54, 0xf5, 0x76, 0xf7, 0x76, 0xf7, 0x55, 0xf6, 0x66, 0xf7, 0x65, 0xf6,
    0x43, 0xf4, 0x44, 0xf5, 0x43, 0xf4, 0x44, 0xf5, 0x55, 0xf6, 0x65, 0xf7, 0x43, 0xf4, 0x55, 0xf6,
    0x65, 0xf6, 0x65, 0xf6, 0x65, 0xf7, 0x65, 0xf6, 0x76, 0xf7, 0x43, 0xf4, 0x44, 0xf5, 0x32, 0xf3,
    0x65, 0xf6, 0x55, 0xf6, 0x55, 0xf6, 0x55, 0xf6, 0x43, 0xf4, 0x32, 0xf4, 0x32, 0xf3, 0x32, 0xf4,
    0x54, 0xf6, 0x32, 0xf4, 0x44, 0xf5, 0x21, 0xf3, 0x43, 0xf6, 0x42, 0xf5, 0x42, 0xf6, 0x42, 0xf5,
    0x43, 0xf4, 0x32, 0xf4, 0x32, 0xf3, 0x21, 0xf3, 0x21, 0xf4, 0x32, 0xf5, 0x32, 0xf4, 0x53, 0xf7,
    0x42, 0xf6, 0x64, 0xf8, 0x42, 0xf6, 0x43, 0xf6, 0x53, 0xf7, 0x43, 0xf5, 0x42, 0xf5, 0x42, 0xf4,
    0x32, 0xf5, 0x32, 0xf5, 0x53, 0xf7, 0x42, 0xf6, 0x43, 0xf6, 0x43, 0xf5, 0x32, 0xf5, 0x32, 0xf5,
    0x32, 0xf4, 0x32, 0xf4, 0x43, 0xf6, 0x64, 0xf8, 0x42, 0xf5, 0x53, 0xf7, 0x42, 0xf6, 0x53, 0xf6,
    0x32, 0xf4, 0x53, 0xf7, 0x32, 0xf5, 0x42, 0xf6, 0x53, 0xf6, 0x53, 0xf6, 0x43, 0xf6, 0x53, 0xf6,
    0x63, 0xf7, 0x53, 0xf7, 0x54, 0xf7, 0x74, 0xf8, 0x42, 0xf6, 0x32, 0xf4, 0x53, 0xf7, 0x32, 0xf4,
    0x54, 0xf7, 0x53, 0xf7, 0x64, 0xf8, 0x32, 0xf4, 0x63, 0xf7, 0x32, 0xf4, 0x21, 0xf3, 0x32, 0xf4,
    0x75, 0xf8, 0x32, 0xf5, 0x42, 0xf6, 0x42, 0xf5, 0x42, 0xf5, 0x42, 0xf5, 0x42, 0xf6, 0x42, 0xf6,
    0x63, 0xf7, 0x75, 0xf8, 0x53, 0xf7, 0x64, 0xf8, 0x64, 0xf8, 0x53, 0xf7, 0x64, 0xf8, 0x53, 0xf7,
    0x42, 0xf6, 0x53, 0xf7, 0x53, 0xf7, 0x74, 0xf8, 0x75, 0xf8, 0x75, 0xf9, 0x75, 0xf9, 0x75, 0xf9,
    0x64, 0xf8, 0x64, 0xf7, 0x75, 0xf9, 0x75, 0xf9, 0x64, 0xf8, 0x53, 0xf7, 0x53, 0xf7, 0x42, 0xf6,
    0x74, 0xf8, 0x63, 0xf7, 0x74, 0xf8, 0x75, 0xf9, 0x53, 0xf7, 0x52, 0xf7, 0x75, 0xf9, 0x64, 0xf8,
    0x75, 0xf9, 0x85, 0xf9, 0x75, 0xf9, 0x86, 0xfa, 0x74, 0xf9, 0x64, 0xf8, 0x64, 0xf8, 0x64, 0xf8,
    0x75, 0xf9, 0x75, 0xf9, 0x85, 0xf9, 0x63, 0xf8, 0x42, 0xf6, 0x42, 0xf6, 0x42, 0xf6, 0x64, 0xf8,
    0x75, 0xf8, 0x64, 0xf7, 0x64, 0xf8, 0x53, 0xf7, 0x53, 0xf7, 0x63, 0xf8, 0x64, 0xf7, 0x63, 0xf8,
    0x32, 0xf5, 0x32, 0xf5, 0x53, 0xf6, 0x42, 0xf6, 0x42, 0xf5, 0x32, 0xf4, 0x53, 0xf6, 0x32, 0xf4,
    0x32, 0xf5, 0x42, 0xf5, 0x42, 0xf5, 0x42, 0xf5, 0x32, 0xf5, 0x32, 0xf4, 0x32, 0xf4, 0x54, 0xf5,
    0x32, 0xf4, 0x42, 0xf5, 0x42, 0xf5, 0x43, 0xf6, 0x43, 0xf5, 0x43, 0xf5, 0x43, 0xf5, 0x44, 0xf5,
    0x53, 0xf6, 0x53, 0xf6, 0x43, 0xf5, 0x42, 0xf5, 0x43, 0xf5, 0x43, 0xf5, 0x43, 0xf5, 0x43, 0xf5,
    0x43, 0xf6, 0x31, 0xf4, 0x53, 0xf6, 0x31, 0xf4, 0x32, 0xf4, 0x43, 0xf4, 0x31, 0xf4, 0x21, 0xf3,
    0x64, 0xf8, 0x32, 0xf4, 0x86, 0xf9, 0x43, 0xf5, 0x21, 0xf3, 0x32, 0xf4, 0x10, 0xf1, 0x21, 0xf3,
    0x32, 0xf4, 0x32, 0xf4, 0x32, 0xf4, 0x43, 0xf5, 0x43, 0xf5, 0x43, 0xf5, 0x55, 0xf6, 0x55, 0xf6,
    0x32, 0xf4, 0x42, 0xf5, 0x31, 0xf5, 0x42, 0xf6, 0x54, 0xf6, 0x43, 0xf4, 0x53, 0xf7, 0x32, 0xf4,
    0x74, 0xf9, 0x64, 0xf8, 0x74, 0xf8, 0x74, 0xf9, 0x53, 0xf7, 0x63, 0xf8, 0x74, 0xf9, 0x63, 0xf8,
    0x85, 0xf9, 0x86, 0xfa, 0x75, 0xf8, 0x86, 0xf9, 0x85, 0xf9, 0x53, 0xf7, 0x74, 0xf8, 0x53, 0xf7,
    0x63, 0xf8, 0x63, 0xf8, 0x53, 0xf7, 0x64, 0xf8, 0x74, 0xf8, 0x63, 0xf7, 0x75, 0xf9, 0x53, 0xf7,
    0x53, 0xf7, 0x74, 0xf9, 0x63, 0xf8, 0x63, 0xf8, 0x75, 0xf9, 0x53, 0xf7, 0x63, 0xf8, 0x53, 0xf7,
    0x64, 0xf8, 0x75, 0xf8, 0x43, 0xf6, 0x53, 0xf6, 0x74, 0xf8, 0x63, 0xf8, 0x53, 0xf7, 0x63, 0xf8,
    0x43, 0xf5, 0x43, 0xf5, 0x32, 0xf4, 0x64, 0xf7, 0x53, 0xf6, 0x32, 0xf5, 0x54, 0xf6, 0x21, 0xf3,
    0x53, 0xf7, 0x64, 0xf8, 0x63, 0xf7, 0x42, 0xf6, 0x53, 0xf6, 0x31, 0xf5, 0x31, 0xf4, 0x31, 0xf4,
    0x42, 0xf5, 0x32, 0xf5, 0x32, 0xf4, 0x32, 0xf5, 0x32, 0xf4, 0x32, 0xf4, 0x43, 0xf5, 0x32, 0xf4,
    0x63, 0xf8, 0x43, 0xf6, 0x63, 0xf7, 0x53, 0xf6, 0x21, 0xf3, 0x32, 0xf5, 0x21, 0xf2, 0x32, 0xf4,
    0x53, 0xf7, 0x32, 0xf4, 0x21, 0xf3, 0x32, 0xf4, 0x43, 0xf5, 0x53, 0xf6, 0x54, 0xf7, 0x54, 0xf6,
    0x42, 0xf5, 0x42, 0xf6, 0x42, 0xf5, 0x42, 0xf5, 0x53, 0xf7, 0x53, 0xf7, 0x43, 0xf6, 0x43, 0xf6,
    0x53, 0xf6, 0x42, 0xf6, 0x32, 0xf4, 0x42, 0xf5, 0x42, 0xf5, 0x32, 0xf4, 0x43, 0xf5, 0x42, 0xf4,
    0x53, 0xf6, 0x64, 0xf7, 0x64, 0xf7, 0x43, 0xf6, 0x32, 0xf5, 0x32, 0xf4, 0x53, 0xf6, 0x65, 0xf7,
    0x32, 0xf4, 0x43, 0xf5, 0x43, 0xf4, 0x64, 0xf7, 0x65, 0xf7, 0x65, 0xf7, 0x54, 0xf6, 0x64, 0xf6,
    0x43, 0xf5, 0x42, 0xf5, 0x32, 0xf4, 0x32, 0xf4, 0x21, 0xf3, 0x32, 0xf4, 0x43, 0xf5, 0x43, 0xf5,
    0x54, 0xf6, 0x32, 0xf4, 0x65, 0xf7, 0x43, 0xf5, 0x53, 0xf6, 0x32, 0xf4, 0x43, 0xf6, 0x42, 0xf5,
    0x32, 0xf3, 0x32, 0xf4, 0x32, 0xf4, 0x32, 0xf5, 0x43, 0xf4, 0x54, 0xf5, 0x42, 0xf5, 0x54, 0xf5,
    0x43, 0xf4, 0x43, 0xf5, 0x22, 0xf3, 0x21, 0xf3, 0x53, 0xf7, 0x54, 0xf6, 0x43, 0xf5, 0x55, 0xf6,
    0x65, 0xf6, 0x43, 0xf5, 0x54, 0xf6, 0x32, 0xf3, 0x32, 0xf4, 0x32, 0xf5, 0x32, 0xf4, 0x31, 0xf4,
    0x43, 0xf5, 0x42, 0xf5, 0x43, 0xf5, 0x43, 0xf5, 0x42, 0xf5, 0x43, 0xf5, 0x53, 0xf6, 0x75, 0xf8,
    0x43, 0xf5, 0x32, 0xf3, 0x44, 0xf5, 0x33, 0xf4, 0x32, 0xf4, 0x54, 0xf6, 0x42, 0xf5, 0x64, 0xf8,
    0x43, 0xf4, 0x32, 0xf3, 0x43, 0xf5, 0x32, 0xf4, 0x42, 0xf6, 0x64, 0xf8, 0x32, 0xf5, 0x43, 0xf6,
    0x32, 0xf4, 0x43, 0xf5, 0x64, 0xf7, 0x43, 0xf5, 0x53, 0xf6, 0x65, 0xf8, 0x32, 0xf4, 0x43, 0xf5,
    0x54, 0xf7, 0x43, 0xf5, 0x43, 0xf6, 0x42, 0xf5, 0x43, 0xf4, 0x32, 0xf3, 0x32, 0xf4, 0x32, 0xf4,
    0x53, 0xf6, 0x53, 0xf6, 0x76, 0xf8, 0x64, 0xf6, 0x32, 0xf5, 0x53, 0xf7, 0x53, 0xf6, 0x63, 0xf7,
    0x43, 0xf5, 0x64, 0xf7, 0x43, 0xf5, 0x64, 0xf7, 0x75, 0xf8, 0x42, 0xf6, 0x32, 0xf5, 0x32, 0xf5,
    0x64, 0xf8, 0x32, 0xf4, 0x42, 0xf6, 0x21, 0xf3, 0x21, 0xf3, 0x32, 0xf4, 0x21, 0xf3, 0x32, 0xf4,
    0x54, 0xf7, 0x32, 0xf4, 0x75, 0xf9, 0x76, 0xf9, 0x21, 0xf3, 0x42, 0xf5, 0x53, 0xf6, 0x42, 0xf6,
    0x64, 0xf7, 0x32, 0xf5, 0x54, 0xf6, 0x53, 0xf6, 0x42, 0xf5, 0x42, 0xf5, 0x64, 0xf7, 0x64, 0xf7,
    0x32, 0xf4, 0x53, 0xf6, 0x43, 0xf5, 0x54, 0xf6, 0x76, 0xf9, 0x75, 0xf8, 0x86, 0xf9, 0x75, 0xf8,
    0x75, 0xf9, 0x97, 0xfa, 0x64, 0xf8, 0x75, 0xf8, 0x86, 0xfa, 0x64, 0xf7, 0x75, 0xf9, 0x75, 0xf8,
    0x75, 0xf8, 0x54, 0xf7, 0x75, 0xf8, 0x54, 0xf7, 0x64, 0xf8, 0x64, 0xf7, 0x64, 0xf8, 0x75, 0xf9,
    0x52, 0xf7, 0x32, 0xf5, 0x53, 0xf6, 0x43, 0xf6, 0x21, 0xf2, 0x21, 0xf3, 0x42, 0xf5, 0x32, 0xf5,
    0x43, 0xf5, 0x53, 0xf6, 0x43, 0xf5, 0x32, 0xf5, 0x42, 0xf6, 0x42, 0xf6, 0x64, 0xf8, 0x64, 0xf7,
    0x32, 0xf4, 0x32, 0xf4, 0x43, 0xf5, 0x32, 0xf4, 0x53, 0xf6, 0x43, 0xf5, 0x42, 0xf5, 0x42, 0xf5,
    0x43, 0xf5, 0x43, 0xf6, 0x42, 0xf5, 0x42, 0xf6, 0x32, 0xf4, 0x32, 0xf4, 0x32, 0xf4, 0x43, 0xf4,
    0x32, 0xf4, 0x32, 0xf4, 0x32, 0xf4, 0x32, 0xf4, 0x64, 0xf7, 0x42, 0xf5, 0x32, 0xf5, 0x42, 0xf5,
    0x31, 0xf4, 0x42, 0xf6, 0x42, 0xf5, 0x43, 0xf6, 0x42, 0xf5, 0x53, 0xf6, 0x53, 0xf6, 0x53, 0xf6,
    0x63, 0xf7, 0x53, 0xf7, 0x53, 0xf7, 0x53, 0xf6, 0x32, 0xf4, 0x54, 0xf6, 0x53, 0xf7, 0x42, 0xf5,
    0x32, 0xf5, 0x53, 0xf6, 0x64, 0xf7, 0x54, 0xf6, 0x53, 0xf7, 0x32, 0xf5, 0x53, 0xf6, 0x65, 0xf8,
    0x53, 0xf6, 0x64, 0xf8, 0x52, 0xf7, 0x42, 0xf5, 0x53, 0xf7, 0x64, 0xf7, 0x42, 0xf5, 0x42, 0xf5,
    0x42, 0xf6, 0x42, 0xf5, 0x53, 0xf6, 0x53, 0xf7, 0x42, 0xf5, 0x42, 0xf5, 0x42, 0xf5, 0x43, 0xf5,
    0x64, 0xf8, 0x75, 0xf8, 0x53, 0xf6, 0x64, 0xf8, 0x75, 0xf9, 0x64, 0xf8, 0x86, 0xf9, 0x75, 0xf9,
    0x42, 0xf5, 0x53, 0xf7, 0x53, 0xf6, 0x53, 0xf7, 0x75, 0xf9, 0x64, 0xf7, 0x53, 0xf6, 0x31, 0xf4,
    0x64, 0xf7, 0x31, 0xf5, 0x42, 0xf5, 0x53, 0xf6, 0x42, 0xf6, 0x65, 0xf7, 0x53, 0xf7, 0x43, 0xf6,
    0x43, 0xf5, 0x75, 0xf8, 0x75, 0xf8, 0x65, 0xf7, 0x64, 0xf8, 0x32, 0xf5, 0x75, 0xf8, 0x42, 0xf5,
    0x43, 0xf5, 0x32, 0xf4, 0x42, 0xf5, 0x42, 0xf5, 0x32, 0xf4, 0x42, 0xf5, 0x42, 0xf6, 0x53, 0xf7,
    0x42, 0xf5, 0x64, 0xf7, 0x31, 0xf4, 0x64, 0xf7, 0x53, 0xf6, 0x64, 0xf7, 0x64, 0xf8, 0x43, 0xf6,
    0x53, 0xf6, 0x52, 0xf7, 0x65, 0xf7, 0x64, 0xf7, 0x53, 0xf7, 0x54, 0xf7, 0x53, 0xf7, 0x64, 0xf8,
    0x53, 0xf6, 0x74, 0xf8, 0x64, 0xf7, 0x64, 0xf7, 0x43, 0xf6, 0x43, 0xf5, 0x53, 0xf6, 0x42, 0xf5,
    0x54, 0xf7, 0x32, 0xf4, 0x53, 0xf7, 0x32, 0xf4, 0x43, 0xf5, 0x64, 0xf7, 0x32, 0xf4, 0x32, 0xf4,
    0x32, 0xf4, 0x32, 0xf4, 0x32, 0xf4, 0x42, 0xf5, 0x43, 0xf5, 0x53, 0xf6, 0x32, 0xf5, 0x43, 0xf6,
    0x42, 0xf5, 0x32, 0xf4, 0x42, 0xf5, 0x32, 0xf5, 0x42, 0xf5, 0x32, 0xf4, 0x65, 0xf7, 0x43, 0xf5,
    0x42, 0xf6, 0x32, 0xf5, 0x42, 0xf5, 0x31, 0xf4, 0x64, 0xf7, 0x53, 0xf6, 0x53, 0xf7, 0x63, 0xf7,
    0x32, 0xf4, 0x54, 0xf6, 0x42, 0xf5, 0x54, 0xf6, 0x43, 0xf6, 0x42, 0xf5, 0x42, 0xf5, 0x21, 0xf3,
    0x32, 0xf4, 0x32, 0xf5, 0x76, 0xf9, 0x64, 0xf7, 0x63, 0xf7, 0x42, 0xf5, 0x86, 0xf9, 0x64, 0xf7,
    0x75, 0xf8, 0x63, 0xf8, 0x43, 0xf6, 0x53, 0xf7, 0x42, 0xf6, 0x42, 0xf5, 0x64, 0xf8, 0x42, 0xf6,
    0x43, 0xf5, 0x43, 0xf6, 0x43, 0xf5, 0x42, 0xf5, 0x43, 0xf6, 0x32, 0xf4, 0x43, 0xf5, 0x32, 0xf4,
    0x43, 0xf4, 0x65, 0xf6, 0x32, 0xf4, 0x65, 0xf6, 0x65, 0xf6, 0x55, 0xf6, 0x65, 0xf6, 0x55, 0xf6,
    0x32, 0xf4, 0x43, 0xf5, 0x31, 0xf4, 0x32, 0xf4, 0x65, 0xf6, 0x54, 0xf5, 0x55, 0xf6, 0x66, 0xf6,
    0x32, 0xf4, 0x32, 0xf4, 0x21, 0xf2, 0x43, 0xf4, 0x32, 0xf5, 0x21, 0xf3, 0x43, 0xf5, 0x32, 0xf4,
    0x31, 0xf4, 0x32, 0xf5, 0x42, 0xf6, 0x42, 0xf6, 0x32, 0xf5, 0x42, 0xf5, 0x43, 0xf6, 0x53, 0xf6,
    0x53, 0xf6, 0x54, 0xf7, 0x53, 0xf6, 0x53, 0xf7, 0x55, 0xf6, 0x66, 0xf7, 0x43, 0xf5, 0x54, 0xf5,
    0x43, 0xf6, 0x32, 0xf4, 0x53, 0xf7, 0x32, 0xf4, 0x32, 0xf4, 0x32, 0xf4, 0x32, 0xf4, 0x32, 0xf4,
    0x44, 0xf5, 0x32, 0xf4, 0x32, 0xf4, 0x43, 0xf5, 0x42, 0xf6, 0x64, 0xf8, 0x53, 0xf7, 0x53, 0xf7,
    0x32, 0xf4, 0x32, 0xf4, 0x32, 0xf4, 0x32, 0xf4, 0x43, 0xf6, 0x54, 0xf7, 0x54, 0xf7, 0x75, 0xf8,
    0x76, 0xf9, 0x76, 0xf9, 0x64, 0xf8, 0x75, 0xf8, 0x74, 0xf8, 0x75, 0xf8, 0x75, 0xf8, 0x75, 0xf9,
    0x53, 0xf7, 0x64, 0xf8, 0x64, 0xf8, 0x64, 0xf8, 0x86, 0xf9, 0x75, 0xf9, 0x76, 0xf9, 0x86, 0xf9,
    0x32, 0xf4, 0x42, 0xf5, 0x32, 0xf4, 0x32, 0xf4, 0x75, 0xf9, 0x75, 0xf8, 0x75, 0xf8, 0x86, 0xf9,
    0x32, 0xf4, 0x32, 0xf4, 0x32, 0xf4, 0x21, 0xf3, 0x75, 0xf8, 0x74, 0xf8, 0x43, 0xf6, 0x53, 0xf7,
    0x76, 0xf9, 0x75, 0xf8, 0x86, 0xf9, 0x75, 0xf9, 0x75, 0xf8, 0x65, 0xf8, 0x64, 0xf8, 0x64, 0xf7,
    0x53, 0xf7, 0x75, 0xf8, 0x42, 0xf7, 0x63, 0xf8, 0x75, 0xf9, 0x75, 0xf9, 0x74, 0xf8, 0x75, 0xf9,
    0x53, 0xf6, 0x32, 0xf5, 0x64, 0xf8, 0x54, 0xf7, 0x42, 0xf6, 0x42, 0xf6, 0x63, 0xf7, 0x64, 0xf8,
    0x65, 0xf8, 0x64, 0xf8, 0x64, 0xf8, 0x64, 0xf8, 0x85, 0xf9, 0x75, 0xf9, 0x75, 0xf9, 0x64, 0xf8,
    0x43, 0xf6, 0x21, 0xf3, 0x64, 0xf8, 0x32, 0xf5, 0x32, 0xf4, 0x32, 0xf4, 0x21, 0xf3, 0x32, 0xf3,
    0x53, 0xf7, 0x52, 0xf6, 0x53, 0xf7, 0x42, 0xf6, 0x32, 0xf4, 0x32, 0xf4, 0x32, 0xf5, 0x32, 0xf4,
    0x53, 0xf7, 0x64, 0xf8, 0x53, 0xf6, 0x75, 0xf8, 0x75, 0xf9, 0x75, 0xf9, 0x86, 0xf9, 0x86, 0xf9,
    0x64, 0xf7, 0x53, 0xf6, 0x75, 0xf8, 0x53, 0xf6, 0x64, 0xf8, 0x75, 0xf8, 0x64, 0xf8, 0x64, 0xf8,
    0x53, 0xf7, 0x42, 0xf6, 0x64, 0xf8, 0x65, 0xf8, 0x32, 0xf4, 0x21, 0xf3, 0x32, 0xf4, 0x21, 0xf2,
    0x64, 0xf8, 0x53, 0xf6, 0x53, 0xf7, 0x53, 0xf7, 0x42, 0xf6, 0x32, 0xf4, 0x32, 0xf5, 0x53, 0xf6,
    0x55, 0xf6, 0x65, 0xf6, 0x55, 0xf6, 0x54, 0xf5, 0x55, 0xf5, 0x65, 0xf6, 0x66, 0xf6, 0x77, 0xf8,
    0x65, 0xf6, 0x55, 0xf5, 0x76, 0xf7, 0x55, 0xf6, 0x66, 0xf7, 0x87, 0xf8, 0x65, 0xf7, 0x55, 0xf6,
    0x33, 0xf4, 0x53, 0xf6, 0x32, 0xf3, 0x43, 0xf5, 0x54, 0xf7, 0x65, 0xf7, 0x65, 0xf8, 0x65, 0xf7,
    0x21, 0xf2, 0x32, 0xf4, 0x21, 0xf2, 0x32, 0xf3, 0x64, 0xf7, 0x43, 0xf5, 0x43, 0xf5, 0x43, 0xf5,
    0x76, 0xf7, 0x55, 0xf6, 0x77, 0xf8, 0x65, 0xf7, 0x55, 0xf6, 0x55, 0xf6, 0x54, 0xf5, 0x32, 0xf3,
    0x54, 0xf5, 0x33, 0xf4, 0x42, 0xf5, 0x32, 0xf4, 0x32, 0xf4, 0x32, 0xf4, 0x42, 0xf5, 0x42, 0xf5,
    0x32, 0xf4, 0x32, 0xf5, 0x22, 0xf3, 0x42, 0xf5, 0x42, 0xf5, 0x42, 0xf5, 0x32, 0xf5, 0x32, 0xf5,
    0x42, 0xf5, 0x42, 0xf6, 0x43, 0xf5, 0x53, 0xf7, 0x32, 0xf5, 0x43, 0xf5, 0x42, 0xf5, 0x43, 0xf5,
    0x64, 0xf7, 0x64, 0xf7, 0x64, 0xf7, 0x53, 0xf7, 0x64, 0xf8, 0x42, 0xf6, 0x52, 0xf7, 0x53, 0xf8,
    0x32, 0xf4, 0x43, 0xf6, 0x32, 0xf5, 0x52, 0xf7, 0x53, 0xf7, 0x53, 0xf7, 0x52, 0xf7, 0x42, 0xf6,
    0x32, 0xf4, 0x21, 0xf3, 0x53, 0xf7, 0x31, 0xf4, 0x42, 0xf6, 0x42, 0xf5, 0x32, 0xf4, 0x32, 0xf4,
    0x53, 0xf7, 0x42, 0xf6, 0x42, 0xf6, 0x42, 0xf6, 0x32, 0xf4, 0x43, 0xf5, 0x32, 0xf4, 0x43, 0xf5,
    0x42, 0xf5, 0x53, 0xf7, 0x42, 0xf6, 0x53, 0xf7, 0x64, 0xf8, 0x75, 0xf8, 0x53, 0xf7, 0x64, 0xf8,
    0x31, 0xf4, 0x42, 0xf6, 0x32, 0xf4, 0x54, 0xf6, 0x74, 0xf8, 0x64, 0xf8, 0x53, 0xf6, 0x64, 0xf7,
    0x53, 0xf7, 0x42, 0xf5, 0x64, 0xf8, 0x42, 0xf6, 0x21, 0xf3, 0x43, 0xf5, 0x32, 0xf4, 0x43, 0xf4,
    0x53, 0xf7, 0x42, 0xf6, 0x54, 0xf7, 0x43, 0xf5, 0x43, 0xf5, 0x32, 0xf4, 0x43, 0xf5, 0x43, 0xf4,
    0x64, 0xf7, 0x64, 0xf8, 0x43, 0xf6, 0x64, 0xf7, 0x42, 0xf5, 0x43, 0xf6, 0x32, 0xf5, 0x53, 0xf7,
    0x42, 0xf5, 0x43, 0xf5, 0x42, 0xf5, 0x32, 0xf4, 0x43, 0xf5, 0x32, 0xf4, 0x32, 0xf4, 0x32, 0xf4,
    0x43, 0xf5, 0x32, 0xf5, 0x42, 0xf5, 0x32, 0xf4, 0x42, 0xf6, 0x21, 0xf3, 0x53, 0xf6, 0x42, 0xf5,
    0x42, 0xf5, 0x54, 0xf7, 0x43, 0xf6, 0x53, 0xf6, 0x64, 0xf7, 0x43, 0xf6, 0x53, 0xf6, 0x42, 0xf6,
    0x32, 0xf3, 0x32, 0xf4, 0x32, 0xf4, 0x42, 0xf5, 0x32, 0xf4, 0x43, 0xf5, 0x32, 0xf4, 0x22, 0xf4,
    0x42, 0xf6, 0x53, 0xf7, 0x53, 0xf6, 0x53, 0xf6, 0x43, 0xf6, 0x43, 0xf5, 0x53, 0xf6, 0x54, 0xf6,
    0x43, 0xf5, 0x42, 0xf5, 0x32, 0xf5, 0x42, 0xf5, 0x65, 0xf7, 0x75, 0xf9, 0x54, 0xf6, 0x65, 0xf7,
    0x54, 0xf6, 0x43, 0xf5, 0x76, 0xf8, 0x76, 0xf8, 0x32, 0xf4, 0x32, 0xf4, 0x54, 0xf7, 0x32, 0xf3,
    0x32, 0xf4, 0x54, 0xf6, 0x43, 0xf5, 0x42, 0xf5, 0x42, 0xf5, 0x43, 0xf5, 0x54, 0xf7, 0x54, 0xf6,
    0x43, 0xf5, 0x32, 0xf4, 0x52, 0xf7, 0x42, 0xf5, 0x54, 0xf5, 0x54, 0xf6, 0x54, 0xf5, 0x54, 0xf6,
    0x64, 0xf7, 0x43, 0xf5, 0x54, 0xf6, 0x43, 0xf5, 0x42, 0xf5, 0x53, 0xf6, 0x43, 0xf6, 0x42, 0xf5,
    0x54, 0xf6, 0x54, 0xf6, 0x54, 0xf5, 0x65, 0xf7, 0x64, 0xf6, 0x32, 0xf4, 0x76, 0xf7, 0x54, 0xf6,
    0x53, 0xf7, 0x53, 0xf7, 0x53, 0xf7, 0x65, 0xf7, 0x53, 0xf5, 0x43, 0xf5, 0x53, 0xf6, 0x43, 0xf5,
    0x42, 0xf5, 0x64, 0xf7, 0x32, 0xf4, 0x32, 0xf4, 0x54, 0xf6, 0x64, 0xf7, 0x43, 0xf5, 0x53, 0xf5,
    0x43, 0xf5, 0x54, 0xf6, 0x43, 0xf5, 0x43, 0xf4, 0x65, 0xf6, 0x65, 0xf7, 0x53, 0xf5, 0x65, 0xf7,
    0x65, 0xf7, 0x54, 0xf6, 0x75, 0xf8, 0x53, 0xf6, 0x54, 0xf6, 0x32, 0xf4, 0x32, 0xf4, 0x31, 0xf4,
    0x32, 0xf4, 0x43, 0xf4, 0x43, 0xf5, 0x65, 0xf6, 0x42, 0xf5, 0x53, 0xf7, 0x32, 0xf3, 0x32, 0xf4,
    0x43, 0xf5, 0x43, 0xf4, 0x53, 0xf6, 0x32, 0xf4, 0x22, 0xf3, 0x32, 0xf3, 0x32, 0xf3, 0x43, 0xf5,
    0x53, 0xf7, 0x75, 0xf9, 0x32, 0xf5, 0x53, 0xf7, 0x75, 0xf9, 0x64, 0xf8, 0x74, 0xf8, 0x75, 0xf9,
    0x32, 0xf4, 0x32, 0xf4, 0x43, 0xf5, 0x53, 0xf6, 0x53, 0xf7, 0x75, 0xf8, 0x53, 0xf6, 0x31, 0xf5,
    0x42, 0xf5, 0x32, 0xf4, 0x53, 0xf6, 0x42, 0xf5, 0x32, 0xf4, 0x54, 0xf6, 0x31, 0xf4, 0x54, 0xf6,
    0x54, 0xf7, 0x42, 0xf5, 0x65, 0xf8, 0x42, 0xf5, 0x31, 0xf5, 0x42, 0xf5, 0x21, 0xf4, 0x32, 0xf5,
    0x43, 0xf6, 0x32, 0xf4, 0x54, 0xf6, 0x43, 0xf5, 0x32, 0xf4, 0x43, 0xf6, 0x21, 0xf3, 0x43, 0xf5,
    0x32, 0xf4, 0x54, 0xf7, 0x43, 0xf6, 0x42, 0xf5, 0x32, 0xf5, 0x21, 0xf4, 0x32, 0xf5, 0x53, 0xf6,
    0x53, 0xf7, 0x42, 0xf6, 0x64, 0xf8, 0x53, 0xf6, 0x64, 0xf8, 0x64, 0xf8, 0x64, 0xf8, 0x75, 0xf9,
    0x85, 0xf9, 0x75, 0xf8, 0x42, 0xf6, 0x42, 0xf6, 0x42, 0xf6, 0x43, 0xf6, 0x31, 0xf4, 0x32, 0xf4,
    0x63, 0xf8, 0x53, 0xf7, 0x53, 0xf7, 0x42, 0xf5, 0x21, 0xf3, 0x32, 0xf4, 0x22, 0xf3, 0x43, 0xf6,
    0x32, 0xf5, 0x21, 0xf3, 0x32, 0xf4, 0x22, 0xf3, 0x22, 0xf3, 0x53, 0xf7, 0x32, 0xf4, 0x33, 0xf4,
    0x75, 0xf8, 0x54, 0xf7, 0x65, 0xf8, 0x53, 0xf7, 0x43, 0xf6, 0x54, 0xf7, 0x32, 0xf5, 0x42, 0xf5,
    0x42, 0xf5, 0x53, 0xf7, 0x53, 0xf6, 0x64, 0xf7, 0x53, 0xf7, 0x42, 0xf5, 0x64, 0xf7, 0x75, 0xf8,
    0x64, 0xf8, 0x32, 0xf4, 0x63, 0xf7, 0x32, 0xf3, 0x43, 0xf5, 0x43, 0xf4, 0x32, 0xf4, 0x22, 0xf3,
    0x53, 0xf6, 0x42, 0xf5, 0x76, 0xf9, 0x32, 0xf5, 0x32, 0xf4, 0x21, 0xf3, 0x31, 0xf4, 0x42, 0xf5,
    0x64, 0xf8, 0x64, 0xf7, 0x64, 0xf8, 0x42, 0xf5, 0x21, 0xf3, 0x32, 0xf4, 0x32, 0xf4, 0x21, 0xf3,
    0x42, 0xf5, 0x21, 0xf3, 0x31, 0xf4, 0x21, 0xf3, 0x65, 0xf6, 0x43, 0xf5, 0x44, 0xf5, 0x42, 0xf5,
    0x43, 0xf6, 0x42, 0xf6, 0x32, 0xf4, 0x32, 0xf5, 0x43, 0xf6, 0x64, 0xf8, 0x43, 0xf6, 0x65, 0xf8,
    0x32, 0xf4, 0x42, 0xf5, 0x42, 0xf6, 0x65, 0xf8, 0x42, 0xf5, 0x75, 0xf8, 0x53, 0xf7, 0x64, 0xf7,
    0x53, 0xf7, 0x53, 0xf6, 0x64, 0xf8, 0x53, 0xf6, 0x32, 0xf4, 0x42, 0xf6, 0x43, 0xf5, 0x42, 0xf5,
    0x64, 0xf7, 0x42, 0xf5, 0x64, 0xf7, 0x43, 0xf6, 0x42, 0xf5, 0x53, 0xf6, 0x53, 0xf7, 0x65, 0xf7,
    0x42, 0xf6, 0x53, 0xf6, 0x42, 0xf5, 0x32, 0xf4, 0x54, 0xf7, 0x53, 0xf7, 0x32, 0xf4, 0x53, 0xf6,
    0x54, 0xf6, 0x54, 0xf6, 0x54, 0xf6, 0x54, 0xf6, 0x32, 0xf4, 0x21, 0xf3, 0x54, 0xf6, 0x54, 0xf6,
    0x43, 0xf6, 0x64, 0xf7, 0x54, 0xf7, 0x53, 0xf6, 0x76, 0xf8, 0x65, 0xf8, 0x75, 0xf8, 0x64, 0xf7,
    0x65, 0xf8, 0x53, 0xf6, 0x64, 0xf7, 0x54, 0xf7, 0x64, 0xf7, 0x43, 0xf6, 0x64, 0xf7, 0x53, 0xf7,
    0x53, 0xf6, 0x21, 0xf3, 0x21, 0xf3, 0x21, 0xf3, 0x43, 0xf5, 0x54, 0xf6, 0x42, 0xf5, 0x43, 0xf5,
    0x43, 0xf5, 0x32, 0xf5, 0x43, 0xf6, 0x53, 0xf6, 0x42, 0xf5, 0x32, 0xf4, 0x42, 0xf6, 0x21, 0xf3,
    0x42, 0xf4, 0x53, 0xf6, 0x54, 0xf6, 0x32, 0xf4, 0x43, 0xf5, 0x32, 0xf5, 0x21, 0xf3, 0x42, 0xf6,
    0x32, 0xf4, 0x21, 0xf3, 0x32, 0xf4, 0x32, 0xf5, 0x21, 0xf4, 0x53, 0xf7, 0x42, 0xf5, 0x42, 0xf5,
    0x32, 0xf5, 0x63, 0xf8, 0x52, 0xf7, 0x52, 0xf6, 0x53, 0xf7, 0x32, 0xf4, 0x54, 0xf6, 0x43, 0xf5,
    0x32, 0xf4, 0x32, 0xf4, 0x43, 0xf4, 0x32, 0xf3, 0x43, 0xf5, 0x33, 0xf4, 0x44, 0xf5, 0x54, 0xf6,
    0x21, 0xf3, 0x32, 0xf4, 0x21, 0xf3, 0x43, 0xf5, 0x32, 0xf5, 0x32, 0xf5, 0x54, 0xf5, 0x21, 0xf3,
    0x53, 0xf6, 0x65, 0xf6, 0x65, 0xf7, 0x76, 0xf8, 0x54, 0xf6, 0x21, 0xf2, 0x65, 0xf7, 0x21, 0xf3,
    0x75, 0xf8, 0x86, 0xf9, 0x43, 0xf5, 0x64, 0xf7, 0x86, 0xf9, 0x32, 0xf4, 0x65, 0xf7, 0x21, 0xf3,
    0x32, 0xf4, 0x42, 0xf6, 0x32, 0xf4, 0x42, 0xf6, 0x31, 0xf4, 0x21, 0xf4, 0x32, 0xf4, 0x43, 0xf4,
    0x54, 0xf6, 0x65, 0xf7, 0x43, 0xf5, 0x43, 0xf5, 0x54, 0xf6, 0x32, 0xf4, 0x53, 0xf6, 0x43, 0xf5,
    0x32, 0xf3, 0x53, 0xf6, 0x32, 0xf4, 0x32, 0xf4, 0x53, 0xf6, 0x42, 0xf5, 0x42, 0xf5, 0x43, 0xf6,
    0x21, 0xf4, 0x32, 0xf4, 0x32, 0xf4, 0x43, 0xf5, 0x53, 0xf5, 0x64, 0xf6, 0x43, 0xf5, 0x54, 0xf6,
    0x43, 0xf6, 0x54, 0xf6, 0x65, 0xf7, 0x64, 0xf7, 0x43, 0xf5, 0x54, 0xf6, 0x64, 0xf6, 0x65, 0xf7,
    0x32, 0xf4, 0x43, 0xf5, 0x32, 0xf4, 0x54, 0xf6, 0x43, 0xf5, 0x32, 0xf4, 0x43, 0xf5, 0x54, 0xf6,
    0x32, 0xf4, 0x42, 0xf5, 0x32, 0xf4, 0x32, 0xf4, 0x42, 0xf5, 0x43, 0xf5, 0x32, 0xf4, 0x32, 0xf4,
    0x32, 0xf4, 0x32, 0xf4, 0x43, 0xf5, 0x32, 0xf4, 0x32, 0xf4, 0x42, 0xf5, 0x32, 0xf5, 0x53, 0xf6,
    0x33, 0xf4, 0x54, 0xf6, 0x32, 0xf4, 0x43, 0xf4, 0x43, 0xf5, 0x43, 0xf5, 0x43, 0xf5, 0x43, 0xf5,
    0x54, 0xf6, 0x32, 0xf4, 0x54, 0xf6, 0x43, 0xf5, 0x32, 0xf4, 0x42, 0xf5, 0x43, 0xf5, 0x32, 0xf4,
    0x65, 0xf7, 0x44, 0xf5, 0x65, 0xf7, 0x43, 0xf5, 0x43, 0xf5, 0x32, 0xf4, 0x43, 0xf5, 0x43, 0xf5,
    0x42, 0xf5, 0x22, 0xf3, 0x53, 0xf6, 0x42, 0xf5, 0x21, 0xf3, 0x32, 0xf4, 0x32, 0xf4, 0x22, 0xf3,
    0x32, 0xf4, 0x43, 0xf6, 0x53, 0xf6, 0x53, 0xf7, 0x32, 0xf4, 0x21, 0xf3, 0x21, 0xf2, 0x21, 0xf3,
    0x33, 0xf4, 0x32, 0xf4, 0x43, 0xf5, 0x32, 0xf4, 0x32, 0xf4, 0x32, 0xf4, 0x32, 0xf5, 0x32, 0xf4,
    0x32, 0xf4, 0x33, 0xf4, 0x32, 0xf3, 0x43, 0xf5, 0x32, 0xf4, 0x32, 0xf5, 0x33, 0xf4, 0x31, 0xf4,
    0x54, 0xf6, 0x54, 0xf6, 0x43, 0xf6, 0x65, 0xf7, 0x65, 0xf7, 0x54, 0xf6, 0x65, 0xf7, 0x54, 0xf6,
    0x42, 0xf5, 0x54, 0xf6, 0x32, 0xf5, 0x22, 0xf3, 0x54, 0xf6, 0x53, 0xf6, 0x42, 0xf4, 0x43, 0xf5,
    0x43, 0xf5, 0x43, 0xf4, 0x44, 0xf5, 0x54, 0xf5, 0x33, 0xf4, 0x21, 0xf3, 0x44, 0xf5, 0x21, 0xf3,
    0x43, 0xf4, 0x54, 0xf6, 0x54, 0xf6, 0x43, 0xf5, 0x65, 0xf7, 0x32, 0xf4, 0x43, 0xf6, 0x42, 0xf6,
    0x42, 0xf5, 0x32, 0xf4, 0x31, 0xf4, 0x42, 0xf5, 0x32, 0xf4, 0x32, 0xf4, 0x43, 0xf6, 0x42, 0xf5,
    0x42, 0xf4, 0x43, 0xf5, 0x32, 0xf4, 0x21, 0xf3, 0x53, 0xf6, 0x43, 0xf6, 0x32, 0xf5, 0x43, 0xf6,
    0x54, 0xf6, 0x54, 0xf6, 0x43, 0xf5, 0x54, 0xf6, 0x64, 0xf7, 0x53, 0xf6, 0x53, 0xf6, 0x32, 0xf4,
    0x43, 0xf5, 0x43, 0xf5, 0x43, 0xf5, 0x43, 0xf5, 0x32, 0xf4, 0x42, 0xf5, 0x32, 0xf4, 0x43, 0xf6,
    0x54, 0xf7, 0x64, 0xf7, 0x43, 0xf6, 0x53, 0xf7, 0x32, 0xf5, 0x32, 0xf4, 0x53, 0xf7, 0x42, 0xf6,
    0x42, 0xf6, 0x53, 0xf7, 0x42, 0xf5, 0x53, 0xf7, 0x42, 0xf5, 0x22, 0xf3, 0x42, 0xf5, 0x32, 0xf4,
    0x32, 0xf4, 0x42, 0xf5, 0x42, 0xf6, 0x32, 0xf5, 0x53, 0xf6, 0x53, 0xf7, 0x54, 0xf7, 0x53, 0xf6,
    0x43, 0xf6, 0x43, 0xf6, 0x42, 0xf5, 0x53, 0xf7, 0x43, 0xf6, 0x43, 0xf5, 0x43, 0xf6, 0x43, 0xf5,
    0x53, 0xf6, 0x42, 0xf5, 0x53, 0xf7, 0x42, 0xf6, 0x42, 0xf6, 0x42, 0xf6, 0x42, 0xf5, 0x32, 0xf5,
    0x42, 0xf5, 0x43, 0xf6, 0x43, 0xf5, 0x42, 0xf5, 0x54, 0xf6, 0x53, 0xf6, 0x32, 0xf5, 0x64, 0xf7,
    0x43, 0xf5, 0x42, 0xf5, 0x53, 0xf6, 0x64, 0xf7, 0x54, 0xf6, 0x43, 0xf5, 0x42, 0xf5, 0x32, 0xf4,
    0x43, 0xf5, 0x43, 0xf5, 0x43, 0xf6, 0x32, 0xf4, 0x43, 0xf5, 0x42, 0xf5, 0x42, 0xf5, 0x43, 0xf5,
    0x32, 0xf4, 0x54, 0xf6, 0x32, 0xf5, 0x43, 0xf5, 0x43, 0xf5, 0x32, 0xf4, 0x42, 0xf5, 0x65, 0xf6,
    0x42, 0xf5, 0x32, 0xf5, 0x43, 0xf5, 0x43, 0xf5, 0x32, 0xf4, 0x65, 0xf7, 0x42, 0xf5, 0x65, 0xf7,
    0x53, 0xf7, 0x42, 0xf5, 0x43, 0xf6, 0x32, 0xf4, 0x32, 0xf4, 0x32, 0xf4, 0x32, 0xf4, 0x32, 0xf4,
    0x53, 0xf6, 0x43, 0xf6, 0x52, 0xf7, 0x54, 0xf7, 0x43, 0xf5, 0x32, 0xf4, 0x53, 0xf6, 0x32, 0xf5,
    0x32, 0xf5, 0x32, 0xf4, 0x43, 0xf5, 0x32, 0xf4, 0x32, 0xf4, 0x43, 0xf5, 0x32, 0xf4, 0x32, 0xf4,
    0x32, 0xf5, 0x32, 0xf5, 0x43, 0xf6, 0x43, 0xf5, 0x32, 0xf4, 0x32, 0xf5, 0x32, 0xf4, 0x32, 0xf4,
    0x54, 0xf5, 0x54, 0xf6, 0x75, 0xf7, 0x65, 0xf7, 0x54, 0xf6, 0x65, 0xf7, 0x65, 0xf7, 0x64, 0xf7,
    0x76, 0xf8, 0x76, 0xf8, 0x65, 0xf7, 0x76, 0xf8, 0x86, 0xf8, 0x65, 0xf7, 0x76, 0xf8, 0x64, 0xf7,
    0x65, 0xf7, 0x54, 0xf7, 0x65, 0xf7, 0x65, 0xf7, 0x64, 0xf7, 0x64, 0xf7, 0x65, 0xf7, 0x53, 0xf6,
    0x65, 0xf7, 0x75, 0xf8, 0x64, 0xf7, 0x76, 0xf8, 0x54, 0xf6, 0x43, 0xf5, 0x53, 0xf6, 0x54, 0xf7,
    0x43, 0xf5, 0x53, 0xf5, 0x32, 0xf4, 0x43, 0xf6, 0x65, 0xf7, 0x75, 0xf8, 0x43, 0xf5, 0x65, 0xf7,
    0x43, 0xf5, 0x54, 0xf6, 0x43, 0xf5, 0x43, 0xf6, 0x64, 0xf7, 0x54, 0xf6, 0x43, 0xf5, 0x32, 0xf4,
    0x65, 0xf7, 0x75, 0xf8, 0x65, 0xf7, 0x65, 0xf7, 0x54, 0xf6, 0x53, 0xf6, 0x43, 0xf5, 0x32, 0xf4,
    0x54, 0xf6, 0x43, 0xf5, 0x32, 0xf4, 0x43, 0xf5, 0x32, 0xf4, 0x32, 0xf5, 0x43, 0xf5, 0x32, 0xf4,
    0x53, 0xf7, 0x32, 0xf4, 0x54, 0xf7, 0x43, 0xf5, 0x32, 0xf4, 0x43, 0xf5, 0x43, 0xf5, 0x54, 0xf7,
    0x53, 0xf6, 0x43, 0xf6, 0x53, 0xf6, 0x53, 0xf6, 0x54, 0xf6, 0x76, 0xf9, 0x64, 0xf7, 0x65, 0xf7,
    0x43, 0xf6, 0x43, 0xf5, 0x43, 0xf5, 0x43, 0xf5, 0x43, 0xf5, 0x43, 0xf5, 0x64, 0xf7, 0x43, 0xf5,
    0x54, 0xf6, 0x43, 0xf5, 0x64, 0xf7, 0x64, 0xf7, 0x53, 0xf6, 0x53, 0xf6, 0x64, 0xf7, 0x54, 0xf6,
    0x43, 0xf5, 0x64, 0xf7, 0x54, 0xf6, 0x54, 0xf6, 0x64, 0xf7, 0x64, 0xf7, 0x54, 0xf7, 0x53, 0xf6,
    0x54, 0xf7, 0x65, 0xf7, 0x53, 0xf7, 0x43, 0xf5, 0x64, 0xf7, 0x43, 0xf6, 0x43, 0xf6, 0x43, 0xf6,
    0x43, 0xf5, 0x54, 0xf7, 0x43, 0xf5, 0x54, 0xf6, 0x54, 0xf6, 0x54, 0xf6, 0x54, 0xf6, 0x65, 0xf7,
    0x54, 0xf6, 0x43, 0xf5, 0x43, 0xf5, 0x43, 0xf5, 0x54, 0xf6, 0x43, 0xf5, 0x43, 0xf5, 0x43, 0xf5,
    0x32, 0xf4, 0x42, 0xf5, 0x32, 0xf4, 0x43, 0xf4, 0x43, 0xf5, 0x53, 0xf6, 0x43, 0xf5, 0x65, 0xf8,
    0x43, 0xf5, 0x43, 0xf5, 0x43, 0xf5, 0x43, 0xf5, 0x32, 0xf4, 0x53, 0xf6, 0x54, 0xf6, 0x54, 0xf6,
    0x32, 0xf4, 0x32, 0xf4, 0x43, 0xf5, 0x32, 0xf4, 0x53, 0xf6, 0x42, 0xf5, 0x43, 0xf5, 0x54, 0xf7,
    0x54, 0xf6, 0x32, 0xf4, 0x54, 0xf6, 0x43, 0xf6, 0x32, 0xf4, 0x43, 0xf5, 0x32, 0xf4, 0x32, 0xf4,
    0x54, 0xf6, 0x54, 0xf6, 0x64, 0xf7, 0x43, 0xf5, 0x54, 0xf6, 0x43, 0xf5, 0x54, 0xf6, 0x43, 0xf5,
    0x43, 0xf5, 0x43, 0xf5, 0x43, 0xf5, 0x54, 0xf6, 0x43, 0xf5, 0x43, 0xf4, 0x43, 0xf5, 0x33, 0xf4,
    0x32, 0xf4, 0x43, 0xf5, 0x32, 0xf4, 0x32, 0xf4, 0x32, 0xf4, 0x32, 0xf4, 0x43, 0xf5, 0x33, 0xf4,
    0x43, 0xf5, 0x32, 0xf4, 0x43, 0xf4, 0x43, 0xf5, 0x43, 0xf5, 0x54, 0xf6, 0x43, 0xf5, 0x54, 0xf6,
    0x42, 0xf5, 0x42, 0xf5, 0x32, 0xf4, 0x31, 0xf4, 0x42, 0xf5, 0x42, 0xf5, 0x32, 0xf4, 0x53, 0xf6,
    0x21, 0xf3, 0x32, 0xf4, 0x32, 0xf4, 0x31, 0xf4, 0x42, 0xf5, 0x32, 0xf5, 0x42, 0xf5, 0x42, 0xf5,
    0x54, 0xf7, 0x43, 0xf5, 0x42, 0xf5, 0x43, 0xf5, 0x54, 0xf6, 0x65, 0xf8, 0x76, 0xf8, 0x65, 0xf7,
    0x21, 0xf4, 0x42, 0xf5, 0x21, 0xf3, 0x42, 0xf6, 0x64, 0xf7, 0x65, 0xf7, 0x64, 0xf7, 0x75, 0xf8,
    0x32, 0xf5, 0x42, 0xf5, 0x42, 0xf6, 0x43, 0xf6, 0x32, 0xf4, 0x32, 0xf4, 0x32, 0xf4, 0x33, 0xf4,
    0x53, 0xf6, 0x32, 0xf5, 0x43, 0xf6, 0x32, 0xf3, 0x42, 0xf5, 0x43, 0xf5, 0x43, 0xf5, 0x43, 0xf5,
    0x32, 0xf4, 0x42, 0xf5, 0x33, 0xf4, 0x43, 0xf5, 0x43, 0xf5, 0x54, 0xf6, 0x44, 0xf5, 0x22, 0xf3,
    0x32, 0xf3, 0x32, 0xf4, 0x54, 0xf5, 0x22, 0xf3, 0x65, 0xf7, 0x43, 0xf5, 0x32, 0xf3, 0x65, 0xf7,
    0x65, 0xf7, 0x54, 0xf7, 0x65, 0xf7, 0x54, 0xf6, 0x53, 0xf7, 0x53, 0xf7, 0x53, 0xf6, 0x64, 0xf8,
    0x75, 0xf8, 0x54, 0xf6, 0x54, 0xf6, 0x64, 0xf7, 0x43, 0xf6, 0x64, 0xf7, 0x42, 0xf5, 0x53, 0xf6,
    0x53, 0xf7, 0x42, 0xf6, 0x53, 0xf6, 0x42, 0xf5, 0x63, 0xf8, 0x42, 0xf6, 0x42, 0xf5, 0x42, 0xf6,
    0x32, 0xf4, 0x53, 0xf6, 0x21, 0xf3, 0x64, 0xf7, 0x64, 0xf7, 0x64, 0xf7, 0x76, 0xf9, 0x76, 0xf8,
    0x54, 0xf6, 0x54, 0xf6, 0x42, 0xf5, 0x53, 0xf6, 0x32, 0xf3, 0x32, 0xf4, 0x32, 0xf4, 0x32, 0xf4,
    0x53, 0xf7, 0x54, 0xf7, 0x65, 0xf7, 0x54, 0xf7, 0x42, 0xf5, 0x42, 0xf5, 0x21, 0xf3, 0x43, 0xf5,
    0x43, 0xf5, 0x32, 0xf4, 0x43, 0xf5, 0x21, 0xf3, 0x43, 0xf5, 0x65, 0xf7, 0x42, 0xf5, 0x53, 0xf6,
    0x43, 0xf5, 0x32, 0xf3, 0x32, 0xf4, 0x32, 0xf4, 0x32, 0xf4, 0x32, 0xf4, 0x32, 0xf4, 0x42, 0xf5,
    0x53, 0xf6, 0x32, 0xf3, 0x64, 0xf7, 0x53, 0xf6, 0x32, 0xf4, 0x43, 0xf5, 0x31, 0xf3, 0x43, 0xf5,
    0x43, 0xf6, 0x53, 0xf6, 0x43, 0xf5, 0x42, 0xf5, 0x21, 0xf3, 0x32, 0xf5, 0x54, 0xf7, 0x32, 0xf5,
    0x44, 0xf5, 0x22, 0xf3, 0x32, 0xf4, 0x32, 0xf3, 0x32, 0xf4, 0x53, 0xf5, 0x54, 0xf6, 0x54, 0xf6,
    0x32, 0xf5, 0x32, 0xf4, 0x42, 0xf5, 0x43, 0xf5, 0x54, 0xf5, 0x43, 0xf5, 0x43, 0xf5, 0x54, 0xf6,
    0x43, 0xf5, 0x32, 0xf4, 0x43, 0xf5, 0x43, 0xf5, 0x53, 0xf6, 0x54, 0xf6, 0x43, 0xf5, 0x54, 0xf6,
    0x43, 0xf5, 0x32, 0xf4, 0x43, 0xf5, 0x32, 0xf4, 0x32, 0xf5, 0x54, 0xf6, 0x42, 0xf5, 0x54, 0xf7,
    0x54, 0xf7, 0x64, 0xf8, 0x54, 0xf6, 0x43, 0xf6, 0x42, 0xf6, 0x32, 0xf4, 0x32, 0xf5, 0x31, 0xf4,
    0x64, 0xf7, 0x43, 0xf6, 0x54, 0xf7, 0x32, 0xf4, 0x31, 0xf4, 0x32, 0xf5, 0x22, 0xf3, 0x32, 0xf5,
    0x53, 0xf6, 0x65, 0xf7, 0x65, 0xf7, 0x32, 0xf4, 0x22, 0xf3, 0x42, 0xf5, 0x21, 0xf3, 0x53, 0xf7,
    0x53, 0xf6, 0x43, 0xf5, 0x43, 0xf5, 0x43, 0xf5, 0x21, 0xf3, 0x32, 0xf5, 0x32, 0xf4, 0x32, 0xf4,
    0x53, 0xf7, 0x42, 0xf5, 0x63, 0xf8, 0x42, 0xf5, 0x32, 0xf4, 0x32, 0xf3, 0x21, 0xf2, 0x21, 0xf3,
    0x43, 0xf5, 0x32, 0xf4, 0x54, 0xf5, 0x54, 0xf5, 0x21, 0xf2, 0x32, 0xf4, 0x32, 0xf3, 0x32, 0xf4,
    0x32, 0xf3, 0x43, 0xf5, 0x22, 0xf3, 0x43, 0xf5, 0x53, 0xf6, 0x43, 0xf5, 0x54, 0xf6, 0x42, 0xf5,
    0x32, 0xf4, 0x43, 0xf4, 0x43, 0xf5, 0x55, 0xf6, 0x54, 0xf6, 0x55, 0xf6, 0x44, 0xf5, 0x66, 0xf7,
    0x43, 0xf5, 0x55, 0xf6, 0x32, 0xf3, 0x43, 0xf5, 0x44, 0xf5, 0x33, 0xf4, 0x54, 0xf5, 0x43, 0xf5,
    0x43, 0xf5, 0x43, 0xf4, 0x54, 0xf6, 0x32, 0xf4, 0x54, 0xf6, 0x32, 0xf3, 0x54, 0xf6, 0x32, 0xf3,
    0x53, 0xf7, 0x32, 0xf5, 0x43, 0xf6, 0x42, 0xf5, 0x43, 0xf5, 0x53, 0xf6, 0x43, 0xf5, 0x43, 0xf6,
    0x32, 0xf4, 0x43, 0xf5, 0x32, 0xf4, 0x42, 0xf5, 0x53, 0xf7, 0x43, 0xf6, 0x43, 0xf6, 0x53, 0xf6,
    0x54, 0xf6, 0x43, 0xf5, 0x54, 0xf6, 0x75, 0xf8, 0x32, 0xf4, 0x43, 0xf5, 0x43, 0xf5, 0x43, 0xf6,
    0x65, 0xf8, 0x76, 0xf9, 0x64, 0xf7, 0x43, 0xf5, 0x54, 0xf6, 0x53, 0xf6, 0x53, 0xf6, 0x53, 0xf7,
    0x32, 0xf5, 0x32, 0xf5, 0x32, 0xf4, 0x32, 0xf4, 0x32, 0xf4, 0x43, 0xf6, 0x32, 0xf4, 0x52, 0xf7,
    0x32, 0xf4, 0x43, 0xf5, 0x42, 0xf5, 0x42, 0xf5, 0x32, 0xf4, 0x43, 0xf6, 0x32, 0xf4, 0x42, 0xf5,
    0x42, 0xf5, 0x53, 0xf6, 0x42, 0xf6, 0x42, 0xf5, 0x53, 0xf6, 0x54, 0xf6, 0x64, 0xf7, 0x54, 0xf6,
    0x53, 0xf7, 0x42, 0xf6, 0x43, 0xf6, 0x53, 0xf7, 0x65, 0xf7, 0x54, 0xf6, 0x53, 0xf6, 0x54, 0xf6,
    0x43, 0xf6, 0x54, 0xf6, 0x53, 0xf6, 0x53, 0xf6, 0x43, 0xf5, 0x43, 0xf5, 0x43, 0xf5, 0x43, 0xf5,
    0x32, 0xf5, 0x32, 0xf4, 0x64, 0xf7, 0x32, 0xf4, 0x43, 0xf5, 0x43, 0xf5, 0x32, 0xf4, 0x43, 0xf5,
    0x43, 0xf5, 0x32, 0xf4, 0x43, 0xf5, 0x32, 0xf5, 0x43, 0xf6, 0x53, 0xf6, 0x53, 0xf7, 0x54, 0xf6,
    0x32, 0xf5, 0x43, 0xf5, 0x42, 0xf5, 0x32, 0xf4, 0x42, 0xf5, 0x32, 0xf4, 0x31, 0xf4, 0x32, 0xf4,
    0x65, 0xf7, 0x65, 0xf7, 0x65, 0xf6, 0x65, 0xf7, 0x53, 0xf6, 0x43, 0xf6, 0x76, 0xf8, 0x64, 0xf7,
    0x54, 0xf6, 0x54, 0xf6, 0x54, 0xf7, 0x65, 0xf7, 0x65, 0xf7, 0x87, 0xfa, 0x75, 0xf8, 0x76, 0xf9,
    0x43, 0xf6, 0x32, 0xf5, 0x43, 0xf6, 0x43, 0xf6, 0x64, 0xf7, 0x53, 0xf6, 0x53, 0xf6, 0x42, 0xf6,
    0x86, 0xf9, 0x64, 0xf7, 0x75, 0xf8, 0x75, 0xf8, 0x32, 0xf5, 0x32, 0xf4, 0x42, 0xf5, 0x21, 0xf3,
    0x43, 0xf5, 0x43, 0xf5, 0x43, 0xf5, 0x43, 0xf5, 0x32, 0xf4, 0x32, 0xf4, 0x43, 0xf5, 0x43, 0xf5,
    0x43, 0xf5, 0x32, 0xf4, 0x43, 0xf5, 0x43, 0xf5, 0x43, 0xf5, 0x54, 0xf6, 0x43, 0xf6, 0x53, 0xf6,
    0x43, 0xf5, 0x53, 0xf7, 0x43, 0xf5, 0x54, 0xf7, 0x54, 0xf7, 0x53, 0xf7, 0x53, 0xf6, 0x53, 0xf6,
    0x42, 0xf5, 0x42, 0xf6, 0x53, 0xf7, 0x42, 0xf6, 0x42, 0xf6, 0x42, 0xf6, 0x41, 0xf5, 0x42, 0xf6,
    0x53, 0xf6, 0x43, 0xf6, 0x43, 0xf6, 0x54, 0xf6, 0x53, 0xf6, 0x43, 0xf5, 0x43, 0xf6, 0x32, 0xf4,
    0x43, 0xf6, 0x54, 0xf6, 0x42, 0xf6, 0x43, 0xf6, 0x53, 0xf6, 0x32, 0xf4, 0x43, 0xf5, 0x32, 0xf5,
    0x43, 0xf6, 0x43, 0xf6, 0x43, 0xf5, 0x43, 0xf5, 0x42, 0xf6, 0x42, 0xf6, 0x42, 0xf6, 0x42, 0xf6,
    0x42, 0xf6, 0x43, 0xf6, 0x43, 0xf6, 0x42, 0xf5, 0x42, 0xf5, 0x32, 0xf5, 0x32, 0xf5, 0x42, 0xf5,
    0x64, 0xf7, 0x65, 0xf7, 0x53, 0xf7, 0x53, 0xf7, 0x75, 0xf8, 0x65, 0xf7, 0x64, 0xf7, 0x64, 0xf7,
    0x53, 0xf7, 0x53, 0xf7, 0x53, 0xf7, 0x64, 0xf8, 0x64, 0xf8, 0x76, 0xf8, 0x75, 0xf9, 0x75, 0xf9,
    0x64, 0xf7, 0x86, 0xfa, 0x53, 0xf6, 0x64, 0xf7, 0x53, 0xf6, 0x32, 0xf4, 0x42, 0xf6, 0x64, 0xf8,
    0x65, 0xf7, 0x42, 0xf5, 0x64, 0xf7, 0x21, 0xf3, 0x31, 0xf5, 0x42, 0xf6, 0x32, 0xf4, 0x43, 0xf5,
    0x53, 0xf7, 0x64, 0xf8, 0x52, 0xf7, 0x53, 0xf8, 0x64, 0xf8, 0x64, 0xf8, 0x53, 0xf8, 0x53, 0xf7,
    0x42, 0xf5, 0x42, 0xf6, 0x32, 0xf4, 0x42, 0xf5, 0x42, 0xf6, 0x32, 0xf4, 0x42, 0xf5, 0x43, 0xf5,
    0x53, 0xf7, 0x11, 0xf2, 0x53, 0xf6, 0x43, 0xf4, 0x32, 0xf4, 0x32, 0xf4, 0x43, 0xf5, 0x32, 0xf4,
    0x54, 0xf6, 0x65, 0xf7, 0x64, 0xf6, 0x54, 0xf6, 0x65, 0xf7, 0x32, 0xf4, 0x65, 0xf7, 0x43, 0xf5,
    0x43, 0xf5, 0x32, 0xf4, 0x44, 0xf5, 0x42, 0xf5, 0x42, 0xf5, 0x42, 0xf6, 0x32, 0xf5, 0x32, 0xf4,
    0x43, 0xf4, 0x43, 0xf5, 0x32, 0xf4, 0x32, 0xf4, 0x43, 0xf5, 0x43, 0xf5, 0x43, 0xf5, 0x43, 0xf4,
    0x43, 0xf6, 0x32, 0xf4, 0x32, 0xf5, 0x32, 0xf4, 0x32, 0xf4, 0x43, 0xf6, 0x32, 0xf4, 0x42, 0xf5,
    0x32, 0xf4, 0x32, 0xf5, 0x32, 0xf4, 0x32, 0xf4, 0x53, 0xf7, 0x53, 0xf6, 0x53, 0xf6, 0x64, 0xf7,
    0x22, 0xf3, 0x32, 0xf4, 0x32, 0xf4, 0x32, 0xf4, 0x32, 0xf4, 0x32, 0xf4, 0x32, 0xf4, 0x32, 0xf4,
    0x32, 0xf5, 0x32, 0xf4, 0x21, 0xf2, 0x43, 0xf5, 0x33, 0xf4, 0x32, 0xf4, 0x55, 0xf6, 0x54, 0xf5,
    0x32, 0xf4, 0x32, 0xf5, 0x32, 0xf4, 0x42, 0xf5, 0x42, 0xf5, 0x32, 0xf5, 0x42, 0xf5, 0x32, 0xf4,
    0x21, 0xf3, 0x32, 0xf4, 0x43, 0xf5, 0x33, 0xf4, 0x32, 0xf5, 0x43, 0xf5, 0x43, 0xf6, 0x53, 0xf6,
    0x32, 0xf5, 0x43, 0xf5, 0x43, 0xf5, 0x54, 0xf6, 0x43, 0xf4, 0x54, 0xf6, 0x54, 0xf5, 0x54, 0xf5,
    0x32, 0xf4, 0x32, 0xf4, 0x43, 0xf5, 0x42, 0xf5, 0x43, 0xf5, 0x44, 0xf5, 0x42, 0xf5, 0x42, 0xf4,
    0x65, 0xf7, 0x33, 0xf4, 0x76, 0xf8, 0x43, 0xf5, 0x54, 0xf6, 0x32, 0xf4, 0x43, 0xf5, 0x43, 0xf5,
    0x65, 0xf7, 0x54, 0xf5, 0x44, 0xf5, 0x32, 0xf4, 0x21, 0xf3, 0x32, 0xf4, 0x43, 0xf5, 0x32, 0xf4,
    0x53, 0xf6, 0x64, 0xf8, 0x42, 0xf5, 0x43, 0xf6, 0x64, 0xf7, 0x53, 0xf6, 0x54, 0xf7, 0x43, 0xf6,
    0x65, 0xf6, 0x54, 0xf6, 0x65, 0xf7, 0x65, 0xf6, 0x54, 0xf6, 0x42, 0xf5, 0x65, 0xf6, 0x65, 0xf7,
    0x53, 0xf6, 0x43, 0xf6, 0x54, 0xf7, 0x53, 0xf6, 0x75, 0xf8, 0x32, 0xf4, 0x42, 0xf5, 0x43, 0xf5,
    0x43, 0xf5, 0x53, 0xf6, 0x32, 0xf5, 0x43, 0xf6, 0x43, 0xf5, 0x54, 0xf5, 0x54, 0xf5, 0x44, 0xf5,
    0x65, 0xf7, 0x44, 0xf5, 0x65, 0xf7, 0x32, 0xf4, 0x55, 0xf6, 0x55, 0xf6, 0x44, 0xf5, 0x43, 0xf4,
    0x43, 0xf4, 0x43, 0xf4, 0x32, 0xf4, 0x43, 0xf4, 0x43, 0xf5, 0x43, 0xf5, 0x54, 0xf6, 0x54, 0xf5,
    0x54, 0xf6, 0x54, 0xf5, 0x54, 0xf5, 0x44, 0xf5, 0x43, 0xf5, 0x54, 0xf6, 0x32, 0xf3, 0x43, 0xf4,
    0x44, 0xf5, 0x43, 0xf5, 0x22, 0xf2, 0x54, 0xf6, 0x32, 0xf4, 0x32, 0xf4, 0x53, 0xf6, 0x32, 0xf4,
    0x21, 0xf3, 0x43, 0xf5, 0x32, 0xf4, 0x33, 0xf4, 0x54, 0xf6, 0x32, 0xf3, 0x32, 0xf4, 0x32, 0xf3,
    0x32, 0xf4, 0x44, 0xf5, 0x21, 0xf3, 0x44, 0xf5, 0x43, 0xf5, 0x43, 0xf4, 0x32, 0xf4, 0x43, 0xf4,
    0x43, 0xf5, 0x65, 0xf7, 0x43, 0xf5, 0x43, 0xf4, 0x43, 0xf5, 0x32, 0xf4, 0x21, 0xf3, 0x22, 0xf3,
    0x43, 0xf4, 0x54, 0xf5, 0x43, 0xf5, 0x43, 0xf5, 0x44, 0xf5, 0x33, 0xf4, 0x44, 0xf5, 0x43, 0xf5,
    0x43, 0xf5, 0x54, 0xf6, 0x32, 0xf4, 0x54, 0xf5, 0x76, 0xf8, 0x54, 0xf6, 0x54, 0xf6, 0x32, 0xf3,
    0x43, 0xf5, 0x43, 0xf5, 0x32, 0xf4, 0x42, 0xf5, 0x43, 0xf4, 0x32, 0xf4, 0x43, 0xf6, 0x42, 0xf5,
    0x32, 0xf4, 0x32, 0xf4, 0x32, 0xf4, 0x43, 0xf5, 0x33, 0xf4, 0x55, 0xf6, 0x32, 0xf4, 0x65, 0xf7,
    0x43, 0xf6, 0x43, 0xf5, 0x43, 0xf5, 0x33, 0xf4, 0x32, 0xf4, 0x53, 0xf6, 0x32, 0xf3, 0x43, 0xf5,
    0x32, 0xf4, 0x32, 0xf4, 0x33, 0xf4, 0x43, 0xf5, 0x42, 0xf5, 0x43, 0xf5, 0x43, 0xf5, 0x54, 0xf5,
    0x44, 0xf5, 0x54, 0xf5, 0x43, 0xf4, 0x54, 0xf5, 0x44, 0xf5, 0x44, 0xf5, 0x55, 0xf5, 0x43, 0xf5,
    0x54, 0xf6, 0x54, 0xf5, 0x54, 0xf6, 0x54, 0xf5, 0x33, 0xf4, 0x32, 0xf3, 0x43, 0xf5, 0x43, 0xf5,
    0x55, 0xf6, 0x43, 0xf5, 0x43, 0xf5, 0x43, 0xf4, 0x33, 0xf4, 0x43, 0xf4, 0x43, 0xf5, 0x43, 0xf5,
    0x54, 0xf6, 0x43, 0xf6, 0x43, 0xf6, 0x54, 0xf7, 0x53, 0xf6, 0x64, 0xf7, 0x43, 0xf6, 0x43, 0xf6,
    0x64, 0xf7, 0x53, 0xf6, 0x65, 0xf7, 0x54, 0xf6, 0x53, 0xf6, 0x64, 0xf7, 0x32, 0xf5, 0x53, 0xf6,
    0x64, 0xf7, 0x65, 0xf7, 0x64, 0xf7, 0x65, 0xf8, 0x65, 0xf7, 0x65, 0xf7, 0x64, 0xf7, 0x65, 0xf7,
    0x54, 0xf7, 0x54, 0xf7, 0x54, 0xf7, 0x54, 0xf7, 0x65, 0xf7, 0x65, 0xf7, 0x65, 0xf7, 0x54, 0xf6,
    0x75, 0xf8, 0x64, 0xf7, 0x65, 0xf7, 0x54, 0xf6, 0x42, 0xf5, 0x54, 0xf6, 0x43, 0xf5, 0x54, 0xf6,
    0x54, 0xf6, 0x43, 0xf5, 0x54, 0xf6, 0x54, 0xf6, 0x53, 0xf6, 0x54, 0xf6, 0x54, 0xf6, 0x64, 0xf7,
    0x54, 0xf7, 0x64, 0xf7, 0x64, 0xf7, 0x65, 0xf7, 0x64, 0xf7, 0x64, 0xf7, 0x65, 0xf7, 0x65, 0xf7,
    0x65, 0xf7, 0x75, 0xf8, 0x54, 0xf7, 0x75, 0xf8, 0x65, 0xf7, 0x54, 0xf7, 0x64, 0xf7, 0x54, 0xf6,
    0x53, 0xf6, 0x32, 0xf5, 0x76, 0xf8, 0x53, 0xf6, 0x53, 0xf6, 0x42, 0xf6, 0x42, 0xf5, 0x42, 0xf5,
    0x75, 0xf8, 0x54, 0xf6, 0x76, 0xf8, 0x75, 0xf8, 0x32, 0xf4, 0x42, 0xf5, 0x54, 0xf7, 0x54, 0xf7,
    0x32, 0xf4, 0x21, 0xf3, 0x42, 0xf5, 0x32, 0xf4, 0x32, 0xf4, 0x64, 0xf7, 0x21, 0xf3, 0x32, 0xf4,
    0x42, 0xf5, 0x43, 0xf6, 0x32, 0xf5, 0x32, 0xf4, 0x43, 0xf5, 0x43, 0xf5, 0x42, 0xf5, 0x43, 0xf5,
    0x87, 0xf9, 0x76, 0xf9, 0x65, 0xf8, 0x54, 0xf7, 0x54, 0xf7, 0x75, 0xf8, 0x54, 0xf6, 0x65, 0xf7,
    0x65, 0xf7, 0x54, 0xf6, 0x65, 0xf8, 0x75, 0xf8, 0x53, 0xf6, 0x64, 0xf7, 0x53, 0xf6, 0x54, 0xf6,
    0x54, 0xf7, 0x54, 0xf6, 0x64, 0xf7, 0x76, 0xf8, 0x32, 0xf4, 0x42, 0xf5, 0x43, 0xf5, 0x42, 0xf5,
    0x54, 0xf6, 0x65, 0xf7, 0x54, 0xf6, 0x53, 0xf6, 0x43, 0xf6, 0x42, 0xf5, 0x53, 0xf6, 0x32, 0xf4,
    0x43, 0xf5, 0x54, 0xf6, 0x32, 0xf4, 0x43, 0xf5, 0x65, 0xf8, 0x54, 0xf6, 0x65, 0xf7, 0x64, 0xf7,
    0x43, 0xf5, 0x43, 0xf5, 0x43, 0xf5, 0x53, 0xf6, 0x54, 0xf6, 0x64, 0xf7, 0x54, 0xf6, 0x53, 0xf6,
    0x54, 0xf6, 0x75, 0xf8, 0x64, 0xf7, 0x65, 0xf7, 0x64, 0xf7, 0x53, 0xf7, 0x65, 0xf8, 0x64, 0xf7,
    0x43, 0xf5, 0x54, 0xf7, 0x53, 0xf6, 0x54, 0xf6, 0x54, 0xf7, 0x54, 0xf7, 0x54, 0xf7, 0x65, 0xf7,
    0x22, 0xf3, 0x53, 0xf6, 0x22, 0xf3, 0x32, 0xf5, 0x53, 0xf6, 0x53, 0xf6, 0x53, 0xf6, 0x54, 0xf6,
    0x32, 0xf4, 0x32, 0xf5, 0x21, 0xf3, 0x32, 0xf5, 0x42, 0xf5, 0x54, 0xf6, 0x43, 0xf5, 0x54, 0xf6,
    0x54, 0xf7, 0x54, 0xf7, 0x54, 0xf7, 0x65, 0xf7, 0x54, 0xf6, 0x64, 0xf7, 0x65, 0xf7, 0x54, 0xf7,
    0x54, 0xf7, 0x65, 0xf7, 0x54, 0xf6, 0x64, 0xf7, 0x54, 0xf7, 0x53, 0xf6, 0x54, 0xf6, 0x53, 0xf6,
    0x76, 0xf8, 0x75, 0xf8, 0x75, 0xf8, 0x64, 0xf7, 0x54, 0xf7, 0x65, 0xf8, 0x64, 0xf7, 0x54, 0xf7,
    0x64, 0xf7, 0x54, 0xf7, 0x64, 0xf7, 0x64, 0xf7, 0x64, 0xf7, 0x54, 0xf7, 0x64, 0xf8, 0x54, 0xf7,
    0x65, 0xf8, 0x64, 0xf7, 0x65, 0xf7, 0x54, 0xf7, 0x54, 0xf7, 0x53, 0xf6, 0x54, 0xf7, 0x64, 0xf7,
    0x64, 0xf7, 0x65, 0xf8, 0x65, 0xf7, 0x65, 0xf8, 0x64, 0xf7, 0x64, 0xf7, 0x65, 0xf7, 0x65, 0xf7,
    0x64, 0xf7, 0x64, 0xf7, 0x53, 0xf7, 0x53, 0xf7, 0x54, 0xf7, 0x43, 0xf6, 0x53, 0xf6, 0x53, 0xf6,
    0x64, 0xf7, 0x54, 0xf7, 0x65, 0xf7, 0x54, 0xf7, 0x53, 0xf6, 0x43, 0xf5, 0x64, 0xf7, 0x64, 0xf7,
    0x64, 0xf7, 0x75, 0xf8, 0x54, 0xf7, 0x65, 0xf8, 0x65, 0xf7, 0x54, 0xf6, 0x64, 0xf7, 0x32, 0xf4,
    0x43, 0xf5, 0x54, 0xf7, 0x43, 0xf5, 0x43, 0xf5, 0x43, 0xf5, 0x42, 0xf5, 0x53, 0xf6, 0x53, 0xf6,
    0x53, 0xf6, 0x21, 0xf3, 0x32, 0xf4, 0x32, 0xf4, 0x42, 0xf5, 0x42, 0xf6, 0x42, 0xf6, 0x52, 0xf7,
    0x53, 0xf6, 0x32, 0xf4, 0x54, 0xf6, 0x32, 0xf5, 0x42, 0xf5, 0x53, 0xf7, 0x32, 0xf4, 0x53, 0xf7,
    0x42, 0xf5, 0x32, 0xf4, 0x53, 0xf6, 0x53, 0xf6, 0x32, 0xf4, 0x42, 0xf5, 0x43, 0xf6, 0x53, 0xf6,
    0x64, 0xf7, 0x53, 0xf6, 0x54, 0xf7, 0x64, 0xf7, 0x53, 0xf7, 0x64, 0xf8, 0x64, 0xf7, 0x64, 0xf8,
    0x32, 0xf4, 0x32, 0xf4, 0x42, 0xf5, 0x43, 0xf5, 0x42, 0xf5, 0x64, 0xf7, 0x42, 0xf5, 0x53, 0xf6,
    0x42, 0xf5, 0x53, 0xf6, 0x32, 0xf4, 0x21, 0xf3, 0x42, 0xf6, 0x53, 0xf7, 0x21, 0xf3, 0x42, 0xf6,
    0x64, 0xf7, 0x54, 0xf7, 0x53, 0xf6, 0x53, 0xf7, 0x53, 0xf7, 0x64, 0xf7, 0x53, 0xf6, 0x53, 0xf6,
    0x54, 0xf7, 0x43, 0xf6, 0x64, 0xf8, 0x63, 0xf7, 0x53, 0xf7, 0x53, 0xf7, 0x64, 0xf8, 0x64, 0xf8,
    0x53, 0xf6, 0x53, 0xf6, 0x64, 0xf8, 0x53, 0xf7, 0x42, 0xf5, 0x32, 0xf5, 0x32, 0xf5, 0x32, 0xf4,
    0x64, 0xf8, 0x64, 0xf7, 0x64, 0xf8, 0x64, 0xf7, 0x43, 0xf6, 0x32, 0xf5, 0x43, 0xf6, 0x32, 0xf5,
    0x43, 0xf5, 0x42, 0xf5, 0x32, 0xf4, 0x32, 0xf5, 0x42, 0xf5, 0x43, 0xf5, 0x32, 0xf4, 0x32, 0xf4,
    0x42, 0xf5, 0x32, 0xf4, 0x42, 0xf5, 0x32, 0xf5, 0x32, 0xf4, 0x43, 0xf5, 0x43, 0xf5, 0x43, 0xf5,
    0x64, 0xf8, 0x65, 0xf7, 0x64, 0xf7, 0x65, 0xf8, 0x53, 0xf7, 0x64, 0xf7, 0x63, 0xf7, 0x63, 0xf8,
    0x53, 0xf7, 0x64, 0xf7, 0x53, 0xf7, 0x64, 0xf8, 0x64, 0xf8, 0x64, 0xf8, 0x75, 0xf9, 0x76, 0xf9,
    0x64, 0xf7, 0x43, 0xf6, 0x75, 0xf9, 0x53, 0xf6, 0x42, 0xf5, 0x32, 0xf4, 0x42, 0xf6, 0x32, 0xf4,
    0x75, 0xf8, 0x43, 0xf6, 0x75, 0xf9, 0x64, 0xf8, 0x32, 0xf4, 0x32, 0xf4, 0x43, 0xf6, 0x43, 0xf5,
    0x42, 0xf5, 0x32, 0xf4, 0x54, 0xf7, 0x32, 0xf5, 0x21, 0xf2, 0x42, 0xf5, 0x43, 0xf5, 0x64, 0xf7,
    0x65, 0xf8, 0x43, 0xf6, 0x65, 0xf8, 0x53, 0xf6, 0x43, 0xf6, 0x75, 0xf9, 0x43, 0xf5, 0x64, 0xf7,
    0x64, 0xf7, 0x64, 0xf8, 0x53, 0xf6, 0x53, 0xf7, 0x64, 0xf8, 0x64, 0xf7, 0x42, 0xf6, 0x53, 0xf6,
    0x53, 0xf7, 0x52, 0xf6, 0x53, 0xf7, 0x42, 0xf6, 0x43, 0xf6, 0x64, 0xf7, 0x53, 0xf6, 0x53, 0xf6,
    0x43, 0xf5, 0x42, 0xf6, 0x21, 0xf3, 0x31, 0xf4, 0x64, 0xf7, 0x65, 0xf8, 0x42, 0xf5, 0x54, 0xf6,
    0x21, 0xf2, 0x32, 0xf3, 0x32, 0xf3, 0x65, 0xf6, 0x43, 0xf5, 0x76, 0xf8, 0x65, 0xf6, 0x66, 0xf7,
    0x64, 0xf7, 0x43, 0xf5, 0x43, 0xf5, 0x32, 0xf4, 0x21, 0xf3, 0x21, 0xf3, 0x54, 0xf6, 0x32, 0xf4,
    0x44, 0xf5, 0x32, 0xf3, 0x65, 0xf6, 0x32, 0xf4, 0x54, 0xf5, 0x32, 0xf5, 0x32, 0xf4, 0x42, 0xf6,
    0x53, 0xf7, 0x53, 0xf7, 0x53, 0xf6, 0x53, 0xf7, 0x75, 0xf9, 0x75, 0xf9, 0x53, 0xf7, 0x64, 0xf8,
    0x64, 0xf7, 0x64, 0xf8, 0x53, 0xf6, 0x64, 0xf8, 0x53, 0xf7, 0x42, 0xf6, 0x64, 0xf8, 0x42, 0xf6,
    0x75, 0xf9, 0x75, 0xf9, 0x64, 0xf8, 0x64, 0xf8, 0x53, 0xf7, 0x42, 0xf6, 0x42, 0xf5, 0x32, 0xf4,
    0x53, 0xf7, 0x75, 0xf8, 0x42, 0xf6, 0x64, 0xf8, 0x43, 0xf6, 0x21, 0xf3, 0x43, 0xf6, 0x21, 0xf2,
    0x53, 0xf6, 0x64, 0xf8, 0x42, 0xf5, 0x53, 0xf6, 0x64, 0xf8, 0x64, 0xf8, 0x53, 0xf6, 0x75, 0xf8,
    0x53, 0xf6, 0x64, 0xf7, 0x75, 0xf8, 0x75, 0xf8, 0x42, 0xf5, 0x42, 0xf6, 0x42, 0xf6, 0x54, 0xf6,
    0x42, 0xf6, 0x42, 0xf5, 0x53, 0xf7, 0x21, 0xf3, 0x32, 0xf4, 0x22, 0xf3, 0x32, 0xf4, 0x43, 0xf5,
    0x42, 0xf5, 0x32, 0xf4, 0x54, 0xf6, 0x33, 0xf4, 0x42, 0xf5, 0x43, 0xf5, 0x32, 0xf4, 0x32, 0xf4,
    0x21, 0xf3, 0x32, 0xf4, 0x42, 0xf5, 0x43, 0xf5, 0x43, 0xf5, 0x54, 0xf6, 0x54, 0xf6, 0x43, 0xf5,
    0x32, 0xf4, 0x32, 0xf4, 0x32, 0xf5, 0x32, 0xf4, 0x54, 0xf6, 0x43, 0xf6, 0x42, 0xf5, 0x43, 0xf6,
    0x54, 0xf6, 0x54, 0xf6, 0x54, 0xf6, 0x64, 0xf7, 0x54, 0xf7, 0x53, 0xf6, 0x54, 0xf6, 0x64, 0xf7,
    0x54, 0xf6, 0x65, 0xf7, 0x43, 0xf5, 0x54, 0xf6, 0x43, 0xf5, 0x64, 0xf7, 0x53, 0xf6, 0x64, 0xf8,
    0x43, 0xf4, 0x44, 0xf5, 0x65, 0xf7, 0x76, 0xf8, 0x21, 0xf3, 0x32, 0xf4, 0x65, 0xf6, 0x22, 0xf3,
    0x66, 0xf7, 0x76, 0xf8, 0x54, 0xf6, 0x65, 0xf7, 0x87, 0xf9, 0x65, 0xf6, 0x65, 0xf8, 0x54, 0xf5,
    0x32, 0xf3, 0x54, 0xf6, 0x21, 0xf3, 0x53, 0xf6, 0x64, 0xf7, 0x43, 0xf6, 0x43, 0xf5, 0x32, 0xf4,
    0x21, 0xf3, 0x42, 0xf5, 0x21, 0xf2, 0x32, 0xf4, 0x32, 0xf4, 0x53, 0xf6, 0x43, 0xf5, 0x53, 0xf6,
    0x54, 0xf7, 0x54, 0xf6, 0x65, 0xf7, 0x54, 0xf6, 0x65, 0xf7, 0x65, 0xf8, 0x64, 0xf7, 0x64, 0xf7,
    0x65, 0xf7, 0x54, 0xf6, 0x65, 0xf8, 0x65, 0xf8, 0x65, 0xf7, 0x75, 0xf8, 0x64, 0xf7, 0x54, 0xf6,
    0x43, 0xf6, 0x32, 0xf5, 0x43, 0xf6, 0x32, 0xf4, 0x32, 0xf4, 0x32, 0xf4, 0x32, 0xf4, 0x43, 0xf6,
    0x43, 0xf6, 0x32, 0xf4, 0x42, 0xf5, 0x22, 0xf3, 0x32, 0xf4, 0x53, 0xf6, 0x32, 0xf4, 0x42, 0xf5,
    0x43, 0xf5, 0x43, 0xf5, 0x32, 0xf4, 0x32, 0xf4, 0x32, 0xf4, 0x32, 0xf4, 0x32, 0xf4, 0x32, 0xf5,
    0x53, 0xf7, 0x54, 0xf7, 0x53, 0xf7, 0x64, 0xf8, 0x53, 0xf6, 0x43, 0xf5, 0x53, 0xf6, 0x32, 0xf4,
    0x43, 0xf5, 0x32, 0xf4, 0x53, 0xf7, 0x53, 0xf6, 0x32, 0xf3, 0x32, 0xf4, 0x54, 0xf6, 0x43, 0xf4,
    0x32, 0xf4, 0x64, 0xf7, 0x43, 0xf4, 0x75, 0xf8, 0x76, 0xf8, 0x54, 0xf6, 0x65, 0xf7, 0x65, 0xf7,
    0x54, 0xf6, 0x54, 0xf6, 0x76, 0xf8, 0x65, 0xf7, 0x54, 0xf6, 0x43, 0xf4, 0x54, 0xf5, 0x43, 0xf4,
    0x54, 0xf6, 0x65, 0xf6, 0x42, 0xf5, 0x32, 0xf4, 0x43, 0xf5, 0x22, 0xf3, 0x32, 0xf4, 0x32, 0xf4,
    0x21, 0xf2, 0x43, 0xf6, 0x22, 0xf3, 0x53, 0xf6, 0x43, 0xf5, 0x42, 0xf5, 0x32, 0xf4, 0x44, 0xf5,
    0x53, 0xf7, 0x32, 0xf5, 0x32, 0xf4, 0x32, 0xf3, 0x32, 0xf3, 0x32, 0xf4, 0x54, 0xf5, 0x43, 0xf4,
    0x32, 0xf4, 0x32, 0xf4, 0x44, 0xf5, 0x32, 0xf4, 0x64, 0xf7, 0x42, 0xf5, 0x32, 0xf4, 0x32, 0xf3,
    0x43, 0xf5, 0x43, 0xf4, 0x43, 0xf5, 0x43, 0xf5, 0x21, 0xf2, 0x31, 0xf4, 0x32, 0xf4, 0x31, 0xf4,
    0x33, 0xf4, 0x55, 0xf5, 0x44, 0xf5, 0x54, 0xf5, 0x55, 0xf6, 0x54, 0xf5, 0x54, 0xf5, 0x55, 0xf6,
    0x33, 0xf4, 0x54, 0xf5, 0x32, 0xf3, 0x44, 0xf4, 0x55, 0xf5, 0x55, 0xf6, 0x54, 0xf5, 0x54, 0xf5,
    0x32, 0xf4, 0x32, 0xf4, 0x33, 0xf3, 0x32, 0xf3, 0x53, 0xf6, 0x43, 0xf4, 0x54, 0xf5, 0x54, 0xf6,
    0x54, 0xf6, 0x54, 0xf6, 0x43, 0xf4, 0x43, 0xf4, 0x43, 0xf5, 0x43, 0xf5, 0x44, 0xf5, 0x55, 0xf6,
    0x32, 0xf3, 0x54, 0xf6, 0x33, 0xf4, 0x11, 0xf2, 0x54, 0xf6, 0x76, 0xf8, 0x21, 0xf3, 0x43, 0xf6,
    0x43, 0xf5, 0x32, 0xf3, 0x76, 0xf8, 0x43, 0xf5, 0x32, 0xf4, 0x31, 0xf4, 0x32, 0xf4, 0x32, 0xf4,
    0x43, 0xf4, 0x43, 0xf4, 0x55, 0xf6, 0x55, 0xf6, 0x33, 0xf4, 0x65, 0xf6, 0x33, 0xf4, 0x54, 0xf5,
    0x54, 0xf6, 0x43, 0xf4, 0x43, 0xf4, 0x43, 0xf4, 0x32, 0xf3, 0x54, 0xf5, 0x33, 0xf4, 0x43, 0xf5,
    0x76, 0xf7, 0x33, 0xf4, 0x44, 0xf5, 0x22, 0xf2, 0x21, 0xf3, 0x32, 0xf4, 0x42, 0xf5, 0x53, 0xf6,
    0x33, 0xf3, 0x21, 0xf3, 0x22, 0xf3, 0x31, 0xf4, 0x86, 0xf8, 0x54, 0xf6, 0x53, 0xf6, 0x53, 0xf6,
    0x43, 0xf4, 0x65, 0xf7, 0x43, 0xf5, 0x54, 0xf5, 0x86, 0xf8, 0x55, 0xf6, 0x65, 0xf6, 0x65, 0xf6,
    0x65, 0xf6, 0x54, 0xf6, 0x64, 0xf6, 0x65, 0xf7, 0x65, 0xf7, 0x54, 0xf5, 0x65, 0xf7, 0x65, 0xf6,
    0x76, 0xf8, 0x66, 0xf7, 0x65, 0xf6, 0x65, 0xf7, 0x43, 0xf4, 0x42, 0xf5, 0x33, 0xf4, 0x21, 0xf3,
    0x44, 0xf5, 0x44, 0xf5, 0x43, 0xf4, 0x54, 0xf6, 0x32, 0xf3, 0x32, 0xf4, 0x21, 0xf3, 0x32, 0xf5,
    0x43, 0xf5, 0x55, 0xf6, 0x32, 0xf4, 0x32, 0xf4, 0x65, 0xf6, 0x76, 0xf7, 0x43, 0xf4, 0x54, 0xf6,
    0x32, 0xf4, 0x43, 0xf6, 0x32, 0xf4, 0x32, 0xf4, 0x42, 0xf5, 0x22, 0xf3, 0x32, 0xf4, 0x32, 0xf4,
    0x54, 0xf5, 0x33, 0xf4, 0x22, 0xf3, 0x32, 0xf3, 0x32, 0xf5, 0x53, 0xf6, 0x43, 0xf6, 0x54, 0xf7,
    0x21, 0xf3, 0x32, 0xf5, 0x32, 0xf4, 0x32, 0xf4, 0x42, 0xf6, 0x32, 0xf4, 0x32, 0xf4, 0x32, 0xf3,
    0x53, 0xf7, 0x42, 0xf6, 0x43, 0xf5, 0x42, 0xf5, 0x54, 0xf6, 0x55, 0xf6, 0x76, 0xf8, 0x55, 0xf6,
    0x53, 0xf6, 0x53, 0xf7, 0x53, 0xf6, 0x42, 0xf5, 0x65, 0xf7, 0x65, 0xf7, 0x53, 0xf6, 0x65, 0xf7,
    0x65, 0xf7, 0x54, 0xf5, 0x65, 0xf6, 0x65, 0xf7, 0x43, 0xf4, 0x32, 0xf3, 0x54, 0xf6, 0x32, 0xf3,
    0x64, 0xf6, 0x65, 0xf7, 0x65, 0xf7, 0x75, 0xf7, 0x65, 0xf7, 0x32, 0xf4, 0x54, 0xf6, 0x32, 0xf3,
    0x42, 0xf6, 0x32, 0xf5, 0x65, 0xf8, 0x64, 0xf7, 0x42, 0xf5, 0x54, 0xf6, 0x43, 0xf5, 0x54, 0xf6,
    0x53, 0xf6, 0x54, 0xf7, 0x32, 0xf4, 0x53, 0xf7, 0x53, 0xf5, 0x65, 0xf7, 0x43, 0xf5, 0x44, 0xf5,
    0x65, 0xf7, 0x76, 0xf7, 0x54, 0xf5, 0x54, 0xf5, 0x65, 0xf6, 0x32, 0xf3, 0x65, 0xf6, 0x54, 0xf5,
    0x65, 0xf7, 0x44, 0xf5, 0x65, 0xf6, 0x55, 0xf6, 0x65, 0xf6, 0x76, 0xf7, 0x65, 0xf6, 0x66, 0xf7,
    0x43, 0xf5, 0x31, 0xf4, 0x42, 0xf6, 0x42, 0xf5, 0x42, 0xf6, 0x32, 0xf5, 0x53, 0xf7, 0x43, 0xf6,
    0x43, 0xf5, 0x43, 0xf5, 0x44, 0xf5, 0x65, 0xf7, 0x43, 0xf6, 0x32, 0xf5, 0x32, 0xf5, 0x32, 0xf4,
    0x32, 0xf4, 0x32, 0xf4, 0x22, 0xf3, 0x32, 0xf4, 0x43, 0xf4, 0x33, 0xf4, 0x32, 0xf4, 0x43, 0xf4,
    0x32, 0xf4, 0x33, 0xf4, 0x54, 0xf7, 0x43, 0xf4, 0x33, 0xf4, 0x44, 0xf5, 0x33, 0xf4, 0x54, 0xf5,
    0x54, 0xf6, 0x64, 0xf8, 0x32, 0xf4, 0x32, 0xf4, 0x43, 0xf5, 0x32, 0xf4, 0x32, 0xf4, 0x21, 0xf3,
    0x31, 0xf4, 0x32, 0xf4, 0x32, 0xf4, 0x32, 0xf4, 0x32, 0xf3, 0x21, 0xf3, 0x43, 0xf5, 0x32, 0xf4,
    0x53, 0xf7, 0x64, 0xf7, 0x43, 0xf6, 0x65, 0xf8, 0x54, 0xf6, 0x43, 0xf5, 0x65, 0xf8, 0x54, 0xf6,
    0x32, 0xf4, 0x54, 0xf7, 0x64, 0xf7, 0x53, 0xf7, 0x64, 0xf7, 0x54, 0xf6, 0x32, 0xf4, 0x32, 0xf4,
    0x43, 0xf5, 0x32, 0xf5, 0x43, 0xf5, 0x43, 0xf5, 0x32, 0xf3, 0x32, 0xf3, 0x21, 0xf3, 0x22, 0xf3,
    0x33, 0xf4, 0x33, 0xf4, 0x54, 0xf6, 0x32, 0xf4, 0x21, 0xf3, 0x32, 0xf3, 0x21, 0xf3, 0x32, 0xf5,
    0x44, 0xf5, 0x65, 0xf6, 0x33, 0xf4, 0x54, 0xf6, 0x65, 0xf7, 0x65, 0xf7, 0x66, 0xf7, 0x76, 0xf7,
    0x22, 0xf3, 0x44, 0xf5, 0x32, 0xf4, 0x43, 0xf5, 0x66, 0xf7, 0x66, 0xf7, 0x55, 0xf6, 0x55, 0xf5,
    0x44, 0xf5, 0x22, 0xf3, 0x43, 0xf5, 0x21, 0xf3, 0x32, 0xf4, 0x42, 0xf5, 0x43, 0xf5, 0x54, 0xf6,
    0x42, 0xf4, 0x32, 0xf4, 0x32, 0xf5, 0x42, 0xf5, 0x54, 0xf6, 0x43, 0xf5, 0x43, 0xf5, 0x43, 0xf5,
    0x31, 0xf4, 0x44, 0xf5, 0x32, 0xf5, 0x43, 0xf5, 0x44, 0xf5, 0x44, 0xf5, 0x44, 0xf5, 0x44, 0xf5,
    0x43, 0xf5, 0x42, 0xf5, 0x33, 0xf4, 0x32, 0xf4, 0x44, 0xf5, 0x43, 0xf5, 0x32, 0xf3, 0x43, 0xf5,
};

} // namespace maishuji::terrain_asset
